市区,卧室数量,朝向,电梯_清洗后,装修_清洗后,面积_清洗后,年份_清洗后,价格_清洗后
朝阳,1室,西,有电梯,精装,52.0,2001.0,343.0
朝阳,2室,南北,有电梯,精装,86.0,1999.0,835.0
朝阳,2室,东西,无电梯,精装,65.0,1980.0,430.0
朝阳,2室,南北,有电梯,精装,75.0,1998.0,610.0
朝阳,3室,南北,无电梯,精装,115.0,1997.0,710.0
朝阳,2室,南西,有电梯,精装,71.0,1990.0,545.0
朝阳,2室,南北,有电梯,精装,105.0,2005.0,670.0
朝阳,3室,南北,有电梯,简装,146.0,2009.0,1200.0
朝阳,3室,南北,无电梯,精装,259.0,2004.0,1295.0
朝阳,5室,西南,有电梯,精装,151.0,2009.0,1500.0
朝阳,3室,西南,有电梯,精装,142.0,2003.0,930.0
朝阳,2室,东西,有电梯,简装,86.0,2010.0,665.0
朝阳,3室,东西,无电梯,简装,83.0,1994.0,490.0
朝阳,2室,西南,有电梯,精装,108.0,2008.0,720.0
朝阳,2室,西,有电梯,其他,109.0,2001.0,720.0
朝阳,3室,南北,未知,精装,116.0,2000.0,696.0
朝阳,2室,南北,未知,精装,108.0,2006.0,680.0
朝阳,1室,西,有电梯,精装,73.0,2004.0,580.0
朝阳,2室,东南,有电梯,精装,115.0,2002.0,865.0
朝阳,3室,南北,未知,简装,72.0,1993.0,409.0
朝阳,3室,南北,有电梯,简装,176.0,1999.0,1350.0
朝阳,3室,东北,有电梯,精装,138.0,2000.0,790.0
朝阳,2室,南,有电梯,精装,95.0,2007.0,1000.0
朝阳,3室,南北,无电梯,精装,137.0,1999.0,960.0
朝阳,3室,东,有电梯,精装,164.0,1995.0,980.0
朝阳,3室,南北,无电梯,简装,68.0,1981.0,392.0
朝阳,3室,南北,无电梯,简装,164.0,2004.0,820.0
朝阳,3室,西南,有电梯,精装,116.0,2002.0,849.0
海淀,2室,西南,有电梯,精装,89.0,2001.0,600.0
海淀,1室,南,未知,精装,44.0,2011.0,380.0
海淀,1室,东,有电梯,精装,58.0,2003.0,750.0
海淀,3室,南北,有电梯,简装,132.0,2004.0,1020.0
海淀,1室,西,未知,简装,47.0,2005.0,360.0
海淀,2室,南北,无电梯,简装,47.0,1980.0,476.0
海淀,2室,东西,未知,其他,57.0,1986.0,446.0
海淀,4室,西北,有电梯,简装,177.0,1996.0,1239.0
海淀,2室,东西,无电梯,简装,79.0,1998.0,550.0
海淀,2室,南北,有电梯,精装,82.0,2008.0,560.0
海淀,1室,西南,有电梯,精装,78.0,2004.0,639.0
海淀,3室,南北,无电梯,精装,68.0,1987.0,550.0
海淀,3室,南北,无电梯,简装,82.0,1992.0,700.0
海淀,2室,南北,无电梯,精装,93.0,2002.0,740.0
海淀,2室,南,无电梯,精装,55.0,1978.0,445.0
海淀,3室,南北,无电梯,其他,164.0,1996.0,1500.0
海淀,3室,南北,有电梯,精装,131.0,2012.0,795.0
海淀,3室,南北,未知,精装,90.0,1997.0,835.0
海淀,3室,东西,有电梯,精装,98.0,1999.0,839.0
海淀,2室,南北,未知,简装,72.0,1996.0,490.0
海淀,2室,南,有电梯,简装,81.0,1990.0,720.0
海淀,3室,南北,有电梯,精装,150.0,2010.0,1250.0
海淀,3室,西北,有电梯,其他,114.0,1999.0,560.0
海淀,3室,西南,有电梯,其他,115.0,1998.0,1350.0
海淀,2室,东,有电梯,简装,164.0,2001.0,1150.0
海淀,3室,南北,无电梯,其他,57.0,1988.0,630.0
海淀,2室,南北,无电梯,简装,62.0,1994.0,560.0
丰台,3室,东南,无电梯,简装,79.0,1998.0,545.0
丰台,1室,南,无电梯,其他,42.0,1995.0,230.0
丰台,2室,东北,有电梯,精装,73.0,1995.0,380.0
丰台,2室,东北,有电梯,精装,110.0,2003.0,625.0
丰台,2室,西南,未知,精装,98.0,2001.0,500.0
丰台,2室,南,无电梯,简装,57.0,1989.0,310.0
丰台,2室,南北,无电梯,精装,60.0,1980.0,270.0
丰台,2室,南北,未知,简装,84.0,2000.0,450.0
丰台,2室,南西,未知,简装,87.0,2011.0,419.0
丰台,2室,东南,有电梯,精装,93.0,2012.0,419.0
丰台,2室,南北,无电梯,精装,64.0,1991.0,380.0
丰台,4室,东北,未知,精装,171.0,2000.0,1196.0
丰台,3室,西北,未知,简装,105.0,2008.0,610.0
丰台,3室,西南,有电梯,其他,207.0,2001.0,1250.0
丰台,3室,南北,未知,精装,69.0,1995.0,445.0
丰台,2室,南北,无电梯,其他,60.0,1998.0,345.0
丰台,3室,东南,未知,其他,127.0,2004.0,750.0
丰台,2室,南北,未知,精装,96.0,2012.0,520.0
丰台,2室,南,未知,简装,69.0,2015.0,332.0
丰台,2室,南,未知,其他,72.0,2015.0,345.0
丰台,2室,南北,未知,简装,73.0,2014.0,350.0
丰台,2室,南北,有电梯,简装,76.0,2013.0,365.0
丰台,3室,南北,未知,简装,86.0,2000.0,490.0
丰台,4室,南北,未知,其他,156.0,2001.0,760.0
丰台,2室,东南,有电梯,简装,89.0,2001.0,460.0
丰台,3室,东南,有电梯,简装,97.0,1994.0,614.0
丰台,2室,南北,无电梯,精装,90.0,2005.0,550.0
丰台,1室,南,未知,精装,61.0,2015.0,385.0
丰台,2室,东西,无电梯,简装,59.0,1988.0,335.0
丰台,3室,西,有电梯,其他,94.0,1996.0,500.0
昌平,3室,南北,未知,简装,127.0,2000.0,335.0
昌平,2室,南北,有电梯,简装,130.0,2010.0,475.0
昌平,1室,南,无电梯,精装,38.0,2003.0,200.0
昌平,1室,北,无电梯,简装,22.0,2006.0,138.0
昌平,1室,南北,未知,精装,56.0,2002.0,252.0
昌平,1室,南,无电梯,精装,54.0,1989.0,245.0
昌平,1室,东西,有电梯,精装,48.0,2008.0,295.0
昌平,1室,东,有电梯,简装,53.0,2009.0,230.0
昌平,3室,南北,无电梯,其他,118.0,1998.0,370.0
昌平,1室,北,未知,其他,47.0,2006.0,300.0
昌平,3室,南北,无电梯,其他,120.0,2003.0,315.0
昌平,2室,南北,无电梯,简装,91.0,1996.0,360.0
昌平,3室,南北,未知,其他,139.0,2013.0,518.0
昌平,其他,西南,有电梯,精装,54.0,2008.0,248.0
昌平,其他,南,有电梯,精装,38.0,2012.0,125.0
昌平,3室,西南,无电梯,简装,128.0,1998.0,420.0
昌平,3室,南北,无电梯,简装,145.0,2000.0,510.0
昌平,3室,南北,未知,精装,212.0,2001.0,750.0
昌平,3室,南北,无电梯,精装,87.0,1994.0,290.0
昌平,1室,西,有电梯,简装,19.0,2010.0,180.0
昌平,其他,北,有电梯,精装,30.0,2008.0,110.0
昌平,4室,南北,有电梯,其他,186.0,2005.0,860.0
昌平,5室,南北,未知,精装,213.0,2003.0,1500.0
昌平,其他,东西,未知,精装,58.0,2006.0,220.0
昌平,其他,北,未知,精装,66.0,2009.0,235.0
昌平,3室,南北,未知,简装,131.0,2001.0,445.0
昌平,3室,南北,无电梯,简装,123.0,2000.0,318.0
大兴,其他,西,未知,精装,34.0,2014.0,104.0
大兴,其他,东西,未知,精装,86.0,2016.0,350.0
大兴,其他,南,有电梯,精装,109.0,2014.0,319.0
大兴,3室,南北,有电梯,简装,141.0,2015.0,760.0
大兴,3室,南北,有电梯,其他,136.0,2015.0,760.0
大兴,其他,东,有电梯,简装,93.0,2014.0,230.0
大兴,其他,南北,未知,精装,93.0,2016.0,330.0
大兴,其他,南,有电梯,精装,140.0,2014.0,350.0
大兴,其他,西南,有电梯,简装,97.0,2014.0,265.0
大兴,其他,南北,有电梯,精装,157.0,2014.0,405.0
大兴,其他,西南,有电梯,精装,123.0,2014.0,370.0
大兴,4室,南北,有电梯,其他,153.0,2015.0,875.0
大兴,2室,南,有电梯,其他,88.0,2015.0,480.0
大兴,3室,南北,未知,精装,116.0,2015.0,525.0
大兴,3室,东西,有电梯,简装,155.0,2007.0,530.0
大兴,4室,南北,未知,简装,169.0,2014.0,788.0
大兴,1室,东南,有电梯,精装,58.0,2014.0,267.0
大兴,其他,东南,有电梯,其他,123.0,2014.0,295.0
大兴,其他,西北,未知,精装,101.0,2014.0,240.0
大兴,2室,南北,未知,简装,84.0,2014.0,354.0
大兴,其他,东西,未知,精装,89.0,2016.0,300.0
大兴,其他,西,有电梯,精装,43.0,2015.0,160.0
房山,其他,南,有电梯,精装,35.0,2015.0,160.0
房山,其他,东,未知,精装,42.0,2016.0,110.0
房山,其他,东,未知,其他,46.0,2016.0,140.0
房山,5室,南北,未知,其他,234.0,2003.0,658.0
房山,3室,南北,未知,其他,139.0,2015.0,695.0
房山,其他,东,未知,精装,42.0,2016.0,108.0
房山,2室,南,未知,毛坯,95.0,2015.0,252.0
房山,2室,南,未知,精装,85.0,2013.0,255.0
房山,2室,南北,未知,精装,89.0,2014.0,255.0
房山,其他,西,未知,精装,47.0,2016.0,135.0
房山,其他,北,有电梯,毛坯,35.0,2015.0,99.0
房山,其他,东,未知,精装,50.0,2014.0,119.0
房山,2室,北,无电梯,简装,39.0,2005.0,200.0
房山,3室,东西,无电梯,简装,88.0,2000.0,310.0
房山,其他,南,有电梯,简装,38.0,2015.0,150.0
平谷,2室,南北,未知,其他,87.0,2014.0,210.0
平谷,1室,东北,未知,其他,67.0,2014.0,199.0
平谷,3室,南北,未知,精装,124.0,2015.0,420.0
平谷,2室,南北,未知,精装,102.0,2015.0,285.0
平谷,2室,南北,未知,精装,76.0,2015.0,320.0
平谷,3室,南北,未知,其他,134.0,2014.0,360.0
平谷,2室,南北,未知,其他,88.0,2014.0,230.0
平谷,2室,南北,未知,其他,89.0,2015.0,260.0
平谷,1室,南北,未知,其他,74.0,2014.0,190.0
平谷,3室,南北,未知,其他,116.0,2014.0,270.0
平谷,2室,南北,未知,精装,91.0,2014.0,260.0
平谷,4室,南北,未知,精装,194.0,2014.0,480.0
怀柔,2室,南北,未知,精装,89.0,2010.0,430.0
怀柔,6室,南北,未知,精装,163.0,2008.0,850.0
怀柔,3室,南北,未知,简装,87.0,1998.0,330.0
怀柔,4室,南北,未知,简装,163.0,2008.0,800.0
怀柔,3室,南北,未知,其他,133.0,2010.0,530.0
怀柔,3室,南北,未知,其他,88.0,2012.0,430.0
怀柔,3室,南北,未知,精装,104.0,2003.0,310.0
怀柔,3室,南北,未知,其他,80.0,1997.0,235.0
怀柔,2室,南北,未知,精装,103.0,2012.0,413.0
怀柔,1室,东北,未知,简装,57.0,2003.0,220.0
密云,4室,南北,未知,简装,123.0,2016.0,250.0
密云,3室,南北,未知,其他,102.0,2007.0,210.0
密云,3室,南北,未知,其他,141.0,2006.0,308.0
密云,2室,西北,未知,精装,74.0,2011.0,223.0
密云,3室,南北,未知,其他,123.0,2011.0,320.0
密云,3室,南北,未知,其他,123.0,2014.0,265.0
密云,3室,南北,未知,其他,102.0,2009.0,240.0
密云,3室,南北,未知,精装,108.0,2004.0,260.0
密云,3室,南北,未知,其他,98.0,2016.0,230.0
密云,6室,南北,未知,精装,198.0,2009.0,398.0
平谷,3室,南北,未知,精装,121.0,2007.0,320.0
平谷,2室,西南,未知,毛坯,85.0,2014.0,230.0
平谷,2室,南北,未知,精装,86.0,2014.0,238.0
平谷,2室,南,未知,精装,87.0,2014.0,253.0
平谷,3室,南北,未知,毛坯,127.0,2014.0,390.0
平谷,2室,南,未知,其他,87.0,2014.0,260.0
平谷,2室,南北,未知,精装,87.0,2014.0,236.0
平谷,2室,南北,未知,其他,87.0,2014.0,238.0
平谷,3室,南北,未知,毛坯,157.0,2014.0,445.0
平谷,3室,西南,未知,精装,134.0,2016.0,295.0
平谷,3室,南北,未知,精装,134.0,2014.0,365.0
平谷,3室,南北,未知,精装,152.0,2014.0,380.0
平谷,3室,南北,未知,其他,131.0,2015.0,310.0
平谷,3室,南北,未知,毛坯,139.0,2014.0,370.0
平谷,3室,南北,未知,简装,135.0,2014.0,340.0
平谷,2室,南北,未知,其他,87.0,2015.0,245.0
平谷,2室,南北,未知,其他,86.0,2014.0,265.0
平谷,3室,南北,未知,其他,118.0,2014.0,295.0
平谷,1室,西北,未知,精装,67.0,2014.0,210.0
平谷,2室,南,未知,其他,85.0,2014.0,235.0
平谷,2室,南北,未知,其他,101.0,2015.0,275.0
平谷,2室,东南,未知,精装,102.0,2015.0,285.0
平谷,3室,南北,未知,其他,117.0,2014.0,330.0
平谷,3室,南北,未知,精装,107.0,2016.0,305.0
平谷,3室,南北,未知,毛坯,136.0,2014.0,338.0
平谷,3室,南北,未知,毛坯,151.0,2014.0,350.0
平谷,3室,南北,未知,其他,125.0,2016.0,328.0
平谷,2室,南北,未知,简装,88.0,2014.0,260.0
门头沟,3室,南北,无电梯,精装,170.0,2006.0,596.0
门头沟,2室,南北,无电梯,简装,65.0,1992.0,252.0
门头沟,3室,南北,有电梯,精装,118.0,2005.0,534.6
门头沟,其他,西南,未知,简装,86.0,2015.0,260.0
门头沟,2室,东南,无电梯,其他,88.0,1993.0,340.0
门头沟,1室,南,未知,简装,53.0,2010.0,228.0
门头沟,3室,南北,有电梯,精装,141.0,2015.0,776.0
门头沟,2室,南,无电梯,简装,62.0,1988.0,238.0
门头沟,2室,东,无电梯,其他,66.0,1994.0,229.0
门头沟,2室,南北,无电梯,精装,83.0,1995.0,310.0
门头沟,1室,南,有电梯,简装,66.0,2002.0,278.0
门头沟,4室,南北,无电梯,其他,195.0,2006.0,799.0
门头沟,2室,东西,无电梯,简装,74.0,2007.0,262.0
门头沟,2室,南北,无电梯,简装,49.0,1992.0,215.0
门头沟,2室,南,无电梯,简装,64.0,1995.0,260.0
门头沟,3室,南北,未知,毛坯,171.0,2016.0,850.0
门头沟,2室,南北,无电梯,简装,103.0,2002.0,430.0
门头沟,2室,南北,无电梯,简装,66.0,1993.0,298.0
门头沟,2室,南北,无电梯,简装,49.0,1992.0,200.0
门头沟,2室,南北,无电梯,其他,89.0,2010.0,311.0
门头沟,3室,南北,无电梯,精装,170.0,2006.0,620.0
门头沟,3室,南北,未知,其他,135.0,2016.0,649.0
门头沟,2室,南北,无电梯,简装,79.0,1993.0,248.0
门头沟,1室,南,有电梯,精装,66.0,2007.0,279.0
门头沟,2室,南,有电梯,简装,83.0,2013.0,380.0
门头沟,2室,南,有电梯,精装,92.0,2015.0,398.0
门头沟,4室,南北,有电梯,毛坯,220.0,2015.0,945.0
门头沟,3室,南北,有电梯,精装,139.0,2015.0,750.0
门头沟,2室,南北,有电梯,其他,92.0,2012.0,442.0
门头沟,2室,西南,无电梯,精装,100.0,2007.0,420.0
门头沟,1室,南,未知,简装,41.0,1994.0,178.0
门头沟,2室,南,有电梯,其他,88.0,2012.0,440.0
门头沟,2室,南北,无电梯,简装,72.0,2005.0,240.0
门头沟,2室,东,有电梯,简装,109.0,2003.0,436.0
门头沟,2室,南北,无电梯,毛坯,171.0,2006.0,600.0
门头沟,1室,西南,有电梯,精装,82.0,2004.0,320.0
门头沟,2室,南北,未知,其他,96.0,1997.0,320.0
门头沟,4室,南北,有电梯,精装,127.0,2014.0,900.0
门头沟,3室,南北,无电梯,其他,139.0,2004.0,515.0
门头沟,3室,南北,有电梯,精装,129.0,2012.0,580.0
门头沟,2室,南北,未知,其他,89.0,2010.0,283.0
门头沟,3室,南北,无电梯,精装,61.0,1980.0,200.0
门头沟,4室,南北,无电梯,精装,133.0,2006.0,480.0
门头沟,4室,南北,未知,毛坯,236.0,2016.0,1300.0
门头沟,2室,东西,未知,精装,88.0,1996.0,268.0
门头沟,2室,南北,未知,简装,93.0,1999.0,310.0
门头沟,1室,南,无电梯,其他,48.0,2009.0,193.0
门头沟,1室,北,有电梯,简装,82.0,2003.0,310.0
门头沟,2室,南北,未知,简装,63.0,1992.0,239.0
门头沟,3室,东西,有电梯,其他,117.0,2014.0,560.0
门头沟,3室,南北,未知,精装,140.0,2015.0,730.0
门头沟,2室,南北,无电梯,精装,66.0,1992.0,223.0
门头沟,2室,南北,无电梯,精装,101.0,2003.0,390.0
门头沟,3室,南北,有电梯,毛坯,140.0,2015.0,950.0
门头沟,2室,南,有电梯,精装,83.0,2013.0,386.0
门头沟,2室,南北,未知,其他,89.0,2003.0,320.0
门头沟,1室,南,无电梯,简装,47.0,2009.0,200.0
门头沟,3室,南北,无电梯,简装,102.0,2001.0,390.0
门头沟,3室,南北,无电梯,其他,104.0,1995.0,385.0
门头沟,2室,南北,有电梯,其他,91.0,2012.0,440.0
门头沟,2室,南北,无电梯,精装,76.0,2007.0,280.0
门头沟,2室,南北,有电梯,精装,92.0,2012.0,425.0
门头沟,2室,南北,有电梯,精装,91.0,2012.0,430.0
门头沟,2室,南北,无电梯,简装,56.0,1982.0,238.0
门头沟,2室,南,有电梯,毛坯,92.0,2015.0,406.0
门头沟,3室,南北,有电梯,精装,140.0,2015.0,603.0
门头沟,2室,东南,有电梯,精装,99.0,2011.0,489.0
门头沟,4室,南北,有电梯,精装,211.0,2012.0,1100.0
门头沟,2室,南,有电梯,精装,88.0,2012.0,410.0
门头沟,3室,南北,无电梯,简装,112.0,2000.0,400.0
门头沟,4室,东西,无电梯,精装,145.0,2004.0,528.0
门头沟,3室,南北,有电梯,精装,128.0,2014.0,660.0
门头沟,3室,南,无电梯,其他,169.0,2005.0,715.0
门头沟,2室,南,有电梯,精装,87.0,2012.0,390.0
门头沟,2室,东西,无电梯,其他,86.0,1996.0,340.0
门头沟,2室,南,有电梯,精装,87.0,2012.0,417.0
门头沟,2室,西南,未知,简装,103.0,2011.0,505.0
门头沟,3室,南北,无电梯,其他,64.0,1992.0,245.0
门头沟,3室,东南,无电梯,其他,97.0,1997.0,360.0
门头沟,1室,北,有电梯,精装,46.0,2006.0,198.0
门头沟,2室,南北,无电梯,其他,61.0,1993.0,239.0
门头沟,2室,南北,无电梯,简装,99.0,2000.0,310.0
门头沟,2室,东西,有电梯,精装,91.0,2010.0,330.0
门头沟,3室,南北,有电梯,精装,130.0,2014.0,950.0
门头沟,2室,南北,未知,精装,93.0,2012.0,445.0
门头沟,4室,南北,无电梯,精装,164.0,2007.0,650.0
门头沟,1室,东,有电梯,精装,84.0,2003.0,330.0
门头沟,2室,南北,无电梯,精装,67.0,1996.0,298.0
门头沟,5室,南北,无电梯,简装,164.0,1997.0,590.0
门头沟,3室,南北,无电梯,精装,170.0,2006.0,500.0
门头沟,1室,南,无电梯,简装,61.0,2001.0,240.0
门头沟,2室,西,有电梯,简装,109.0,2003.0,460.0
门头沟,1室,南,无电梯,其他,44.0,2009.0,188.0
门头沟,2室,南北,无电梯,其他,83.0,2002.0,293.0
门头沟,2室,南北,未知,简装,69.0,1980.0,229.0
门头沟,1室,南北,未知,精装,65.0,2010.0,215.0
门头沟,2室,西南,无电梯,精装,85.0,2010.0,300.0
门头沟,2室,东北,无电梯,简装,91.0,1996.0,305.0
门头沟,2室,南北,无电梯,毛坯,84.0,2010.0,290.0
门头沟,2室,南北,无电梯,简装,93.0,1999.0,340.0
门头沟,2室,南北,无电梯,精装,86.0,1997.0,328.0
门头沟,2室,南,有电梯,精装,88.0,2012.0,408.0
门头沟,2室,南北,无电梯,精装,80.0,1998.0,320.0
门头沟,4室,南北,未知,精装,165.0,2017.0,1090.0
门头沟,2室,南北,有电梯,精装,95.0,2007.0,400.0
门头沟,2室,南北,有电梯,精装,91.0,2012.0,440.0
门头沟,3室,南北,有电梯,精装,121.0,2015.0,560.0
门头沟,2室,南北,无电梯,精装,71.0,2010.0,245.0
门头沟,2室,南北,未知,其他,60.0,1988.0,246.0
门头沟,2室,南北,无电梯,精装,89.0,2010.0,310.0
门头沟,2室,南北,无电梯,其他,99.0,2004.0,416.0
门头沟,2室,西,有电梯,精装,120.0,2003.0,450.0
门头沟,2室,南北,无电梯,精装,98.0,2008.0,405.0
门头沟,3室,东西,有电梯,精装,132.0,2005.0,520.0
门头沟,2室,南北,无电梯,其他,87.0,2000.0,300.0
门头沟,3室,南北,有电梯,简装,89.0,2013.0,446.5
门头沟,3室,南北,有电梯,精装,148.0,2011.0,740.0
门头沟,2室,南北,无电梯,其他,92.0,1996.0,348.0
门头沟,2室,东西,未知,精装,99.0,2004.0,350.0
门头沟,2室,南,有电梯,简装,97.0,2015.0,430.0
门头沟,2室,南北,未知,简装,55.0,1986.0,170.0
门头沟,4室,南北,无电梯,精装,204.0,2006.0,650.0
门头沟,2室,南北,无电梯,简装,64.0,1987.0,245.0
门头沟,3室,南北,有电梯,精装,123.0,2004.0,480.0
门头沟,2室,南北,无电梯,其他,90.0,2010.0,310.0
门头沟,2室,西北,有电梯,其他,100.0,2011.0,500.0
门头沟,2室,南北,无电梯,简装,62.0,1986.0,206.0
门头沟,3室,南北,无电梯,简装,120.0,1997.0,420.0
门头沟,2室,南北,未知,精装,91.0,2012.0,420.0
门头沟,2室,东,未知,精装,90.0,2007.0,317.0
门头沟,1室,西,无电梯,其他,41.0,1994.0,193.0
门头沟,2室,东西,无电梯,其他,101.0,2004.0,355.0
门头沟,2室,南北,有电梯,精装,91.0,2012.0,425.0
门头沟,2室,南北,有电梯,精装,110.0,2016.0,470.0
门头沟,2室,南北,无电梯,精装,90.0,2010.0,310.0
门头沟,2室,南北,有电梯,简装,64.0,2012.0,275.0
门头沟,2室,南北,无电梯,其他,89.0,2010.0,305.0
门头沟,1室,西北,未知,其他,58.0,2006.0,240.0
门头沟,2室,南北,有电梯,精装,91.0,2012.0,440.0
门头沟,2室,东西,有电梯,其他,92.0,2008.0,375.0
门头沟,2室,东,有电梯,其他,117.0,2003.0,450.0
门头沟,2室,南北,有电梯,其他,99.0,2007.0,399.0
门头沟,3室,南北,有电梯,精装,119.0,2013.0,600.0
门头沟,3室,南北,无电梯,简装,87.0,1996.0,350.0
门头沟,3室,南北,无电梯,其他,97.0,1997.0,350.0
门头沟,4室,南北,无电梯,其他,148.0,2006.0,540.0
门头沟,2室,南北,无电梯,精装,60.0,1992.0,240.0
门头沟,3室,南北,无电梯,简装,112.0,2000.0,450.0
门头沟,2室,东西,有电梯,精装,97.0,2008.0,405.0
门头沟,2室,南北,无电梯,其他,90.0,1999.0,360.0
门头沟,2室,西,有电梯,精装,117.0,2003.0,465.0
门头沟,2室,南北,无电梯,简装,54.0,1983.0,216.0
门头沟,3室,南北,未知,精装,121.0,2016.0,565.0
门头沟,2室,南北,无电梯,其他,70.0,2010.0,248.0
门头沟,2室,南,无电梯,简装,60.0,1990.0,222.0
门头沟,2室,南北,无电梯,简装,54.0,1992.0,215.0
门头沟,1室,南,无电梯,简装,48.0,1996.0,195.0
门头沟,3室,南北,有电梯,其他,113.0,2004.0,450.0
门头沟,2室,南北,无电梯,简装,89.0,2003.0,310.0
门头沟,2室,南北,无电梯,其他,83.0,2000.0,292.0
门头沟,2室,西南,未知,其他,99.0,2011.0,478.0
门头沟,2室,南,未知,精装,72.0,1997.0,300.0
门头沟,4室,南北,有电梯,精装,212.0,2014.0,1100.0
门头沟,3室,南北,无电梯,精装,92.0,1997.0,341.0
门头沟,2室,南北,未知,其他,90.0,2005.0,375.0
门头沟,2室,南,有电梯,简装,83.0,2013.0,380.0
门头沟,2室,南,未知,简装,83.0,2013.0,386.0
门头沟,2室,南北,无电梯,其他,82.0,2000.0,289.0
门头沟,2室,南北,有电梯,简装,117.0,2002.0,447.5
门头沟,2室,南,有电梯,精装,62.0,2012.0,245.0
门头沟,2室,南北,无电梯,简装,76.0,2001.0,260.0
门头沟,3室,南北,未知,精装,139.0,2015.0,837.0
门头沟,2室,南北,无电梯,其他,79.0,1997.0,303.0
门头沟,2室,南北,无电梯,精装,82.0,1999.0,290.0
门头沟,3室,南北,有电梯,精装,129.0,2014.0,674.0
门头沟,2室,东南,无电梯,简装,72.0,2000.0,275.0
门头沟,1室,西北,无电梯,精装,52.0,2005.0,222.0
门头沟,3室,南北,未知,毛坯,135.0,2016.0,670.0
门头沟,4室,南北,无电梯,毛坯,203.0,2006.0,580.0
门头沟,2室,南,无电梯,简装,67.0,2011.0,269.0
门头沟,2室,西北,未知,简装,73.0,2000.0,265.0
门头沟,2室,南,有电梯,简装,92.0,2003.0,360.0
门头沟,2室,西北,无电梯,其他,48.0,1987.0,220.0
门头沟,2室,南北,无电梯,简装,113.0,1996.0,385.0
门头沟,2室,南西,有电梯,精装,89.0,2011.0,367.9
门头沟,2室,南,有电梯,简装,58.0,1988.0,215.0
门头沟,3室,南北,无电梯,其他,131.0,2006.0,522.0
门头沟,1室,东南,有电梯,其他,42.0,2006.0,213.0
门头沟,2室,南北,无电梯,精装,87.0,1995.0,325.0
门头沟,2室,东西,有电梯,简装,72.0,2006.0,300.0
门头沟,2室,南北,无电梯,精装,99.0,2005.0,406.0
门头沟,1室,北,有电梯,简装,84.0,2003.0,330.0
门头沟,2室,南北,无电梯,简装,74.0,2000.0,260.0
门头沟,2室,南,有电梯,精装,85.0,2013.0,410.0
门头沟,2室,东西,未知,精装,72.0,1995.0,274.0
门头沟,2室,东西,无电梯,精装,91.0,1980.0,330.0
门头沟,3室,南北,无电梯,简装,150.0,1999.0,550.0
门头沟,2室,南,有电梯,精装,83.0,2012.0,420.0
门头沟,3室,南北,有电梯,毛坯,131.0,2015.0,659.0
门头沟,3室,东南,有电梯,其他,140.0,2015.0,750.0
门头沟,2室,南,有电梯,简装,90.0,2015.0,407.0
门头沟,2室,东西,有电梯,精装,95.0,2012.0,479.0
门头沟,2室,南,有电梯,精装,87.0,2015.0,388.0
门头沟,3室,南北,有电梯,毛坯,130.0,2015.0,560.0
门头沟,2室,西南,无电梯,简装,93.0,2002.0,340.0
门头沟,2室,南北,无电梯,其他,57.0,1986.0,115.0
门头沟,1室,东南,未知,其他,80.0,2001.0,298.0
门头沟,2室,南北,无电梯,简装,61.0,1993.0,252.0
门头沟,1室,南北,无电梯,精装,65.0,2010.0,225.0
门头沟,1室,西,有电梯,精装,84.0,2003.0,330.0
门头沟,1室,南北,无电梯,其他,66.0,2006.0,290.0
门头沟,1室,东,未知,简装,80.0,2005.0,330.0
门头沟,2室,南北,无电梯,精装,69.0,2000.0,308.0
门头沟,1室,西,无电梯,简装,61.0,1996.0,210.0
门头沟,2室,南北,无电梯,简装,76.0,1999.0,300.0
门头沟,1室,北,有电梯,简装,46.0,2006.0,208.0
门头沟,3室,南北,无电梯,简装,158.0,2008.0,480.0
门头沟,3室,南北,未知,毛坯,135.0,2016.0,649.0
门头沟,1室,东,有电梯,简装,80.0,2005.0,308.0
门头沟,3室,东南,有电梯,精装,69.0,1980.0,277.0
门头沟,3室,东南,无电梯,精装,132.0,2000.0,539.0
门头沟,2室,南北,无电梯,简装,81.0,1986.0,283.0
门头沟,2室,西,无电梯,精装,59.0,2010.0,255.0
门头沟,4室,南北,无电梯,精装,160.0,2006.0,625.0
门头沟,2室,南,无电梯,精装,58.0,1992.0,229.0
门头沟,2室,南北,未知,精装,98.0,2007.0,400.0
门头沟,2室,南北,有电梯,精装,111.0,2014.0,580.0
门头沟,2室,南北,无电梯,精装,68.0,2004.0,285.0
门头沟,2室,南北,无电梯,简装,69.0,1992.0,176.0
门头沟,3室,南,有电梯,精装,88.0,2013.0,408.0
门头沟,3室,南北,无电梯,简装,103.0,2002.0,434.0
门头沟,4室,南北,无电梯,精装,144.0,2006.0,550.0
门头沟,3室,南北,未知,其他,135.0,2007.0,569.0
门头沟,3室,东南,未知,精装,89.0,2013.0,439.0
门头沟,2室,南北,无电梯,其他,60.0,1992.0,250.0
门头沟,4室,南北,有电梯,其他,156.0,2008.0,672.0
门头沟,2室,南北,未知,简装,99.0,2005.0,390.0
门头沟,2室,南,未知,简装,85.0,2013.0,393.0
门头沟,3室,东西,有电梯,其他,116.0,2014.0,590.0
门头沟,2室,南北,无电梯,精装,88.0,2010.0,282.0
门头沟,3室,南北,无电梯,其他,128.0,1996.0,420.0
门头沟,2室,南北,未知,精装,93.0,2000.0,280.0
门头沟,2室,南北,无电梯,其他,64.0,1995.0,251.0
门头沟,2室,南北,无电梯,其他,54.0,1988.0,243.0
门头沟,3室,南北,未知,精装,119.0,2003.0,400.0
门头沟,2室,西南,未知,精装,89.0,2011.0,364.0
门头沟,2室,东,有电梯,精装,106.0,2003.0,430.0
门头沟,1室,南北,无电梯,精装,47.0,1975.0,153.0
门头沟,1室,南北,无电梯,精装,67.0,1999.0,238.0
门头沟,2室,南北,无电梯,简装,57.0,1996.0,235.0
门头沟,2室,南北,无电梯,精装,64.0,1990.0,240.0
门头沟,2室,南北,有电梯,简装,64.0,2012.0,245.0
门头沟,2室,南,有电梯,精装,85.0,2013.0,386.0
门头沟,5室,南北,有电梯,精装,248.0,2012.0,1180.0
门头沟,3室,南北,无电梯,精装,108.0,2003.0,430.0
门头沟,2室,南,有电梯,精装,85.0,2013.0,359.0
门头沟,2室,南北,无电梯,简装,90.0,2004.0,375.0
门头沟,2室,南北,无电梯,精装,90.0,2003.0,350.0
门头沟,2室,南北,无电梯,简装,90.0,2003.0,360.0
门头沟,2室,东西,有电梯,简装,109.0,2005.0,429.0
门头沟,3室,南北,无电梯,精装,106.0,2002.0,260.0
门头沟,3室,南北,无电梯,简装,115.0,2002.0,395.0
门头沟,2室,南北,无电梯,简装,68.0,1990.0,260.0
门头沟,2室,南北,无电梯,精装,90.0,2004.0,360.0
门头沟,3室,南北,无电梯,简装,127.0,1995.0,460.0
门头沟,2室,南北,未知,简装,84.0,2010.0,285.0
门头沟,2室,南北,未知,简装,79.0,1997.0,290.0
门头沟,1室,南,无电梯,其他,48.0,2009.0,189.0
门头沟,2室,南北,无电梯,简装,63.0,2005.0,280.0
门头沟,2室,东西,有电梯,简装,92.0,2010.0,350.0
门头沟,2室,南北,无电梯,精装,81.0,2003.0,295.0
门头沟,3室,西,无电梯,精装,98.0,2000.0,410.0
门头沟,2室,南,有电梯,简装,60.0,2012.0,240.0
门头沟,2室,南北,无电梯,简装,61.0,1990.0,222.0
门头沟,2室,南北,未知,毛坯,53.0,1980.0,188.0
门头沟,1室,南北,有电梯,毛坯,81.0,2016.0,320.0
门头沟,2室,南,有电梯,精装,92.0,2015.0,390.0
门头沟,3室,东西,有电梯,精装,117.0,2014.0,550.0
门头沟,2室,东西,有电梯,精装,77.0,2005.0,316.0
门头沟,2室,南,无电梯,精装,58.0,1989.0,280.0
门头沟,2室,南,未知,简装,83.0,2008.0,360.0
门头沟,2室,南北,未知,精装,98.0,2007.0,413.0
门头沟,3室,南北,无电梯,简装,95.0,1995.0,340.0
门头沟,2室,南北,未知,其他,86.0,2010.0,303.0
门头沟,2室,东西,无电梯,简装,91.0,1994.0,340.0
门头沟,4室,南北,未知,精装,144.0,2012.0,720.0
门头沟,2室,南北,无电梯,精装,88.0,2003.0,336.0
门头沟,1室,东,有电梯,精装,80.0,2003.0,320.0
门头沟,2室,南北,无电梯,精装,90.0,2010.0,310.0
门头沟,2室,南北,无电梯,简装,82.0,1999.0,305.0
门头沟,2室,南北,未知,简装,88.0,2003.0,290.0
门头沟,3室,南北,无电梯,简装,91.0,2000.0,350.0
门头沟,3室,西南,无电梯,简装,115.0,1996.0,395.0
门头沟,2室,南北,未知,精装,88.0,2010.0,310.0
门头沟,1室,南北,未知,简装,68.0,2004.0,240.0
门头沟,2室,东西,未知,其他,75.0,1994.0,290.0
门头沟,3室,南北,无电梯,其他,93.0,2000.0,370.0
门头沟,2室,南北,无电梯,简装,77.0,2003.0,190.0
门头沟,2室,南北,无电梯,简装,80.0,2000.0,318.0
门头沟,2室,东西,未知,其他,99.0,2004.0,380.0
门头沟,2室,南,无电梯,简装,73.0,1999.0,270.0
门头沟,2室,南北,未知,精装,98.0,2003.0,380.0
门头沟,3室,东南,有电梯,精装,168.0,2003.0,550.0
门头沟,3室,南北,有电梯,简装,119.0,2013.0,560.0
门头沟,2室,南西,有电梯,精装,93.0,2006.0,390.0
门头沟,2室,南,有电梯,精装,83.0,2013.0,384.0
门头沟,3室,南北,有电梯,毛坯,89.0,2013.0,430.0
门头沟,2室,南,未知,精装,85.0,2013.0,390.0
门头沟,3室,南北,有电梯,精装,119.0,2013.0,548.0
门头沟,2室,南北,有电梯,简装,64.0,2012.0,245.0
门头沟,2室,南,无电梯,简装,74.0,2000.0,215.0
门头沟,2室,南北,未知,精装,84.0,1996.0,320.0
门头沟,2室,南北,无电梯,精装,87.0,2005.0,306.0
门头沟,2室,南北,无电梯,简装,72.0,1997.0,302.0
门头沟,4室,南北,无电梯,其他,148.0,1995.0,406.0
门头沟,2室,南北,无电梯,简装,84.0,2010.0,285.0
门头沟,2室,南北,无电梯,简装,54.0,1993.0,210.0
门头沟,2室,南,未知,精装,87.0,2012.0,418.0
门头沟,3室,南北,有电梯,精装,139.0,2012.0,650.0
门头沟,2室,南北,未知,简装,88.0,2010.0,308.0
门头沟,2室,南北,无电梯,简装,59.0,1992.0,229.0
门头沟,3室,南北,有电梯,毛坯,160.0,2016.0,640.0
门头沟,2室,南,有电梯,精装,92.0,2015.0,398.0
门头沟,3室,南北,有电梯,毛坯,140.0,2015.0,600.0
门头沟,2室,东西,无电梯,其他,104.0,1993.0,328.0
门头沟,3室,南北,有电梯,精装,166.0,2005.0,620.0
门头沟,3室,南北,有电梯,简装,146.0,2004.0,585.0
门头沟,5室,南北,无电梯,毛坯,151.0,1998.0,580.0
门头沟,2室,南北,无电梯,简装,63.0,1996.0,240.0
门头沟,2室,南北,无电梯,简装,89.0,2004.0,375.0
门头沟,2室,南北,无电梯,简装,79.0,2002.0,310.0
门头沟,2室,南北,无电梯,简装,89.0,2003.0,321.0
门头沟,2室,南北,未知,精装,92.0,1997.0,370.0
门头沟,2室,东西,有电梯,简装,91.0,2010.0,420.0
门头沟,2室,南北,无电梯,简装,103.0,2005.0,420.0
门头沟,3室,南北,未知,其他,68.0,1990.0,255.0
门头沟,1室,东,无电梯,其他,48.0,1990.0,218.8
门头沟,4室,西南,有电梯,精装,168.0,2003.0,620.0
门头沟,2室,南北,无电梯,精装,82.0,2003.0,296.0
门头沟,2室,南北,无电梯,简装,60.0,1989.0,262.0
门头沟,2室,南北,无电梯,精装,104.0,2003.0,355.0
门头沟,2室,东南,无电梯,其他,73.0,1997.0,220.0
门头沟,2室,南,有电梯,简装,94.0,2005.0,370.0
门头沟,3室,东南,未知,精装,89.0,2013.0,411.0
门头沟,2室,东西,未知,毛坯,57.0,1994.0,200.0
门头沟,2室,南北,未知,精装,87.0,2003.0,297.0
门头沟,3室,南北,未知,精装,123.0,2015.0,679.0
门头沟,2室,南北,无电梯,精装,56.0,1992.0,252.0
门头沟,3室,南北,无电梯,简装,117.0,2005.0,480.0
门头沟,2室,东南,未知,其他,101.0,2000.0,400.0
门头沟,2室,南北,未知,精装,86.0,2010.0,295.0
门头沟,2室,南,未知,简装,67.0,2011.0,269.0
门头沟,2室,南北,无电梯,简装,57.0,1980.0,183.0
门头沟,3室,南北,无电梯,精装,108.0,2004.0,440.0
门头沟,3室,南北,无电梯,精装,158.0,1999.0,499.0
门头沟,2室,南北,未知,其他,64.0,1990.0,240.0
门头沟,1室,南西,有电梯,简装,47.0,2010.0,220.0
门头沟,3室,南北,无电梯,毛坯,65.0,1980.0,238.0
门头沟,3室,南北,无电梯,精装,166.0,2006.0,660.0
门头沟,2室,南北,有电梯,精装,121.0,2004.0,508.0
门头沟,3室,南北,有电梯,精装,119.0,2013.0,549.0
门头沟,2室,南,有电梯,简装,86.0,2013.0,380.0
门头沟,3室,南北,有电梯,精装,119.0,2013.0,549.0
门头沟,2室,东南,未知,简装,61.0,1980.0,216.0
门头沟,3室,南北,无电梯,简装,122.0,2004.0,516.0
门头沟,3室,南北,无电梯,精装,135.0,2007.0,546.0
门头沟,2室,南北,有电梯,精装,91.0,2012.0,399.0
门头沟,3室,南北,有电梯,简装,121.0,2015.0,550.0
门头沟,2室,南北,有电梯,其他,91.0,2012.0,425.0
门头沟,3室,南北,无电梯,精装,165.0,2006.0,550.0
门头沟,2室,南北,未知,简装,80.0,2000.0,328.0
门头沟,2室,南北,未知,其他,54.0,1980.0,205.0
门头沟,2室,南北,无电梯,精装,89.0,1998.0,330.0
门头沟,4室,西南,有电梯,精装,149.0,2006.0,600.0
门头沟,2室,东北,有电梯,精装,106.0,2003.0,380.0
门头沟,1室,南,无电梯,简装,46.0,1990.0,205.0
门头沟,2室,南北,未知,简装,88.0,2003.0,280.0
门头沟,2室,东西,无电梯,简装,67.0,1986.0,236.0
门头沟,2室,南北,无电梯,精装,53.0,1981.0,170.0
门头沟,3室,东南,有电梯,精装,114.0,2005.0,465.0
门头沟,2室,东南,无电梯,简装,67.0,1996.0,240.0
门头沟,2室,南,无电梯,简装,50.0,1979.0,180.0
门头沟,4室,南北,未知,毛坯,220.0,2015.0,825.0
门头沟,2室,南北,无电梯,简装,57.0,1993.0,230.0
门头沟,2室,东西,无电梯,精装,88.0,2005.0,380.0
门头沟,4室,南北,无电梯,精装,152.0,1998.0,560.0
门头沟,2室,南北,有电梯,精装,99.0,2005.0,388.0
门头沟,3室,南,有电梯,精装,143.0,2003.0,445.0
门头沟,3室,南北,未知,精装,131.0,2008.0,560.0
门头沟,2室,南北,有电梯,其他,114.0,2004.0,400.0
门头沟,2室,东西,有电梯,简装,117.0,2005.0,430.0
门头沟,4室,南北,无电梯,精装,206.0,2006.0,610.0
门头沟,1室,南北,未知,简装,54.0,1995.0,210.0
门头沟,2室,南北,无电梯,简装,84.0,2003.0,360.0
门头沟,2室,南北,无电梯,简装,91.0,2005.0,408.0
门头沟,2室,南,有电梯,精装,86.0,2007.0,355.0
门头沟,2室,东西,无电梯,精装,86.0,1996.0,300.0
门头沟,2室,西南,未知,简装,86.0,2003.0,298.0
门头沟,2室,南,有电梯,精装,95.0,2003.0,415.0
门头沟,2室,南,未知,毛坯,83.0,2013.0,380.0
门头沟,3室,南北,无电梯,精装,139.0,2006.0,570.0
门头沟,1室,北,有电梯,精装,82.0,2003.0,300.0
门头沟,3室,南北,有电梯,精装,122.0,2008.0,498.0
门头沟,3室,南北,无电梯,简装,97.0,1999.0,380.0
门头沟,2室,南北,无电梯,简装,89.0,2004.0,348.0
门头沟,2室,南北,无电梯,简装,81.0,1995.0,295.0
门头沟,2室,西南,未知,简装,60.0,1988.0,230.0
门头沟,5室,南北,有电梯,简装,212.0,2006.0,870.0
门头沟,2室,东西,未知,简装,80.0,2000.0,298.0
门头沟,2室,南北,未知,精装,82.0,2003.0,290.0
门头沟,2室,南北,有电梯,精装,95.0,2007.0,390.0
门头沟,2室,南,有电梯,毛坯,86.0,2013.0,385.0
门头沟,2室,南,未知,精装,87.0,2012.0,389.0
门头沟,3室,南北,有电梯,精装,114.0,2008.0,485.0
门头沟,1室,北,有电梯,精装,51.0,2006.0,233.0
门头沟,2室,南北,无电梯,精装,99.0,2004.0,400.0
门头沟,2室,东西,有电梯,精装,109.0,2005.0,399.0
门头沟,2室,南北,未知,简装,63.0,1991.0,246.0
门头沟,2室,南,未知,精装,63.0,1990.0,230.0
门头沟,3室,南北,未知,精装,122.0,2004.0,510.0
门头沟,2室,南北,无电梯,毛坯,56.0,1994.0,249.0
门头沟,2室,南北,无电梯,精装,60.0,1993.0,235.0
门头沟,2室,南,未知,简装,64.0,1985.0,249.0
门头沟,2室,东西,无电梯,其他,70.0,1994.0,262.0
门头沟,2室,南北,无电梯,简装,52.0,1993.0,205.0
门头沟,3室,东南,未知,简装,101.0,1998.0,395.0
门头沟,1室,北,未知,简装,84.0,2003.0,330.0
门头沟,2室,南北,无电梯,其他,54.0,1990.0,246.0
门头沟,2室,东西,无电梯,简装,63.0,1990.0,200.0
门头沟,3室,南北,未知,简装,76.0,1990.0,342.0
门头沟,2室,南北,未知,简装,64.0,1990.0,238.0
门头沟,2室,南北,未知,简装,49.0,1993.0,190.0
门头沟,3室,南北,无电梯,精装,167.0,2006.0,550.0
门头沟,2室,东南,无电梯,简装,72.0,2000.0,280.0
门头沟,2室,东西,未知,精装,89.0,2005.0,355.0
门头沟,1室,南,有电梯,简装,45.0,2006.0,216.0
门头沟,2室,东北,有电梯,简装,87.0,2005.0,360.0
门头沟,2室,南北,未知,简装,76.0,2001.0,265.0
门头沟,2室,南北,无电梯,精装,81.0,2010.0,270.0
门头沟,4室,南北,无电梯,简装,137.0,2000.0,480.0
门头沟,5室,南北,无电梯,精装,191.0,2007.0,630.0
门头沟,3室,南北,无电梯,简装,98.0,2010.0,320.0
门头沟,2室,南北,未知,简装,63.0,1990.0,245.0
门头沟,2室,东南,未知,简装,83.0,2006.0,310.0
门头沟,3室,东西,有电梯,其他,132.0,2005.0,520.0
门头沟,2室,东西,未知,简装,87.0,2000.0,298.0
门头沟,3室,南北,未知,精装,128.0,2014.0,640.0
门头沟,2室,南北,无电梯,简装,49.0,1986.0,218.0
门头沟,2室,南,未知,毛坯,83.0,2013.0,378.0
门头沟,2室,南北,未知,简装,55.0,1992.0,200.0
门头沟,2室,南北,无电梯,精装,78.0,2009.0,310.0
门头沟,2室,南北,有电梯,简装,74.0,2010.0,284.0
门头沟,2室,南北,未知,精装,68.0,1997.0,261.0
门头沟,2室,南北,未知,其他,57.0,1993.0,245.0
门头沟,3室,南北,无电梯,简装,101.0,1998.0,390.0
门头沟,3室,南北,有电梯,精装,122.0,2005.0,513.0
门头沟,2室,南北,未知,简装,79.0,2009.0,295.0
门头沟,2室,南北,未知,简装,57.0,1981.0,210.0
门头沟,3室,东北,未知,简装,89.0,2006.0,385.0
门头沟,2室,南,未知,精装,85.0,2013.0,378.0
门头沟,2室,南北,未知,精装,91.0,2003.0,376.5
门头沟,2室,南北,未知,简装,62.0,1995.0,236.0
门头沟,3室,西南,有电梯,简装,75.0,1980.0,265.0
门头沟,1室,北,未知,简装,48.0,2004.0,203.0
门头沟,2室,南,未知,精装,77.0,2001.0,302.0
门头沟,2室,南,未知,其他,88.0,2012.0,410.0
门头沟,3室,南北,未知,简装,100.0,1997.0,350.0
门头沟,2室,南,未知,精装,90.0,2006.0,366.0
门头沟,2室,南北,未知,精装,70.0,2010.0,248.0
门头沟,3室,南北,未知,简装,98.0,2001.0,400.0
门头沟,2室,南,未知,简装,85.0,2013.0,340.0
门头沟,2室,西南,未知,简装,87.0,2006.0,365.0
门头沟,2室,南西,未知,精装,65.0,2003.0,275.0
门头沟,3室,南北,未知,其他,97.0,1999.0,365.0
门头沟,2室,南北,未知,简装,55.0,1981.0,195.0
门头沟,2室,南北,有电梯,简装,104.0,2006.0,420.0
门头沟,2室,东西,有电梯,简装,87.0,2006.0,350.0
门头沟,2室,南北,未知,简装,63.0,2012.0,249.0
门头沟,2室,东西,未知,精装,88.0,2005.0,319.0
门头沟,2室,南北,未知,简装,75.0,1998.0,262.0
门头沟,2室,南北,无电梯,简装,89.0,2004.0,360.0
门头沟,2室,南北,未知,简装,62.0,1993.0,255.0
门头沟,2室,南北,未知,精装,90.0,2004.0,365.0
门头沟,2室,西南,有电梯,简装,87.0,2006.0,336.0
门头沟,3室,南北,无电梯,简装,102.0,2003.0,335.0
门头沟,2室,南北,未知,其他,63.0,1985.0,245.0
门头沟,2室,南北,无电梯,精装,90.0,2003.0,371.0
门头沟,1室,南,未知,简装,50.0,2010.0,213.0
门头沟,2室,南北,未知,简装,96.0,2006.0,395.0
房山,其他,东,未知,简装,50.0,2014.0,97.0
房山,其他,东,有电梯,其他,36.0,2013.0,120.0
房山,3室,南北,未知,毛坯,87.0,2013.0,255.0
房山,其他,东南,未知,精装,81.0,2016.0,218.0
房山,其他,东,未知,精装,44.0,2016.0,135.0
房山,其他,北,有电梯,毛坯,35.0,2015.0,105.0
房山,3室,南北,未知,精装,90.0,2014.0,288.0
房山,3室,南北,未知,毛坯,129.0,2015.0,320.0
房山,3室,西南,未知,精装,97.0,2015.0,275.0
房山,2室,南,未知,简装,82.0,2013.0,230.0
房山,其他,东,未知,简装,50.0,2014.0,120.0
房山,其他,南,未知,精装,51.0,2017.0,153.0
房山,其他,东,有电梯,精装,37.0,2015.0,100.0
房山,3室,南北,未知,毛坯,97.0,2014.0,275.0
房山,其他,东,未知,精装,42.0,2016.0,120.0
房山,其他,南,未知,精装,46.0,2016.0,125.0
房山,其他,南,未知,精装,47.0,2014.0,110.0
房山,其他,北,有电梯,简装,36.0,2015.0,130.0
房山,其他,南,未知,简装,48.0,2014.0,108.0
房山,4室,南北,无电梯,其他,159.0,2008.0,785.0
房山,3室,南北,未知,其他,108.0,2002.0,200.0
房山,其他,南,未知,精装,46.0,2015.0,125.0
房山,其他,南,有电梯,精装,35.0,2015.0,160.0
房山,3室,南北,未知,其他,139.0,2015.0,695.0
房山,其他,西,有电梯,简装,52.0,2014.0,140.0
房山,其他,西,有电梯,精装,37.0,2015.0,125.0
房山,其他,南,未知,毛坯,38.0,2015.0,110.0
房山,其他,东南,未知,精装,101.0,2016.0,280.0
房山,3室,南北,未知,其他,105.0,2014.0,290.0
房山,3室,南北,有电梯,其他,118.0,2012.0,505.0
房山,2室,南北,未知,精装,90.0,2011.0,205.0
房山,3室,南北,未知,简装,128.0,2015.0,500.0
房山,3室,南北,未知,简装,89.0,2014.0,240.0
房山,3室,南北,有电梯,简装,89.0,2014.0,375.0
房山,其他,南北,未知,毛坯,205.0,2014.0,980.0
房山,其他,北,有电梯,毛坯,41.0,2013.0,123.9
房山,其他,南,有电梯,毛坯,35.0,2015.0,110.0
房山,其他,东南,有电梯,简装,35.0,2015.0,94.0
房山,其他,西,有电梯,精装,52.0,2014.0,175.0
房山,其他,北,有电梯,精装,31.0,2015.0,98.0
房山,1室,南,未知,精装,54.0,2011.0,228.0
房山,2室,南北,未知,精装,86.0,2015.0,280.0
房山,其他,北,未知,精装,36.0,2015.0,108.0
房山,其他,北,未知,精装,47.0,2014.0,105.0
房山,其他,东南,有电梯,简装,57.0,2014.0,180.0
房山,5室,西北,未知,精装,195.0,2003.0,663.0
房山,3室,南北,未知,精装,100.0,2004.0,260.0
房山,3室,南北,未知,简装,108.0,2005.0,310.0
房山,3室,南北,未知,精装,133.0,2009.0,420.0
房山,2室,南北,未知,简装,90.0,2003.0,260.0
房山,3室,南北,有电梯,简装,136.0,2012.0,570.0
房山,其他,西,未知,精装,62.0,2016.0,169.0
房山,2室,南北,有电梯,精装,85.0,2011.0,318.0
房山,2室,南北,未知,其他,80.0,2011.0,355.0
房山,2室,南西,有电梯,精装,89.0,2014.0,410.0
房山,3室,南,有电梯,精装,63.0,2012.0,430.0
房山,2室,南北,未知,简装,89.0,2011.0,274.0
房山,3室,东南,有电梯,精装,212.0,2007.0,636.0
房山,2室,西南,有电梯,简装,99.0,2004.0,280.0
房山,2室,东西,无电梯,简装,63.0,1989.0,212.0
房山,3室,南北,未知,精装,124.0,2014.0,537.0
房山,2室,南北,未知,其他,94.0,2001.0,320.0
房山,2室,南北,未知,其他,82.0,2014.0,312.0
房山,2室,南,未知,其他,86.0,2015.0,345.0
房山,3室,南北,未知,精装,129.0,2015.0,320.0
房山,其他,西,有电梯,精装,43.0,2013.0,155.0
房山,其他,东,未知,简装,54.0,2014.0,130.0
房山,其他,南,未知,精装,51.0,2014.0,99.0
房山,其他,南,未知,毛坯,45.0,2016.0,115.0
房山,4室,南北,无电梯,精装,210.0,2005.0,1050.0
房山,2室,东,无电梯,其他,149.0,2001.0,310.0
房山,3室,南北,有电梯,简装,89.0,2012.0,405.0
房山,3室,南北,未知,简装,112.0,2013.0,490.0
房山,3室,南北,未知,其他,100.0,2004.0,190.0
房山,3室,东西,有电梯,精装,144.0,2009.0,430.0
房山,3室,南北,未知,精装,117.0,2002.0,200.0
房山,4室,南北,无电梯,简装,171.0,2005.0,446.0
房山,3室,南北,未知,简装,91.0,2012.0,419.0
房山,2室,南北,无电梯,其他,84.0,1998.0,270.0
房山,2室,南北,未知,精装,88.0,2013.0,259.0
房山,3室,南北,未知,简装,145.0,2007.0,260.0
房山,2室,东北,有电梯,精装,88.0,2009.0,290.0
房山,2室,南北,未知,简装,91.0,2000.0,265.0
房山,2室,东南,未知,其他,91.0,2015.0,258.0
房山,2室,南北,未知,简装,89.0,2014.0,260.0
房山,3室,南北,无电梯,其他,118.0,2005.0,359.0
房山,3室,南北,无电梯,其他,126.0,2001.0,340.0
房山,3室,南北,无电梯,简装,113.0,2005.0,290.0
房山,3室,南北,未知,精装,90.0,2014.0,275.0
房山,其他,东,未知,精装,55.0,2013.0,99.0
房山,3室,南北,有电梯,毛坯,119.0,2012.0,450.0
房山,1室,南北,未知,简装,68.0,2008.0,230.0
房山,3室,南北,有电梯,简装,119.0,2014.0,549.0
房山,3室,南北,未知,精装,100.0,2004.0,260.0
房山,2室,南北,未知,简装,89.0,2014.0,260.0
房山,3室,南北,有电梯,简装,100.0,2013.0,430.0
房山,3室,南北,未知,精装,64.0,2012.0,430.0
房山,3室,东南,有电梯,其他,100.0,2013.0,495.0
房山,2室,南北,未知,精装,82.0,2013.0,352.0
房山,4室,南北,无电梯,精装,242.0,2011.0,930.0
房山,3室,南北,未知,其他,141.0,2005.0,243.0
房山,4室,南北,未知,毛坯,238.0,2015.0,1040.0
房山,3室,西南,无电梯,简装,101.0,2007.0,160.0
房山,1室,南,有电梯,精装,56.0,2006.0,235.0
房山,2室,南北,有电梯,精装,90.0,2013.0,477.0
房山,3室,南北,未知,其他,102.0,2013.0,308.0
房山,3室,东南,未知,其他,100.0,2013.0,260.0
房山,3室,南北,未知,精装,117.0,2002.0,190.0
房山,4室,南北,未知,精装,229.0,2007.0,1000.0
房山,2室,南北,未知,精装,88.0,2014.0,240.0
房山,2室,南北,有电梯,精装,85.0,2010.0,350.0
房山,2室,南北,有电梯,精装,123.0,2014.0,590.0
房山,2室,南北,未知,精装,89.0,2014.0,267.0
房山,3室,南北,未知,其他,100.0,2015.0,279.0
房山,2室,南北,未知,精装,88.0,2016.0,235.0
房山,3室,南北,未知,其他,100.0,2004.0,190.0
房山,其他,南,未知,精装,47.0,2014.0,120.0
房山,其他,东南,有电梯,精装,35.0,2015.0,130.0
房山,其他,东,未知,毛坯,62.0,2016.0,175.0
房山,其他,西,未知,简装,57.0,2014.0,185.0
房山,其他,北,有电梯,精装,34.0,2015.0,128.0
房山,5室,南北,未知,简装,190.0,2002.0,250.0
房山,3室,南北,未知,其他,127.0,2004.0,260.0
房山,4室,南北,无电梯,毛坯,241.0,2007.0,1060.0
房山,其他,南,有电梯,精装,37.0,2015.0,125.0
房山,其他,南,未知,简装,47.0,2014.0,120.0
房山,其他,北,有电梯,精装,34.0,2015.0,125.0
房山,其他,东,有电梯,精装,55.0,2013.0,132.0
房山,其他,北,有电梯,精装,36.0,2015.0,130.0
房山,其他,东南,有电梯,精装,53.0,2015.0,210.0
房山,其他,东南,有电梯,简装,55.0,2015.0,185.0
房山,其他,东,有电梯,精装,36.0,2015.0,118.0
房山,其他,南,有电梯,精装,36.0,2015.0,133.0
房山,其他,北,有电梯,精装,34.0,2015.0,128.0
房山,其他,北,有电梯,其他,35.0,2015.0,138.0
房山,其他,西,有电梯,简装,35.0,2015.0,115.0
房山,其他,西,未知,毛坯,62.0,2015.0,170.0
房山,其他,东,未知,精装,54.0,2014.0,148.0
房山,其他,北,未知,精装,49.0,2014.0,97.0
房山,其他,南,有电梯,精装,81.0,2013.0,140.0
房山,2室,南北,未知,其他,106.0,2004.0,490.0
房山,2室,南北,未知,简装,82.0,2002.0,170.0
房山,其他,西北,有电梯,精装,42.0,2015.0,148.0
房山,其他,东,未知,简装,50.0,2014.0,110.0
房山,其他,西北,有电梯,简装,37.0,2015.0,115.0
房山,其他,西,有电梯,简装,55.0,2013.0,95.0
房山,2室,南,有电梯,简装,80.0,2011.0,335.0
房山,其他,东,未知,精装,62.0,2016.0,152.0
房山,其他,东,未知,其他,63.0,2016.0,155.0
房山,其他,西,未知,毛坯,62.0,2015.0,155.0
房山,其他,南,有电梯,精装,35.0,2015.0,98.0
房山,3室,南北,未知,其他,100.0,2013.0,260.0
房山,其他,东,未知,毛坯,60.0,2015.0,155.0
房山,其他,西,有电梯,精装,62.0,2015.0,155.0
房山,其他,东,有电梯,精装,35.0,2015.0,130.0
房山,其他,南,未知,简装,45.0,2014.0,102.0
房山,其他,东,未知,其他,62.0,2016.0,165.0
房山,其他,东,有电梯,精装,55.0,2014.0,125.0
房山,其他,东北,有电梯,精装,50.0,2015.0,150.0
房山,3室,南北,未知,精装,111.0,2005.0,355.0
房山,2室,南北,未知,简装,107.0,1996.0,238.0
房山,1室,南北,未知,简装,68.0,2008.0,260.0
房山,其他,东,未知,毛坯,62.0,2016.0,176.0
房山,其他,西,未知,精装,55.0,2016.0,156.0
房山,其他,东北,有电梯,精装,110.0,2013.0,195.0
房山,其他,西北,有电梯,精装,90.0,2013.0,180.0
房山,其他,南,未知,简装,45.0,2014.0,100.0
房山,3室,南北,无电梯,简装,80.0,1988.0,240.0
房山,4室,南北,未知,其他,175.0,2013.0,468.0
房山,其他,东,未知,毛坯,62.0,2016.0,175.0
房山,2室,南北,未知,简装,123.0,2004.0,240.0
房山,3室,南北,未知,精装,114.0,2004.0,470.0
房山,6室,南北,无电梯,精装,219.0,2009.0,570.0
房山,3室,南北,未知,精装,175.0,2011.0,550.0
房山,其他,南,未知,毛坯,61.0,2016.0,145.0
房山,其他,东南,未知,简装,78.0,2015.0,200.0
房山,其他,西,未知,精装,49.0,2016.0,139.0
房山,其他,北,有电梯,毛坯,34.0,2015.0,90.0
房山,其他,北,有电梯,简装,37.0,2015.0,120.0
房山,1室,南,未知,精装,48.0,2011.0,225.0
房山,2室,南,有电梯,精装,87.0,2014.0,380.0
房山,3室,南北,未知,精装,115.0,2003.0,272.0
房山,其他,东北,有电梯,精装,54.0,2015.0,145.0
房山,3室,南北,无电梯,精装,120.0,2005.0,320.0
房山,4室,南北,未知,简装,91.0,2012.0,450.0
房山,3室,东南,未知,其他,127.0,2004.0,280.0
房山,3室,南北,未知,其他,117.0,2002.0,210.0
房山,4室,南北,无电梯,精装,213.0,2005.0,950.0
房山,2室,南北,未知,简装,99.0,2005.0,206.0
房山,1室,南,未知,简装,54.0,2011.0,230.0
房山,1室,南,未知,精装,41.0,2015.0,205.0
房山,其他,东南,有电梯,精装,110.0,2013.0,230.0
房山,其他,南,有电梯,精装,81.0,2013.0,138.0
房山,3室,南北,未知,精装,126.0,2006.0,410.0
房山,3室,南北,未知,精装,135.0,2007.0,320.0
房山,5室,南北,未知,精装,244.0,2005.0,1500.0
房山,其他,东,未知,简装,50.0,2014.0,110.0
房山,2室,南北,无电梯,精装,90.0,2001.0,298.0
房山,3室,南北,未知,简装,144.0,2003.0,310.0
房山,3室,南北,有电梯,精装,89.0,2014.0,385.0
房山,3室,南北,有电梯,精装,89.0,2014.0,375.0
房山,2室,东,未知,精装,87.0,2009.0,298.0
房山,2室,南北,未知,精装,83.0,2014.0,318.0
房山,2室,南,有电梯,精装,105.0,2013.0,420.0
房山,2室,南北,有电梯,精装,89.0,2012.0,316.0
房山,3室,南北,未知,精装,108.0,2015.0,490.0
房山,2室,南北,无电梯,其他,81.0,1998.0,260.0
房山,2室,南西,有电梯,精装,89.0,2011.0,318.0
房山,其他,东,未知,精装,62.0,2016.0,165.0
房山,2室,南,未知,精装,88.0,2012.0,399.0
房山,2室,南西,有电梯,精装,92.0,2006.0,285.0
房山,1室,南,未知,精装,48.0,2011.0,220.0
房山,1室,南,未知,精装,54.0,2011.0,205.0
房山,4室,南北,未知,精装,148.0,2004.0,240.0
房山,3室,南北,无电梯,精装,157.0,2005.0,406.0
房山,其他,西,未知,毛坯,48.0,2016.0,134.0
房山,2室,南北,未知,其他,105.0,2007.0,275.0
房山,3室,南北,未知,精装,140.0,2012.0,420.0
房山,其他,东北,未知,毛坯,67.0,2016.0,167.0
房山,3室,南北,未知,精装,137.0,2007.0,298.0
房山,2室,南北,未知,简装,98.0,2008.0,300.0
房山,2室,南北,无电梯,其他,70.0,1997.0,245.0
房山,2室,南北,无电梯,其他,107.0,1998.0,270.0
房山,2室,南北,未知,精装,103.0,2005.0,285.0
房山,3室,东南,未知,精装,112.0,2000.0,315.0
房山,3室,南北,未知,精装,102.0,1999.0,298.0
房山,2室,南,未知,其他,86.0,2014.0,240.0
房山,2室,南北,未知,简装,84.0,1999.0,260.0
房山,2室,南北,有电梯,简装,112.0,2010.0,380.0
房山,1室,南,未知,精装,70.0,2015.0,358.0
房山,4室,南北,未知,其他,159.0,2004.0,695.0
房山,2室,南北,有电梯,精装,88.0,2010.0,340.0
房山,2室,南北,无电梯,简装,64.0,1996.0,198.0
房山,3室,南北,有电梯,精装,89.0,2014.0,365.0
房山,3室,南北,未知,精装,89.0,2014.0,360.0
房山,2室,南北,无电梯,简装,69.0,2004.0,145.0
房山,3室,南北,有电梯,精装,89.0,2013.0,385.0
房山,3室,南北,无电梯,其他,90.0,2000.0,300.0
房山,3室,南北,有电梯,精装,153.0,2007.0,430.0
房山,2室,南北,无电梯,简装,84.0,2001.0,235.0
房山,2室,南,有电梯,精装,114.0,2009.0,398.0
房山,2室,南北,有电梯,精装,93.0,2014.0,395.0
房山,3室,南北,未知,精装,108.0,2015.0,552.0
房山,2室,南,有电梯,精装,81.0,2014.0,385.0
房山,3室,南北,未知,简装,104.0,2003.0,300.0
房山,2室,南北,未知,其他,86.0,2014.0,248.0
房山,3室,南北,未知,其他,95.0,2013.0,310.0
房山,3室,南北,未知,精装,112.0,2010.0,320.0
房山,2室,南北,无电梯,精装,90.0,2001.0,298.0
房山,2室,南北,有电梯,精装,89.0,2010.0,265.0
房山,2室,南北,未知,其他,93.0,2005.0,350.0
房山,3室,南北,无电梯,精装,134.0,2005.0,362.0
房山,3室,南,未知,简装,100.0,1989.0,255.0
房山,2室,南北,无电梯,其他,71.0,1995.0,249.0
房山,2室,南,未知,其他,82.0,2015.0,330.0
房山,2室,南北,未知,其他,95.0,2003.0,220.0
房山,3室,南北,无电梯,精装,70.0,1994.0,255.0
房山,3室,南北,有电梯,简装,119.0,2011.0,505.0
房山,3室,南北,未知,其他,102.0,2015.0,495.0
房山,2室,南北,有电梯,毛坯,76.0,2014.0,320.0
房山,3室,南北,未知,精装,108.0,2009.0,340.0
房山,3室,南北,未知,精装,125.0,2014.0,510.0
房山,3室,南北,无电梯,精装,121.0,2001.0,376.0
房山,3室,南北,有电梯,精装,88.0,2012.0,390.0
房山,3室,东,无电梯,简装,104.0,2011.0,369.0
房山,2室,南北,有电梯,精装,89.0,2012.0,330.0
房山,3室,南北,未知,精装,115.0,2014.0,530.0
房山,3室,南北,未知,精装,115.0,2014.0,540.0
房山,2室,南,未知,精装,80.0,2015.0,330.0
房山,3室,南北,无电梯,精装,192.0,2007.0,980.0
房山,3室,南北,有电梯,简装,151.0,2009.0,498.0
房山,3室,南北,未知,精装,166.0,2013.0,810.0
房山,4室,南北,有电梯,毛坯,162.0,2012.0,615.0
房山,3室,南北,未知,精装,97.0,2014.0,335.0
房山,3室,南,未知,简装,87.0,2015.0,376.0
房山,3室,南北,有电梯,精装,155.0,2009.0,520.0
房山,3室,南北,有电梯,精装,97.0,2013.0,490.0
房山,其他,南,未知,简装,51.0,2014.0,105.0
房山,其他,东,未知,精装,36.0,2013.0,134.0
房山,2室,南北,未知,简装,123.0,2004.0,230.0
房山,3室,东南,未知,精装,144.0,2005.0,435.0
房山,2室,南,有电梯,精装,85.0,2011.0,300.0
房山,2室,南北,有电梯,精装,99.0,2009.0,355.0
房山,3室,南北,未知,毛坯,185.0,2007.0,460.0
房山,2室,南北,无电梯,简装,96.0,2003.0,269.0
房山,4室,南,未知,精装,154.0,2015.0,999.0
房山,2室,东西,无电梯,精装,79.0,1997.0,246.0
房山,3室,南北,未知,精装,165.0,2015.0,844.0
房山,3室,南北,有电梯,精装,98.0,2012.0,430.0
房山,2室,南北,未知,精装,98.0,2008.0,300.0
房山,3室,南北,有电梯,精装,98.0,2015.0,436.0
房山,2室,南北,无电梯,精装,96.0,2000.0,275.0
房山,2室,南北,有电梯,简装,98.0,2014.0,455.0
房山,3室,南北,无电梯,简装,105.0,1995.0,288.0
房山,2室,南北,无电梯,其他,81.0,1998.0,250.0
房山,2室,南北,有电梯,简装,94.0,2007.0,316.0
房山,3室,南北,有电梯,毛坯,89.0,2014.0,345.0
房山,其他,西,未知,精装,53.0,2016.0,149.0
房山,3室,南北,未知,毛坯,88.0,2012.0,581.0
房山,3室,南北,未知,精装,95.0,2014.0,275.0
房山,4室,东南,未知,毛坯,211.0,2008.0,630.0
房山,3室,南北,有电梯,精装,97.0,2015.0,440.0
房山,其他,北,有电梯,精装,41.0,2013.0,74.0
房山,其他,西北,未知,毛坯,56.0,2016.0,141.0
房山,2室,南北,未知,其他,85.0,2015.0,240.0
房山,2室,南北,未知,简装,88.0,2004.0,269.0
房山,3室,东南,有电梯,其他,99.0,2014.0,490.0
房山,3室,南北,有电梯,其他,125.0,2007.0,429.0
房山,3室,南北,有电梯,简装,119.0,2011.0,505.0
房山,3室,南北,未知,其他,102.0,2015.0,495.0
房山,2室,南北,未知,其他,95.0,2003.0,220.0
房山,3室,南北,未知,精装,166.0,2015.0,788.0
房山,2室,南北,有电梯,简装,89.0,2007.0,300.0
房山,2室,南北,无电梯,精装,89.0,1995.0,276.0
房山,2室,西,有电梯,其他,104.0,2004.0,270.0
房山,2室,西北,无电梯,精装,58.0,1984.0,195.0
房山,3室,南北,未知,精装,99.0,2015.0,430.0
房山,2室,南,有电梯,其他,73.0,2015.0,265.0
房山,3室,南北,有电梯,简装,128.0,2014.0,535.0
房山,2室,南北,无电梯,精装,71.0,1995.0,215.0
房山,3室,南北,未知,简装,89.0,2014.0,370.0
房山,2室,南,有电梯,简装,77.0,2014.0,345.0
房山,2室,南北,无电梯,简装,93.0,1998.0,272.0
房山,3室,南北,有电梯,精装,88.0,2012.0,379.0
房山,3室,南北,无电梯,精装,150.0,2003.0,385.0
房山,3室,南北,未知,精装,99.0,2015.0,415.0
房山,5室,南北,有电梯,精装,132.0,2012.0,599.0
房山,4室,南北,未知,精装,157.0,2003.0,399.0
房山,其他,西,有电梯,精装,55.0,2013.0,92.0
房山,2室,南北,无电梯,简装,91.0,2003.0,280.0
房山,3室,西南,有电梯,其他,101.0,2014.0,500.0
房山,2室,西南,有电梯,精装,91.0,2010.0,315.0
房山,2室,南北,无电梯,其他,64.0,1995.0,210.0
房山,3室,南北,有电梯,精装,97.0,2015.0,438.0
房山,3室,南北,有电梯,精装,88.0,2014.0,380.0
房山,3室,南北,未知,精装,147.0,2008.0,600.0
房山,2室,南北,有电梯,精装,87.0,2012.0,320.0
房山,1室,南北,有电梯,精装,73.0,2010.0,320.0
房山,4室,南北,未知,精装,163.0,2010.0,568.0
房山,1室,南北,有电梯,简装,68.0,2007.0,260.0
房山,3室,南北,未知,毛坯,109.0,2014.0,385.0
房山,3室,东南,未知,精装,102.0,2015.0,426.0
房山,2室,南,有电梯,精装,90.0,2010.0,315.0
房山,5室,南北,无电梯,精装,193.0,2004.0,520.0
房山,4室,南北,有电梯,毛坯,163.0,2012.0,619.0
房山,3室,南北,有电梯,精装,89.0,2014.0,378.0
房山,3室,南北,有电梯,精装,141.0,2015.0,678.0
房山,3室,南北,未知,毛坯,154.0,2015.0,920.0
房山,5室,南北,未知,毛坯,155.0,2015.0,900.0
房山,2室,南北,有电梯,简装,76.0,2014.0,310.0
房山,3室,南北,有电梯,简装,89.0,2012.0,345.0
房山,3室,南北,未知,精装,166.0,2015.0,835.0
房山,2室,南北,有电梯,精装,87.0,2012.0,325.0
房山,2室,南,有电梯,精装,87.0,2012.0,309.0
房山,3室,南北,未知,其他,115.0,2014.0,535.0
房山,1室,南,有电梯,精装,53.0,2010.0,210.0
房山,4室,南北,未知,毛坯,154.0,2015.0,850.0
房山,3室,南北,未知,精装,174.0,2016.0,960.0
房山,4室,南北,未知,其他,194.0,2008.0,810.0
房山,4室,南北,未知,精装,107.0,2004.0,460.0
房山,4室,南北,未知,其他,159.0,1999.0,1100.0
房山,4室,东西,无电梯,精装,155.0,1996.0,340.0
房山,2室,南北,未知,简装,87.0,2005.0,209.0
房山,2室,西南,有电梯,精装,86.0,2006.0,310.0
房山,1室,南,有电梯,精装,66.0,2011.0,238.0
房山,7室,南北,无电梯,毛坯,205.0,2010.0,560.0
房山,1室,东北,有电梯,精装,69.0,2011.0,230.0
房山,1室,南,未知,精装,65.0,2010.0,229.0
房山,1室,南,未知,精装,46.0,2009.0,176.0
房山,2室,南北,无电梯,简装,84.0,1990.0,268.0
房山,1室,南,未知,精装,41.0,2015.0,198.0
房山,1室,南,有电梯,精装,69.0,2013.0,330.0
房山,1室,南,有电梯,简装,66.0,2011.0,233.0
房山,2室,南北,有电梯,简装,87.0,2013.0,370.0
房山,2室,南北,有电梯,简装,75.0,2012.0,315.0
房山,2室,南,有电梯,精装,85.0,2011.0,305.0
房山,1室,南北,无电梯,简装,59.0,2008.0,220.0
房山,1室,南,未知,精装,69.0,2008.0,240.0
房山,3室,南北,未知,毛坯,133.0,2014.0,445.0
房山,2室,西,无电梯,简装,81.0,2001.0,230.0
房山,3室,南北,未知,毛坯,129.0,2015.0,516.0
房山,4室,南北,未知,精装,199.0,2005.0,470.0
房山,1室,南,有电梯,精装,58.0,2010.0,215.0
房山,2室,南,未知,精装,83.0,2013.0,360.0
房山,2室,南北,未知,其他,89.0,2014.0,245.0
房山,3室,南北,有电梯,精装,89.0,2014.0,400.0
房山,3室,南北,未知,精装,173.0,2004.0,290.0
房山,2室,南北,无电梯,精装,92.0,1998.0,285.0
房山,3室,南北,无电梯,精装,110.0,2004.0,360.0
房山,5室,南北,无电梯,精装,164.0,2005.0,420.0
房山,3室,南北,未知,简装,89.0,2012.0,385.0
房山,3室,南北,有电梯,精装,90.0,2012.0,600.0
房山,1室,南北,有电梯,精装,73.0,2010.0,320.0
房山,2室,南,有电梯,精装,83.0,2014.0,355.0
房山,2室,南,未知,精装,84.0,2014.0,380.0
房山,3室,东南,无电梯,简装,127.0,2003.0,375.0
房山,4室,南北,有电梯,精装,146.0,2012.0,595.0
房山,3室,南北,未知,精装,128.0,2015.0,560.0
房山,3室,南北,有电梯,精装,122.0,2010.0,550.0
房山,3室,南北,未知,其他,99.0,2014.0,275.0
房山,2室,南,未知,精装,82.0,2015.0,320.0
房山,3室,南北,未知,其他,102.0,2015.0,510.0
房山,3室,南北,有电梯,精装,169.0,2009.0,530.0
房山,3室,南北,未知,精装,106.0,2003.0,370.0
房山,2室,南,未知,精装,85.0,2013.0,375.0
房山,2室,南,有电梯,精装,104.0,2013.0,390.0
房山,1室,南北,有电梯,精装,63.0,2011.0,243.0
房山,1室,南北,有电梯,其他,70.0,2006.0,230.0
房山,1室,东北,未知,精装,58.0,2009.0,228.0
房山,3室,东南,有电梯,简装,119.0,2006.0,318.0
房山,2室,南北,未知,其他,85.0,2013.0,240.0
房山,2室,南北,未知,简装,74.0,1997.0,235.0
房山,5室,南北,有电梯,精装,131.0,2014.0,570.0
房山,4室,南北,未知,毛坯,212.0,2016.0,985.0
房山,2室,南,未知,精装,83.0,2014.0,340.0
房山,4室,南北,未知,毛坯,154.0,2015.0,880.0
房山,其他,南北,未知,毛坯,240.97,2015.0,1080.0
房山,4室,南北,未知,精装,165.0,2012.0,630.0
房山,1室,南,未知,毛坯,54.0,2011.0,213.0
房山,3室,南北,未知,精装,119.0,2012.0,645.0
房山,5室,南北,无电梯,精装,241.0,2007.0,1100.0
房山,3室,南北,有电梯,精装,212.0,2007.0,648.0
房山,3室,南北,无电梯,精装,150.0,2003.0,385.0
房山,2室,南,未知,精装,84.0,2014.0,450.0
房山,2室,南北,未知,其他,77.0,2000.0,229.8
房山,2室,南,有电梯,精装,80.0,2013.0,347.0
房山,2室,南北,无电梯,其他,75.0,1993.0,244.0
房山,3室,南北,未知,简装,92.0,1989.0,236.0
房山,2室,南北,无电梯,其他,108.0,2000.0,268.0
房山,3室,南北,未知,简装,85.0,1993.0,251.0
房山,2室,南北,无电梯,精装,70.0,1995.0,239.0
房山,3室,南北,无电梯,精装,97.0,1995.0,330.0
房山,1室,南,未知,精装,53.0,2012.0,232.0
房山,2室,南,未知,精装,87.0,2015.0,415.0
房山,3室,南北,未知,精装,137.0,2014.0,590.0
房山,2室,南北,有电梯,精装,96.0,2012.0,380.0
房山,3室,南北,有电梯,精装,88.0,2012.0,360.0
房山,3室,南北,未知,精装,97.0,2013.0,510.0
房山,3室,南北,未知,简装,73.0,1993.0,230.0
房山,2室,南,未知,精装,88.0,2015.0,410.0
房山,2室,南北,无电梯,简装,72.0,2001.0,235.0
房山,2室,南,未知,简装,85.0,2012.0,400.0
房山,2室,南北,有电梯,精装,90.0,2014.0,380.0
房山,3室,南北,无电梯,简装,86.0,2000.0,230.0
房山,3室,南北,未知,精装,91.0,2012.0,680.0
房山,3室,南北,有电梯,精装,168.0,2011.0,630.0
房山,1室,南,有电梯,简装,47.0,2009.0,160.0
房山,2室,南北,未知,其他,63.0,1979.0,195.0
房山,2室,西南,有电梯,精装,93.0,2014.0,430.0
房山,2室,东西,未知,精装,80.0,1997.0,230.0
房山,2室,南北,无电梯,其他,95.0,2001.0,300.0
房山,2室,东北,无电梯,精装,92.0,2009.0,298.0
房山,2室,南北,未知,简装,64.0,1992.0,210.0
房山,4室,南北,未知,精装,142.0,2014.0,710.0
房山,1室,西北,有电梯,简装,70.0,2011.0,225.0
房山,2室,南北,有电梯,精装,111.0,2013.0,425.0
房山,3室,南北,未知,简装,96.0,1996.0,275.0
房山,3室,南北,有电梯,精装,96.0,2014.0,520.0
房山,2室,东西,有电梯,精装,82.0,2012.0,358.0
房山,2室,南,未知,简装,50.0,1981.0,178.0
房山,1室,南,未知,毛坯,54.0,2011.0,210.0
房山,3室,南北,未知,精装,135.0,2010.0,495.0
房山,3室,南北,有电梯,精装,126.0,2007.0,420.0
房山,2室,南北,未知,精装,89.0,2004.0,325.0
房山,3室,南北,未知,其他,126.0,2014.0,345.0
房山,2室,南北,未知,精装,93.0,1999.0,285.0
房山,3室,南北,未知,精装,147.0,2014.0,700.0
房山,2室,东南,有电梯,精装,86.0,2011.0,310.0
房山,2室,南北,无电梯,简装,89.0,1999.0,240.0
房山,2室,南,有电梯,简装,90.0,2011.0,269.0
房山,2室,南北,未知,精装,93.0,2005.0,330.0
房山,3室,南北,未知,精装,129.0,2007.0,320.0
房山,4室,南北,有电梯,其他,175.0,2011.0,570.0
房山,3室,南北,有电梯,其他,89.0,2012.0,360.0
房山,2室,南北,有电梯,精装,121.0,2014.0,550.0
房山,1室,南,未知,简装,40.0,1984.0,160.0
房山,2室,南北,无电梯,精装,90.0,2001.0,300.0
房山,3室,南北,未知,精装,162.0,2013.0,810.0
房山,4室,南北,无电梯,简装,116.0,2005.0,391.0
房山,2室,南北,未知,其他,77.0,2000.0,229.8
房山,2室,南北,无电梯,精装,70.0,1995.0,239.0
房山,4室,南北,未知,精装,149.0,2009.0,518.0
房山,3室,南北,有电梯,精装,103.0,2013.0,470.0
房山,3室,南北,未知,简装,97.0,2007.0,198.0
房山,3室,南北,未知,精装,102.0,2015.0,446.0
房山,2室,东南,有电梯,精装,71.0,2014.0,300.0
房山,3室,南北,未知,简装,77.0,1984.0,220.0
房山,3室,南,未知,精装,142.0,2007.0,335.0
房山,5室,南北,未知,精装,242.0,2015.0,1050.0
房山,2室,西,有电梯,简装,87.0,2009.0,302.0
房山,3室,东南,有电梯,精装,126.0,2009.0,480.0
房山,3室,南北,未知,精装,140.0,2006.0,480.0
房山,2室,南北,无电梯,简装,81.0,2005.0,260.0
房山,2室,东西,无电梯,简装,87.0,2000.0,262.0
房山,3室,南北,无电梯,简装,121.0,2001.0,330.0
房山,2室,南北,有电梯,精装,87.0,2012.0,368.0
房山,3室,南北,未知,精装,138.0,2006.0,330.0
房山,2室,南北,无电梯,其他,83.0,2005.0,282.0
房山,2室,南北,未知,精装,98.0,2008.0,350.0
房山,2室,南北,无电梯,简装,80.0,1994.0,255.0
房山,3室,南北,无电梯,简装,120.0,2004.0,335.0
房山,3室,南北,未知,简装,140.0,2001.0,380.0
房山,3室,东南,有电梯,简装,109.0,2005.0,350.0
房山,3室,南北,有电梯,简装,119.0,2013.0,550.0
房山,3室,南北,有电梯,精装,96.0,2012.0,499.0
房山,2室,南北,未知,精装,93.0,2012.0,405.0
房山,3室,南北,未知,精装,119.0,2012.0,589.0
房山,4室,南北,未知,精装,142.0,2014.0,710.0
房山,3室,南北,未知,精装,144.0,2014.0,650.0
房山,3室,南北,未知,精装,145.0,2004.0,630.0
房山,2室,南,有电梯,精装,89.0,2011.0,356.0
房山,3室,南北,有电梯,精装,150.0,2011.0,510.0
房山,3室,南北,无电梯,其他,130.0,2001.0,340.0
房山,2室,南,无电梯,精装,50.0,1994.0,215.0
房山,3室,东南,有电梯,简装,110.0,2012.0,508.0
房山,3室,南北,有电梯,精装,124.0,2014.0,585.0
房山,2室,西南,有电梯,其他,89.0,2011.0,320.0
房山,2室,南,未知,精装,88.0,2014.0,410.0
房山,3室,南北,未知,简装,100.0,2014.0,280.0
房山,3室,南北,未知,简装,89.0,2014.0,380.0
房山,3室,南,有电梯,简装,100.0,2006.0,300.0
房山,2室,南北,未知,其他,89.0,2013.0,258.0
房山,2室,南北,有电梯,精装,88.0,2012.0,335.0
房山,2室,南北,有电梯,精装,88.0,2012.0,325.0
房山,2室,南北,有电梯,精装,96.0,2011.0,375.0
房山,2室,南,未知,其他,91.0,2013.0,390.0
房山,2室,东西,有电梯,精装,82.0,2012.0,365.0
房山,2室,南北,未知,精装,84.0,2012.0,395.0
房山,2室,南,有电梯,精装,88.0,2015.0,379.0
房山,2室,南北,未知,精装,91.0,2003.0,290.0
房山,4室,东南,未知,精装,106.0,1992.0,265.0
房山,3室,南北,未知,精装,98.0,2013.0,495.0
房山,2室,南北,有电梯,简装,88.0,2013.0,315.0
房山,2室,南北,未知,简装,135.0,2004.0,340.0
房山,2室,南北,无电梯,精装,100.0,2009.0,319.0
房山,2室,东北,有电梯,精装,88.0,2009.0,270.0
房山,3室,南北,有电梯,毛坯,153.0,2009.0,530.0
房山,3室,南北,未知,毛坯,175.0,2016.0,750.0
房山,2室,南北,无电梯,简装,64.0,1995.0,218.0
房山,3室,南北,无电梯,精装,121.0,2001.0,350.0
房山,3室,南北,有电梯,精装,117.0,2004.0,320.0
房山,2室,南北,未知,精装,91.0,2006.0,299.0
房山,3室,南北,未知,简装,139.0,2003.0,315.0
房山,3室,南北,有电梯,精装,111.0,2012.0,519.0
房山,2室,南北,无电梯,简装,82.0,1998.0,260.0
房山,2室,南北,无电梯,其他,81.0,1998.0,260.0
房山,3室,南北,未知,精装,106.0,2014.0,400.0
房山,2室,南北,有电梯,精装,83.0,2007.0,305.0
房山,1室,南,有电梯,简装,71.0,2010.0,245.0
房山,2室,南北,未知,简装,52.0,1988.0,193.0
房山,2室,南北,有电梯,精装,92.0,2010.0,382.0
房山,3室,南北,未知,简装,109.0,2014.0,390.0
房山,3室,南北,有电梯,精装,133.0,2009.0,430.0
房山,3室,南北,未知,精装,92.0,2003.0,250.0
房山,4室,南北,有电梯,精装,163.0,2006.0,490.0
房山,2室,南北,未知,精装,93.0,2014.0,430.0
房山,2室,南北,无电梯,简装,94.0,2003.0,280.0
房山,3室,南北,未知,精装,165.0,2013.0,820.0
房山,1室,南,有电梯,精装,50.0,2010.0,225.0
房山,3室,南北,无电梯,简装,103.0,2004.0,315.0
房山,2室,南北,无电梯,其他,70.0,2001.0,220.0
房山,1室,南,有电梯,精装,63.0,2011.0,243.0
房山,3室,南北,有电梯,精装,124.0,2014.0,585.0
房山,2室,南,未知,精装,90.0,2015.0,360.0
房山,2室,南,无电梯,精装,50.0,1994.0,215.0
房山,3室,东南,有电梯,简装,110.0,2012.0,508.0
房山,2室,南北,无电梯,其他,58.0,1986.0,198.0
房山,2室,南,有电梯,精装,89.0,2011.0,356.0
房山,3室,南北,无电梯,精装,95.0,1995.0,290.0
房山,2室,南北,未知,精装,85.0,2002.0,318.0
房山,2室,南北,未知,精装,97.0,2012.0,360.0
房山,2室,南北,有电梯,精装,102.0,2009.0,360.0
房山,2室,南北,有电梯,精装,108.0,2009.0,365.0
房山,3室,南北,有电梯,精装,128.0,2013.0,510.0
房山,2室,南,未知,精装,80.0,2015.0,305.0
房山,3室,南北,未知,精装,94.0,2016.0,440.0
房山,3室,南北,未知,精装,99.0,2015.0,410.0
房山,2室,西南,未知,简装,63.0,1984.0,210.0
房山,2室,南北,无电梯,精装,82.0,2010.0,275.0
房山,2室,南北,有电梯,精装,87.0,2012.0,375.0
房山,3室,东南,有电梯,简装,127.0,2005.0,380.0
房山,2室,南,有电梯,精装,83.0,2013.0,358.0
房山,2室,东西,无电梯,简装,85.0,1999.0,270.0
房山,3室,西南,有电梯,精装,101.0,2014.0,510.0
房山,3室,西南,未知,简装,89.0,2001.0,285.0
房山,2室,南北,有电梯,精装,88.0,2010.0,348.0
房山,1室,西北,有电梯,精装,70.0,2011.0,222.0
房山,2室,南北,有电梯,精装,88.0,2010.0,390.0
房山,2室,南北,有电梯,简装,86.0,2013.0,370.0
房山,3室,南北,有电梯,精装,144.0,2013.0,520.0
房山,3室,南北,有电梯,精装,88.0,2012.0,380.0
房山,2室,南北,未知,其他,85.0,2013.0,275.0
房山,3室,南北,无电梯,精装,124.0,2003.0,398.0
房山,3室,南北,未知,精装,56.0,1980.0,198.0
房山,2室,南,有电梯,精装,89.0,2011.0,285.0
房山,2室,南北,无电梯,其他,72.0,2001.0,220.0
房山,2室,南,有电梯,简装,81.0,2012.0,310.0
房山,2室,南北,无电梯,简装,94.0,2003.0,280.0
房山,3室,南北,未知,精装,117.0,2014.0,530.0
房山,2室,南,有电梯,精装,89.0,2012.0,398.0
房山,2室,西南,有电梯,精装,88.0,2012.0,390.0
房山,2室,东南,有电梯,精装,94.0,2007.0,300.0
房山,2室,南北,未知,精装,90.0,2015.0,398.0
房山,3室,南北,未知,精装,154.0,2012.0,472.0
房山,2室,南北,无电梯,简装,84.0,1990.0,255.0
房山,2室,南北,有电梯,简装,85.0,2010.0,350.0
房山,3室,南北,未知,精装,143.0,2004.0,430.0
房山,3室,南北,未知,简装,105.0,2000.0,300.0
房山,4室,南北,有电梯,其他,208.0,2010.0,650.0
房山,2室,南,有电梯,简装,83.0,2013.0,318.0
房山,3室,南北,无电梯,精装,126.0,2012.0,369.0
房山,2室,南北,无电梯,精装,82.0,2005.0,267.0
房山,2室,南北,未知,简装,89.0,2006.0,260.0
房山,2室,南,有电梯,精装,89.0,2011.0,385.0
房山,3室,南北,无电梯,精装,117.0,2005.0,360.0
房山,2室,南北,无电梯,其他,70.0,1993.0,210.0
房山,2室,西北,有电梯,精装,91.0,2007.0,280.0
房山,2室,南,未知,精装,81.0,2014.0,370.0
房山,3室,南北,未知,精装,131.0,2013.0,420.0
房山,3室,南北,有电梯,精装,131.0,2012.0,520.0
房山,2室,南北,未知,精装,81.0,2012.0,290.0
房山,2室,南,有电梯,精装,116.0,2011.0,415.0
房山,3室,南北,有电梯,精装,138.0,2012.0,678.0
房山,2室,南北,无电梯,精装,92.0,2000.0,252.0
房山,2室,南北,未知,精装,92.0,2012.0,320.0
房山,2室,南北,有电梯,精装,91.0,2006.0,319.0
房山,1室,南,无电梯,简装,48.0,1994.0,195.0
房山,2室,东西,无电梯,简装,62.0,1993.0,188.0
房山,1室,南,未知,其他,48.0,2012.0,210.0
房山,1室,西南,有电梯,精装,78.0,2011.0,238.0
房山,4室,南北,未知,精装,210.0,2007.0,670.0
房山,4室,南北,未知,毛坯,235.0,2009.0,593.0
房山,3室,南北,有电梯,精装,117.0,2011.0,400.0
房山,1室,南,未知,其他,61.0,2011.0,215.0
房山,2室,南北,无电梯,精装,89.0,1998.0,267.0
房山,3室,南北,未知,简装,110.0,2004.0,370.0
房山,2室,东西,无电梯,其他,81.0,1997.0,235.0
房山,3室,南北,未知,简装,205.0,2006.0,660.0
房山,3室,南北,未知,精装,169.0,2009.0,530.0
房山,3室,西南,有电梯,精装,116.0,2012.0,420.0
房山,2室,南,有电梯,精装,83.0,2013.0,360.0
房山,1室,南北,有电梯,精装,74.0,2010.0,308.0
房山,2室,南北,有电梯,精装,107.0,2007.0,350.0
房山,2室,西北,有电梯,精装,92.0,2011.0,279.0
房山,2室,南北,未知,简装,79.0,2011.0,305.0
房山,3室,南北,无电梯,简装,124.0,2001.0,345.0
房山,2室,南北,有电梯,精装,83.0,2007.0,295.0
房山,2室,南北,无电梯,精装,88.0,2004.0,290.0
房山,2室,南,未知,精装,89.0,2011.0,258.0
房山,2室,东南,有电梯,精装,102.0,2011.0,325.0
房山,2室,南北,有电梯,精装,87.0,2013.0,358.0
房山,3室,南北,无电梯,精装,85.0,1999.0,236.0
房山,3室,南北,未知,精装,139.0,2014.0,680.0
房山,2室,南北,有电梯,精装,89.0,2012.0,335.0
房山,3室,南北,有电梯,精装,97.0,2013.0,495.0
房山,3室,南北,有电梯,精装,97.0,2013.0,490.0
房山,3室,南北,无电梯,精装,119.0,2005.0,370.0
房山,3室,南北,未知,精装,118.0,2004.0,350.0
房山,2室,南北,无电梯,精装,97.0,2010.0,325.0
房山,2室,南北,未知,精装,84.0,2012.0,398.0
房山,2室,南北,有电梯,精装,108.0,2009.0,363.0
房山,1室,南,有电梯,精装,53.0,2010.0,218.0
房山,2室,南北,无电梯,简装,59.0,1986.0,205.0
房山,3室,南北,有电梯,简装,168.0,2011.0,520.0
房山,2室,南,有电梯,简装,80.0,2012.0,320.0
房山,3室,南北,无电梯,精装,153.0,2005.0,470.0
房山,2室,南北,未知,简装,95.0,2005.0,285.0
房山,1室,南,有电梯,精装,65.0,2011.0,248.0
房山,3室,南北,无电梯,精装,132.0,2009.0,438.0
房山,2室,南北,未知,简装,80.0,2011.0,280.0
房山,1室,南,有电梯,精装,63.0,2011.0,242.0
房山,2室,南,未知,简装,80.0,2012.0,318.0
房山,1室,南,有电梯,精装,63.0,2011.0,243.0
房山,2室,东南,有电梯,精装,88.0,2011.0,305.0
房山,2室,南北,未知,简装,96.0,2007.0,300.0
房山,2室,南北,未知,精装,75.0,2012.0,350.0
房山,3室,南北,有电梯,精装,89.0,2014.0,343.0
房山,2室,东南,未知,精装,87.0,2009.0,310.0
房山,2室,南北,未知,精装,65.0,2014.0,310.0
房山,3室,南北,有电梯,毛坯,139.0,2013.0,658.0
房山,2室,南,有电梯,精装,87.0,2014.0,405.0
房山,2室,南北,有电梯,毛坯,107.0,2007.0,345.0
房山,2室,南北,未知,简装,53.0,1981.0,188.0
房山,3室,南北,未知,精装,154.0,2015.0,880.0
房山,1室,南,无电梯,简装,48.0,1994.0,195.0
房山,3室,东西,无电梯,精装,134.0,2003.0,380.0
房山,5室,东西,无电梯,简装,163.0,2003.0,299.0
房山,3室,南北,未知,简装,129.0,1999.0,300.0
房山,2室,东南,有电梯,精装,89.0,2011.0,320.0
房山,3室,南北,未知,精装,88.0,2013.0,289.0
房山,3室,西南,未知,精装,101.0,2014.0,500.0
房山,2室,南北,有电梯,精装,78.0,2009.0,265.0
房山,3室,南北,未知,精装,110.0,2014.0,470.0
房山,2室,南北,有电梯,精装,88.0,2010.0,340.0
房山,2室,南北,无电梯,其他,72.0,2001.0,213.0
房山,2室,南北,无电梯,简装,86.0,1998.0,265.0
房山,2室,南北,无电梯,精装,100.0,2006.0,330.0
房山,2室,南北,未知,精装,82.0,2013.0,350.0
房山,2室,南北,未知,简装,85.0,2003.0,265.0
房山,2室,南北,有电梯,精装,88.0,2013.0,320.0
房山,2室,西北,无电梯,精装,40.0,2005.0,208.0
房山,2室,南北,有电梯,精装,95.0,2011.0,330.0
房山,2室,南,有电梯,精装,80.0,2012.0,315.0
房山,其他,南北,未知,毛坯,242.78,2015.0,1100.0
房山,5室,东西,无电梯,简装,223.0,1999.0,470.0
房山,1室,南北,未知,简装,52.0,1989.0,175.0
房山,3室,南北,未知,精装,88.0,2014.0,395.0
房山,2室,南北,无电梯,简装,80.0,1995.0,230.0
房山,2室,南北,未知,精装,105.0,2015.0,450.0
房山,2室,南北,无电梯,简装,87.0,2004.0,290.0
房山,3室,南北,有电梯,毛坯,128.0,2015.0,520.0
房山,2室,南北,未知,其他,127.0,2011.0,420.0
房山,2室,南北,未知,简装,122.0,2003.0,330.0
房山,2室,南北,未知,毛坯,111.0,2003.0,300.0
房山,3室,南北,未知,精装,97.0,2014.0,429.0
房山,3室,南北,未知,简装,113.0,2002.0,350.0
房山,2室,南北,无电梯,简装,81.0,2001.0,265.0
房山,3室,南北,未知,简装,117.0,2005.0,350.0
房山,3室,南北,未知,精装,138.0,2003.0,275.0
房山,3室,南北,无电梯,其他,103.0,1999.0,290.0
房山,3室,南北,无电梯,简装,109.0,1999.0,270.0
房山,2室,东,有电梯,精装,87.0,2009.0,300.0
房山,3室,东南,未知,毛坯,124.0,2005.0,420.0
房山,3室,南北,未知,精装,96.0,2012.0,499.0
房山,3室,南北,未知,精装,131.0,2002.0,355.0
房山,2室,南北,无电梯,精装,96.0,2003.0,310.0
房山,2室,南北,有电梯,精装,88.0,2013.0,360.0
房山,2室,南,有电梯,精装,85.0,2011.0,300.0
房山,2室,南,有电梯,精装,85.0,2012.0,315.0
房山,2室,南北,未知,精装,90.0,2013.0,430.0
房山,4室,南北,未知,精装,149.0,2004.0,450.0
房山,3室,南北,未知,精装,116.0,2008.0,380.0
房山,2室,南北,未知,精装,81.0,2014.0,318.0
房山,2室,南北,未知,精装,90.0,2013.0,360.0
房山,2室,南北,未知,精装,87.0,2013.0,330.0
房山,2室,东西,未知,简装,92.0,2000.0,290.0
房山,3室,南北,未知,简装,118.0,2005.0,340.0
房山,2室,南北,有电梯,精装,87.0,2014.0,375.0
房山,2室,南北,未知,精装,87.0,2015.0,373.0
房山,2室,南北,有电梯,简装,92.0,2006.0,310.0
房山,3室,南北,有电梯,精装,151.0,2009.0,490.0
房山,2室,南北,未知,简装,98.0,2005.0,300.0
房山,2室,南北,未知,简装,82.0,2014.0,279.0
房山,5室,南北,无电梯,简装,164.0,2001.0,395.0
房山,2室,南,有电梯,精装,91.0,2011.0,355.0
房山,2室,南,未知,精装,91.0,2009.0,315.0
房山,2室,南北,未知,精装,87.0,2011.0,399.0
房山,2室,南北,未知,精装,83.0,2009.0,296.0
房山,5室,南北,有电梯,毛坯,211.0,2009.0,630.0
房山,4室,南北,有电梯,精装,153.0,2011.0,640.0
房山,2室,南北,未知,简装,83.0,2002.0,248.0
房山,3室,南北,未知,精装,88.0,2013.0,289.0
房山,2室,南,未知,精装,85.0,2014.0,318.0
房山,2室,南,有电梯,其他,90.0,2009.0,303.0
房山,4室,南北,有电梯,简装,89.0,2013.0,535.0
房山,2室,南北,有电梯,简装,79.0,2011.0,353.0
房山,3室,南北,有电梯,精装,146.0,2013.0,530.0
房山,2室,南,未知,毛坯,80.0,2015.0,300.0
房山,2室,南,有电梯,精装,82.0,2014.0,390.0
房山,2室,南北,有电梯,精装,104.0,2009.0,325.0
房山,3室,南北,有电梯,精装,132.0,2015.0,590.0
房山,1室,南,有电梯,精装,71.0,2011.0,261.0
房山,3室,南北,有电梯,简装,118.0,2007.0,368.0
房山,2室,南北,未知,精装,90.0,2010.0,308.0
房山,2室,南西,有电梯,简装,104.0,2004.0,300.0
房山,1室,西,有电梯,简装,66.0,2000.0,225.0
房山,1室,南北,无电梯,其他,52.0,1995.0,210.0
房山,3室,南北,未知,毛坯,133.0,2009.0,420.0
房山,2室,南北,无电梯,精装,90.0,2000.0,270.0
房山,3室,南北,未知,其他,88.0,2012.0,375.0
房山,4室,南北,未知,简装,155.0,2003.0,340.0
房山,4室,南北,无电梯,精装,156.0,2001.0,370.0
房山,4室,南北,有电梯,毛坯,210.0,2009.0,600.0
房山,2室,南北,有电梯,精装,85.0,2010.0,350.0
房山,3室,东南,未知,简装,112.0,2000.0,310.0
房山,1室,东北,未知,精装,75.0,2009.0,246.0
房山,2室,南北,未知,精装,79.0,2012.0,269.0
房山,2室,南北,未知,精装,110.0,2008.0,356.0
房山,2室,南北,无电梯,简装,53.0,1993.0,200.0
房山,4室,南北,未知,精装,79.0,2012.0,520.0
房山,2室,南北,未知,精装,88.0,2012.0,350.0
房山,3室,南北,有电梯,精装,157.0,2009.0,460.0
房山,2室,南北,未知,简装,67.0,1994.0,235.0
房山,2室,南北,有电梯,精装,87.0,2011.0,390.0
房山,3室,南北,有电梯,精装,91.0,2011.0,330.0
房山,3室,南北,未知,精装,121.0,2001.0,345.0
房山,2室,南北,有电梯,精装,89.0,2011.0,275.0
房山,3室,东南,有电梯,精装,102.0,2012.0,499.0
房山,2室,南北,未知,简装,95.0,2008.0,308.0
房山,3室,南北,有电梯,其他,96.0,2012.0,499.0
房山,3室,南北,未知,精装,123.0,2014.0,490.0
房山,3室,南北,未知,精装,91.0,2011.0,325.0
房山,2室,西南,有电梯,精装,87.0,2009.0,312.0
房山,2室,南北,有电梯,精装,75.0,2012.0,324.0
房山,2室,南北,有电梯,精装,88.0,2013.0,320.0
房山,3室,东南,无电梯,简装,86.0,2000.0,235.0
房山,2室,南,有电梯,简装,81.0,2012.0,305.0
房山,2室,南北,未知,其他,71.0,1997.0,228.0
房山,3室,南,未知,毛坯,123.0,2014.0,529.0
房山,2室,南北,有电梯,精装,118.0,2007.0,400.0
房山,3室,东南,有电梯,精装,99.0,2013.0,520.0
房山,3室,南北,未知,精装,103.0,2013.0,480.0
房山,3室,南北,有电梯,精装,144.0,2013.0,545.0
房山,3室,南,无电梯,毛坯,51.0,2005.0,230.0
房山,2室,南北,未知,其他,104.0,2003.0,390.0
房山,3室,东南,未知,精装,135.0,2003.0,300.0
房山,2室,南,未知,毛坯,69.0,2014.0,320.0
房山,4室,南北,有电梯,毛坯,86.0,2011.0,460.0
房山,2室,南北,有电梯,精装,104.0,2000.0,324.0
房山,3室,南北,无电梯,简装,112.0,2001.0,325.0
房山,2室,南北,无电梯,简装,71.0,1997.0,210.0
房山,2室,南北,无电梯,简装,84.0,2006.0,274.0
房山,3室,南北,有电梯,精装,92.0,2014.0,441.0
房山,2室,东,未知,精装,98.0,2009.0,335.0
房山,4室,南北,有电梯,精装,142.0,2014.0,710.0
房山,2室,南,有电梯,精装,80.0,2012.0,323.0
房山,2室,南北,有电梯,精装,103.0,2007.0,375.0
房山,4室,南北,未知,精装,136.0,2012.0,680.0
房山,2室,南北,无电梯,其他,78.0,2012.0,275.0
房山,2室,南北,未知,精装,87.0,2013.0,350.0
房山,2室,南北,有电梯,精装,90.0,2011.0,370.0
房山,2室,南北,无电梯,精装,82.0,2005.0,265.0
房山,3室,南北,未知,其他,118.0,2013.0,560.0
房山,3室,南北,无电梯,简装,110.0,2005.0,350.0
房山,3室,南北,有电梯,其他,110.0,2013.0,490.0
房山,3室,东南,有电梯,精装,140.0,2012.0,690.0
房山,2室,南北,未知,精装,88.0,2013.0,315.0
房山,2室,东北,无电梯,其他,50.0,1989.0,190.0
房山,4室,南北,无电梯,精装,171.0,2009.0,565.8
房山,5室,南北,有电梯,精装,184.0,2013.0,735.0
房山,3室,南北,无电梯,简装,89.0,2010.0,314.0
房山,2室,东西,未知,简装,81.0,2006.0,249.0
房山,3室,南北,无电梯,精装,131.0,2003.0,360.0
房山,3室,南北,无电梯,简装,120.0,2004.0,320.0
房山,2室,南北,无电梯,简装,101.0,2003.0,350.0
房山,4室,南北,无电梯,简装,146.0,2003.0,380.0
房山,2室,南北,无电梯,精装,104.0,2003.0,285.0
房山,2室,南,未知,简装,51.0,1975.0,180.0
房山,3室,南北,未知,精装,113.0,2002.0,365.0
房山,2室,东西,未知,简装,104.0,2003.0,285.0
房山,3室,南北,无电梯,其他,113.0,2005.0,360.0
房山,3室,南北,未知,简装,126.0,2012.0,379.0
房山,2室,东,未知,精装,95.0,2004.0,340.0
房山,3室,南北,未知,简装,90.0,2012.0,419.0
房山,3室,南北,无电梯,简装,99.0,1999.0,280.0
房山,3室,南北,有电梯,精装,101.0,2013.0,470.0
房山,2室,南,未知,简装,94.0,2001.0,260.0
房山,1室,东南,有电梯,精装,73.0,2009.0,272.0
房山,3室,南北,有电梯,简装,117.0,2007.0,380.0
房山,3室,南北,未知,简装,70.0,1994.0,256.0
房山,2室,南北,无电梯,简装,85.0,2002.0,230.0
房山,2室,南北,无电梯,其他,105.0,1999.0,280.0
房山,3室,南北,未知,精装,136.0,2004.0,365.0
房山,3室,南北,有电梯,精装,91.0,2011.0,354.0
房山,2室,南北,未知,其他,79.0,2001.0,235.0
房山,2室,南北,未知,简装,91.0,2003.0,299.0
房山,2室,东西,无电梯,其他,80.0,1998.0,248.0
房山,3室,南北,未知,精装,143.0,2005.0,450.0
房山,2室,东西,无电梯,精装,63.0,1989.0,235.0
房山,3室,南北,未知,简装,149.0,2003.0,380.0
房山,3室,南北,未知,精装,134.0,2003.0,330.0
房山,3室,西北,有电梯,简装,107.0,2000.0,310.0
房山,4室,南北,有电梯,精装,163.0,2006.0,495.0
房山,2室,南北,未知,精装,90.0,2001.0,300.0
房山,2室,南北,未知,精装,112.0,2009.0,410.0
房山,1室,南,有电梯,精装,66.0,2011.0,238.0
房山,2室,南北,未知,简装,96.0,2005.0,330.0
房山,3室,南北,无电梯,简装,125.0,2003.0,360.0
房山,1室,西北,有电梯,精装,59.0,2009.0,240.0
房山,5室,南北,有电梯,精装,186.0,2013.0,730.0
房山,3室,东南,有电梯,精装,120.0,2012.0,522.0
房山,3室,南北,有电梯,精装,156.0,2009.0,520.0
房山,2室,南北,无电梯,简装,82.0,1999.0,235.0
房山,4室,南北,无电梯,简装,199.0,2002.0,560.0
房山,2室,南,未知,其他,84.0,2014.0,350.0
房山,4室,南北,有电梯,精装,141.0,2014.0,720.0
房山,3室,南北,有电梯,精装,89.0,2014.0,355.0
房山,3室,南北,有电梯,简装,89.0,2014.0,360.0
房山,3室,南北,有电梯,简装,89.0,2014.0,355.0
房山,2室,南北,有电梯,其他,116.0,2009.0,430.0
房山,2室,南,未知,简装,83.0,2013.0,335.0
房山,3室,南北,有电梯,精装,93.0,2012.0,480.0
房山,2室,南北,未知,毛坯,90.0,2011.0,330.0
房山,2室,南北,有电梯,精装,76.0,2014.0,315.0
房山,2室,南,未知,精装,88.0,2014.0,390.0
房山,3室,南北,未知,精装,113.0,2002.0,365.0
房山,3室,南北,有电梯,精装,92.0,2012.0,426.0
房山,2室,南,未知,精装,86.0,2011.0,393.0
房山,2室,南北,未知,精装,79.0,2013.0,266.0
房山,2室,南,有电梯,精装,78.0,2011.0,335.0
房山,2室,南,有电梯,精装,78.0,2012.0,328.0
房山,3室,南北,有电梯,精装,111.0,2012.0,490.0
房山,2室,南北,有电梯,精装,87.0,2012.0,315.0
房山,2室,南北,有电梯,精装,87.0,2013.0,368.0
房山,2室,东西,未知,简装,90.0,1997.0,250.0
房山,3室,南北,未知,精装,97.0,2015.0,438.0
房山,2室,南北,有电梯,简装,104.0,2002.0,310.0
房山,3室,南北,未知,毛坯,127.0,2006.0,390.0
房山,2室,南北,未知,精装,108.0,2007.0,310.0
房山,3室,南北,无电梯,精装,125.0,2004.0,350.0
房山,2室,东南,有电梯,简装,136.0,2004.0,350.0
房山,3室,西北,有电梯,简装,117.0,2004.0,320.0
房山,4室,南北,有电梯,简装,137.0,2010.0,560.0
房山,3室,南北,未知,简装,134.0,2003.0,340.0
房山,3室,南北,未知,精装,143.0,2004.0,500.0
房山,2室,南北,未知,精装,89.0,2004.0,320.0
房山,2室,南北,未知,简装,89.0,2004.0,300.0
房山,3室,南北,无电梯,简装,95.0,2009.0,305.0
房山,3室,南北,无电梯,简装,96.0,1996.0,279.0
房山,2室,南北,未知,简装,84.0,1998.0,265.0
房山,2室,南北,有电梯,简装,104.0,2002.0,310.0
房山,2室,南北,无电梯,精装,89.0,2005.0,259.0
房山,4室,南北,有电梯,精装,163.0,2006.0,495.0
房山,2室,南北,无电梯,简装,93.0,2001.0,260.0
房山,2室,南北,未知,简装,64.0,1992.0,212.0
房山,2室,南北,无电梯,简装,111.0,2004.0,325.0
房山,3室,西南,有电梯,精装,124.0,2002.0,360.0
房山,2室,南北,无电梯,精装,90.0,2003.0,275.0
房山,3室,南北,无电梯,简装,120.0,2003.0,390.0
房山,3室,南北,无电梯,其他,103.0,1998.0,320.0
房山,3室,南北,未知,精装,147.0,2011.0,500.0
房山,2室,南北,未知,精装,111.0,2005.0,273.0
房山,2室,南北,未知,精装,94.0,2004.0,370.0
房山,2室,南北,未知,精装,88.0,2004.0,303.0
房山,3室,南,无电梯,精装,127.0,2005.0,348.0
房山,3室,南北,无电梯,简装,105.0,1995.0,305.0
房山,3室,南北,未知,精装,97.0,1995.0,308.0
房山,3室,南北,未知,精装,165.0,2014.0,830.0
房山,2室,南北,未知,精装,106.0,2007.0,339.0
房山,3室,南北,未知,精装,106.0,2003.0,330.0
房山,2室,南北,未知,精装,52.0,1987.0,190.0
房山,2室,南北,有电梯,精装,93.0,2011.0,320.0
房山,1室,南北,有电梯,精装,68.0,2007.0,255.0
房山,2室,南,未知,精装,78.0,2012.0,340.0
房山,3室,南北,有电梯,精装,116.0,2006.0,405.0
房山,3室,南北,有电梯,精装,122.0,2011.0,405.0
房山,2室,南北,未知,简装,69.0,1989.0,210.0
房山,3室,南北,无电梯,简装,80.0,1994.0,260.0
房山,2室,南北,有电梯,简装,90.0,2009.0,300.0
房山,2室,南,未知,精装,83.0,2014.0,355.0
房山,3室,南北,有电梯,精装,120.0,2012.0,520.0
房山,2室,南,有电梯,精装,78.0,2011.0,335.0
房山,3室,南北,未知,简装,119.0,2011.0,420.0
房山,2室,南北,未知,其他,55.0,1981.0,176.0
房山,1室,南北,未知,精装,63.0,2011.0,242.0
房山,2室,南北,有电梯,精装,87.0,2013.0,315.0
房山,5室,南北,未知,毛坯,135.0,2015.0,750.0
房山,1室,东北,有电梯,精装,58.0,2011.0,235.0
房山,2室,东西,未知,简装,91.0,2005.0,270.0
房山,3室,南北,未知,简装,109.0,2001.0,330.0
房山,3室,东南,有电梯,简装,119.0,2006.0,370.0
房山,3室,南北,有电梯,精装,120.0,2006.0,399.0
房山,3室,东南,有电梯,简装,106.0,2000.0,285.0
房山,2室,南北,未知,简装,94.0,2001.0,308.0
房山,2室,南北,未知,简装,118.0,2004.0,320.0
房山,2室,南北,未知,简装,118.0,2004.0,330.0
房山,3室,南北,有电梯,精装,178.0,2009.0,550.0
房山,3室,南北,无电梯,其他,102.0,1999.0,310.0
房山,2室,南北,无电梯,简装,101.0,2001.0,275.0
房山,2室,南北,无电梯,简装,93.0,2001.0,260.0
房山,2室,南北,未知,简装,64.0,1992.0,212.0
房山,2室,南北,无电梯,简装,111.0,2004.0,325.0
房山,3室,南北,有电梯,精装,134.0,2009.0,485.0
房山,2室,东,未知,简装,104.0,2004.0,320.0
房山,2室,南西,有电梯,简装,104.0,2004.0,300.0
房山,3室,西南,有电梯,精装,88.0,2010.0,289.0
房山,2室,南北,未知,其他,107.0,2006.0,280.0
房山,3室,南北,无电梯,其他,103.0,1998.0,320.0
房山,3室,南北,无电梯,精装,102.0,1999.0,340.0
房山,2室,南北,未知,精装,80.0,2012.0,320.0
房山,3室,南北,无电梯,简装,94.0,1999.0,290.0
房山,2室,南北,无电梯,精装,138.0,1998.0,380.0
房山,2室,南北,未知,简装,90.0,2003.0,272.0
房山,3室,东西,有电梯,精装,144.0,2010.0,395.0
房山,2室,南北,未知,精装,107.0,2005.0,360.0
房山,3室,南北,无电梯,精装,141.0,2004.0,398.0
房山,3室,南北,无电梯,精装,98.0,1999.0,290.0
房山,2室,西北,有电梯,精装,86.0,2009.0,294.0
房山,2室,南北,有电梯,精装,87.0,2011.0,390.0
房山,3室,南北,有电梯,精装,116.0,2012.0,448.0
房山,2室,南,未知,精装,84.0,2014.0,365.0
房山,2室,南北,未知,其他,61.0,1987.0,210.0
房山,2室,南,有电梯,精装,86.0,2011.0,306.0
房山,3室,南北,未知,简装,86.0,2012.0,385.0
房山,2室,南北,无电梯,简装,88.0,2004.0,307.0
房山,2室,南,有电梯,精装,90.0,2008.0,300.0
房山,2室,东南,有电梯,精装,81.0,2013.0,295.0
房山,3室,南北,有电梯,精装,88.0,2014.0,365.0
房山,2室,东西,未知,简装,92.0,2003.0,250.0
房山,2室,南北,未知,其他,122.0,2001.0,310.0
房山,3室,南北,未知,简装,109.0,2004.0,329.0
房山,3室,南北,未知,精装,137.0,2004.0,558.0
房山,3室,南北,未知,精装,158.0,2004.0,500.0
房山,3室,南北,未知,毛坯,139.0,2014.0,668.0
房山,2室,南北,有电梯,毛坯,87.0,2011.0,290.0
房山,3室,南北,未知,精装,88.0,2012.0,365.0
房山,3室,南北,有电梯,精装,116.0,2012.0,445.0
房山,3室,南北,有电梯,精装,129.0,2011.0,510.0
房山,3室,南北,未知,精装,118.0,2013.0,510.0
房山,2室,南北,有电梯,精装,87.0,2013.0,350.0
房山,4室,南北,未知,精装,137.0,2012.0,710.0
房山,2室,西南,有电梯,精装,91.0,2009.0,310.0
房山,2室,东南,未知,精装,80.0,2013.0,294.0
房山,3室,南北,无电梯,其他,126.0,2002.0,365.0
房山,4室,南北,无电梯,简装,202.0,2010.0,480.0
房山,1室,南,有电梯,毛坯,69.0,2013.0,310.0
房山,2室,南,有电梯,精装,90.0,2010.0,295.0
房山,2室,南北,有电梯,精装,67.0,2007.0,245.0
房山,3室,南北,有电梯,毛坯,130.0,2014.0,535.0
房山,3室,南北,无电梯,简装,123.0,2005.0,360.0
房山,2室,南北,有电梯,精装,89.0,2011.0,269.0
房山,2室,南北,未知,简装,117.0,2010.0,380.0
房山,3室,南北,未知,简装,144.0,2003.0,300.0
房山,5室,南北,未知,简装,130.0,2014.0,560.0
房山,2室,西南,有电梯,简装,105.0,2004.0,290.0
房山,3室,南北,无电梯,简装,120.0,2004.0,330.0
房山,2室,西南,有电梯,精装,100.0,2011.0,320.0
房山,3室,东西,有电梯,精装,144.0,2009.0,455.0
房山,3室,南北,无电梯,精装,148.0,2002.0,430.0
房山,3室,东南,有电梯,简装,127.0,2006.0,410.0
房山,2室,南北,未知,精装,88.0,2001.0,288.0
房山,2室,南北,有电梯,精装,88.0,2010.0,410.0
房山,3室,南北,无电梯,简装,116.0,2005.0,385.0
房山,2室,南北,无电梯,精装,80.0,2010.0,280.0
房山,2室,南北,无电梯,精装,83.0,2010.0,292.0
房山,3室,南北,未知,精装,116.0,2005.0,245.0
房山,3室,南北,有电梯,简装,117.0,2007.0,360.0
房山,2室,南北,无电梯,精装,96.0,2005.0,305.0
房山,2室,东北,有电梯,精装,86.0,2009.0,303.0
房山,2室,南北,未知,简装,104.0,2003.0,263.0
房山,1室,南北,无电梯,简装,76.0,2000.0,228.0
房山,2室,南北,有电梯,精装,86.0,2011.0,347.0
房山,3室,南北,有电梯,精装,100.0,2013.0,455.0
房山,3室,南北,有电梯,精装,60.0,2012.0,405.0
房山,3室,南北,无电梯,精装,125.0,2002.0,390.0
房山,2室,南北,有电梯,精装,75.0,2009.0,269.0
房山,2室,南北,无电梯,简装,85.0,1998.0,255.0
房山,3室,南北,无电梯,简装,118.0,2003.0,359.0
房山,2室,南北,未知,精装,82.0,2014.0,316.0
房山,2室,南北,无电梯,简装,66.0,1993.0,235.0
房山,2室,南北,有电梯,精装,88.0,2012.0,399.0
房山,其他,南北,未知,精装,242.96,2015.0,980.0
房山,3室,南北,有电梯,精装,135.0,2009.0,439.0
房山,3室,南北,未知,简装,98.0,2002.0,278.0
房山,3室,南北,无电梯,精装,100.0,2003.0,315.0
房山,2室,南北,未知,精装,95.0,2005.0,315.0
房山,3室,南北,无电梯,精装,140.0,2009.0,439.0
房山,3室,东西,无电梯,精装,121.0,2005.0,358.0
房山,3室,南北,无电梯,精装,99.0,1998.0,290.0
房山,3室,东南,有电梯,精装,147.0,2009.0,468.0
房山,2室,南北,未知,精装,104.0,2003.0,285.0
房山,3室,南北,有电梯,精装,158.0,2009.0,568.0
房山,3室,南北,未知,精装,143.0,2004.0,480.0
房山,3室,南北,未知,其他,141.0,2004.0,530.0
房山,3室,南北,无电梯,精装,119.0,2011.0,390.0
房山,2室,南北,无电梯,简装,87.0,2004.0,280.0
房山,2室,南北,未知,精装,83.0,2006.0,200.0
房山,2室,南北,未知,简装,90.0,2013.0,360.0
房山,2室,南,未知,精装,89.0,2012.0,395.0
房山,2室,南,未知,精装,85.0,2012.0,325.0
房山,2室,东北,有电梯,精装,87.0,2011.0,306.0
房山,2室,南北,未知,精装,89.0,2014.0,390.0
房山,3室,南北,有电梯,精装,115.0,2012.0,459.0
房山,4室,西南,未知,精装,223.0,2009.0,650.0
房山,3室,南北,未知,简装,112.0,2011.0,360.0
房山,2室,南北,未知,简装,63.0,1988.0,215.0
房山,2室,南,无电梯,其他,50.0,1979.0,190.0
房山,1室,东西,无电梯,简装,70.0,2006.0,210.0
房山,3室,南北,未知,精装,138.0,2003.0,279.0
房山,2室,南北,有电梯,精装,83.0,2009.0,295.0
房山,2室,南北,未知,精装,86.0,2001.0,300.0
房山,2室,南北,未知,简装,71.0,2002.0,210.0
房山,3室,南北,无电梯,精装,86.0,1995.0,270.0
房山,3室,南北,无电梯,精装,121.0,2001.0,355.0
房山,2室,南北,无电梯,简装,86.0,2007.0,299.0
房山,2室,南北,无电梯,其他,63.0,1993.0,215.0
房山,2室,南北,有电梯,简装,87.0,2013.0,355.0
房山,2室,南北,未知,其他,85.0,2013.0,360.0
房山,2室,南北,有电梯,简装,83.0,2009.0,299.0
房山,2室,南北,未知,简装,108.0,2008.0,345.0
房山,4室,南北,有电梯,精装,136.0,2012.0,700.0
房山,2室,南北,无电梯,简装,114.0,2004.0,315.0
房山,3室,南北,有电梯,精装,111.0,2012.0,516.0
房山,3室,西南,有电梯,精装,87.0,2010.0,279.0
房山,2室,东北,有电梯,精装,92.0,2011.0,305.0
房山,3室,西南,未知,精装,145.0,2009.0,435.0
房山,1室,南,有电梯,精装,58.0,2009.0,240.0
房山,2室,南北,无电梯,精装,63.0,1993.0,235.0
房山,2室,南北,未知,精装,88.0,2010.0,317.0
房山,2室,南北,有电梯,简装,75.0,2012.0,325.0
房山,2室,南北,无电梯,精装,96.0,2004.0,328.0
房山,2室,南北,有电梯,精装,87.0,2013.0,350.0
房山,3室,东西,有电梯,精装,143.0,2009.0,430.0
房山,2室,东,未知,简装,98.0,2009.0,299.0
房山,4室,南北,有电梯,精装,219.0,2009.0,660.0
房山,5室,南北,无电梯,精装,175.0,2001.0,400.0
房山,2室,南北,有电梯,精装,74.0,2010.0,320.0
房山,3室,西南,有电梯,简装,130.0,2004.0,378.0
房山,3室,南北,无电梯,简装,138.0,2003.0,405.0
房山,2室,南,未知,精装,91.0,2013.0,350.0
房山,2室,南北,无电梯,简装,123.0,2005.0,300.0
房山,2室,南北,有电梯,精装,104.0,2002.0,295.0
房山,3室,南北,无电梯,精装,109.0,2004.0,369.0
房山,3室,南北,无电梯,精装,129.0,2002.0,358.0
房山,3室,南北,未知,简装,79.0,1978.0,245.0
房山,2室,南北,无电梯,精装,85.0,1998.0,260.0
房山,3室,南北,有电梯,精装,88.0,2010.0,525.0
房山,3室,南北,未知,其他,158.0,1998.0,475.0
房山,2室,西南,有电梯,简装,88.0,2010.0,275.0
房山,2室,南北,未知,精装,106.0,2001.0,260.0
房山,2室,南,未知,精装,117.0,2005.0,439.0
房山,2室,东南,未知,精装,89.0,2010.0,399.0
房山,2室,南,未知,精装,89.0,2011.0,395.0
房山,2室,南北,有电梯,精装,117.0,2010.0,400.0
房山,4室,南北,无电梯,精装,173.0,2010.0,500.0
房山,2室,南,有电梯,精装,75.0,2010.0,252.0
房山,2室,南,未知,精装,85.0,2012.0,325.0
房山,3室,南北,有电梯,精装,89.0,2012.0,398.0
房山,1室,南北,未知,简装,68.0,2003.0,220.0
房山,3室,南北,有电梯,精装,172.0,2012.0,560.0
房山,3室,南,有电梯,精装,67.0,2011.0,439.0
房山,3室,南北,无电梯,精装,117.0,2004.0,400.0
房山,2室,南北,未知,其他,81.0,2014.0,275.0
房山,3室,南北,未知,精装,106.0,2004.0,439.0
房山,3室,南北,未知,简装,110.0,2005.0,350.0
房山,2室,西南,未知,精装,95.0,2007.0,310.0
房山,2室,南北,有电梯,精装,88.0,2010.0,535.0
房山,4室,南北,未知,其他,159.0,1998.0,1100.0
房山,5室,南北,未知,精装,221.0,2010.0,610.0
房山,3室,南北,未知,简装,96.0,2001.0,300.0
房山,3室,东南,未知,简装,112.0,2000.0,380.0
房山,2室,南北,无电梯,简装,76.0,2001.0,230.0
房山,2室,东北,有电梯,精装,87.0,2011.0,300.0
房山,2室,东北,有电梯,精装,93.0,2011.0,330.0
房山,3室,南北,未知,简装,104.0,2001.0,320.0
房山,3室,南北,无电梯,简装,143.0,2005.0,380.0
房山,2室,东西,未知,简装,82.0,2002.0,288.0
房山,2室,南北,未知,精装,65.0,1995.0,228.0
房山,2室,南北,有电梯,精装,88.0,2010.0,520.0
房山,3室,南北,有电梯,精装,90.0,2012.0,405.0
房山,2室,南北,未知,简装,85.0,2010.0,278.0
房山,2室,西北,有电梯,精装,92.0,2007.0,310.0
房山,3室,南北,未知,精装,110.0,2013.0,470.0
房山,2室,西南,有电梯,简装,93.0,2009.0,330.0
房山,2室,南,有电梯,精装,83.0,2013.0,355.0
房山,2室,南北,有电梯,精装,87.0,2013.0,370.0
房山,2室,南北,无电梯,简装,93.0,2005.0,255.0
房山,1室,南,有电梯,其他,58.0,2007.0,220.0
房山,2室,南北,未知,精装,65.0,1992.0,205.0
房山,2室,南北,有电梯,精装,75.0,2012.0,330.0
房山,4室,南北,未知,简装,188.0,2002.0,511.0
房山,2室,南北,无电梯,简装,134.0,2005.0,350.0
房山,3室,东南,未知,简装,132.0,1998.0,300.0
房山,2室,南北,无电梯,精装,107.0,2004.0,270.0
房山,4室,南北,未知,精装,138.0,1999.0,345.0
房山,2室,南北,无电梯,精装,87.0,2000.0,265.0
房山,4室,南北,无电梯,简装,150.0,2003.0,399.0
房山,4室,南北,无电梯,精装,161.0,2004.0,485.0
房山,4室,南北,有电梯,精装,173.0,2006.0,688.0
房山,2室,南北,有电梯,精装,81.0,2012.0,510.0
房山,3室,东南,未知,简装,149.0,2009.0,410.0
房山,6室,南北,未知,精装,169.0,2005.0,460.0
房山,5室,南北,未知,简装,163.0,1995.0,395.0
房山,2室,东北,有电梯,精装,88.0,2011.0,274.0
房山,2室,南北,有电梯,毛坯,92.0,2009.0,298.0
房山,3室,南北,未知,精装,124.0,2005.0,418.0
房山,2室,南,未知,精装,85.0,2011.0,295.0
房山,3室,南北,未知,精装,133.0,2008.0,408.0
房山,2室,南,有电梯,精装,87.0,2011.0,275.0
房山,4室,南北,无电梯,毛坯,170.0,2010.0,548.0
房山,3室,南北,未知,精装,106.0,2014.0,380.0
房山,2室,南北,有电梯,毛坯,88.0,2013.0,290.0
房山,2室,南北,有电梯,简装,90.0,2013.0,310.0
房山,2室,南北,有电梯,毛坯,89.0,2010.0,320.0
房山,2室,南北,有电梯,精装,90.0,2009.0,318.0
房山,2室,南,有电梯,精装,89.0,2010.0,320.0
房山,2室,南,有电梯,精装,85.0,2013.0,396.0
房山,2室,南北,有电梯,精装,86.0,2011.0,335.0
房山,5室,南北,无电梯,毛坯,206.0,2005.0,460.0
房山,3室,南北,无电梯,简装,150.0,2003.0,390.0
房山,3室,南北,有电梯,简装,118.0,2007.0,375.0
房山,2室,南西,有电梯,精装,89.0,2011.0,310.0
房山,3室,南北,无电梯,精装,129.0,2002.0,350.0
房山,4室,西南,有电梯,精装,140.0,2009.0,480.0
房山,2室,南北,未知,精装,84.0,2002.0,299.0
房山,2室,南北,无电梯,精装,89.0,1995.0,249.0
房山,2室,南北,无电梯,简装,100.0,1999.0,268.0
房山,2室,南北,未知,精装,89.0,2011.0,300.0
房山,2室,南,无电梯,简装,64.0,1999.0,230.0
房山,2室,南北,无电梯,简装,90.0,2001.0,292.0
房山,3室,南北,未知,简装,85.0,2002.0,320.0
房山,2室,南北,未知,精装,87.0,2005.0,299.0
房山,3室,南北,未知,简装,128.0,2007.0,418.0
房山,3室,南北,未知,简装,125.0,2003.0,378.0
房山,2室,南北,无电梯,简装,97.0,2005.0,310.0
房山,3室,南北,无电梯,简装,148.0,2002.0,440.0
房山,2室,南北,无电梯,精装,86.0,2007.0,170.0
房山,2室,南,有电梯,精装,88.0,2009.0,318.0
房山,2室,南,未知,精装,88.0,2010.0,269.0
房山,3室,南北,未知,简装,132.0,2009.0,450.0
房山,3室,南北,有电梯,精装,110.0,2000.0,330.0
房山,3室,南北,未知,简装,103.0,2004.0,350.0
房山,3室,南北,无电梯,简装,111.0,2000.0,312.0
房山,3室,南北,未知,精装,116.0,2010.0,525.0
房山,3室,南北,有电梯,精装,88.0,2012.0,390.0
房山,1室,南北,有电梯,简装,70.0,2013.0,249.0
房山,2室,南北,有电梯,简装,75.0,2012.0,325.0
房山,3室,南北,有电梯,精装,95.0,2012.0,499.0
房山,2室,南,有电梯,精装,91.0,2009.0,305.0
房山,2室,南北,未知,简装,65.0,1992.0,200.0
房山,2室,东西,有电梯,精装,82.0,2012.0,360.0
房山,2室,南北,无电梯,精装,76.0,2001.0,220.0
房山,2室,南北,无电梯,简装,84.0,1999.0,290.0
房山,2室,南北,未知,简装,94.0,2007.0,240.0
房山,3室,南北,未知,精装,133.0,2004.0,329.0
房山,2室,南北,未知,精装,111.0,2005.0,300.0
房山,3室,南北,未知,精装,108.0,2005.0,340.0
房山,2室,南北,无电梯,简装,89.0,1995.0,246.0
房山,2室,南北,未知,简装,113.0,1999.0,265.0
房山,3室,东北,有电梯,简装,107.0,2000.0,308.0
房山,3室,南北,有电梯,简装,144.0,2009.0,428.0
房山,2室,南北,未知,精装,109.0,2005.0,325.0
房山,2室,南北,未知,精装,123.0,2011.0,380.0
房山,5室,南北,无电梯,精装,182.0,2003.0,475.0
房山,2室,南,有电梯,精装,90.0,2011.0,280.0
房山,3室,南北,无电梯,精装,148.0,2002.0,430.0
房山,3室,南北,有电梯,简装,116.0,2006.0,395.0
房山,3室,东西,无电梯,简装,118.0,2000.0,320.0
房山,4室,南北,无电梯,简装,161.0,1999.0,390.0
房山,3室,南北,有电梯,精装,116.0,2011.0,426.0
房山,2室,南北,未知,简装,89.0,2003.0,300.0
房山,3室,南北,无电梯,简装,141.0,2002.0,365.0
房山,2室,南北,有电梯,精装,86.0,2011.0,335.0
房山,2室,南北,无电梯,简装,87.0,2003.0,306.0
房山,3室,南北,无电梯,其他,111.0,2005.0,345.0
房山,2室,东南,有电梯,精装,83.0,2006.0,269.0
房山,2室,南北,未知,简装,67.0,1994.0,240.0
房山,2室,南北,未知,简装,93.0,2005.0,320.0
房山,2室,南北,有电梯,精装,81.0,2008.0,310.0
房山,3室,南北,未知,精装,111.0,2005.0,368.0
房山,3室,南北,有电梯,精装,115.0,2009.0,400.0
房山,3室,南北,无电梯,其他,91.0,2000.0,298.0
房山,2室,南北,有电梯,精装,92.0,2009.0,313.0
房山,2室,南北,未知,简装,67.0,1992.0,215.0
房山,2室,南北,未知,简装,81.0,1999.0,270.0
房山,2室,南北,无电梯,精装,66.0,1995.0,206.0
房山,3室,南北,未知,精装,91.0,2012.0,419.0
房山,2室,南,未知,精装,89.0,2012.0,379.0
房山,3室,东南,未知,精装,95.0,2011.0,465.0
房山,2室,南,有电梯,精装,90.0,2010.0,320.0
房山,1室,东南,有电梯,精装,73.0,2009.0,275.0
房山,1室,西,有电梯,精装,66.0,1999.0,200.0
房山,1室,南北,未知,简装,39.0,1994.0,183.0
房山,5室,南北,无电梯,毛坯,255.0,2004.0,530.0
房山,3室,南北,有电梯,其他,118.0,2009.0,380.0
房山,3室,南北,无电梯,简装,166.0,2000.0,355.0
房山,3室,南北,无电梯,精装,170.0,2010.0,530.0
房山,4室,南北,未知,精装,254.0,2006.0,1000.0
房山,3室,南北,未知,毛坯,89.0,2012.0,360.0
房山,3室,南北,未知,其他,88.0,2012.0,370.0
房山,2室,南北,无电梯,简装,57.0,1989.0,210.0
房山,2室,南北,未知,简装,74.0,2010.0,285.0
房山,3室,南北,有电梯,精装,136.0,2010.0,450.0
房山,2室,南北,无电梯,精装,94.0,2004.0,295.0
房山,1室,西北,有电梯,精装,59.0,2009.0,235.0
房山,2室,西南,未知,简装,123.0,2005.0,338.0
房山,3室,南北,无电梯,简装,150.0,2005.0,370.0
房山,2室,南北,未知,精装,89.0,2011.0,275.0
房山,3室,南北,未知,精装,97.0,2015.0,420.0
房山,2室,南,有电梯,精装,90.0,2009.0,310.0
房山,2室,南北,未知,精装,87.0,2015.0,400.0
房山,2室,南,有电梯,精装,87.0,2011.0,319.0
房山,3室,东西,未知,简装,107.0,2001.0,325.0
房山,2室,南北,未知,简装,96.0,2003.0,240.0
房山,1室,南,未知,精装,58.0,2007.0,228.0
房山,3室,南北,有电梯,精装,93.0,2011.0,499.0
房山,3室,南北,有电梯,精装,135.0,2010.0,598.0
房山,2室,南北,未知,简装,71.0,1996.0,210.0
房山,3室,南北,有电梯,精装,115.0,2009.0,390.0
房山,2室,南北,无电梯,简装,87.0,2004.0,280.0
房山,2室,西南,有电梯,精装,86.0,2010.0,300.0
房山,3室,南北,未知,简装,120.0,2005.0,410.0
房山,2室,南北,有电梯,简装,110.0,2010.0,390.0
房山,2室,南,未知,精装,89.0,2010.0,320.0
房山,4室,南北,未知,毛坯,193.0,2009.0,650.0
房山,3室,南北,有电梯,简装,118.0,2007.0,410.0
房山,2室,南北,未知,精装,74.0,2001.0,270.0
房山,2室,西南,未知,精装,92.0,2009.0,324.0
房山,3室,西南,未知,简装,143.0,2005.0,320.0
房山,3室,东南,未知,简装,119.0,2006.0,260.0
房山,3室,南北,无电梯,简装,87.0,1994.0,305.0
房山,2室,南北,无电梯,简装,87.0,2003.0,306.0
房山,3室,南北,有电梯,精装,135.0,2009.0,480.0
房山,3室,东南,有电梯,简装,144.0,2009.0,410.0
房山,2室,东南,未知,精装,85.0,2004.0,270.0
房山,2室,南北,有电梯,精装,90.0,2010.0,320.0
房山,3室,南北,有电梯,简装,172.0,2012.0,535.0
房山,3室,南北,未知,精装,119.0,2012.0,600.0
房山,3室,南北,有电梯,精装,115.0,2012.0,460.0
房山,2室,西南,未知,精装,87.0,2009.0,339.0
房山,2室,南北,无电梯,毛坯,85.0,2011.0,310.0
房山,3室,南北,有电梯,毛坯,89.0,2012.0,390.0
房山,3室,南北,有电梯,精装,93.0,2010.0,470.0
房山,3室,南北,未知,简装,100.0,2013.0,445.0
房山,2室,南北,未知,毛坯,75.0,2012.0,320.0
房山,3室,南北,有电梯,精装,89.0,2012.0,400.0
房山,2室,南北,有电梯,精装,96.0,2012.0,370.0
房山,6室,南北,有电梯,精装,134.0,2012.0,750.0
房山,3室,南北,有电梯,简装,89.0,2012.0,390.0
房山,2室,南北,有电梯,毛坯,75.0,2014.0,320.0
房山,3室,南北,未知,简装,76.0,1995.0,230.0
房山,3室,南北,未知,其他,148.0,2002.0,450.0
房山,5室,南北,无电梯,简装,182.0,2003.0,455.0
房山,2室,南,未知,精装,83.0,2013.0,340.0
房山,2室,南北,未知,精装,80.0,2013.0,275.0
房山,2室,南北,无电梯,简装,58.0,1989.0,202.0
房山,3室,南北,有电梯,毛坯,135.0,2012.0,578.0
房山,2室,南北,未知,简装,79.0,1995.0,277.0
房山,4室,东西,未知,简装,163.0,2003.0,380.0
房山,2室,南,未知,精装,90.0,2009.0,312.0
房山,2室,南北,未知,精装,96.0,2011.0,350.0
房山,3室,南北,有电梯,毛坯,136.0,2010.0,464.0
房山,3室,南北,有电梯,精装,116.0,2011.0,395.0
房山,5室,南北,无电梯,简装,173.0,1999.0,399.0
房山,2室,南北,无电梯,简装,116.0,2002.0,330.0
房山,2室,南北,有电梯,毛坯,85.0,2010.0,320.0
房山,2室,东南,有电梯,精装,91.0,2008.0,315.0
房山,2室,南北,未知,其他,85.0,2003.0,290.0
房山,2室,南北,有电梯,精装,93.0,2006.0,298.0
房山,3室,南北,有电梯,精装,116.0,2006.0,380.0
房山,3室,南北,无电梯,简装,132.0,2002.0,380.0
房山,2室,西南,有电梯,精装,91.0,2009.0,315.0
房山,3室,南北,未知,简装,123.0,2007.0,400.0
房山,2室,南北,未知,精装,87.0,2011.0,392.0
房山,2室,南北,未知,简装,87.0,2002.0,280.0
房山,2室,南北,未知,精装,90.0,2002.0,230.0
房山,2室,南北,有电梯,精装,79.0,2009.0,290.0
房山,3室,南北,未知,精装,88.0,2012.0,375.0
房山,3室,南北,未知,简装,134.0,2005.0,399.0
房山,4室,南北,无电梯,其他,138.0,2002.0,360.0
房山,7室,南北,有电梯,精装,243.0,2011.0,735.0
房山,3室,南北,无电梯,简装,130.0,2004.0,370.0
房山,2室,南北,未知,简装,92.0,2006.0,330.0
房山,2室,东南,有电梯,简装,89.0,2011.0,275.0
房山,3室,东西,有电梯,精装,144.0,2009.0,430.0
房山,3室,南北,未知,精装,107.0,2015.0,450.0
房山,2室,南北,有电梯,毛坯,86.0,2011.0,330.0
房山,1室,南北,未知,精装,69.0,2001.0,275.0
房山,2室,南西,未知,精装,86.0,2009.0,330.0
房山,4室,南北,未知,精装,189.0,2000.0,450.0
房山,2室,南北,无电梯,简装,92.0,2001.0,260.0
房山,4室,东南,未知,精装,140.0,2009.0,470.0
房山,3室,西南,无电梯,简装,151.0,2005.0,359.0
房山,2室,南,未知,精装,76.0,2016.0,345.0
房山,2室,南北,未知,简装,101.0,2005.0,275.0
房山,5室,南北,无电梯,简装,186.0,2007.0,399.0
房山,2室,南,有电梯,简装,82.0,2006.0,280.0
房山,2室,南北,未知,精装,89.0,2005.0,298.0
房山,5室,南北,未知,毛坯,155.0,2014.0,635.0
房山,3室,西南,未知,精装,99.0,2014.0,490.0
房山,2室,南,未知,精装,89.0,2011.0,400.0
房山,3室,南北,有电梯,简装,117.0,2006.0,370.0
房山,2室,南北,未知,简装,92.0,2003.0,303.0
房山,2室,南北,有电梯,精装,93.0,2011.0,309.0
房山,2室,南北,未知,精装,93.0,2014.0,405.0
房山,2室,南北,有电梯,精装,88.0,2012.0,306.0
房山,3室,南北,未知,精装,88.0,2012.0,400.0
房山,2室,南北,有电梯,精装,68.0,2012.0,358.0
房山,2室,南北,有电梯,精装,83.0,2009.0,289.0
房山,2室,东北,未知,简装,92.0,2007.0,310.0
房山,2室,西南,有电梯,精装,90.0,2009.0,318.0
房山,2室,南,无电梯,精装,59.0,1993.0,200.0
房山,2室,南北,未知,简装,91.0,2007.0,315.0
房山,2室,南北,未知,精装,75.0,2009.0,279.0
房山,2室,南北,未知,精装,100.0,2009.0,315.0
房山,1室,西北,未知,精装,57.0,2009.0,236.0
房山,2室,西北,无电梯,精装,92.0,2009.0,288.0
房山,2室,西南,有电梯,精装,93.0,1999.0,252.0
房山,3室,南北,有电梯,精装,91.0,2009.0,345.0
房山,2室,南北,未知,精装,110.0,2005.0,299.0
房山,4室,南北,未知,简装,163.0,2006.0,480.0
房山,3室,南北,未知,精装,89.0,2012.0,398.0
房山,2室,南北,未知,精装,91.0,2010.0,318.0
房山,2室,南北,未知,精装,83.0,2009.0,298.0
房山,2室,东,未知,精装,87.0,2009.0,302.0
房山,2室,南北,未知,精装,87.0,2004.0,300.0
房山,2室,西北,未知,简装,70.0,2011.0,229.0
房山,3室,南北,未知,精装,96.0,2012.0,483.0
房山,2室,南北,未知,简装,108.0,2005.0,263.0
房山,3室,南北,未知,精装,92.0,2010.0,380.0
房山,2室,东南,有电梯,精装,87.0,2009.0,300.0
房山,3室,南北,未知,简装,119.0,2002.0,394.0
房山,2室,北,未知,简装,41.0,2005.0,208.0
房山,3室,南北,未知,精装,91.0,2010.0,365.0
房山,4室,西南,未知,精装,135.0,2009.0,465.0
房山,2室,南北,未知,精装,75.0,2009.0,285.0
房山,3室,南北,未知,精装,93.0,2011.0,480.0
房山,2室,西南,未知,精装,118.0,2007.0,350.0
房山,2室,南北,未知,精装,71.0,1997.0,240.0
房山,3室,南北,有电梯,精装,83.0,2010.0,400.0
房山,2室,南北,有电梯,精装,92.0,2009.0,310.0
房山,2室,南,有电梯,精装,85.0,2011.0,305.0
房山,1室,东西,未知,精装,65.0,1998.0,215.0
房山,1室,南北,未知,精装,67.0,2009.0,258.0
房山,2室,南北,未知,简装,90.0,2005.0,292.0
房山,2室,西北,无电梯,精装,50.0,1993.0,185.0
房山,2室,东南,未知,精装,91.0,2013.0,380.0
房山,2室,南北,未知,精装,90.0,2001.0,295.0
房山,2室,南北,未知,简装,97.0,2005.0,225.0
房山,2室,南,未知,精装,76.0,2016.0,345.0
顺义,其他,东南,未知,其他,186.0,2014.0,850.0
顺义,3室,南北,未知,精装,110.0,1995.0,530.0
顺义,其他,东,未知,毛坯,85.0,2012.0,350.0
顺义,其他,北,有电梯,毛坯,54.0,2015.0,165.0
顺义,其他,北,有电梯,精装,54.0,2015.0,230.0
顺义,其他,西,有电梯,简装,99.0,2013.0,420.0
顺义,其他,西南,有电梯,精装,131.0,2013.0,380.0
顺义,其他,东,未知,其他,58.0,2014.0,180.0
顺义,其他,南,有电梯,简装,42.0,2014.0,90.0
顺义,其他,东,未知,简装,51.0,2013.0,98.0
顺义,其他,东,有电梯,精装,40.0,2013.0,69.0
顺义,其他,南,未知,简装,60.0,2014.0,180.0
顺义,其他,北,未知,其他,32.0,2014.0,60.0
顺义,其他,北,未知,精装,59.0,2012.0,210.0
顺义,其他,南,有电梯,精装,59.0,2013.0,288.0
顺义,其他,北,未知,精装,65.0,2014.0,280.0
顺义,其他,北,未知,精装,65.0,2014.0,260.0
顺义,1室,南,无电梯,简装,34.0,1999.0,168.0
顺义,其他,北,未知,精装,67.0,2014.0,230.0
顺义,其他,北,未知,精装,57.0,2015.0,260.0
顺义,其他,北,有电梯,精装,54.0,2015.0,170.0
顺义,其他,北,有电梯,其他,54.0,2015.0,200.0
顺义,其他,北,有电梯,其他,54.0,2015.0,210.0
顺义,其他,南,有电梯,精装,121.0,2015.0,540.0
顺义,其他,东,未知,精装,60.0,2012.0,120.0
顺义,4室,南北,未知,精装,183.0,2014.0,1450.0
顺义,其他,南,有电梯,简装,54.0,2015.0,235.0
顺义,2室,南北,有电梯,其他,94.0,2011.0,350.0
顺义,2室,南北,未知,精装,92.0,2009.0,450.0
顺义,2室,东南,有电梯,简装,79.0,2008.0,385.0
顺义,其他,东,未知,简装,57.0,2014.0,150.0
顺义,其他,南,有电梯,简装,58.0,2013.0,105.0
顺义,其他,东,未知,其他,40.0,2013.0,80.0
顺义,其他,西,未知,简装,34.0,2013.0,160.0
顺义,3室,南北,无电梯,简装,127.0,1999.0,520.0
顺义,其他,东,未知,其他,54.0,2013.0,220.0
顺义,其他,西南,未知,其他,97.0,2013.0,350.0
顺义,其他,东,未知,精装,53.0,2012.0,220.0
顺义,其他,西,未知,精装,38.0,2014.0,95.0
顺义,其他,南,未知,精装,59.0,2013.0,260.0
顺义,其他,南,有电梯,其他,60.0,2013.0,120.0
顺义,其他,西北,未知,精装,100.0,2013.0,380.0
顺义,其他,北,有电梯,精装,57.0,2015.0,260.0
顺义,1室,南北,有电梯,简装,99.0,2013.0,710.0
顺义,其他,西,未知,其他,50.0,2013.0,210.0
顺义,其他,西南,未知,精装,93.0,2013.0,320.0
顺义,其他,东,有电梯,毛坯,37.0,2013.0,68.5
顺义,2室,南北,无电梯,其他,71.0,1994.0,300.0
顺义,其他,东南,未知,其他,68.0,2013.0,136.0
顺义,1室,西,未知,简装,24.0,2006.0,170.0
顺义,其他,西,未知,精装,46.0,2013.0,120.0
顺义,其他,东西,有电梯,精装,105.0,2012.0,225.0
顺义,其他,南,未知,精装,60.0,2012.0,140.0
顺义,3室,南北,未知,简装,111.0,2005.0,335.0
顺义,3室,南北,有电梯,其他,93.0,2008.0,468.0
顺义,1室,南北,无电梯,其他,58.0,1999.0,275.0
顺义,其他,东,未知,精装,60.0,2011.0,120.0
顺义,其他,东南,未知,简装,40.0,2014.0,75.0
顺义,其他,南北,有电梯,精装,42.0,2013.0,82.0
顺义,2室,东西,未知,其他,73.0,2009.0,357.0
顺义,其他,北,未知,其他,59.0,2013.0,240.0
顺义,其他,北,未知,精装,59.0,2013.0,210.0
顺义,其他,东南,未知,其他,71.0,2010.0,348.0
顺义,其他,南北,有电梯,精装,104.0,2012.0,230.0
顺义,其他,东,未知,精装,67.0,2012.0,135.0
顺义,3室,南北,无电梯,其他,132.0,2004.0,370.0
顺义,其他,南,未知,精装,58.0,2013.0,240.0
顺义,其他,北,无电梯,简装,56.0,2005.0,135.0
顺义,其他,南西,未知,其他,55.0,2010.0,160.0
顺义,其他,北,未知,精装,64.0,2013.0,230.0
顺义,4室,南北,未知,毛坯,205.0,2016.0,735.0
顺义,2室,南北,未知,精装,102.0,2012.0,270.0
顺义,3室,南北,未知,精装,130.0,2006.0,480.0
顺义,其他,北,未知,精装,59.0,2013.0,228.0
顺义,其他,西,有电梯,简装,63.0,2012.0,135.0
顺义,2室,南北,有电梯,精装,89.0,2010.0,270.0
顺义,4室,南北,无电梯,简装,124.0,2003.0,370.0
顺义,其他,东北,有电梯,精装,165.0,2013.0,581.0
顺义,4室,南北,未知,简装,203.0,1993.0,780.0
顺义,2室,南北,未知,精装,88.0,2012.0,340.0
顺义,3室,西南,未知,简装,167.0,2006.0,1200.0
顺义,4室,南北,未知,精装,153.0,1999.0,730.0
顺义,2室,南北,未知,精装,92.0,2009.0,420.0
顺义,3室,南北,未知,毛坯,183.0,2012.0,860.0
顺义,其他,西,未知,简装,38.0,2012.0,160.0
顺义,其他,东西,未知,精装,57.0,2014.0,160.0
顺义,其他,西南,未知,精装,38.0,2014.0,90.0
顺义,1室,南,未知,简装,48.0,2009.0,220.0
顺义,其他,南,未知,精装,63.0,2013.0,155.0
顺义,其他,南西,有电梯,其他,131.0,2013.0,345.0
顺义,其他,南,有电梯,简装,102.0,2013.0,260.0
顺义,其他,西,未知,精装,38.0,2014.0,88.0
顺义,其他,东南,未知,简装,76.0,2014.0,238.0
顺义,其他,东西,未知,精装,104.0,2012.0,225.0
顺义,2室,南北,未知,精装,101.0,2012.0,300.0
顺义,4室,南北,无电梯,简装,226.0,1997.0,860.0
顺义,其他,东,未知,简装,46.0,2011.0,125.0
顺义,其他,南,有电梯,精装,68.0,2013.0,136.0
顺义,其他,西,未知,简装,32.0,2011.0,66.0
顺义,其他,南,有电梯,简装,59.0,2012.0,128.0
顺义,其他,西,未知,精装,38.0,2014.0,110.0
顺义,其他,西,未知,精装,70.0,2013.0,230.0
顺义,其他,东,未知,简装,57.0,2014.0,140.0
顺义,2室,南北,无电梯,其他,56.0,1995.0,310.0
顺义,3室,东南,有电梯,简装,94.0,2002.0,395.0
顺义,2室,南北,有电梯,其他,97.0,2005.0,487.0
顺义,1室,东,有电梯,其他,60.0,2006.0,285.0
顺义,1室,东,未知,其他,81.0,2003.0,245.0
顺义,其他,北,有电梯,精装,57.0,2015.0,250.0
顺义,1室,南,无电梯,精装,34.0,1999.0,181.0
顺义,3室,南北,未知,毛坯,229.0,2014.0,900.0
顺义,5室,南北,未知,精装,219.0,2014.0,880.0
顺义,其他,东北,未知,其他,78.0,2014.0,280.0
顺义,3室,西南,未知,精装,155.0,1999.0,1250.0
顺义,2室,南北,未知,简装,109.0,1993.0,404.0
顺义,4室,南北,未知,其他,155.0,1997.0,1300.0
顺义,2室,南北,无电梯,其他,58.0,1992.0,235.0
顺义,其他,东北,未知,其他,40.0,2014.0,120.0
顺义,其他,南,未知,精装,60.0,2014.0,170.0
顺义,其他,东北,未知,其他,38.0,2014.0,96.0
顺义,4室,南北,未知,简装,187.0,2005.0,685.0
顺义,2室,南北,未知,其他,97.0,2007.0,430.0
顺义,其他,南,有电梯,毛坯,58.0,2013.0,115.0
顺义,3室,南北,有电梯,精装,180.0,2004.0,720.0
顺义,4室,南,未知,精装,169.0,2004.0,650.0
顺义,3室,南北,有电梯,精装,168.0,2013.0,1300.0
顺义,4室,南北,未知,精装,231.0,2011.0,1649.0
顺义,4室,南北,未知,精装,209.0,2009.0,1230.0
顺义,3室,南北,无电梯,精装,168.0,2005.0,900.0
顺义,3室,南北,无电梯,精装,178.0,2004.0,1050.0
顺义,4室,南北,有电梯,精装,184.0,2012.0,880.0
顺义,3室,南北,有电梯,精装,162.0,2014.0,700.0
顺义,4室,南北,有电梯,精装,149.0,2012.0,730.0
顺义,1室,东西,未知,精装,58.0,2010.0,255.0
顺义,1室,南,有电梯,精装,53.0,2016.0,290.0
顺义,2室,东西,有电梯,简装,97.0,2004.0,408.0
顺义,3室,南北,有电梯,精装,151.0,2004.0,580.0
顺义,2室,南北,未知,精装,101.0,2010.0,330.0
顺义,其他,东,未知,其他,57.0,2014.0,140.0
顺义,3室,南北,有电梯,精装,124.0,2014.0,490.0
顺义,6室,南,有电梯,其他,172.0,2011.0,900.0
顺义,2室,南北,有电梯,简装,83.0,2016.0,440.0
顺义,2室,南北,未知,简装,87.0,2009.0,390.0
顺义,1室,南北,无电梯,简装,96.0,1999.0,380.0
顺义,其他,东,有电梯,精装,40.0,2013.0,80.0
顺义,其他,南,未知,其他,59.0,2012.0,320.0
顺义,其他,东西,有电梯,简装,105.0,2012.0,245.0
顺义,3室,南北,无电梯,精装,134.0,2005.0,350.0
顺义,3室,南北,未知,精装,222.0,2001.0,1000.0
顺义,3室,南,有电梯,精装,98.0,2013.0,570.0
顺义,3室,南北,有电梯,精装,143.0,2012.0,700.0
顺义,1室,南北,无电梯,精装,57.0,1991.0,260.0
顺义,2室,南北,无电梯,简装,75.0,1999.0,325.0
顺义,2室,西南,未知,其他,75.0,2007.0,410.0
顺义,3室,南北,未知,精装,109.0,2007.0,310.0
顺义,1室,南北,未知,精装,86.0,2003.0,258.0
顺义,其他,西,有电梯,精装,40.0,2013.0,74.0
顺义,2室,东西,有电梯,简装,73.0,2009.0,360.0
顺义,2室,南北,未知,简装,81.0,2003.0,280.0
顺义,2室,西,有电梯,其他,68.0,2002.0,260.0
顺义,2室,南北,未知,简装,86.0,2004.0,280.0
顺义,2室,南北,有电梯,精装,110.0,2013.0,850.0
顺义,2室,西,未知,精装,128.0,2003.0,739.0
顺义,3室,南北,未知,简装,136.0,2006.0,490.0
顺义,2室,南北,未知,精装,91.0,2014.0,528.0
顺义,3室,南北,有电梯,简装,223.0,2014.0,835.0
顺义,3室,南北,未知,精装,92.0,2009.0,580.0
顺义,3室,南北,未知,精装,111.0,2008.0,535.0
顺义,3室,南北,无电梯,简装,88.0,2000.0,290.0
顺义,3室,南北,未知,毛坯,169.0,2012.0,900.0
顺义,其他,西南,未知,毛坯,63.0,2013.0,180.0
顺义,其他,东北,未知,精装,100.0,2013.0,315.0
顺义,其他,北,未知,简装,58.0,2013.0,240.0
顺义,4室,南北,无电梯,其他,152.0,1995.0,611.0
顺义,其他,西,未知,精装,69.0,2013.0,200.0
顺义,3室,南北,未知,精装,199.0,2013.0,1000.0
顺义,2室,南北,无电梯,简装,90.0,2007.0,300.0
顺义,2室,西北,未知,其他,143.0,2003.0,950.0
顺义,3室,南北,无电梯,其他,125.0,2005.0,380.0
顺义,2室,南北,未知,精装,89.0,2011.0,320.0
顺义,2室,南,有电梯,精装,111.0,2014.0,750.0
顺义,2室,东北,有电梯,精装,83.0,2013.0,550.0
顺义,3室,东西,无电梯,简装,107.0,1993.0,320.0
顺义,3室,南北,有电梯,毛坯,139.0,2009.0,420.0
顺义,3室,南北,无电梯,精装,79.0,1994.0,295.0
顺义,2室,东西,未知,简装,71.0,2010.0,300.0
顺义,4室,南北,有电梯,精装,140.0,2014.0,599.0
顺义,2室,南北,有电梯,精装,105.0,2010.0,390.0
顺义,2室,东西,未知,精装,72.0,1999.0,480.0
顺义,5室,南北,无电梯,精装,139.0,1995.0,625.0
顺义,2室,南,未知,精装,91.0,2009.0,415.0
顺义,1室,南,有电梯,精装,70.0,2016.0,395.0
顺义,3室,南北,未知,其他,158.0,2006.0,1280.0
顺义,2室,南,未知,精装,77.0,2014.0,355.0
顺义,2室,南,未知,精装,89.0,2013.0,328.0
顺义,2室,南北,未知,简装,93.0,2009.0,375.0
顺义,2室,南北,无电梯,其他,79.0,1993.0,240.0
顺义,其他,西北,有电梯,精装,92.0,2013.0,268.0
顺义,3室,南北,无电梯,简装,121.0,2002.0,360.0
顺义,4室,南北,未知,简装,173.0,2001.0,600.0
顺义,其他,北,未知,精装,59.0,2013.0,260.0
顺义,其他,西北,有电梯,精装,91.0,2013.0,235.0
顺义,1室,南,未知,精装,48.0,1999.0,205.0
顺义,其他,东南,未知,精装,76.0,2014.0,200.0
顺义,2室,南北,有电梯,其他,113.0,2013.0,800.0
顺义,3室,南北,无电梯,其他,124.0,2005.0,580.0
顺义,2室,南北,有电梯,精装,83.0,2016.0,425.0
顺义,2室,南北,未知,简装,97.0,2004.0,415.0
顺义,3室,南北,有电梯,简装,133.0,2010.0,465.0
顺义,2室,东北,未知,精装,72.0,1996.0,260.0
顺义,3室,南北,未知,精装,121.0,2015.0,880.0
顺义,3室,南北,未知,简装,102.0,2012.0,400.0
顺义,3室,南北,无电梯,精装,122.0,1992.0,429.0
顺义,3室,南北,有电梯,精装,116.0,2012.0,450.0
顺义,3室,南北,未知,其他,90.0,1996.0,350.0
顺义,2室,南北,未知,精装,71.0,1987.0,360.0
顺义,2室,南北,未知,毛坯,93.0,2011.0,385.0
顺义,2室,南北,无电梯,精装,88.0,2000.0,285.0
顺义,3室,南北,有电梯,精装,155.0,2008.0,560.0
顺义,2室,南北,未知,精装,91.0,2009.0,410.0
顺义,1室,南,有电梯,精装,31.0,2012.0,190.0
顺义,1室,东,有电梯,简装,36.0,2006.0,195.0
顺义,2室,南北,未知,其他,85.0,2011.0,258.0
顺义,2室,南北,未知,简装,72.0,1987.0,365.0
顺义,2室,南北,未知,简装,85.0,2012.0,290.0
顺义,3室,南北,未知,精装,120.0,2015.0,837.0
顺义,2室,南北,无电梯,其他,94.0,2007.0,260.0
顺义,2室,南北,无电梯,精装,88.0,2010.0,300.0
顺义,2室,南,有电梯,精装,111.0,2006.0,475.0
顺义,1室,南北,未知,精装,61.0,1988.0,300.0
顺义,3室,南北,有电梯,精装,119.0,2016.0,600.0
顺义,3室,南北,未知,精装,128.0,2008.0,438.0
顺义,2室,南北,无电梯,其他,70.0,1994.0,265.0
顺义,2室,南北,无电梯,简装,85.0,2007.0,295.0
顺义,3室,南北,未知,精装,94.0,2014.0,450.0
顺义,3室,南北,未知,精装,146.0,1997.0,795.0
顺义,2室,南,有电梯,其他,85.0,2016.0,500.0
顺义,2室,南北,未知,精装,90.0,2016.0,490.0
顺义,2室,东北,未知,其他,78.0,1997.0,500.0
顺义,3室,南北,无电梯,简装,152.0,2002.0,620.0
顺义,4室,南北,有电梯,精装,91.0,2016.0,660.0
顺义,3室,南北,无电梯,简装,91.0,2011.0,338.0
顺义,3室,南北,未知,精装,138.0,2002.0,380.0
顺义,2室,南北,无电梯,精装,99.0,2005.0,368.0
顺义,2室,南北,无电梯,简装,82.0,2003.0,280.0
顺义,3室,南北,有电梯,精装,117.0,2014.0,565.0
顺义,3室,南北,无电梯,精装,113.0,2005.0,400.0
顺义,4室,南北,未知,精装,192.0,2000.0,1550.0
顺义,4室,东南,未知,精装,192.0,2000.0,1600.0
顺义,其他,南北,未知,精装,181.0,2005.0,815.0
顺义,4室,南北,有电梯,精装,152.0,2011.0,850.0
顺义,2室,南北,未知,简装,88.0,2000.0,285.0
顺义,3室,南北,未知,简装,128.0,2002.0,380.0
顺义,3室,南北,无电梯,简装,81.0,1987.0,398.0
顺义,4室,南北,未知,精装,251.0,2005.0,1650.0
顺义,3室,南北,未知,精装,115.0,2012.0,550.0
顺义,2室,南北,无电梯,简装,73.0,1994.0,288.0
顺义,2室,南北,无电梯,精装,81.0,1995.0,400.0
顺义,3室,南北,无电梯,精装,152.0,2002.0,370.0
顺义,3室,南北,未知,其他,94.0,1999.0,420.0
顺义,3室,南北,有电梯,精装,137.0,2009.0,420.0
顺义,4室,南北,未知,精装,120.0,2015.0,1300.0
顺义,4室,南北,无电梯,精装,152.0,1995.0,630.0
顺义,2室,南北,无电梯,其他,88.0,1998.0,280.0
顺义,3室,南北,未知,简装,167.0,2006.0,590.0
顺义,2室,南北,无电梯,精装,86.0,1994.0,350.0
顺义,1室,南北,无电梯,简装,68.0,1998.0,255.0
顺义,1室,东西,未知,简装,56.0,2010.0,300.0
顺义,2室,南北,无电梯,简装,76.0,1991.0,290.0
顺义,3室,南北,有电梯,简装,181.0,2002.0,560.0
顺义,2室,南北,有电梯,精装,84.0,2016.0,460.0
顺义,2室,南北,未知,毛坯,87.0,2013.0,225.0
顺义,2室,南北,未知,精装,101.0,2004.0,495.0
顺义,2室,南北,有电梯,简装,78.0,2011.0,270.0
顺义,3室,南北,未知,精装,121.0,2015.0,851.0
顺义,3室,南北,未知,简装,110.0,2005.0,300.0
顺义,3室,南北,无电梯,其他,164.0,2005.0,800.0
顺义,1室,南北,未知,精装,86.0,2003.0,260.0
顺义,4室,南北,无电梯,简装,135.0,2000.0,330.0
顺义,3室,南北,有电梯,其他,185.0,2004.0,780.0
顺义,4室,南北,无电梯,精装,207.0,1999.0,1200.0
顺义,2室,东南,未知,精装,176.0,2013.0,1070.0
顺义,3室,南北,未知,简装,98.0,1996.0,420.0
顺义,1室,南,有电梯,其他,47.0,2009.0,195.0
顺义,1室,东,未知,其他,59.0,2013.0,450.0
顺义,1室,南北,有电梯,其他,178.0,2014.0,1100.0
顺义,3室,南北,有电梯,其他,101.0,2013.0,400.0
顺义,2室,南北,未知,精装,89.0,2015.0,235.0
顺义,5室,南北,未知,精装,186.0,2005.0,950.0
顺义,4室,南,未知,精装,249.0,2011.0,1649.0
顺义,3室,南北,有电梯,简装,198.0,2003.0,630.0
顺义,4室,南北,无电梯,精装,251.0,2004.0,1380.0
顺义,3室,南北,无电梯,其他,152.0,2002.0,480.0
顺义,4室,南北,未知,毛坯,192.0,2009.0,700.0
顺义,1室,南北,无电梯,简装,78.0,1995.0,259.0
顺义,1室,西,未知,精装,35.0,2006.0,220.0
顺义,1室,南北,未知,简装,60.0,2006.0,270.0
顺义,2室,南北,无电梯,精装,86.0,1987.0,415.0
顺义,3室,南北,未知,简装,110.0,1998.0,430.0
顺义,3室,南北,未知,毛坯,108.0,2015.0,290.0
顺义,4室,南北,无电梯,精装,218.0,1999.0,1250.0
顺义,2室,南,有电梯,其他,90.0,2016.0,470.0
顺义,3室,南北,未知,精装,101.0,2009.0,255.0
顺义,2室,西南,有电梯,精装,176.0,2014.0,1200.0
顺义,2室,南北,有电梯,精装,90.0,2010.0,350.0
顺义,4室,南北,有电梯,其他,179.0,2007.0,850.0
顺义,4室,东南,无电梯,精装,199.0,2004.0,560.0
顺义,2室,南北,无电梯,简装,84.0,1993.0,330.0
顺义,4室,南北,无电梯,简装,201.0,2001.0,560.0
顺义,4室,南北,未知,精装,169.0,2011.0,980.0
顺义,4室,南北,未知,精装,227.0,2006.0,1260.0
顺义,3室,南北,无电梯,精装,156.0,2002.0,454.0
顺义,2室,东南,未知,精装,72.0,1997.0,460.0
顺义,2室,东西,有电梯,其他,97.0,2004.0,440.0
顺义,1室,南,未知,其他,66.0,2011.0,250.0
顺义,1室,东,有电梯,简装,31.0,2006.0,188.0
顺义,2室,南北,未知,简装,58.0,1994.0,222.0
顺义,1室,西北,有电梯,精装,59.0,2007.0,268.0
顺义,2室,南北,无电梯,其他,81.0,1998.0,320.0
顺义,1室,南北,无电梯,其他,57.0,1987.0,230.0
顺义,1室,西北,有电梯,其他,44.0,2005.0,192.0
顺义,1室,西,有电梯,简装,35.0,2006.0,200.0
顺义,2室,南北,未知,精装,89.0,2011.0,315.0
顺义,1室,南北,未知,其他,56.0,1993.0,273.0
顺义,1室,南,未知,其他,47.0,2009.0,218.0
顺义,1室,南,未知,其他,66.0,2004.0,235.0
顺义,2室,南,未知,精装,90.0,2013.0,325.0
顺义,3室,南北,有电梯,毛坯,163.0,2015.0,680.0
顺义,3室,南北,无电梯,精装,158.0,2005.0,1180.0
顺义,2室,南北,未知,精装,56.0,1991.0,249.0
顺义,3室,南北,未知,毛坯,220.0,2014.0,800.0
顺义,2室,南北,未知,简装,91.0,2009.0,410.0
顺义,2室,南北,有电梯,精装,107.0,2015.0,400.0
顺义,3室,南北,有电梯,精装,119.0,2016.0,580.0
顺义,2室,南北,未知,简装,101.0,2012.0,280.0
顺义,2室,南北,无电梯,其他,76.0,1992.0,320.0
顺义,1室,南北,无电梯,简装,77.0,2000.0,265.0
顺义,2室,南,有电梯,简装,71.0,2008.0,370.0
顺义,3室,南北,有电梯,毛坯,167.0,2012.0,910.0
顺义,2室,南北,未知,精装,96.0,2014.0,530.0
顺义,3室,南北,无电梯,其他,105.0,1998.0,400.0
顺义,2室,南北,未知,精装,58.0,2012.0,213.0
顺义,2室,南北,未知,精装,89.0,2011.0,340.0
顺义,3室,南北,未知,精装,85.0,1997.0,368.0
顺义,2室,南北,未知,简装,78.0,2013.0,270.0
顺义,1室,东北,有电梯,简装,63.0,2010.0,280.0
顺义,1室,南,有电梯,其他,87.0,2003.0,295.0
顺义,1室,南,有电梯,精装,75.0,2009.0,310.0
顺义,3室,南北,未知,精装,154.0,2016.0,950.0
顺义,2室,南北,未知,其他,87.0,2009.0,285.0
顺义,1室,南,无电梯,精装,66.0,2004.0,240.0
顺义,3室,南北,有电梯,其他,190.0,2004.0,780.0
顺义,4室,南北,有电梯,其他,173.0,2007.0,720.0
顺义,3室,南北,有电梯,精装,120.0,2009.0,550.0
顺义,4室,南北,未知,简装,161.0,2007.0,530.0
顺义,3室,东南,未知,精装,138.0,2011.0,500.0
顺义,其他,西南,有电梯,精装,70.0,2010.0,356.0
顺义,4室,南北,有电梯,精装,203.0,2013.0,1350.0
顺义,3室,南北,无电梯,精装,141.0,2007.0,380.0
顺义,3室,南北,有电梯,精装,121.0,2006.0,550.0
顺义,3室,南北,未知,精装,133.0,2005.0,510.0
顺义,3室,南北,有电梯,其他,161.0,2003.0,598.0
顺义,2室,西北,未知,精装,72.0,1999.0,570.0
顺义,2室,南北,无电梯,简装,82.0,2007.0,300.0
顺义,4室,南北,未知,精装,174.0,2004.0,1200.0
顺义,2室,南北,无电梯,精装,105.0,2004.0,370.0
顺义,3室,南北,未知,精装,89.0,2005.0,350.0
顺义,4室,南北,有电梯,简装,100.0,2006.0,430.0
顺义,3室,南北,未知,精装,123.0,2006.0,550.0
顺义,3室,南北,未知,简装,134.0,2006.0,560.0
顺义,3室,南北,无电梯,其他,91.0,2011.0,299.0
顺义,1室,南,无电梯,简装,66.0,2004.0,245.0
顺义,4室,南北,未知,精装,126.0,2006.0,500.0
顺义,2室,南北,无电梯,其他,102.0,1999.0,359.0
顺义,3室,南,无电梯,其他,127.0,2004.0,410.0
顺义,3室,南北,无电梯,简装,146.0,2000.0,465.0
顺义,2室,南北,未知,精装,99.0,2009.0,268.0
顺义,2室,西北,未知,简装,88.0,2010.0,500.0
顺义,2室,南北,未知,其他,94.0,2009.0,370.0
顺义,2室,南北,无电梯,精装,80.0,1996.0,350.0
顺义,3室,东南,未知,其他,210.0,2003.0,1180.0
顺义,3室,南北,无电梯,精装,112.0,2006.0,365.0
顺义,2室,南北,有电梯,简装,113.0,2013.0,790.0
顺义,2室,东北,有电梯,其他,83.0,2013.0,550.0
顺义,4室,东南,有电梯,精装,192.0,2010.0,715.0
顺义,3室,南北,未知,精装,94.0,2014.0,460.0
顺义,3室,南北,有电梯,精装,120.0,2009.0,550.0
顺义,3室,南北,有电梯,精装,161.0,2003.0,558.0
顺义,3室,南北,无电梯,简装,135.0,2004.0,375.0
顺义,3室,南北,有电梯,精装,132.0,2008.0,515.0
顺义,3室,南北,有电梯,其他,133.0,2008.0,495.0
顺义,2室,南北,未知,其他,73.0,2007.0,365.0
顺义,2室,南北,无电梯,简装,96.0,2000.0,315.0
顺义,3室,南北,无电梯,简装,118.0,2000.0,430.0
顺义,2室,南北,未知,其他,88.0,2012.0,278.0
顺义,3室,南北,有电梯,精装,113.0,2013.0,820.0
顺义,3室,南北,未知,简装,139.0,2013.0,310.0
顺义,2室,南北,未知,精装,107.0,2009.0,320.0
顺义,2室,南,未知,精装,89.0,2013.0,339.0
顺义,3室,南北,无电梯,简装,103.0,1995.0,400.0
顺义,3室,南北,未知,其他,130.0,2006.0,500.0
顺义,3室,东南,未知,其他,208.0,2003.0,1300.0
顺义,2室,西北,有电梯,精装,88.0,2010.0,500.0
顺义,2室,南北,有电梯,精装,113.0,2013.0,793.0
顺义,3室,东南,未知,毛坯,114.0,2010.0,688.0
顺义,3室,南北,未知,精装,121.0,2012.0,500.0
顺义,3室,南北,无电梯,其他,83.0,1995.0,323.0
顺义,2室,南北,未知,简装,76.0,1992.0,280.0
顺义,3室,南北,未知,简装,129.0,2013.0,330.0
顺义,2室,南北,未知,毛坯,88.0,2015.0,225.0
顺义,6室,南,未知,精装,258.0,1998.0,1680.0
顺义,2室,南北,未知,精装,107.0,2009.0,275.0
顺义,2室,南北,未知,精装,91.0,2013.0,340.0
顺义,3室,南北,有电梯,精装,121.0,2006.0,550.0
顺义,2室,南北,未知,其他,88.0,2006.0,330.0
顺义,2室,南北,未知,简装,91.0,1998.0,319.0
顺义,2室,南北,有电梯,精装,88.0,2011.0,335.0
顺义,2室,南北,无电梯,精装,75.0,1996.0,320.0
顺义,3室,南北,未知,精装,119.0,2004.0,370.0
顺义,2室,西南,有电梯,精装,113.0,2004.0,390.0
顺义,2室,南北,未知,简装,84.0,1999.0,280.0
顺义,3室,南北,有电梯,精装,121.0,2012.0,505.0
顺义,2室,南北,有电梯,其他,112.0,2006.0,500.0
顺义,2室,东北,未知,简装,128.0,2003.0,700.0
顺义,3室,南北,有电梯,精装,159.0,2003.0,588.0
顺义,3室,南北,未知,简装,84.0,1997.0,320.0
顺义,3室,西南,未知,精装,94.0,2011.0,340.0
顺义,3室,东南,未知,精装,146.0,1997.0,760.0
顺义,2室,南北,无电梯,精装,101.0,2002.0,366.0
顺义,3室,南北,未知,简装,112.0,2004.0,416.0
顺义,3室,南北,未知,精装,97.0,2004.0,450.0
顺义,2室,南北,未知,简装,82.0,2005.0,287.0
顺义,3室,南北,未知,精装,94.0,2013.0,430.0
顺义,1室,南北,无电梯,简装,59.0,1993.0,229.0
顺义,3室,南北,未知,其他,157.0,2009.0,608.0
顺义,2室,南北,有电梯,其他,97.0,2004.0,400.0
顺义,3室,南北,未知,其他,106.0,2001.0,300.0
顺义,其他,西北,有电梯,精装,91.0,2013.0,210.0
顺义,2室,南北,未知,毛坯,78.0,2005.0,290.0
顺义,2室,南,未知,精装,82.0,2009.0,380.0
顺义,2室,南北,有电梯,精装,80.0,2009.0,385.0
顺义,4室,南北,有电梯,精装,215.0,2011.0,1300.0
顺义,2室,东南,有电梯,精装,96.0,2011.0,390.0
顺义,3室,南北,有电梯,精装,137.0,2012.0,660.0
顺义,3室,南北,有电梯,精装,144.0,2004.0,530.0
顺义,3室,南北,有电梯,其他,153.0,2004.0,600.0
顺义,2室,南北,未知,精装,102.0,2012.0,280.0
顺义,2室,南北,未知,精装,143.0,2003.0,430.0
顺义,2室,南北,有电梯,其他,88.0,2007.0,460.0
顺义,1室,南北,无电梯,简装,56.0,1991.0,225.0
顺义,3室,南北,无电梯,精装,148.0,2003.0,368.0
顺义,2室,南北,有电梯,其他,111.0,2005.0,365.0
顺义,3室,南北,有电梯,精装,140.0,2014.0,540.0
顺义,3室,南北,有电梯,其他,143.0,2008.0,550.0
顺义,2室,南北,有电梯,简装,113.0,2006.0,550.0
顺义,3室,南北,无电梯,精装,122.0,2005.0,310.0
顺义,2室,南北,未知,精装,91.0,2009.0,410.0
顺义,3室,南北,未知,精装,115.0,2013.0,510.0
顺义,3室,南北,无电梯,简装,133.0,1999.0,399.0
顺义,3室,西北,有电梯,精装,114.0,2013.0,790.0
顺义,3室,南北,有电梯,其他,136.0,2013.0,950.0
顺义,2室,南北,无电梯,其他,90.0,1996.0,323.0
顺义,3室,南北,未知,简装,94.0,2004.0,620.0
顺义,2室,南北,未知,精装,91.0,2009.0,430.0
顺义,3室,南北,未知,精装,138.0,2006.0,580.0
顺义,2室,南北,无电梯,精装,75.0,1996.0,320.0
顺义,3室,南北,未知,精装,119.0,2004.0,370.0
顺义,2室,西南,有电梯,精装,113.0,2004.0,390.0
顺义,2室,南北,未知,简装,84.0,1999.0,280.0
顺义,2室,南北,有电梯,精装,88.0,2011.0,335.0
顺义,3室,南北,有电梯,精装,121.0,2012.0,505.0
顺义,3室,东西,无电梯,精装,101.0,1996.0,410.0
顺义,3室,南北,有电梯,简装,137.0,2009.0,480.0
顺义,2室,南,未知,其他,70.0,2009.0,325.0
顺义,1室,南,未知,其他,70.0,2016.0,342.0
顺义,3室,南北,有电梯,毛坯,181.0,2008.0,550.0
顺义,3室,南北,有电梯,精装,120.0,2013.0,850.0
顺义,2室,南北,未知,精装,93.0,2004.0,560.0
顺义,3室,南北,未知,简装,134.0,2005.0,340.0
顺义,4室,南北,有电梯,其他,176.0,2012.0,900.0
顺义,2室,南北,未知,精装,73.0,1993.0,285.0
顺义,3室,南北,无电梯,精装,108.0,1999.0,470.0
顺义,2室,南北,有电梯,精装,105.0,2010.0,395.0
顺义,3室,南北,有电梯,其他,101.0,2007.0,500.0
顺义,2室,东西,有电梯,精装,114.0,2013.0,710.0
顺义,3室,南北,有电梯,精装,138.0,2014.0,550.0
顺义,2室,南北,未知,其他,89.0,2011.0,340.0
顺义,3室,南北,无电梯,其他,127.0,2004.0,380.0
顺义,3室,南北,有电梯,其他,100.0,2007.0,500.0
顺义,3室,南北,有电梯,其他,107.0,2013.0,645.0
顺义,2室,南北,未知,精装,100.0,2009.0,290.0
顺义,2室,南北,有电梯,其他,90.0,2011.0,335.0
顺义,3室,南北,未知,精装,101.0,2006.0,420.0
顺义,3室,南北,无电梯,精装,73.0,1992.0,270.0
顺义,3室,南北,未知,精装,100.0,2013.0,350.0
顺义,2室,南,有电梯,简装,104.0,2003.0,370.0
顺义,3室,南北,有电梯,简装,133.0,2014.0,499.0
顺义,3室,南北,无电梯,精装,86.0,1985.0,415.0
顺义,2室,南北,有电梯,精装,112.0,2010.0,393.0
顺义,2室,南北,未知,精装,121.0,2004.0,486.0
顺义,3室,南北,有电梯,其他,123.0,2004.0,415.0
顺义,2室,南北,有电梯,其他,124.0,2008.0,430.0
顺义,2室,南北,无电梯,其他,106.0,2004.0,310.0
顺义,其他,北,有电梯,精装,89.0,2013.0,230.0
顺义,4室,南北,有电梯,精装,202.0,2013.0,1250.0
顺义,3室,南北,有电梯,毛坯,134.0,2014.0,530.0
顺义,1室,南北,无电梯,其他,70.0,2003.0,275.0
顺义,2室,南北,有电梯,精装,114.0,2013.0,860.0
顺义,3室,南北,未知,简装,94.0,2004.0,450.0
顺义,3室,南北,无电梯,精装,108.0,1995.0,450.0
顺义,2室,南,有电梯,精装,112.0,2013.0,800.0
顺义,2室,南北,未知,精装,93.0,2009.0,375.0
顺义,2室,南,未知,精装,81.0,2009.0,240.0
顺义,2室,东南,有电梯,简装,91.0,2010.0,300.0
顺义,2室,南北,有电梯,精装,118.0,2004.0,490.0
顺义,3室,东西,无电梯,精装,86.0,1999.0,296.0
顺义,3室,南北,有电梯,精装,114.0,2011.0,510.0
顺义,2室,南,有电梯,精装,108.0,2013.0,761.0
顺义,2室,南北,无电梯,精装,89.0,2004.0,280.0
顺义,3室,南北,未知,精装,91.0,1998.0,378.0
顺义,3室,南北,有电梯,精装,133.0,2008.0,640.0
顺义,3室,南北,有电梯,其他,110.0,2010.0,360.0
顺义,3室,南北,未知,精装,136.0,2006.0,500.0
顺义,1室,南,无电梯,简装,66.0,2004.0,230.0
顺义,4室,南北,有电梯,精装,212.0,2004.0,736.0
顺义,3室,南北,有电梯,精装,133.0,2010.0,518.0
顺义,3室,南北,有电梯,精装,91.0,2014.0,468.0
顺义,3室,南北,有电梯,其他,139.0,2010.0,518.0
顺义,2室,南,无电梯,其他,103.0,2005.0,475.0
顺义,3室,南北,有电梯,毛坯,143.0,2011.0,550.0
顺义,3室,南北,未知,精装,109.0,2003.0,362.0
顺义,2室,南北,有电梯,简装,102.0,2004.0,370.0
顺义,3室,南北,有电梯,精装,114.0,2012.0,511.0
顺义,2室,南北,有电梯,其他,111.0,2004.0,370.0
顺义,2室,东西,未知,精装,89.0,1989.0,433.0
顺义,3室,南北,无电梯,简装,104.0,2006.0,360.0
顺义,1室,南,未知,精装,69.0,2009.0,370.0
顺义,1室,南北,未知,简装,47.0,1999.0,195.0
顺义,2室,南北,未知,精装,70.0,2009.0,310.0
顺义,2室,北,未知,毛坯,92.0,2009.0,410.0
顺义,3室,南北,有电梯,精装,146.0,2010.0,545.0
顺义,3室,南北,无电梯,简装,115.0,2007.0,300.0
顺义,2室,南,未知,精装,108.0,2013.0,760.0
顺义,1室,南北,无电梯,精装,60.0,1993.0,240.0
顺义,3室,西南,有电梯,精装,173.0,2013.0,1150.0
顺义,3室,南,有电梯,精装,98.0,2012.0,430.0
顺义,3室,南北,有电梯,其他,153.0,2010.0,528.0
顺义,3室,南北,有电梯,其他,164.0,2004.0,620.0
顺义,3室,南北,无电梯,简装,146.0,1998.0,490.0
顺义,2室,南北,无电梯,其他,83.0,1999.0,310.0
顺义,1室,南北,无电梯,精装,58.0,1999.0,280.0
顺义,1室,南,有电梯,简装,86.0,2003.0,290.0
顺义,3室,南北,未知,毛坯,119.0,2014.0,450.0
顺义,4室,南北,无电梯,精装,239.0,2001.0,950.0
顺义,6室,南北,无电梯,精装,246.0,1995.0,780.0
顺义,4室,西北,有电梯,其他,254.0,1999.0,680.0
顺义,4室,南北,未知,精装,194.0,2013.0,418.0
顺义,2室,南北,无电梯,简装,79.0,1994.0,320.0
顺义,1室,南,有电梯,其他,69.0,2008.0,299.0
顺义,3室,南北,无电梯,精装,123.0,2002.0,410.0
顺义,4室,西南,未知,精装,118.0,2002.0,448.0
顺义,3室,南北,未知,简装,106.0,2003.0,350.0
顺义,2室,南,未知,简装,78.0,2013.0,268.0
顺义,3室,南北,未知,其他,111.0,2005.0,350.0
顺义,3室,南北,无电梯,简装,108.0,1995.0,389.0
顺义,2室,南,未知,简装,86.0,2011.0,320.0
顺义,3室,南北,有电梯,其他,136.0,2013.0,950.0
顺义,4室,南北,有电梯,简装,158.0,2002.0,539.0
顺义,3室,南北,有电梯,毛坯,139.0,2014.0,530.0
顺义,3室,南北,未知,简装,106.0,2003.0,340.0
顺义,2室,南北,未知,精装,106.0,2004.0,315.0
顺义,2室,南北,未知,其他,101.0,2012.0,265.0
顺义,2室,南北,未知,其他,81.0,2003.0,305.0
顺义,2室,南北,无电梯,简装,70.0,2003.0,302.0
顺义,3室,南北,无电梯,简装,85.0,1994.0,345.0
顺义,2室,南,有电梯,其他,111.0,2011.0,835.0
顺义,2室,南北,无电梯,简装,99.0,1996.0,460.0
顺义,4室,南北,未知,其他,162.0,2007.0,700.0
顺义,3室,南北,未知,其他,121.0,2006.0,512.0
顺义,3室,南北,未知,简装,122.0,2004.0,410.0
顺义,4室,南北,无电梯,精装,245.0,2001.0,1000.0
顺义,4室,西南,有电梯,精装,214.0,2004.0,850.0
顺义,3室,南北,有电梯,精装,144.0,2013.0,950.0
顺义,3室,南北,有电梯,精装,166.0,2013.0,1270.0
顺义,4室,南北,有电梯,其他,185.0,2008.0,710.0
顺义,2室,南,有电梯,精装,109.0,2013.0,705.0
顺义,5室,南北,未知,其他,87.0,2009.0,710.0
顺义,4室,南北,未知,精装,262.0,1995.0,1500.0
顺义,4室,南北,有电梯,精装,157.0,2006.0,700.0
顺义,5室,南北,无电梯,其他,153.0,1999.0,480.0
顺义,2室,南北,未知,精装,93.0,2014.0,520.0
顺义,3室,南北,无电梯,其他,149.0,2002.0,459.0
顺义,3室,南,未知,精装,94.0,2012.0,449.0
顺义,3室,南北,未知,简装,112.0,1996.0,510.0
顺义,3室,南北,无电梯,其他,132.0,1995.0,460.0
顺义,2室,南北,有电梯,精装,97.0,2009.0,390.0
顺义,2室,南北,未知,精装,113.0,2013.0,860.0
顺义,3室,南北,有电梯,精装,144.0,2013.0,950.0
顺义,3室,南北,有电梯,精装,124.0,2009.0,465.0
顺义,2室,南,有电梯,其他,109.0,2013.0,750.0
顺义,2室,南北,未知,简装,90.0,2007.0,275.0
顺义,2室,南北,无电梯,精装,93.0,1994.0,325.0
顺义,5室,南北,有电梯,简装,227.0,2014.0,760.0
顺义,1室,南北,无电梯,精装,58.0,1999.0,280.0
顺义,2室,西南,有电梯,简装,115.0,2003.0,480.0
顺义,3室,南北,无电梯,精装,91.0,2009.0,290.0
顺义,2室,东西,有电梯,精装,90.0,2008.0,385.0
顺义,4室,南北,无电梯,简装,239.0,2001.0,980.0
顺义,2室,南北,无电梯,简装,99.0,1996.0,459.0
顺义,3室,南北,未知,精装,134.0,2012.0,535.0
顺义,3室,南北,未知,其他,86.0,1998.0,375.0
顺义,1室,南北,未知,其他,77.0,1996.0,305.0
顺义,4室,南北,未知,其他,184.0,2005.0,1350.0
顺义,3室,南北,无电梯,精装,111.0,2007.0,338.0
顺义,3室,南北,有电梯,精装,126.0,2013.0,525.0
顺义,3室,南北,无电梯,简装,99.0,2003.0,360.0
顺义,3室,南北,有电梯,精装,128.0,2013.0,515.0
顺义,2室,南北,无电梯,简装,92.0,2000.0,335.0
顺义,3室,南北,有电梯,其他,133.0,2010.0,520.0
顺义,2室,东南,未知,其他,76.0,1999.0,485.0
顺义,3室,南北,无电梯,简装,120.0,2002.0,400.0
顺义,3室,南北,未知,简装,97.0,2005.0,440.0
顺义,3室,南北,有电梯,精装,144.0,2013.0,1100.0
顺义,3室,南北,未知,其他,106.0,2009.0,270.0
顺义,3室,南北,无电梯,其他,108.0,2000.0,390.0
顺义,2室,南北,无电梯,精装,69.0,1996.0,280.0
顺义,2室,南北,无电梯,精装,58.0,1999.0,230.0
顺义,2室,南北,未知,其他,73.0,2000.0,310.0
顺义,3室,南北,无电梯,简装,108.0,1995.0,421.0
顺义,3室,南北,有电梯,其他,126.0,2013.0,530.0
顺义,1室,南,有电梯,简装,75.0,2005.0,350.0
顺义,2室,南北,无电梯,简装,67.0,1995.0,269.0
顺义,2室,南北,无电梯,其他,88.0,1998.0,349.0
顺义,3室,南北,无电梯,精装,138.0,2004.0,420.0
顺义,3室,南北,无电梯,简装,127.0,2004.0,400.0
顺义,2室,南北,未知,其他,82.0,2005.0,378.0
顺义,2室,南北,无电梯,精装,118.0,2001.0,375.0
顺义,2室,东西,有电梯,精装,97.0,2004.0,430.0
顺义,3室,南北,未知,简装,112.0,2004.0,488.0
顺义,2室,西北,无电梯,简装,90.0,2001.0,320.0
顺义,4室,南北,未知,精装,166.0,2006.0,630.0
顺义,3室,南北,无电梯,精装,127.0,2004.0,410.0
顺义,2室,南北,无电梯,简装,83.0,1996.0,300.0
顺义,3室,南北,无电梯,简装,126.0,2002.0,550.0
顺义,2室,南,有电梯,简装,80.0,2010.0,360.0
顺义,3室,南北,无电梯,其他,107.0,1999.0,450.0
顺义,3室,南北,无电梯,简装,99.0,1996.0,420.0
顺义,2室,南北,未知,精装,91.0,1998.0,329.0
顺义,2室,南北,有电梯,其他,130.0,2010.0,458.0
顺义,3室,东南,无电梯,简装,101.0,1999.0,350.0
顺义,3室,南北,有电梯,简装,123.0,2004.0,460.0
顺义,1室,南北,未知,其他,60.0,1992.0,262.0
顺义,2室,南北,有电梯,简装,92.0,2013.0,350.0
顺义,1室,南北,无电梯,其他,58.0,1991.0,235.0
顺义,2室,南西,未知,精装,96.0,2011.0,394.0
顺义,2室,南,未知,精装,88.0,2011.0,330.0
顺义,3室,东南,未知,精装,179.0,2002.0,490.0
顺义,3室,南北,未知,精装,131.0,2003.0,460.0
顺义,4室,南北,无电梯,精装,154.0,2002.0,450.0
顺义,3室,南北,未知,精装,129.0,2006.0,490.0
顺义,3室,南北,无电梯,精装,133.0,2006.0,450.0
顺义,3室,南北,无电梯,精装,115.0,1995.0,470.0
顺义,3室,南北,未知,简装,147.0,2000.0,780.0
顺义,3室,南北,无电梯,精装,119.0,1995.0,515.0
顺义,2室,东,有电梯,精装,92.0,2005.0,396.0
顺义,3室,南北,无电梯,简装,110.0,1995.0,518.0
顺义,4室,南北,无电梯,精装,134.0,2002.0,480.0
顺义,3室,南北,未知,简装,132.0,2004.0,500.0
顺义,3室,南北,未知,其他,132.0,2004.0,530.0
顺义,4室,南北,无电梯,简装,175.0,2006.0,1100.0
顺义,2室,南北,未知,精装,96.0,2009.0,410.0
顺义,2室,南北,无电梯,精装,94.0,1999.0,335.0
顺义,3室,南北,无电梯,精装,131.0,2004.0,410.0
顺义,3室,南北,未知,精装,106.0,2003.0,350.0
顺义,3室,南北,未知,简装,106.0,2004.0,350.0
顺义,2室,南北,无电梯,简装,70.0,2003.0,305.0
顺义,1室,南北,有电梯,其他,72.0,2003.0,270.0
顺义,2室,南北,未知,简装,55.0,1992.0,216.0
顺义,3室,南北,无电梯,精装,152.0,2002.0,490.0
顺义,4室,南北,未知,其他,179.0,2004.0,717.0
顺义,4室,南北,未知,精装,163.0,2006.0,780.0
顺义,4室,南北,未知,精装,209.0,2009.0,1280.0
顺义,2室,南北,无电梯,精装,82.0,1995.0,435.0
顺义,2室,南,有电梯,其他,92.0,2008.0,393.0
顺义,3室,南北,未知,精装,167.0,2007.0,880.0
顺义,3室,南北,未知,精装,171.0,2003.0,545.0
顺义,3室,南北,未知,精装,190.0,2013.0,1380.0
顺义,2室,南北,未知,毛坯,108.0,2015.0,388.0
顺义,2室,南北,未知,精装,92.0,2010.0,330.0
顺义,3室,南北,有电梯,精装,157.0,2014.0,680.0
顺义,3室,南北,无电梯,简装,129.0,2001.0,439.0
顺义,3室,南北,无电梯,简装,138.0,2004.0,400.0
顺义,2室,南北,未知,简装,75.0,1992.0,320.0
顺义,2室,南,未知,其他,100.0,2009.0,257.0
顺义,3室,南北,未知,其他,107.0,2011.0,285.0
顺义,1室,南北,无电梯,其他,67.0,1994.0,270.0
顺义,2室,南北,无电梯,精装,58.0,1994.0,268.0
顺义,3室,南北,未知,精装,107.0,2005.0,420.0
顺义,2室,南北,未知,精装,92.0,2009.0,430.0
顺义,2室,南北,无电梯,简装,107.0,2001.0,350.0
顺义,2室,西北,未知,简装,72.0,1999.0,470.0
顺义,3室,西,未知,精装,144.0,1997.0,850.0
顺义,3室,南北,未知,毛坯,94.0,2003.0,270.0
顺义,2室,东西,未知,简装,59.0,1992.0,248.0
顺义,2室,南北,无电梯,简装,105.0,2004.0,350.0
顺义,3室,南北,未知,其他,109.0,2009.0,270.0
顺义,3室,南北,有电梯,精装,135.0,2010.0,550.0
顺义,3室,南北,未知,精装,112.0,2005.0,430.0
顺义,3室,南北,未知,简装,135.0,1999.0,540.0
顺义,2室,南,有电梯,精装,102.0,2006.0,432.5
顺义,2室,东南,有电梯,其他,80.0,2010.0,375.0
顺义,2室,南北,未知,精装,81.0,2001.0,318.0
顺义,2室,南北,无电梯,毛坯,103.0,2003.0,365.0
顺义,2室,南北,未知,精装,72.0,2005.0,343.0
顺义,2室,南北,未知,精装,91.0,2014.0,505.0
顺义,3室,南北,有电梯,简装,119.0,2010.0,460.0
顺义,3室,南北,有电梯,毛坯,189.0,2013.0,1180.0
顺义,2室,南,未知,精装,69.0,2009.0,320.0
顺义,3室,南北,无电梯,精装,97.0,2001.0,392.0
顺义,3室,南北,未知,简装,114.0,2003.0,420.0
顺义,3室,南北,有电梯,精装,134.0,2012.0,530.0
顺义,1室,南北,未知,其他,60.0,1990.0,235.0
顺义,3室,南北,有电梯,精装,147.0,2004.0,515.0
顺义,2室,南北,无电梯,毛坯,79.0,1983.0,390.0
顺义,2室,南北,无电梯,简装,105.0,2004.0,330.0
顺义,2室,西北,未知,简装,78.0,1997.0,498.0
顺义,2室,南北,有电梯,精装,128.0,2005.0,550.0
顺义,3室,南北,未知,简装,94.0,2004.0,410.0
顺义,2室,南北,未知,其他,93.0,2009.0,430.0
顺义,3室,南北,未知,精装,127.0,2004.0,375.0
顺义,1室,东南,未知,精装,131.0,1992.0,700.0
顺义,3室,南北,无电梯,简装,127.0,2004.0,390.0
顺义,3室,南北,无电梯,其他,111.0,2001.0,405.0
顺义,2室,南北,未知,简装,96.0,2009.0,370.0
顺义,3室,南北,有电梯,精装,149.0,2010.0,630.0
顺义,1室,南,未知,精装,68.0,2009.0,325.0
顺义,3室,东南,有电梯,精装,104.0,2008.0,455.0
顺义,3室,西南,未知,精装,126.0,2006.0,495.0
顺义,2室,南北,有电梯,精装,93.0,2010.0,510.0
顺义,2室,南北,未知,简装,81.0,1994.0,325.0
顺义,3室,西北,有电梯,精装,195.0,2001.0,600.0
顺义,3室,南北,无电梯,其他,104.0,2003.0,380.0
顺义,3室,南北,未知,简装,94.0,2004.0,470.0
顺义,3室,南北,无电梯,精装,105.0,2001.0,367.0
顺义,2室,南北,无电梯,简装,105.0,2004.0,350.0
顺义,2室,西北,未知,简装,72.0,1999.0,470.0
顺义,3室,南北,未知,毛坯,94.0,2003.0,270.0
顺义,3室,西,未知,精装,144.0,1997.0,850.0
顺义,3室,南北,无电梯,简装,138.0,2004.0,400.0
顺义,3室,东西,无电梯,精装,123.0,2000.0,382.0
顺义,3室,南西,有电梯,其他,138.0,2002.0,438.0
顺义,2室,南北,无电梯,简装,86.0,1998.0,300.0
顺义,2室,南北,无电梯,精装,94.0,2007.0,310.0
顺义,4室,南北,未知,简装,174.0,2006.0,600.0
顺义,3室,南北,无电梯,简装,90.0,1999.0,350.0
顺义,3室,南北,未知,精装,108.0,1995.0,400.0
顺义,3室,南北,无电梯,简装,119.0,1996.0,510.0
顺义,3室,南北,有电梯,精装,136.0,2009.0,600.0
顺义,3室,南北,未知,精装,112.0,2001.0,409.0
顺义,3室,南西,无电梯,精装,129.0,2001.0,398.0
顺义,3室,南北,未知,简装,111.0,2005.0,335.0
顺义,3室,南北,有电梯,其他,123.0,2004.0,400.0
顺义,3室,南北,未知,简装,100.0,1998.0,300.0
顺义,2室,南北,未知,精装,83.0,2002.0,260.0
顺义,2室,南北,未知,其他,105.0,2011.0,260.0
顺义,3室,南北,未知,简装,172.0,1998.0,820.0
顺义,2室,南北,未知,简装,91.0,2013.0,325.0
顺义,1室,南,未知,精装,82.0,2009.0,320.0
顺义,5室,南北,无电梯,简装,195.0,1998.0,550.0
顺义,3室,南北,未知,精装,119.0,2013.0,500.0
顺义,3室,南北,无电梯,其他,89.0,1993.0,355.0
顺义,2室,南,有电梯,精装,85.0,2014.0,355.0
顺义,3室,南北,有电梯,精装,121.0,2012.0,505.0
顺义,1室,南,有电梯,精装,69.0,2008.0,300.0
顺义,2室,南北,有电梯,其他,91.0,2011.0,335.0
顺义,2室,南北,未知,精装,73.0,2000.0,341.0
顺义,3室,东南,有电梯,其他,113.0,2007.0,555.0
顺义,3室,南北,有电梯,其他,120.0,2008.0,540.0
顺义,3室,东南,有电梯,精装,158.0,2002.0,456.0
顺义,2室,南北,无电梯,简装,88.0,1995.0,355.0
顺义,2室,东西,有电梯,其他,99.0,2010.0,330.0
顺义,3室,南北,有电梯,简装,119.0,2006.0,571.0
顺义,3室,南,未知,精装,179.0,2005.0,880.0
顺义,2室,南,有电梯,精装,105.0,2008.0,370.0
顺义,3室,南北,无电梯,简装,161.0,1998.0,695.0
顺义,3室,南北,未知,其他,119.0,2013.0,515.0
顺义,2室,南北,未知,精装,105.0,2009.0,400.0
顺义,3室,南北,无电梯,精装,111.0,1994.0,425.0
顺义,3室,南北,有电梯,精装,92.0,2011.0,348.0
顺义,1室,东,有电梯,其他,59.0,2006.0,280.0
顺义,1室,西北,有电梯,简装,60.0,2007.0,265.0
顺义,2室,南北,未知,精装,113.0,2013.0,788.0
顺义,3室,南北,有电梯,毛坯,119.0,2016.0,585.0
顺义,2室,南北,未知,简装,90.0,2006.0,310.0
顺义,2室,南北,无电梯,简装,91.0,1999.0,304.0
顺义,2室,南北,有电梯,毛坯,83.0,2016.0,430.0
顺义,3室,南北,有电梯,简装,141.0,2012.0,578.0
顺义,2室,东西,未知,简装,89.0,2004.0,330.0
顺义,3室,南北,未知,精装,121.0,2012.0,520.0
顺义,3室,南北,未知,简装,95.0,1985.0,450.0
顺义,2室,东西,无电梯,简装,89.0,2001.0,320.0
顺义,2室,南北,无电梯,简装,70.0,2002.0,263.0
顺义,2室,南北,未知,其他,101.0,2012.0,268.0
顺义,2室,南北,未知,简装,60.0,1987.0,300.0
顺义,2室,南北,有电梯,精装,85.0,2013.0,420.0
顺义,2室,南北,未知,简装,84.0,1996.0,290.0
顺义,2室,南北,无电梯,简装,69.0,2000.0,265.0
顺义,2室,南北,无电梯,简装,65.0,1989.0,255.0
顺义,2室,南,未知,简装,68.0,2009.0,328.0
顺义,2室,南北,未知,简装,97.0,2010.0,530.0
顺义,3室,南北,有电梯,简装,133.0,2008.0,505.0
顺义,1室,南北,无电梯,精装,63.0,1996.0,290.0
顺义,2室,南北,未知,精装,89.0,1995.0,420.0
顺义,3室,西南,有电梯,简装,124.0,2004.0,450.0
顺义,1室,南北,无电梯,简装,61.0,1997.0,255.0
顺义,3室,南北,无电梯,简装,106.0,2001.0,380.0
顺义,3室,南北,无电梯,其他,140.0,2001.0,450.0
顺义,3室,南北,无电梯,简装,127.0,1998.0,388.0
顺义,3室,南北,无电梯,简装,91.0,2011.0,285.0
顺义,2室,南北,未知,精装,102.0,2012.0,315.0
顺义,3室,南北,有电梯,毛坯,116.0,2012.0,464.0
顺义,1室,南,有电梯,简装,46.0,2006.0,260.0
顺义,3室,南北,有电梯,精装,134.0,2009.0,578.0
顺义,2室,南北,有电梯,简装,88.0,2007.0,416.0
顺义,2室,南北,无电梯,其他,72.0,1994.0,320.0
顺义,4室,南北,有电梯,精装,189.0,2013.0,1160.0
顺义,2室,南,未知,精装,86.0,2009.0,400.0
顺义,2室,东西,未知,精装,58.0,1980.0,310.0
顺义,2室,南北,有电梯,其他,118.0,2004.0,510.0
顺义,2室,南北,未知,简装,81.0,2003.0,280.0
顺义,3室,南北,未知,简装,156.0,2005.0,650.0
顺义,3室,南北,有电梯,简装,119.0,2006.0,571.0
顺义,2室,东西,有电梯,其他,99.0,2010.0,330.0
顺义,3室,南北,有电梯,精装,155.0,2009.0,650.0
顺义,3室,南北,未知,简装,100.0,2012.0,330.0
顺义,3室,南北,有电梯,简装,89.0,2009.0,360.0
顺义,2室,南北,无电梯,简装,82.0,2003.0,290.0
顺义,4室,南北,有电梯,简装,186.0,2003.0,688.0
顺义,2室,南北,有电梯,精装,118.0,2004.0,510.0
顺义,3室,南北,有电梯,简装,147.0,2009.0,550.0
顺义,2室,南北,无电梯,精装,75.0,1999.0,318.0
顺义,2室,西南,未知,其他,58.0,1991.0,240.0
顺义,2室,南北,无电梯,精装,90.0,2001.0,350.0
顺义,1室,南北,无电梯,其他,68.0,1994.0,285.0
顺义,2室,南北,未知,简装,77.0,1994.0,280.0
顺义,6室,南北,未知,精装,246.0,1995.0,870.0
顺义,3室,南北,无电梯,其他,89.0,2003.0,370.0
顺义,4室,南北,有电梯,简装,247.0,2001.0,870.0
顺义,2室,南北,未知,精装,70.0,1991.0,259.0
顺义,4室,南北,无电梯,简装,212.0,1996.0,780.0
顺义,2室,南北,未知,其他,91.0,1998.0,330.0
顺义,1室,南北,无电梯,简装,36.0,1999.0,175.0
顺义,3室,南北,未知,简装,110.0,2011.0,285.0
顺义,3室,南北,未知,精装,144.0,2013.0,1036.0
顺义,2室,南北,无电梯,简装,69.0,1995.0,260.0
顺义,4室,南西,未知,其他,209.0,1999.0,905.0
顺义,2室,南北,无电梯,简装,69.0,1998.0,269.0
顺义,2室,东南,无电梯,简装,96.0,2001.0,430.0
顺义,3室,南北,有电梯,精装,118.0,2014.0,470.0
顺义,3室,南北,未知,简装,121.0,2002.0,410.0
顺义,2室,南北,未知,简装,97.0,2004.0,378.0
顺义,2室,南北,无电梯,简装,100.0,2002.0,372.0
顺义,2室,南北,无电梯,精装,88.0,1998.0,315.0
顺义,2室,南北,未知,简装,82.0,2005.0,298.0
顺义,2室,南北,未知,简装,81.0,2008.0,270.0
顺义,3室,南北,无电梯,精装,111.0,1999.0,450.0
顺义,3室,南北,未知,精装,106.0,2003.0,350.0
顺义,3室,南北,未知,简装,132.0,2004.0,370.0
顺义,2室,南,未知,精装,97.0,2005.0,430.0
顺义,3室,南北,无电梯,简装,117.0,1996.0,520.0
顺义,3室,东,有电梯,精装,140.0,2004.0,610.0
顺义,2室,南北,未知,简装,88.0,2004.0,405.0
顺义,3室,南北,有电梯,精装,92.0,2014.0,400.0
顺义,2室,东西,未知,简装,72.0,1997.0,270.0
顺义,3室,南北,无电梯,精装,121.0,2000.0,410.0
顺义,2室,南北,无电梯,精装,92.0,2007.0,390.0
顺义,3室,南北,有电梯,精装,108.0,2011.0,385.0
顺义,2室,南北,未知,精装,60.0,1994.0,265.0
顺义,2室,南,未知,简装,93.0,2009.0,415.0
顺义,2室,南,未知,精装,99.0,2006.0,425.0
顺义,2室,东南,未知,其他,76.0,2010.0,365.0
顺义,3室,西南,未知,精装,195.0,2001.0,560.0
顺义,2室,西南,无电梯,精装,65.0,1988.0,262.0
顺义,3室,南北,无电梯,简装,101.0,2005.0,390.0
顺义,3室,南北,有电梯,精装,135.0,2006.0,590.0
顺义,2室,东南,有电梯,精装,75.0,2007.0,400.0
顺义,2室,南北,无电梯,简装,90.0,2000.0,390.0
顺义,4室,南北,未知,其他,182.0,2009.0,860.0
顺义,3室,东南,未知,精装,208.0,2003.0,1150.0
顺义,1室,西南,无电梯,简装,66.0,2004.0,240.0
顺义,3室,南北,有电梯,精装,134.0,2008.0,630.0
顺义,2室,南北,无电梯,精装,113.0,2005.0,475.0
顺义,2室,南北,有电梯,精装,118.0,2004.0,510.0
顺义,2室,南北,未知,精装,89.0,2004.0,450.0
顺义,2室,南北,未知,其他,81.0,2003.0,310.0
顺义,2室,南北,无电梯,简装,73.0,1998.0,275.0
顺义,4室,南北,未知,精装,163.0,2009.0,605.0
顺义,3室,东西,无电梯,简装,119.0,1999.0,425.0
顺义,3室,南北,无电梯,简装,92.0,2001.0,368.0
顺义,3室,南北,有电梯,简装,137.0,2003.0,550.0
顺义,4室,南北,无电梯,简装,209.0,1999.0,887.0
顺义,3室,南北,未知,简装,241.0,2005.0,1700.0
顺义,3室,东南,无电梯,简装,105.0,2003.0,350.0
顺义,2室,南北,无电梯,精装,98.0,2000.0,430.0
顺义,2室,南北,无电梯,简装,110.0,1999.0,535.0
顺义,3室,南北,无电梯,简装,89.0,1996.0,360.0
顺义,3室,南北,有电梯,简装,138.0,2006.0,570.0
顺义,4室,南北,有电梯,精装,159.0,2011.0,680.0
顺义,4室,南北,未知,精装,136.0,2011.0,615.0
顺义,3室,南北,有电梯,其他,131.0,2008.0,630.0
顺义,4室,南北,有电梯,精装,149.0,2012.0,750.0
顺义,3室,南北,有电梯,简装,147.0,2003.0,470.0
顺义,2室,南,有电梯,精装,105.0,2008.0,370.0
顺义,2室,南北,未知,其他,107.0,2008.0,408.0
顺义,1室,南北,无电梯,精装,70.0,1998.0,282.0
顺义,4室,南北,有电梯,毛坯,190.0,2007.0,950.0
顺义,1室,南北,无电梯,简装,69.0,1999.0,273.0
顺义,3室,南北,未知,简装,121.0,2000.0,450.0
顺义,3室,南北,无电梯,简装,172.0,1998.0,820.0
顺义,2室,南北,未知,简装,72.0,1998.0,310.0
顺义,2室,南北,无电梯,精装,94.0,2005.0,360.0
顺义,2室,东南,无电梯,精装,63.0,1989.0,257.0
顺义,2室,南北,未知,精装,93.0,2009.0,408.0
顺义,3室,南北,无电梯,其他,119.0,2007.0,436.0
顺义,3室,南北,未知,简装,98.0,2001.0,400.0
顺义,2室,东西,无电梯,简装,81.0,1999.0,305.0
顺义,3室,南北,有电梯,精装,143.0,2004.0,525.0
顺义,2室,南北,有电梯,精装,63.0,2009.0,280.0
顺义,3室,南北,未知,精装,125.0,2007.0,325.0
顺义,2室,东西,无电梯,简装,81.0,1993.0,280.0
顺义,3室,西南,有电梯,精装,136.0,2010.0,530.0
顺义,1室,南北,无电梯,简装,59.0,1994.0,238.0
顺义,3室,南北,有电梯,简装,132.0,2005.0,565.0
顺义,2室,南,未知,精装,91.0,2009.0,415.0
顺义,2室,东西,有电梯,精装,90.0,2008.0,382.0
顺义,2室,南北,无电梯,其他,64.0,1991.0,255.0
顺义,3室,南北,未知,精装,114.0,2011.0,520.0
顺义,2室,东南,未知,精装,93.0,2003.0,339.0
顺义,3室,南北,有电梯,精装,161.0,2008.0,600.0
顺义,3室,南北,有电梯,精装,146.0,1999.0,560.0
顺义,3室,南北,无电梯,其他,115.0,2004.0,510.0
顺义,2室,南北,未知,精装,70.0,2003.0,300.0
顺义,3室,南北,有电梯,简装,111.0,2005.0,510.0
顺义,2室,南北,未知,简装,80.0,2006.0,360.0
顺义,2室,南北,无电梯,简装,93.0,1995.0,343.0
顺义,2室,南北,无电梯,简装,89.0,2004.0,305.0
顺义,3室,南北,未知,精装,89.0,1996.0,313.0
顺义,3室,南北,无电梯,精装,127.0,1998.0,436.0
顺义,2室,南北,未知,精装,102.0,2004.0,396.0
顺义,2室,南北,无电梯,简装,71.0,1995.0,305.0
顺义,3室,南北,无电梯,精装,127.0,2004.0,405.0
顺义,3室,南北,无电梯,简装,116.0,1997.0,560.0
顺义,2室,东南,有电梯,精装,80.0,2011.0,360.0
顺义,3室,南北,无电梯,简装,105.0,1998.0,420.0
顺义,3室,南北,未知,简装,121.0,2000.0,430.0
顺义,2室,南北,无电梯,精装,110.0,1999.0,520.0
顺义,2室,南北,无电梯,简装,63.0,1988.0,255.0
顺义,2室,东北,有电梯,简装,99.0,2003.0,335.0
顺义,2室,南北,无电梯,精装,81.0,1996.0,430.0
顺义,2室,南北,无电梯,精装,79.0,1994.0,293.0
顺义,3室,南北,无电梯,简装,85.0,2001.0,332.0
顺义,2室,南北,有电梯,其他,87.0,2004.0,425.0
顺义,4室,南北,有电梯,毛坯,138.0,2014.0,630.0
顺义,4室,南北,无电梯,精装,152.0,1995.0,650.0
顺义,3室,南北,未知,精装,92.0,2014.0,410.0
顺义,2室,南北,未知,简装,83.0,1997.0,310.0
顺义,3室,南北,无电梯,简装,119.0,2002.0,430.0
顺义,3室,南北,无电梯,简装,93.0,1999.0,410.0
顺义,4室,南北,有电梯,简装,179.0,2004.0,699.0
顺义,3室,南北,有电梯,精装,156.0,2004.0,650.0
顺义,2室,南北,无电梯,简装,110.0,1999.0,540.0
顺义,5室,南北,无电梯,精装,219.0,2001.0,1100.0
顺义,3室,南北,有电梯,精装,145.0,2012.0,675.0
顺义,2室,南北,未知,毛坯,134.0,2009.0,500.0
顺义,3室,东南,无电梯,简装,138.0,2004.0,420.0
顺义,1室,东北,有电梯,精装,64.0,2010.0,280.0
顺义,2室,南北,未知,精装,65.0,1990.0,267.0
顺义,2室,南北,无电梯,简装,75.0,1996.0,298.0
顺义,2室,南北,有电梯,简装,78.0,2002.0,289.0
顺义,2室,东西,无电梯,精装,62.0,1988.0,245.0
顺义,3室,东南,未知,精装,152.0,2013.0,1050.0
顺义,3室,南北,无电梯,简装,216.0,1999.0,935.0
顺义,1室,南北,无电梯,精装,69.0,2002.0,272.0
顺义,2室,南北,无电梯,简装,101.0,2001.0,355.0
顺义,1室,南北,未知,简装,59.0,1994.0,245.0
顺义,1室,南,未知,精装,52.0,2005.0,266.0
顺义,2室,南北,未知,简装,79.0,1994.0,285.0
顺义,3室,南北,未知,简装,140.0,2001.0,430.0
顺义,2室,南北,有电梯,精装,107.0,2006.0,500.0
顺义,2室,南北,未知,其他,91.0,2010.0,480.0
顺义,2室,南北,无电梯,其他,112.0,2002.0,380.0
顺义,1室,南北,无电梯,简装,57.0,1994.0,257.0
顺义,3室,南北,未知,精装,136.0,2006.0,650.0
顺义,3室,南,有电梯,精装,139.0,2003.0,570.0
顺义,2室,南北,有电梯,精装,109.0,2004.0,515.0
顺义,3室,南北,未知,精装,138.0,2008.0,505.0
顺义,2室,南北,未知,精装,111.0,2005.0,370.0
顺义,2室,南西,有电梯,精装,95.0,2002.0,385.0
顺义,3室,南北,未知,简装,95.0,2004.0,450.0
顺义,2室,东北,未知,其他,90.0,2000.0,330.0
顺义,3室,南北,有电梯,精装,119.0,2008.0,453.0
顺义,2室,南北,未知,简装,84.0,1994.0,330.0
顺义,3室,南北,未知,精装,119.0,2002.0,380.0
顺义,2室,南北,未知,精装,110.0,2004.0,330.0
顺义,2室,南北,未知,简装,88.0,2003.0,405.0
顺义,1室,南北,无电梯,简装,63.0,1994.0,259.0
顺义,1室,南北,无电梯,精装,61.0,1992.0,240.0
顺义,2室,南北,有电梯,精装,94.0,2008.0,400.0
顺义,2室,南北,无电梯,精装,110.0,1999.0,520.0
顺义,3室,南北,有电梯,精装,91.0,2001.0,330.0
顺义,2室,南北,无电梯,精装,75.0,1992.0,284.0
顺义,2室,南北,无电梯,简装,81.0,1994.0,326.0
顺义,3室,南北,未知,其他,91.0,2008.0,435.0
顺义,3室,南北,未知,精装,155.0,1999.0,1300.0
顺义,2室,南北,有电梯,精装,107.0,2006.0,500.0
顺义,2室,南北,未知,简装,59.0,1999.0,228.0
顺义,2室,南北,未知,简装,79.0,1993.0,300.0
顺义,2室,南北,无电梯,精装,100.0,2002.0,373.0
顺义,2室,南北,无电梯,简装,57.0,2001.0,245.0
顺义,3室,南北,未知,精装,92.0,2003.0,340.0
顺义,1室,西北,未知,精装,51.0,2005.0,223.0
顺义,2室,南西,未知,简装,78.0,2014.0,359.0
顺义,3室,南北,有电梯,其他,139.0,2006.0,685.0
顺义,3室,南北,有电梯,精装,140.0,2013.0,540.0
顺义,2室,东西,有电梯,简装,73.0,2008.0,363.0
顺义,3室,南北,未知,简装,110.0,1998.0,460.0
顺义,3室,南北,未知,简装,110.0,1998.0,369.0
顺义,2室,南北,未知,精装,96.0,2009.0,400.0
顺义,2室,南北,有电梯,精装,92.0,2013.0,350.0
顺义,3室,南北,有电梯,简装,181.0,2002.0,570.0
顺义,3室,南北,无电梯,简装,118.0,2000.0,380.0
顺义,3室,南北,无电梯,简装,107.0,2001.0,390.0
顺义,3室,南北,有电梯,简装,133.0,2009.0,488.0
顺义,3室,南北,有电梯,精装,110.0,2011.0,510.0
顺义,2室,南北,未知,简装,98.0,2000.0,400.0
顺义,3室,南西,有电梯,简装,139.0,2004.0,610.0
顺义,4室,南北,无电梯,精装,180.0,1997.0,780.0
顺义,5室,东西,无电梯,简装,156.0,1997.0,496.0
顺义,3室,南北,有电梯,精装,122.0,2004.0,450.0
顺义,2室,东北,有电梯,精装,103.0,2005.0,420.0
顺义,2室,南北,无电梯,简装,83.0,1999.0,320.0
顺义,4室,南北,有电梯,简装,218.0,2004.0,720.0
顺义,3室,南北,未知,精装,160.0,2006.0,830.0
顺义,6室,南北,无电梯,精装,174.0,2006.0,1200.0
顺义,1室,南北,无电梯,简装,60.0,1992.0,245.0
顺义,2室,南北,未知,简装,65.0,1996.0,276.0
顺义,3室,南北,未知,精装,131.0,2013.0,513.0
顺义,3室,南北,未知,精装,147.0,2010.0,620.0
顺义,2室,南,未知,精装,74.0,2007.0,405.0
顺义,4室,南北,未知,其他,179.0,2004.0,715.0
顺义,4室,南北,有电梯,精装,139.0,2012.0,590.0
顺义,3室,南北,未知,简装,88.0,1996.0,295.0
顺义,2室,南,未知,简装,100.0,2009.0,260.0
顺义,3室,南北,未知,精装,93.0,1998.0,385.0
顺义,2室,南北,未知,简装,72.0,1998.0,300.0
顺义,2室,南北,未知,简装,93.0,2010.0,390.0
顺义,2室,南北,未知,简装,89.0,2009.0,320.0
顺义,2室,南北,无电梯,精装,94.0,2007.0,350.0
顺义,2室,南北,无电梯,精装,76.0,1992.0,273.0
顺义,3室,东南,无电梯,精装,138.0,2004.0,378.0
顺义,4室,南北,未知,精装,154.0,2000.0,1300.0
顺义,2室,南,未知,简装,99.0,2006.0,430.0
顺义,3室,南北,有电梯,精装,123.0,2009.0,520.0
顺义,2室,南北,有电梯,简装,118.0,2004.0,500.0
顺义,2室,南北,无电梯,精装,75.0,1992.0,284.0
顺义,1室,南北,未知,精装,66.0,1996.0,272.0
顺义,2室,南北,未知,简装,85.0,2002.0,290.0
顺义,2室,南北,无电梯,精装,85.0,2003.0,315.0
顺义,2室,南北,未知,精装,121.0,2010.0,440.0
顺义,2室,南北,有电梯,精装,114.0,2004.0,500.0
顺义,2室,南,无电梯,简装,63.0,2004.0,256.0
顺义,2室,南北,未知,简装,81.0,2001.0,320.0
顺义,1室,南,有电梯,精装,82.0,2009.0,305.0
顺义,2室,东西,无电梯,简装,89.0,2004.0,372.0
顺义,2室,南,有电梯,精装,93.0,2007.0,440.0
顺义,1室,南北,无电梯,简装,60.0,1993.0,263.0
顺义,2室,南北,未知,简装,66.0,1995.0,272.0
顺义,2室,南北,未知,简装,89.0,2004.0,428.0
顺义,3室,南北,未知,精装,126.0,2013.0,525.0
顺义,2室,南北,无电梯,简装,74.0,2007.0,310.0
顺义,4室,南北,无电梯,简装,153.0,1995.0,635.0
顺义,4室,南北,未知,精装,145.0,2006.0,700.0
顺义,4室,南北,无电梯,精装,209.0,1999.0,887.0
顺义,2室,南北,无电梯,简装,95.0,2004.0,344.0
顺义,3室,南北,有电梯,精装,148.0,2009.0,528.0
顺义,2室,南北,无电梯,精装,83.0,1999.0,305.0
顺义,2室,南北,有电梯,精装,105.0,2010.0,385.0
顺义,2室,南北,未知,精装,89.0,1999.0,366.0
顺义,2室,南北,无电梯,简装,60.0,1994.0,245.0
顺义,2室,南北,无电梯,精装,58.0,1991.0,240.0
顺义,2室,南,未知,精装,61.0,1991.0,255.0
顺义,2室,南北,未知,简装,71.0,1994.0,310.0
顺义,3室,南北,无电梯,毛坯,152.0,2002.0,498.0
顺义,2室,南北,无电梯,简装,90.0,2000.0,390.0
顺义,5室,东南,未知,毛坯,235.0,2005.0,1000.0
顺义,2室,南北,无电梯,简装,71.0,1994.0,310.0
顺义,3室,南北,未知,精装,116.0,2012.0,465.0
顺义,2室,南北,未知,简装,67.0,1996.0,285.0
顺义,3室,南北,未知,简装,76.0,1992.0,275.0
顺义,2室,南北,未知,简装,78.0,2002.0,278.0
顺义,3室,东南,未知,精装,104.0,2008.0,470.0
顺义,2室,南北,未知,精装,79.0,1994.0,325.0
顺义,2室,南北,未知,简装,77.0,1994.0,285.0
顺义,2室,南北,未知,精装,117.0,2006.0,585.0
顺义,3室,南北,未知,简装,110.0,2010.0,368.0
顺义,3室,南北,未知,精装,121.0,2008.0,575.0
顺义,2室,南北,未知,简装,65.0,1992.0,259.0
顺义,2室,南北,未知,精装,74.0,2007.0,300.0
顺义,2室,南北,无电梯,其他,67.0,1997.0,262.0
顺义,3室,南北,未知,精装,132.0,2006.0,599.0
顺义,3室,南北,未知,精装,137.0,2009.0,450.0
顺义,2室,南,未知,其他,86.0,2012.0,349.0
顺义,1室,南北,未知,简装,55.0,1990.0,230.0
顺义,2室,南北,未知,简装,95.0,1998.0,345.0
顺义,3室,西南,未知,简装,107.0,2002.0,355.0
顺义,2室,东南,有电梯,精装,75.0,2007.0,383.0
顺义,4室,南北,无电梯,精装,196.0,1998.0,950.0
顺义,1室,南北,未知,精装,63.0,2003.0,251.0
顺义,3室,南北,未知,简装,91.0,2009.0,320.0
顺义,4室,南北,未知,简装,130.0,2007.0,515.0
顺义,2室,东南,未知,简装,89.0,2003.0,325.0
顺义,1室,西北,未知,精装,64.0,2010.0,268.0
顺义,2室,东南,未知,精装,80.0,2010.0,380.0
顺义,1室,南北,未知,精装,59.0,1994.0,260.0
顺义,2室,南,未知,精装,101.0,2003.0,370.0
顺义,2室,南北,未知,简装,85.0,2002.0,290.0
延庆,其他,西北,有电梯,精装,72.0,2014.0,360.0
延庆,其他,东北,有电梯,精装,116.0,2012.0,400.0
延庆,其他,北,有电梯,精装,96.0,2012.0,340.0
延庆,其他,南,有电梯,其他,51.0,2012.0,140.0
延庆,其他,东,有电梯,精装,67.0,2014.0,334.0
延庆,其他,西,有电梯,精装,123.0,2014.0,440.0
延庆,其他,西南,有电梯,精装,222.0,2013.0,1000.0
延庆,其他,南西,有电梯,精装,147.0,2012.0,558.0
延庆,其他,北,有电梯,精装,106.0,2012.0,380.0
延庆,其他,西北,有电梯,精装,148.0,2013.0,590.0
延庆,其他,东西,未知,精装,59.0,2012.0,280.0
延庆,3室,南北,无电梯,简装,101.0,2003.0,530.0
延庆,4室,南北,无电梯,简装,219.0,2003.0,930.0
延庆,1室,北,有电梯,简装,33.0,2008.0,125.0
延庆,其他,东北,有电梯,精装,136.0,2012.0,516.0
延庆,其他,西南,有电梯,精装,206.0,2012.0,825.0
延庆,其他,北,有电梯,其他,118.0,2014.0,430.0
延庆,其他,西南,有电梯,精装,166.0,2013.0,680.0
延庆,其他,西南,有电梯,精装,166.0,2014.0,680.0
延庆,其他,西北,有电梯,其他,147.0,2014.0,620.0
延庆,其他,西,有电梯,精装,123.0,2014.0,530.0
延庆,其他,南,有电梯,精装,50.0,2011.0,157.0
延庆,5室,南北,无电梯,精装,208.0,2001.0,720.0
延庆,其他,南,有电梯,精装,96.0,2011.0,328.0
延庆,其他,东北,有电梯,其他,45.0,2012.0,125.0
延庆,其他,西,有电梯,精装,122.0,2014.0,460.0
延庆,其他,西南,有电梯,精装,123.0,2014.0,500.0
延庆,其他,北,未知,精装,41.0,2012.0,169.0
延庆,其他,南,有电梯,其他,52.0,2012.0,130.0
延庆,其他,南,有电梯,其他,57.0,2012.0,140.0
延庆,其他,东,有电梯,其他,44.0,2008.0,128.0
延庆,其他,南,有电梯,其他,57.0,2012.0,140.0
延庆,其他,西南,有电梯,其他,61.0,2012.0,159.0
延庆,其他,东,有电梯,精装,54.0,2012.0,140.0
延庆,其他,南,有电梯,精装,117.0,2013.0,490.0
延庆,3室,南北,有电梯,其他,89.0,2013.0,540.0
延庆,其他,东南,有电梯,精装,170.0,2014.0,680.0
延庆,3室,南北,无电梯,精装,193.0,2003.0,1040.0
延庆,4室,南北,有电梯,精装,217.0,2014.0,1800.0
延庆,其他,南北,有电梯,精装,211.0,2015.0,803.0
延庆,其他,北,未知,其他,94.0,2014.0,368.0
延庆,其他,南,有电梯,简装,79.0,2011.0,235.0
延庆,3室,南北,有电梯,简装,149.0,2002.0,717.0
延庆,4室,南北,无电梯,毛坯,198.0,2001.0,690.0
延庆,1室,东,有电梯,简装,43.0,2006.0,295.0
延庆,1室,西南,有电梯,其他,53.0,2008.0,185.0
延庆,其他,北,有电梯,其他,48.0,2012.0,128.0
延庆,3室,南北,未知,精装,121.0,2015.0,800.0
延庆,其他,东北,有电梯,精装,64.0,2014.0,300.0
延庆,3室,南北,未知,简装,139.0,1999.0,620.0
延庆,2室,南,无电梯,毛坯,87.0,2001.0,380.0
延庆,其他,东南,有电梯,精装,183.0,2012.0,700.0
延庆,其他,南,有电梯,简装,50.0,2011.0,160.0
延庆,其他,东南,有电梯,简装,79.0,2011.0,245.0
延庆,其他,西,未知,精装,54.0,2009.0,185.0
延庆,4室,南北,有电梯,毛坯,203.0,2011.0,930.0
延庆,1室,南北,有电梯,毛坯,119.0,2011.0,320.0
延庆,1室,东,有电梯,其他,46.0,2008.0,169.0
延庆,2室,南,未知,其他,77.0,2016.0,399.0
延庆,其他,西,有电梯,精装,67.0,2010.0,369.0
延庆,其他,南,有电梯,其他,55.0,2012.0,150.0
延庆,其他,南,有电梯,其他,41.0,2008.0,130.0
延庆,其他,南西,有电梯,精装,64.0,2011.0,200.0
延庆,2室,南北,未知,简装,95.0,2005.0,340.0
延庆,1室,西南,有电梯,精装,55.0,2006.0,325.0
延庆,3室,南北,无电梯,简装,128.0,2001.0,680.0
延庆,3室,南北,有电梯,毛坯,220.0,2005.0,980.0
延庆,其他,东南,有电梯,精装,70.0,2011.0,280.0
延庆,3室,南北,无电梯,其他,198.0,2003.0,1150.0
延庆,3室,南北,无电梯,精装,161.0,2005.0,600.0
延庆,其他,东南,有电梯,精装,227.0,2014.0,950.0
延庆,1室,北,有电梯,简装,32.0,2008.0,120.0
延庆,其他,西北,有电梯,精装,48.0,2012.0,128.0
延庆,其他,西,有电梯,其他,44.0,2008.0,108.0
延庆,其他,北,未知,精装,36.0,2010.0,150.0
延庆,其他,南,有电梯,精装,35.0,2011.0,150.0
延庆,其他,北,有电梯,精装,35.0,2011.0,140.0
延庆,其他,南,未知,精装,79.0,2011.0,245.0
延庆,3室,南北,无电梯,精装,177.0,2001.0,980.0
延庆,3室,南北,未知,精装,89.0,2013.0,530.0
延庆,其他,东北,未知,精装,67.0,2009.0,300.0
延庆,3室,南北,未知,精装,121.0,2014.0,790.0
延庆,1室,南,有电梯,简装,69.0,2004.0,300.0
延庆,1室,南,有电梯,简装,69.0,2009.0,300.0
延庆,其他,西北,未知,其他,154.0,2012.0,580.0
延庆,其他,北,有电梯,简装,41.0,2008.0,130.0
延庆,其他,南,有电梯,简装,36.0,2008.0,120.0
延庆,其他,西,有电梯,简装,64.0,2011.0,205.0
延庆,其他,南,有电梯,精装,35.0,2009.0,142.0
延庆,其他,北,有电梯,精装,103.0,2012.0,370.0
延庆,其他,东,未知,精装,55.0,2009.0,200.0
延庆,其他,东北,未知,精装,70.0,2011.0,305.0
延庆,其他,西,有电梯,精装,36.0,2010.0,140.0
延庆,其他,北,未知,精装,55.0,2009.0,205.0
延庆,其他,北,未知,精装,55.0,2009.0,235.0
延庆,其他,西南,有电梯,精装,67.0,2009.0,295.0
延庆,其他,东,有电梯,精装,55.0,2012.0,140.0
延庆,4室,南北,无电梯,简装,159.0,2000.0,580.0
延庆,1室,西,有电梯,简装,42.0,2012.0,210.0
延庆,其他,北,有电梯,其他,58.0,2010.0,322.0
延庆,4室,南北,未知,简装,162.0,2004.0,840.0
延庆,其他,西,未知,精装,52.0,2012.0,260.0
延庆,2室,东西,未知,简装,99.0,2004.0,460.0
延庆,2室,南北,无电梯,简装,109.0,2005.0,370.0
延庆,1室,南,无电梯,精装,56.0,2003.0,232.0
延庆,3室,南北,有电梯,精装,134.0,2009.0,560.0
延庆,其他,北,有电梯,精装,119.0,2013.0,450.0
延庆,其他,东,有电梯,精装,63.0,2009.0,265.0
延庆,其他,北,未知,精装,51.0,2009.0,200.0
延庆,其他,东北,有电梯,其他,59.0,2012.0,138.0
延庆,其他,南,未知,精装,55.0,2009.0,210.0
延庆,3室,南,未知,精装,97.0,2014.0,620.0
延庆,3室,南北,未知,精装,121.0,2014.0,800.0
延庆,2室,南,未知,简装,77.0,2016.0,433.0
延庆,3室,东南,有电梯,简装,142.0,2000.0,560.0
延庆,3室,南北,有电梯,精装,123.0,2013.0,750.0
延庆,2室,南,有电梯,精装,107.0,2003.0,620.0
延庆,2室,南北,无电梯,精装,100.0,2003.0,340.0
延庆,3室,南北,无电梯,简装,98.0,1999.0,440.0
延庆,3室,南北,未知,其他,88.0,2013.0,520.0
延庆,2室,南北,有电梯,精装,86.0,2003.0,550.0
延庆,3室,南,有电梯,精装,94.0,2014.0,570.0
延庆,3室,南北,有电梯,精装,97.0,2014.0,630.0
延庆,1室,南,未知,简装,47.0,2000.0,325.0
延庆,其他,西,有电梯,简装,37.0,2012.0,175.0
延庆,其他,北,未知,精装,40.0,2013.0,170.0
延庆,其他,西,有电梯,精装,36.0,2009.0,130.0
延庆,其他,北,未知,精装,39.0,2012.0,179.0
延庆,其他,西北,有电梯,简装,48.0,2012.0,126.0
延庆,其他,西南,有电梯,精装,67.0,2011.0,295.0
延庆,其他,西南,未知,精装,250.0,2009.0,1000.0
延庆,3室,南北,无电梯,简装,115.0,2002.0,550.0
延庆,4室,南北,有电梯,精装,148.0,2014.0,990.0
延庆,4室,南北,有电梯,精装,121.0,2014.0,795.0
延庆,3室,东南,有电梯,精装,241.0,2005.0,1150.0
延庆,其他,北,有电梯,精装,58.0,2010.0,324.0
延庆,1室,东南,有电梯,其他,53.0,2008.0,189.0
延庆,3室,南北,无电梯,精装,159.0,2008.0,570.0
延庆,3室,南北,有电梯,精装,140.0,2013.0,860.0
延庆,其他,北,有电梯,精装,51.0,2009.0,190.0
延庆,4室,东西,无电梯,简装,154.0,2001.0,700.0
延庆,1室,南,有电梯,简装,69.0,2004.0,300.0
延庆,1室,南北,无电梯,简装,60.0,2005.0,305.0
延庆,其他,东南,未知,精装,67.0,2009.0,280.0
延庆,2室,南北,未知,毛坯,89.0,2015.0,480.0
延庆,3室,南北,无电梯,精装,160.0,2001.0,710.0
延庆,1室,南北,无电梯,简装,66.0,2006.0,256.0
延庆,其他,西,有电梯,精装,63.0,2009.0,300.0
延庆,1室,南,有电梯,简装,33.0,2008.0,115.0
延庆,3室,南北,有电梯,精装,171.0,2013.0,950.0
延庆,3室,南西,有电梯,简装,123.0,2002.0,508.0
延庆,2室,南,有电梯,其他,97.0,2014.0,650.0
延庆,1室,东北,有电梯,精装,49.0,2005.0,360.0
延庆,5室,南北,有电梯,简装,243.0,2002.0,1000.0
延庆,其他,西,有电梯,简装,44.0,2008.0,128.0
延庆,1室,东,有电梯,其他,42.0,2008.0,130.0
延庆,其他,西,未知,精装,44.0,2009.0,165.0
延庆,3室,东西,有电梯,精装,101.0,2000.0,520.0
延庆,1室,西,有电梯,简装,34.0,2002.0,236.0
延庆,1室,西,无电梯,简装,50.0,1995.0,290.0
延庆,其他,西北,有电梯,精装,68.0,2008.0,186.0
延庆,1室,北,有电梯,精装,43.0,2006.0,280.0
延庆,其他,东南,有电梯,精装,166.0,2012.0,595.0
延庆,2室,南北,未知,简装,59.0,2002.0,300.0
延庆,3室,南北,无电梯,精装,119.0,2005.0,410.0
延庆,1室,东南,有电梯,精装,54.0,2006.0,315.0
延庆,其他,东,未知,精装,49.0,2009.0,185.0
延庆,2室,南,有电梯,精装,96.0,2014.0,900.0
延庆,其他,北,有电梯,简装,43.0,2012.0,115.0
延庆,其他,南,有电梯,精装,35.0,2009.0,140.0
延庆,其他,北,有电梯,精装,34.0,2009.0,140.0
延庆,其他,西南,有电梯,精装,103.0,2010.0,565.0
延庆,3室,南北,有电梯,简装,135.0,2003.0,920.0
延庆,3室,南北,有电梯,简装,156.0,2000.0,705.0
延庆,其他,东南,未知,精装,67.0,2009.0,280.0
延庆,1室,西,有电梯,精装,42.0,2008.0,135.0
延庆,1室,西,有电梯,简装,47.0,2008.0,170.0
延庆,1室,南北,有电梯,简装,62.0,2004.0,265.0
延庆,1室,南北,有电梯,简装,69.0,2009.0,295.0
延庆,1室,东,有电梯,简装,75.0,2005.0,270.0
延庆,2室,南北,无电梯,精装,74.0,2003.0,282.0
延庆,3室,南北,无电梯,精装,197.0,2003.0,1050.0
延庆,1室,北,有电梯,简装,33.0,2008.0,120.0
延庆,1室,西,有电梯,精装,47.0,2008.0,180.0
延庆,1室,东南,有电梯,精装,53.0,2008.0,180.0
延庆,1室,南,有电梯,简装,70.0,2004.0,290.0
延庆,3室,南北,有电梯,精装,146.0,2010.0,1060.0
延庆,1室,东,有电梯,其他,47.0,2008.0,165.0
延庆,3室,南北,无电梯,简装,160.0,2003.0,900.0
延庆,2室,南西,有电梯,精装,84.0,2013.0,395.0
延庆,2室,南北,有电梯,精装,93.0,2011.0,543.0
延庆,4室,南北,有电梯,精装,230.0,2013.0,1280.0
延庆,2室,南北,有电梯,精装,119.0,2005.0,620.0
延庆,2室,南,有电梯,简装,84.0,2013.0,385.0
延庆,其他,北,未知,精装,55.0,2009.0,220.0
延庆,5室,西南,无电梯,简装,197.0,2002.0,1000.0
延庆,其他,北,有电梯,其他,32.0,2012.0,90.0
延庆,3室,东西,无电梯,简装,113.0,1995.0,510.0
延庆,2室,东西,无电梯,其他,102.0,2001.0,500.0
延庆,其他,西南,未知,精装,67.0,2010.0,345.0
延庆,其他,东西,有电梯,精装,67.0,2010.0,368.0
延庆,其他,北,有电梯,精装,34.0,2011.0,135.0
延庆,2室,南北,无电梯,简装,95.0,2001.0,310.0
延庆,4室,南北,无电梯,简装,125.0,1996.0,540.0
延庆,2室,南北,无电梯,精装,109.0,2005.0,395.0
延庆,3室,南北,无电梯,精装,145.0,2006.0,620.0
延庆,1室,南北,无电梯,精装,69.0,2003.0,272.0
延庆,1室,东,有电梯,精装,75.0,2005.0,285.0
延庆,1室,南北,有电梯,简装,61.0,2009.0,288.0
延庆,3室,南北,有电梯,精装,89.0,2013.0,530.0
延庆,6室,南北,无电梯,其他,256.0,1999.0,1000.0
延庆,3室,南北,无电梯,精装,128.0,1999.0,590.0
延庆,其他,西北,有电梯,精装,70.0,2009.0,300.0
延庆,1室,南北,无电梯,精装,58.0,2003.0,305.0
延庆,2室,南北,无电梯,精装,109.0,2005.0,375.0
延庆,6室,南北,未知,简装,145.0,2004.0,1100.0
延庆,3室,南北,无电梯,简装,103.0,1999.0,470.0
延庆,1室,东,有电梯,精装,42.0,2008.0,130.0
延庆,4室,东南,有电梯,精装,140.0,2014.0,950.0
延庆,3室,东西,无电梯,简装,134.0,2004.0,610.0
延庆,2室,南北,无电梯,精装,92.0,2004.0,600.0
延庆,2室,东北,有电梯,其他,87.0,2008.0,360.0
延庆,2室,东西,未知,其他,76.0,1996.0,390.0
延庆,3室,南北,有电梯,精装,162.0,2004.0,970.0
延庆,2室,南北,无电梯,其他,58.0,2000.0,275.0
延庆,2室,南北,无电梯,毛坯,83.0,2000.0,420.0
延庆,1室,南,未知,简装,56.0,2006.0,220.0
延庆,4室,南北,有电梯,精装,218.0,2014.0,1750.0
延庆,1室,南,有电梯,其他,56.0,2008.0,220.0
延庆,2室,南北,有电梯,精装,93.0,2006.0,565.0
延庆,3室,南北,无电梯,其他,132.0,1996.0,550.0
延庆,2室,西南,无电梯,简装,93.0,1996.0,370.0
延庆,2室,东西,无电梯,简装,77.0,1996.0,430.0
延庆,3室,南北,有电梯,精装,144.0,2013.0,850.0
延庆,1室,南,未知,简装,69.0,2004.0,285.0
延庆,3室,南北,无电梯,精装,155.0,2006.0,560.0
延庆,2室,南北,无电梯,精装,99.0,2003.0,342.0
延庆,2室,西南,未知,精装,93.0,1998.0,410.0
延庆,2室,南北,未知,精装,108.0,2005.0,368.0
延庆,1室,东南,有电梯,精装,59.0,2008.0,230.0
延庆,3室,南北,未知,简装,117.0,2004.0,560.0
延庆,3室,南北,无电梯,简装,126.0,2005.0,480.0
延庆,3室,南北,有电梯,精装,146.0,2003.0,750.0
延庆,3室,南北,未知,简装,144.0,2005.0,490.0
延庆,3室,南北,有电梯,精装,167.0,2004.0,830.0
延庆,1室,东,未知,简装,42.0,2008.0,135.0
延庆,3室,南北,有电梯,毛坯,143.0,2013.0,835.0
延庆,1室,东,有电梯,简装,47.0,2008.0,170.0
延庆,3室,南北,未知,精装,191.0,2013.0,1160.0
延庆,3室,南北,有电梯,精装,149.0,2008.0,680.0
延庆,3室,南北,有电梯,毛坯,129.0,2013.0,750.0
延庆,1室,西南,有电梯,精装,46.0,2008.0,175.0
延庆,3室,南北,有电梯,精装,136.0,2003.0,732.0
延庆,2室,南北,有电梯,精装,100.0,1999.0,525.0
延庆,2室,南北,无电梯,精装,97.0,2001.0,540.0
延庆,2室,南北,无电梯,简装,91.0,2003.0,312.0
延庆,3室,南北,未知,精装,121.0,2000.0,680.0
延庆,2室,南北,无电梯,精装,108.0,2004.0,760.0
延庆,3室,南北,无电梯,精装,171.0,2003.0,1250.0
延庆,其他,西北,未知,精装,57.0,2010.0,310.0
延庆,1室,北,有电梯,其他,32.0,2008.0,110.0
延庆,3室,南北,无电梯,精装,185.0,2003.0,1250.0
延庆,3室,南,有电梯,精装,69.0,2009.0,400.0
延庆,3室,南北,无电梯,精装,124.0,2002.0,550.0
延庆,2室,南北,无电梯,精装,109.0,2005.0,375.0
延庆,3室,南北,无电梯,精装,151.0,2001.0,820.0
延庆,2室,南北,有电梯,简装,86.0,2003.0,538.0
延庆,3室,南北,有电梯,精装,129.0,2013.0,780.0
延庆,3室,南北,无电梯,精装,144.0,2001.0,710.0
延庆,3室,南北,有电梯,精装,89.0,2013.0,550.0
延庆,2室,南北,无电梯,精装,104.0,2004.0,608.0
延庆,其他,西,未知,精装,49.0,2009.0,188.0
延庆,3室,南北,有电梯,精装,167.0,2005.0,870.0
延庆,2室,南北,无电梯,精装,78.0,2001.0,255.0
延庆,2室,东北,未知,其他,112.0,2001.0,530.0
延庆,3室,南北,未知,精装,119.0,2005.0,610.0
延庆,2室,东北,有电梯,精装,87.0,2008.0,365.0
延庆,1室,南,未知,精装,60.0,2009.0,300.0
延庆,1室,西南,未知,简装,61.0,2004.0,255.0
延庆,4室,南北,未知,精装,232.0,2015.0,1680.0
延庆,1室,南,有电梯,简装,69.0,2004.0,293.0
延庆,3室,南北,未知,简装,101.0,1995.0,450.0
延庆,3室,南北,无电梯,简装,140.0,2004.0,838.0
延庆,4室,南北,无电梯,精装,218.0,1999.0,1020.0
延庆,4室,南北,有电梯,精装,191.0,2005.0,1100.0
延庆,4室,南北,有电梯,精装,191.0,2013.0,1200.0
延庆,2室,南北,有电梯,精装,87.0,2012.0,340.0
延庆,1室,南北,未知,其他,78.0,2001.0,255.0
延庆,1室,南,有电梯,简装,59.0,2009.0,260.0
延庆,1室,东北,有电梯,简装,47.0,1999.0,330.0
延庆,3室,南北,无电梯,简装,118.0,2005.0,430.0
延庆,3室,南北,无电梯,其他,100.0,1995.0,450.0
延庆,4室,南北,无电梯,精装,145.0,2006.0,420.0
延庆,3室,南北,有电梯,精装,161.0,2004.0,900.0
延庆,3室,南北,无电梯,精装,200.0,2002.0,1200.0
延庆,3室,南北,无电梯,其他,162.0,2003.0,940.0
延庆,4室,南北,未知,精装,182.0,2004.0,940.0
延庆,2室,南北,无电梯,简装,125.0,2002.0,700.0
延庆,2室,南北,有电梯,精装,86.0,2003.0,530.0
延庆,2室,南北,有电梯,简装,87.0,2009.0,403.0
延庆,2室,南,未知,精装,92.0,2010.0,620.0
延庆,2室,南北,无电梯,精装,100.0,2003.0,340.0
延庆,3室,南北,未知,精装,153.0,2005.0,780.0
延庆,3室,东南,未知,精装,120.0,2005.0,350.0
延庆,2室,南北,无电梯,简装,100.0,2003.0,340.0
延庆,3室,东西,有电梯,简装,142.0,2002.0,540.0
延庆,3室,南北,无电梯,其他,128.0,2001.0,648.0
延庆,1室,东,未知,简装,76.0,2002.0,360.0
延庆,2室,南北,无电梯,简装,72.0,2006.0,275.0
延庆,其他,西,未知,精装,49.0,2009.0,180.0
延庆,其他,西,有电梯,精装,49.0,2009.0,185.0
延庆,3室,南北,无电梯,精装,118.0,2005.0,430.0
延庆,2室,南北,未知,精装,110.0,2003.0,650.0
延庆,3室,南北,无电梯,精装,160.0,2003.0,930.0
延庆,2室,西,有电梯,简装,70.0,2002.0,360.0
延庆,4室,南北,有电梯,毛坯,231.0,2005.0,1000.0
延庆,2室,南,未知,其他,90.0,2013.0,350.0
延庆,4室,南北,无电梯,精装,145.0,2003.0,850.0
延庆,其他,东南,有电梯,精装,70.0,2009.0,285.0
延庆,2室,南,有电梯,简装,94.0,2013.0,550.0
延庆,3室,南北,未知,简装,239.0,2008.0,880.0
延庆,9室,南北,有电梯,简装,266.0,2000.0,998.0
延庆,3室,南北,未知,精装,112.0,2014.0,780.0
延庆,2室,东西,无电梯,精装,102.0,2003.0,450.0
延庆,2室,南,有电梯,精装,84.0,2013.0,489.0
延庆,3室,南北,有电梯,毛坯,208.0,2008.0,830.0
延庆,1室,西,有电梯,精装,42.0,2012.0,210.0
延庆,3室,东西,无电梯,精装,139.0,1999.0,590.0
延庆,2室,南北,有电梯,精装,94.0,2010.0,630.0
延庆,3室,南北,有电梯,精装,156.0,2004.0,909.0
延庆,2室,南北,有电梯,简装,95.0,2005.0,340.0
延庆,3室,南北,未知,简装,102.0,1999.0,485.0
延庆,3室,南北,有电梯,精装,112.0,2014.0,700.0
延庆,3室,南北,未知,简装,93.0,1996.0,399.0
延庆,2室,南北,无电梯,简装,79.0,2001.0,385.0
延庆,3室,南北,无电梯,精装,134.0,2001.0,670.0
延庆,3室,南北,未知,精装,134.0,2006.0,465.0
延庆,2室,东北,未知,精装,66.0,1999.0,400.0
延庆,3室,南北,有电梯,精装,149.0,2003.0,990.0
延庆,3室,南北,有电梯,简装,177.0,2002.0,715.0
延庆,3室,东西,无电梯,精装,142.0,1999.0,580.0
延庆,其他,西北,未知,精装,67.0,2009.0,270.0
延庆,其他,南,有电梯,简装,41.0,2008.0,110.0
延庆,2室,南北,未知,精装,93.0,2003.0,300.0
延庆,3室,西南,有电梯,简装,156.0,2005.0,800.0
延庆,1室,南,有电梯,精装,47.0,2000.0,300.0
延庆,2室,南北,有电梯,精装,79.0,2012.0,330.0
延庆,3室,南北,有电梯,精装,159.0,2008.0,600.0
延庆,4室,南北,有电梯,精装,206.0,2004.0,1200.0
延庆,3室,南北,未知,精装,123.0,2006.0,700.0
延庆,5室,南北,无电梯,精装,212.0,2003.0,1220.0
延庆,2室,南北,无电梯,简装,104.0,2004.0,600.0
延庆,3室,南北,未知,简装,157.0,2003.0,930.0
延庆,3室,南北,无电梯,其他,159.0,2004.0,820.0
延庆,2室,东西,无电梯,精装,76.0,1998.0,385.0
延庆,3室,南北,无电梯,简装,162.0,2002.0,780.0
延庆,1室,南,有电梯,精装,59.0,2006.0,345.0
延庆,3室,南北,有电梯,精装,134.0,2011.0,665.0
延庆,2室,南北,未知,简装,114.0,2000.0,540.0
延庆,2室,南北,未知,精装,115.0,2000.0,620.0
延庆,3室,南北,无电梯,简装,121.0,1997.0,580.0
延庆,3室,东西,有电梯,精装,158.0,2002.0,595.0
延庆,3室,南北,有电梯,精装,159.0,2003.0,980.0
延庆,2室,南北,无电梯,精装,130.0,2002.0,680.0
延庆,1室,西南,有电梯,精装,55.0,2006.0,325.0
延庆,3室,东西,有电梯,精装,172.0,2002.0,600.0
延庆,1室,北,无电梯,精装,62.0,2005.0,275.0
延庆,3室,南北,无电梯,精装,118.0,2005.0,460.0
延庆,1室,东西,未知,简装,87.0,2005.0,410.0
延庆,2室,南北,无电梯,精装,91.0,1995.0,502.0
延庆,3室,东西,有电梯,精装,128.0,2002.0,570.0
延庆,3室,南北,有电梯,精装,149.0,2003.0,708.0
延庆,1室,南北,未知,精装,59.0,2002.0,299.0
延庆,2室,南北,有电梯,精装,92.0,2009.0,620.0
延庆,3室,南北,有电梯,简装,157.0,2004.0,830.0
延庆,3室,南北,未知,精装,122.0,2006.0,710.0
延庆,5室,南北,无电梯,精装,181.0,2006.0,543.0
延庆,2室,南北,无电梯,简装,130.0,2002.0,700.0
延庆,其他,北,有电梯,精装,34.0,2009.0,140.0
延庆,3室,南北,未知,简装,129.0,2002.0,755.0
延庆,1室,南,有电梯,简装,69.0,2009.0,266.0
延庆,1室,西南,有电梯,简装,52.0,2002.0,320.0
延庆,2室,南,有电梯,简装,100.0,2013.0,520.0
延庆,2室,南北,有电梯,精装,108.0,2002.0,550.0
延庆,3室,南北,有电梯,精装,149.0,2009.0,1048.0
延庆,3室,南北,未知,精装,90.0,2013.0,510.0
延庆,3室,东南,未知,精装,104.0,2008.0,420.0
延庆,3室,南北,无电梯,精装,200.0,2004.0,1200.0
延庆,4室,南北,无电梯,精装,167.0,2003.0,935.0
延庆,3室,南北,无电梯,精装,123.0,2001.0,520.0
延庆,3室,南北,有电梯,简装,118.0,2004.0,750.0
延庆,2室,南北,有电梯,精装,122.0,2005.0,600.0
延庆,3室,东西,有电梯,精装,180.0,2002.0,690.0
延庆,2室,南北,未知,精装,59.0,2001.0,380.0
延庆,3室,南北,有电梯,精装,150.0,2005.0,820.0
延庆,3室,南北,无电梯,简装,115.0,2002.0,580.0
延庆,2室,西北,未知,简装,113.0,2003.0,510.0
延庆,3室,南,有电梯,精装,137.0,2004.0,750.0
延庆,2室,南,未知,精装,88.0,2012.0,335.0
延庆,3室,南北,无电梯,精装,107.0,2003.0,365.0
延庆,3室,南北,有电梯,精装,137.0,2000.0,650.0
延庆,2室,南北,无电梯,简装,100.0,2000.0,540.0
延庆,4室,南北,有电梯,精装,206.0,2004.0,1200.0
延庆,3室,南北,无电梯,精装,200.0,2004.0,1088.0
延庆,4室,东南,有电梯,精装,161.0,2004.0,873.0
延庆,2室,东西,有电梯,简装,89.0,2000.0,455.0
延庆,3室,南北,未知,精装,129.0,2013.0,730.0
延庆,2室,南北,未知,简装,88.0,2003.0,435.0
延庆,3室,南北,无电梯,精装,130.0,2003.0,750.0
延庆,2室,东南,未知,精装,93.0,2000.0,465.0
延庆,2室,东西,无电梯,简装,100.0,2004.0,440.0
延庆,2室,南北,无电梯,简装,86.0,2001.0,400.0
延庆,2室,南北,未知,精装,71.0,2001.0,420.0
延庆,1室,南北,无电梯,简装,58.0,1999.0,283.0
延庆,2室,南北,未知,简装,88.0,2000.0,400.0
延庆,2室,南北,无电梯,简装,77.0,2001.0,385.0
延庆,1室,北,未知,简装,32.0,2008.0,115.0
延庆,3室,南北,未知,简装,200.0,2003.0,1050.0
延庆,2室,南北,无电梯,精装,91.0,2003.0,300.0
延庆,2室,东南,有电梯,精装,118.0,2002.0,530.0
延庆,3室,南北,有电梯,精装,112.0,2006.0,641.0
延庆,2室,南北,未知,精装,119.0,2001.0,580.0
延庆,2室,南北,未知,简装,120.0,2006.0,420.0
延庆,3室,南北,无电梯,简装,156.0,2002.0,890.0
延庆,3室,南,无电梯,简装,103.0,2003.0,620.0
延庆,3室,南北,有电梯,毛坯,170.0,2013.0,935.0
延庆,3室,南北,未知,精装,151.0,2001.0,668.0
延庆,3室,南北,未知,精装,171.0,2013.0,1030.0
延庆,3室,南北,未知,精装,159.0,2004.0,850.0
延庆,2室,南北,未知,精装,73.0,2003.0,390.0
延庆,2室,南北,无电梯,精装,66.0,2003.0,260.0
延庆,3室,南北,无电梯,精装,124.0,2002.0,570.0
延庆,4室,南北,未知,简装,177.0,2000.0,725.0
延庆,3室,南北,有电梯,简装,161.0,2000.0,690.0
延庆,4室,南北,未知,其他,193.0,2005.0,920.0
延庆,1室,东,有电梯,精装,43.0,2006.0,292.0
延庆,1室,东北,有电梯,简装,49.0,2005.0,350.0
延庆,3室,南北,未知,精装,159.0,2004.0,850.0
延庆,2室,南北,未知,精装,121.0,2002.0,545.0
延庆,4室,南北,无电梯,精装,215.0,2002.0,1230.0
延庆,2室,东西,未知,其他,97.0,2004.0,445.0
延庆,2室,东西,未知,精装,89.0,2000.0,470.0
延庆,4室,南北,未知,毛坯,241.0,2014.0,1700.0
延庆,4室,南北,无电梯,精装,213.0,2002.0,1250.0
延庆,2室,南北,无电梯,精装,103.0,2006.0,460.0
延庆,3室,南北,有电梯,精装,169.0,2004.0,880.0
延庆,4室,南北,无电梯,简装,146.0,2003.0,865.0
延庆,3室,东西,有电梯,简装,145.0,2000.0,600.0
延庆,3室,西南,未知,简装,140.0,2000.0,610.0
延庆,2室,南北,无电梯,简装,84.0,1996.0,420.0
延庆,4室,南北,无电梯,精装,180.0,2004.0,900.0
延庆,1室,南,未知,精装,66.0,2012.0,258.0
延庆,3室,南北,有电梯,精装,154.0,2008.0,620.0
延庆,4室,南北,无电梯,简装,183.0,2003.0,938.0
延庆,3室,南北,无电梯,精装,178.0,2003.0,980.0
延庆,2室,南北,无电梯,精装,108.0,2005.0,410.0
延庆,5室,南北,无电梯,精装,213.0,2002.0,1160.0
延庆,3室,南北,未知,简装,138.0,2004.0,780.0
大兴,3室,南北,未知,其他,93.0,2014.0,320.0
大兴,3室,南北,未知,其他,123.0,2003.0,460.0
大兴,2室,南,无电梯,简装,56.0,1992.0,240.0
大兴,3室,南北,无电梯,其他,126.0,2000.0,569.0
大兴,3室,南北,有电梯,毛坯,185.0,2012.0,1200.0
大兴,其他,北,未知,精装,55.0,2015.0,165.0
大兴,3室,南北,无电梯,其他,127.0,2003.0,540.0
大兴,2室,西北,有电梯,简装,49.0,2012.0,350.0
大兴,1室,东南,有电梯,简装,64.0,2012.0,210.0
大兴,3室,南北,有电梯,精装,155.0,2014.0,1020.0
大兴,3室,南北,有电梯,简装,104.0,2015.0,470.0
大兴,4室,南北,未知,精装,204.0,1998.0,600.0
大兴,1室,东,有电梯,简装,53.0,2009.0,320.0
大兴,2室,南北,有电梯,简装,76.0,2009.0,328.0
大兴,2室,南北,未知,简装,92.0,2009.0,380.0
大兴,其他,东,有电梯,简装,34.0,2014.0,100.0
大兴,2室,南北,未知,毛坯,55.0,1989.0,210.0
大兴,1室,东南,有电梯,简装,58.0,2014.0,266.8
大兴,1室,东,有电梯,简装,68.0,2010.0,295.0
大兴,3室,南北,未知,其他,89.0,2015.0,330.5
大兴,2室,南北,未知,简装,95.0,2007.0,413.0
大兴,其他,南,有电梯,其他,140.0,2014.0,360.0
大兴,2室,南北,未知,精装,89.0,2014.0,387.0
大兴,2室,南北,未知,其他,64.0,1986.0,240.0
大兴,其他,南,有电梯,简装,68.0,2013.0,144.0
大兴,3室,南北,无电梯,其他,140.0,1999.0,530.0
大兴,5室,南北,未知,简装,238.0,2001.0,1000.0
大兴,4室,南北,有电梯,毛坯,95.0,2014.0,420.0
大兴,3室,南北,有电梯,其他,144.0,2014.0,610.0
大兴,其他,西,有电梯,精装,48.0,2012.0,140.0
大兴,3室,南北,未知,其他,140.0,2012.0,520.0
大兴,2室,东西,未知,简装,58.0,1989.0,230.0
大兴,2室,南北,有电梯,简装,101.0,2008.0,499.0
大兴,4室,南北,有电梯,精装,233.0,2014.0,1200.0
大兴,1室,东,未知,简装,66.0,2010.0,320.0
大兴,3室,南北,未知,其他,136.0,2015.0,735.0
大兴,1室,南,无电梯,毛坯,56.0,1999.0,275.0
大兴,3室,西南,未知,精装,98.0,2002.0,430.0
大兴,4室,南北,有电梯,精装,96.0,2014.0,430.0
大兴,2室,南北,无电梯,其他,90.0,2000.0,330.0
大兴,2室,南北,有电梯,其他,87.0,2010.0,615.0
大兴,其他,南,有电梯,其他,109.0,2014.0,275.0
大兴,2室,南北,无电梯,其他,82.0,1999.0,330.0
大兴,3室,东南,无电梯,其他,109.0,2000.0,370.0
大兴,2室,南北,未知,其他,90.0,1995.0,350.0
大兴,3室,南北,有电梯,其他,119.0,2015.0,500.0
大兴,2室,南北,未知,其他,82.0,2014.0,290.0
大兴,1室,南,有电梯,简装,61.0,2009.0,295.0
大兴,3室,西北,无电梯,简装,156.0,1997.0,360.0
大兴,4室,东南,有电梯,简装,169.0,2014.0,685.0
大兴,2室,南北,未知,精装,85.0,2012.0,245.0
大兴,3室,南北,无电梯,其他,140.0,2000.0,632.0
大兴,2室,南北,有电梯,精装,77.0,2015.0,380.0
大兴,其他,南,未知,其他,63.0,2014.0,147.0
大兴,3室,南北,未知,毛坯,120.0,2005.0,360.0
大兴,其他,北,有电梯,其他,49.0,2013.0,120.0
大兴,2室,东西,无电梯,其他,69.0,1990.0,260.0
大兴,3室,西南,有电梯,精装,168.0,2006.0,610.0
大兴,3室,东南,有电梯,其他,136.0,2007.0,610.0
大兴,2室,东南,未知,其他,62.0,1994.0,240.0
大兴,3室,南北,未知,其他,115.0,2014.0,560.0
大兴,2室,南北,有电梯,其他,86.0,2009.0,480.0
大兴,3室,南北,无电梯,简装,121.0,2002.0,508.0
大兴,4室,南北,未知,简装,178.0,2000.0,500.0
大兴,3室,南北,有电梯,其他,114.0,2009.0,495.0
大兴,3室,南北,未知,精装,113.0,2012.0,339.0
大兴,2室,东西,有电梯,精装,86.0,2014.0,350.0
大兴,3室,南北,未知,简装,129.0,2007.0,330.0
大兴,2室,南北,未知,简装,60.0,1982.0,315.0
大兴,2室,南北,无电梯,其他,90.0,1998.0,400.0
大兴,4室,南北,未知,简装,212.0,2014.0,600.0
大兴,其他,西南,有电梯,精装,97.0,2014.0,242.0
大兴,3室,南北,未知,精装,220.0,2001.0,500.0
大兴,其他,东,有电梯,其他,48.0,2012.0,128.0
大兴,其他,西北,有电梯,精装,134.0,2013.0,400.0
大兴,2室,南北,未知,简装,91.0,2012.0,325.0
大兴,3室,南北,未知,其他,105.0,1998.0,360.0
大兴,2室,南,有电梯,简装,84.0,2015.0,347.0
大兴,3室,南北,无电梯,精装,117.0,2005.0,435.0
大兴,其他,东,未知,简装,70.0,2012.0,180.0
大兴,2室,南北,未知,精装,80.0,2014.0,300.0
大兴,3室,南北,未知,精装,89.0,2014.0,360.0
大兴,2室,南北,未知,简装,80.0,2014.0,320.0
大兴,2室,南北,未知,精装,90.0,2001.0,360.0
大兴,2室,南北,有电梯,简装,98.0,2011.0,475.0
大兴,2室,南,无电梯,简装,75.0,1997.0,286.0
大兴,3室,南北,未知,简装,107.0,2000.0,484.0
大兴,3室,南北,有电梯,简装,128.0,2008.0,643.0
大兴,2室,南北,未知,毛坯,74.0,1993.0,300.0
大兴,3室,南北,无电梯,简装,79.0,1998.0,300.0
大兴,6室,南北,无电梯,其他,255.0,1994.0,970.0
大兴,3室,南北,未知,精装,88.0,2015.0,340.0
大兴,3室,南北,有电梯,精装,175.0,2011.0,1120.0
大兴,3室,南北,无电梯,简装,110.0,2002.0,450.0
大兴,2室,南北,未知,简装,89.0,2012.0,255.0
大兴,3室,南北,未知,简装,122.0,2003.0,488.0
大兴,1室,南北,未知,其他,55.0,2014.0,210.0
大兴,3室,南北,有电梯,简装,141.0,2006.0,549.0
大兴,3室,南北,未知,其他,128.0,2014.0,800.0
大兴,3室,南北,无电梯,精装,111.0,2006.0,510.0
大兴,2室,南北,无电梯,其他,87.0,2000.0,375.0
大兴,3室,东西,无电梯,其他,83.0,1995.0,280.0
大兴,3室,南北,有电梯,简装,116.0,2012.0,640.0
大兴,2室,南北,未知,精装,89.0,2012.0,335.0
大兴,2室,南北,有电梯,简装,90.0,2010.0,515.0
大兴,其他,东北,有电梯,简装,98.0,2014.0,235.0
大兴,2室,南北,无电梯,其他,61.0,1994.0,260.0
大兴,2室,南北,未知,其他,90.0,2012.0,310.0
大兴,其他,东西,未知,简装,134.0,2012.0,760.0
大兴,其他,东南,有电梯,简装,106.0,2005.0,238.0
大兴,3室,南北,未知,精装,89.0,2015.0,360.0
大兴,3室,南北,未知,精装,89.0,2014.0,333.0
大兴,4室,南北,未知,精装,163.0,1999.0,751.0
大兴,2室,南北,有电梯,精装,116.0,2007.0,470.0
大兴,2室,南北,未知,简装,100.0,2007.0,320.0
大兴,2室,南,有电梯,简装,92.0,2009.0,498.0
大兴,3室,南北,未知,精装,129.0,2014.0,610.0
大兴,4室,南北,无电梯,其他,166.0,2001.0,695.0
大兴,2室,南北,未知,其他,89.0,2013.0,300.0
大兴,4室,南北,未知,精装,185.0,2002.0,970.0
大兴,2室,南北,未知,其他,82.0,2014.0,307.0
大兴,3室,南北,未知,简装,120.0,2005.0,320.0
大兴,其他,西,未知,精装,49.0,2012.0,140.0
大兴,2室,南北,无电梯,简装,71.0,1996.0,320.0
大兴,1室,南,有电梯,其他,69.0,2004.0,300.0
大兴,3室,南北,有电梯,精装,109.0,2013.0,740.0
大兴,2室,南北,未知,简装,81.0,1994.0,310.0
大兴,1室,西,有电梯,其他,87.0,2006.0,360.0
大兴,2室,南北,未知,简装,91.0,2012.0,325.0
大兴,2室,南,未知,简装,95.0,2003.0,400.0
大兴,5室,南北,无电梯,精装,203.0,2013.0,1400.0
大兴,3室,南北,未知,精装,137.0,2016.0,1027.0
大兴,6室,南北,有电梯,精装,243.0,2004.0,1167.0
大兴,2室,南北,无电梯,其他,85.0,1995.0,320.0
大兴,1室,南北,未知,其他,55.0,2014.0,210.0
大兴,2室,南北,未知,其他,86.0,2014.0,370.0
大兴,其他,北,有电梯,精装,63.0,2014.0,163.0
大兴,其他,东,有电梯,其他,66.0,2012.0,123.0
大兴,2室,南北,未知,简装,95.0,2003.0,305.0
大兴,3室,东西,无电梯,简装,122.0,1995.0,350.0
大兴,3室,南北,无电梯,简装,128.0,2009.0,725.0
大兴,2室,南北,未知,精装,90.0,2001.0,310.0
大兴,2室,南北,未知,精装,84.0,2014.0,310.0
大兴,2室,东西,无电梯,精装,120.0,2004.0,620.0
大兴,2室,南北,未知,其他,90.0,2012.0,320.0
大兴,3室,南北,未知,其他,94.0,2014.0,340.0
大兴,3室,南北,未知,精装,115.0,2014.0,430.0
大兴,其他,西,有电梯,简装,92.0,2014.0,255.0
大兴,其他,北,有电梯,精装,64.0,2014.0,155.0
大兴,4室,南北,未知,精装,226.0,2012.0,1490.0
大兴,2室,南北,未知,简装,84.0,2006.0,270.0
大兴,2室,南北,未知,简装,55.0,1987.0,240.0
大兴,2室,南北,有电梯,简装,88.0,2010.0,505.0
大兴,3室,南北,有电梯,精装,144.0,2014.0,650.0
大兴,4室,南北,有电梯,简装,154.0,2013.0,1000.0
大兴,2室,南北,未知,其他,92.0,2012.0,345.0
大兴,2室,南北,未知,其他,69.0,1998.0,330.0
大兴,其他,北,有电梯,其他,64.0,2014.0,160.0
大兴,其他,南北,有电梯,精装,157.0,2014.0,405.0
大兴,2室,南北,未知,其他,90.0,2012.0,310.0
大兴,2室,南北,无电梯,简装,76.0,1995.0,300.0
大兴,1室,西,有电梯,毛坯,78.0,2015.0,266.0
大兴,2室,南北,未知,精装,67.0,1996.0,263.0
大兴,2室,南北,无电梯,简装,79.0,1990.0,316.0
大兴,2室,南北,无电梯,简装,56.0,1986.0,260.0
大兴,3室,南北,未知,简装,139.0,2010.0,350.0
大兴,4室,南北,有电梯,简装,178.0,2011.0,1020.0
大兴,5室,南北,无电梯,精装,258.0,2002.0,1100.0
大兴,2室,南北,未知,精装,83.0,2014.0,291.0
大兴,3室,南北,未知,精装,93.0,2015.0,456.0
大兴,1室,北,有电梯,简装,40.0,2014.0,196.0
大兴,其他,东北,有电梯,简装,98.0,2014.0,240.0
大兴,3室,南北,未知,其他,93.0,2014.0,340.0
大兴,3室,南北,有电梯,精装,180.0,2007.0,760.0
大兴,3室,南北,未知,其他,137.0,2012.0,508.0
大兴,其他,西,有电梯,精装,103.0,2014.0,248.0
大兴,2室,南,有电梯,精装,69.0,2010.0,326.0
大兴,2室,南北,未知,简装,97.0,2003.0,420.0
大兴,3室,南北,有电梯,精装,210.0,2014.0,680.0
大兴,其他,西,有电梯,其他,42.0,2011.0,190.0
大兴,2室,南北,未知,其他,73.0,2004.0,310.0
大兴,3室,南北,无电梯,简装,123.0,2004.0,519.5
大兴,3室,南北,无电梯,其他,111.0,2000.0,410.0
大兴,2室,南北,无电梯,简装,83.0,2004.0,389.0
大兴,2室,西北,有电梯,精装,75.0,2012.0,280.0
大兴,2室,南北,未知,其他,91.0,2012.0,295.0
大兴,2室,西南,有电梯,精装,101.0,2014.0,635.0
大兴,2室,西,有电梯,精装,127.0,2006.0,420.0
大兴,1室,南,无电梯,简装,41.0,1988.0,190.0
大兴,2室,南北,无电梯,简装,71.0,1985.0,250.0
大兴,2室,东西,有电梯,简装,86.0,2014.0,340.0
大兴,2室,东西,未知,简装,85.0,2014.0,330.0
大兴,1室,南北,有电梯,简装,65.0,2009.0,280.0
大兴,3室,南北,无电梯,精装,125.0,2004.0,500.0
大兴,1室,南,未知,简装,70.0,1997.0,269.0
大兴,2室,西南,未知,精装,91.0,2010.0,520.0
大兴,2室,南北,无电梯,精装,75.0,1997.0,289.0
大兴,2室,西南,有电梯,精装,75.0,2010.0,485.0
大兴,2室,东西,无电梯,简装,64.0,1993.0,230.0
大兴,3室,南北,无电梯,其他,157.0,2002.0,773.0
大兴,4室,南北,有电梯,精装,175.0,2012.0,1400.0
大兴,3室,南北,无电梯,其他,146.0,2011.0,850.0
大兴,2室,南北,无电梯,精装,61.0,1994.0,239.0
大兴,1室,西,有电梯,简装,68.0,2009.0,320.0
大兴,1室,北,未知,其他,40.0,2014.0,200.0
大兴,1室,南,有电梯,简装,61.0,2009.0,280.0
大兴,5室,南北,未知,精装,173.0,1999.0,660.0
大兴,3室,南北,未知,精装,100.0,2002.0,320.0
大兴,其他,西,有电梯,精装,111.0,2014.0,265.0
大兴,1室,东西,无电梯,简装,42.0,1990.0,252.0
大兴,2室,东西,有电梯,其他,87.0,2014.0,340.0
大兴,2室,东西,有电梯,其他,87.0,2014.0,360.0
大兴,2室,南北,无电梯,简装,57.0,1994.0,250.0
大兴,3室,南北,未知,简装,136.0,2006.0,500.0
大兴,3室,南北,无电梯,简装,130.0,2001.0,490.0
大兴,3室,南北,有电梯,其他,119.0,2015.0,530.0
大兴,3室,南北,有电梯,其他,118.0,2015.0,450.0
大兴,2室,南北,未知,简装,71.0,1997.0,290.0
大兴,4室,南北,无电梯,简装,176.0,2002.0,500.0
大兴,3室,南北,有电梯,其他,134.0,2010.0,660.0
大兴,2室,南,未知,精装,51.0,1980.0,205.0
大兴,2室,南北,未知,简装,84.0,2003.0,340.0
大兴,其他,东,未知,精装,63.0,2012.0,200.0
大兴,其他,东,有电梯,精装,62.0,2014.0,155.0
大兴,1室,西南,有电梯,精装,44.0,2013.0,280.0
大兴,3室,南北,未知,精装,140.0,2004.0,480.0
大兴,2室,南北,未知,精装,85.0,2000.0,259.0
大兴,3室,南北,未知,简装,126.0,2000.0,450.0
大兴,4室,南北,未知,精装,155.0,1999.0,650.0
大兴,3室,北,未知,简装,112.0,2000.0,350.0
大兴,1室,南北,无电梯,简装,59.0,2005.0,290.0
大兴,1室,南,有电梯,精装,60.0,2009.0,270.0
大兴,3室,南北,无电梯,简装,93.0,1994.0,360.0
大兴,2室,南北,未知,简装,90.0,2012.0,310.0
大兴,2室,南北,未知,简装,101.0,2000.0,263.0
大兴,2室,西南,有电梯,精装,72.0,2012.0,535.0
大兴,2室,南,未知,其他,84.0,2012.0,318.0
大兴,1室,南,未知,精装,46.0,1988.0,195.0
大兴,3室,南北,无电梯,精装,99.0,1996.0,418.0
大兴,4室,南北,未知,其他,178.0,2012.0,1350.0
大兴,2室,南北,未知,精装,70.0,1989.0,240.0
大兴,3室,东南,未知,精装,117.0,2012.0,620.0
大兴,2室,南北,未知,其他,92.0,2007.0,480.0
大兴,5室,南北,无电梯,简装,246.0,2002.0,950.0
大兴,其他,东,有电梯,其他,48.0,2012.0,138.0
大兴,3室,东南,无电梯,简装,154.0,1997.0,360.0
大兴,3室,西南,有电梯,毛坯,73.0,2012.0,496.0
大兴,3室,南北,有电梯,其他,116.0,2015.0,455.0
大兴,1室,南西,有电梯,其他,80.0,2015.0,320.0
大兴,2室,东西,有电梯,简装,86.0,2014.0,340.0
大兴,4室,东南,未知,简装,99.0,2001.0,390.0
大兴,1室,东南,有电梯,精装,82.0,2014.0,520.0
大兴,3室,西南,有电梯,精装,165.0,2012.0,980.0
大兴,2室,南北,未知,其他,81.0,2006.0,350.0
大兴,2室,西南,无电梯,简装,85.0,1997.0,300.0
大兴,2室,南北,无电梯,简装,71.0,1998.0,265.0
大兴,2室,西,有电梯,其他,80.0,2015.0,350.0
大兴,3室,南北,无电梯,精装,81.0,1993.0,350.0
大兴,2室,东北,有电梯,其他,71.0,2015.0,310.0
大兴,1室,西,有电梯,简装,53.0,2008.0,281.4
大兴,3室,东南,无电梯,其他,151.0,2003.0,660.0
大兴,1室,西北,有电梯,简装,63.0,2008.0,300.0
大兴,1室,北,未知,简装,40.0,2014.0,200.0
大兴,2室,东西,有电梯,简装,87.0,2014.0,350.0
大兴,2室,东西,有电梯,其他,87.0,2014.0,340.0
大兴,2室,南北,无电梯,简装,83.0,2000.0,248.0
大兴,2室,南北,有电梯,简装,91.0,2009.0,600.0
大兴,其他,北,有电梯,精装,64.0,2014.0,150.0
大兴,3室,南北,未知,简装,126.0,2012.0,450.0
大兴,4室,东南,无电梯,精装,218.0,2002.0,980.0
大兴,4室,南北,有电梯,精装,266.0,2012.0,1735.0
大兴,其他,东,有电梯,其他,48.0,2012.0,128.0
大兴,其他,西南,有电梯,简装,52.0,2012.0,165.0
大兴,4室,南北,无电梯,精装,188.0,2003.0,920.0
大兴,4室,南北,未知,其他,180.0,2012.0,1280.0
大兴,2室,南北,无电梯,简装,79.0,1998.0,330.0
大兴,4室,南北,未知,简装,65.0,2012.0,475.0
大兴,3室,南北,未知,精装,126.0,2014.0,416.0
大兴,2室,西,未知,精装,78.0,2014.0,308.0
大兴,3室,南北,有电梯,其他,99.0,2014.0,468.0
大兴,3室,西南,有电梯,其他,88.0,2012.0,490.0
大兴,3室,南北,无电梯,简装,81.0,1995.0,310.0
大兴,2室,西,无电梯,简装,73.0,1998.0,300.0
大兴,2室,西南,有电梯,精装,98.0,2014.0,630.0
大兴,2室,南北,未知,简装,69.0,1996.0,252.0
大兴,2室,东北,有电梯,精装,46.0,2012.0,360.0
大兴,3室,南北,有电梯,其他,116.0,2015.0,505.0
大兴,2室,西北,有电梯,简装,91.0,2015.0,340.0
大兴,2室,南,有电梯,精装,73.0,2014.0,330.0
大兴,2室,东西,有电梯,精装,86.0,2014.0,350.0
大兴,3室,南北,无电梯,简装,113.0,1994.0,500.0
大兴,2室,南北,未知,精装,91.0,2009.0,432.0
大兴,3室,南北,有电梯,其他,102.0,2015.0,430.0
大兴,1室,南北,有电梯,精装,65.0,2009.0,285.0
大兴,3室,南北,无电梯,简装,97.0,1994.0,380.0
大兴,2室,西,未知,简装,78.0,2014.0,305.0
大兴,3室,南北,未知,精装,91.0,2015.0,560.0
大兴,3室,南北,未知,精装,162.0,2015.0,940.0
大兴,2室,南,有电梯,简装,88.0,2015.0,450.0
大兴,3室,南北,有电梯,精装,64.0,2012.0,530.0
大兴,4室,南北,有电梯,精装,169.0,2014.0,780.0
大兴,4室,南北,未知,精装,177.0,2014.0,515.0
大兴,2室,南北,未知,其他,46.0,2013.0,360.0
大兴,3室,南北,未知,其他,135.0,2014.0,520.0
大兴,2室,南北,无电梯,简装,71.0,1998.0,323.0
大兴,2室,南北,无电梯,简装,72.0,1996.0,260.0
大兴,3室,南北,有电梯,其他,116.0,2015.0,460.0
大兴,3室,南北,有电梯,精装,144.0,2014.0,835.0
大兴,3室,东南,有电梯,精装,99.0,2014.0,440.0
大兴,3室,南北,有电梯,其他,95.0,2014.0,530.0
大兴,3室,南北,未知,简装,119.0,2015.0,480.0
大兴,2室,南,有电梯,精装,82.0,2014.0,338.0
大兴,2室,南北,无电梯,简装,73.0,1996.0,345.0
大兴,2室,东,有电梯,毛坯,99.0,2006.0,368.0
大兴,3室,南北,无电梯,精装,88.0,1992.0,420.0
大兴,2室,南,有电梯,简装,91.0,2015.0,330.0
大兴,2室,南北,有电梯,简装,203.0,2014.0,1430.0
大兴,2室,南北,无电梯,简装,60.0,1994.0,265.0
大兴,3室,南北,未知,简装,78.0,1995.0,290.0
大兴,1室,南,有电梯,精装,68.0,2010.0,320.0
大兴,3室,西南,未知,其他,252.0,2010.0,520.0
大兴,3室,南北,未知,其他,126.0,2012.0,470.0
大兴,3室,南北,无电梯,毛坯,93.0,1995.0,373.0
大兴,3室,南北,未知,精装,128.0,2014.0,435.0
大兴,3室,南北,有电梯,简装,120.0,2007.0,550.0
大兴,2室,南北,未知,精装,112.0,2006.0,500.0
大兴,3室,南北,无电梯,简装,122.0,1999.0,500.0
大兴,3室,南北,有电梯,其他,124.0,2013.0,660.0
大兴,3室,南北,未知,精装,126.0,2014.0,418.0
大兴,4室,南北,无电梯,精装,159.0,1999.0,530.0
大兴,3室,南北,有电梯,简装,128.0,2015.0,788.0
大兴,2室,南北,未知,简装,53.0,1978.0,230.0
大兴,3室,南北,未知,毛坯,132.0,2012.0,400.0
大兴,2室,南北,无电梯,简装,95.0,2000.0,330.0
大兴,3室,南北,有电梯,精装,90.0,2014.0,395.0
大兴,2室,南北,未知,其他,87.0,2004.0,400.0
大兴,3室,南北,有电梯,精装,124.0,2013.0,749.0
大兴,3室,南北,有电梯,精装,115.0,2012.0,500.0
大兴,3室,南北,无电梯,简装,114.0,2004.0,489.0
大兴,2室,南,有电梯,简装,88.0,2015.0,360.0
大兴,3室,西南,未知,精装,72.0,2012.0,545.0
大兴,2室,东西,有电梯,精装,86.0,2014.0,338.0
大兴,2室,南,有电梯,简装,91.0,2009.0,478.0
大兴,1室,东,有电梯,精装,66.0,2010.0,320.0
大兴,2室,南北,未知,简装,80.0,2014.0,290.0
大兴,2室,南北,未知,精装,57.0,1994.0,252.0
大兴,2室,南,未知,简装,49.0,1980.0,227.0
大兴,其他,南,有电梯,精装,140.0,2014.0,350.0
大兴,3室,南北,无电梯,简装,81.0,1995.0,280.0
大兴,3室,东西,无电梯,简装,95.0,1998.0,380.0
大兴,2室,东西,无电梯,简装,75.0,1997.0,275.0
大兴,3室,南北,无电梯,简装,97.0,1994.0,380.0
大兴,2室,西,未知,简装,78.0,2014.0,305.0
大兴,2室,南,有电梯,精装,80.0,2014.0,335.0
大兴,2室,南北,未知,精装,98.0,2002.0,450.0
大兴,2室,南北,未知,简装,78.0,2014.0,285.0
大兴,2室,南北,有电梯,简装,46.0,2012.0,335.0
大兴,3室,南北,无电梯,精装,127.0,1999.0,584.0
大兴,3室,南北,有电梯,精装,102.0,2015.0,470.0
大兴,2室,南北,无电梯,简装,86.0,2004.0,330.0
大兴,3室,东南,无电梯,精装,92.0,1997.0,340.0
大兴,3室,南北,未知,精装,106.0,2015.0,680.0
大兴,2室,南北,有电梯,简装,83.0,2009.0,325.0
大兴,3室,南北,未知,简装,135.0,2014.0,520.0
大兴,2室,西北,未知,精装,71.0,2015.0,285.0
大兴,3室,南北,有电梯,毛坯,102.0,2015.0,460.0
大兴,2室,南北,未知,简装,84.0,2003.0,305.0
大兴,2室,南北,无电梯,简装,70.0,2004.0,305.0
大兴,2室,南北,有电梯,简装,89.0,2015.0,539.0
大兴,2室,东西,有电梯,简装,85.0,2014.0,345.0
大兴,5室,南北,未知,精装,232.0,2001.0,820.0
大兴,3室,南北,无电梯,简装,147.0,2000.0,560.0
大兴,4室,南北,有电梯,毛坯,259.0,2014.0,1500.0
大兴,3室,南北,无电梯,简装,137.0,2002.0,535.0
大兴,2室,南北,未知,其他,83.0,2014.0,292.0
大兴,2室,东西,有电梯,精装,56.0,2012.0,340.0
大兴,2室,南北,未知,精装,86.0,2010.0,335.0
大兴,3室,南北,有电梯,简装,124.0,2013.0,620.0
大兴,3室,南北,有电梯,精装,92.0,2015.0,450.0
大兴,3室,南北,有电梯,其他,124.0,2013.0,660.0
大兴,3室,南北,无电梯,简装,122.0,1999.0,500.0
大兴,2室,东西,有电梯,其他,55.0,2013.0,340.0
大兴,1室,南北,未知,精装,55.0,2014.0,210.0
大兴,2室,西北,有电梯,其他,41.0,2012.0,333.0
大兴,2室,南北,有电梯,其他,89.0,2012.0,410.0
大兴,2室,南,有电梯,其他,88.0,2015.0,380.0
大兴,2室,西南,有电梯,简装,85.0,2015.0,360.0
大兴,2室,南北,无电梯,简装,70.0,1996.0,315.0
大兴,3室,西北,无电梯,毛坯,62.0,1985.0,230.0
大兴,3室,南北,有电梯,简装,128.0,2015.0,776.0
大兴,2室,南北,未知,精装,104.0,2001.0,420.0
大兴,2室,南北,未知,简装,76.0,2013.0,315.0
大兴,1室,南北,无电梯,精装,56.0,2008.0,285.0
大兴,2室,东西,无电梯,其他,73.0,1997.0,245.0
大兴,2室,东西,未知,简装,76.0,2014.0,270.0
大兴,1室,南,无电梯,毛坯,41.0,1991.0,195.0
大兴,2室,西,有电梯,精装,38.0,2013.0,285.0
大兴,1室,南北,未知,简装,58.0,1994.0,249.0
大兴,3室,南北,未知,简装,94.0,2015.0,440.0
大兴,4室,南北,无电梯,简装,223.0,1995.0,650.0
大兴,1室,南,有电梯,精装,47.0,2009.0,251.0
大兴,2室,南北,未知,简装,84.0,1996.0,280.0
大兴,4室,南北,无电梯,其他,184.0,2002.0,788.0
大兴,1室,南北,有电梯,简装,70.0,2009.0,360.0
大兴,2室,南北,未知,简装,82.0,2014.0,315.0
大兴,2室,南,有电梯,简装,84.0,2012.0,482.0
大兴,2室,南,有电梯,简装,85.0,2012.0,470.0
大兴,1室,东南,未知,简装,63.0,2012.0,240.0
大兴,1室,南北,有电梯,其他,60.0,2009.0,252.0
大兴,2室,东南,有电梯,精装,69.0,2014.0,310.0
大兴,4室,西南,未知,精装,194.0,2016.0,1200.0
大兴,3室,南北,有电梯,其他,126.0,2002.0,530.0
大兴,4室,南北,有电梯,精装,109.0,2013.0,720.0
大兴,2室,南北,未知,精装,89.0,2010.0,540.0
大兴,2室,南北,未知,简装,64.0,1994.0,265.0
大兴,2室,西南,无电梯,精装,66.0,1995.0,290.0
大兴,3室,南北,有电梯,精装,107.0,2013.0,705.0
大兴,3室,南北,有电梯,精装,133.0,2015.0,825.0
大兴,2室,南,有电梯,精装,79.0,2014.0,357.0
大兴,3室,南北,无电梯,简装,85.0,1994.0,352.0
大兴,3室,南北,有电梯,精装,125.0,2015.0,785.0
大兴,其他,西,未知,简装,69.0,2012.0,180.0
大兴,其他,北,有电梯,简装,46.0,2012.0,130.0
大兴,2室,南北,无电梯,简装,65.0,1998.0,280.0
大兴,5室,南北,无电梯,精装,210.0,2002.0,900.0
大兴,6室,南北,无电梯,精装,178.0,2002.0,860.0
大兴,4室,南,有电梯,精装,217.0,2011.0,680.0
大兴,2室,南北,未知,精装,70.0,2004.0,320.0
大兴,4室,南北,无电梯,简装,111.0,1994.0,320.0
大兴,1室,南北,无电梯,简装,62.0,2006.0,310.0
大兴,2室,南北,未知,简装,59.0,1992.0,250.0
大兴,2室,西南,未知,精装,67.0,1996.0,260.0
大兴,2室,南北,无电梯,其他,105.0,2002.0,398.0
大兴,2室,南北,未知,简装,80.0,2000.0,300.0
大兴,2室,南北,无电梯,其他,78.0,1997.0,300.0
大兴,2室,南北,无电梯,简装,78.0,1995.0,290.0
大兴,2室,南,未知,简装,44.0,1978.0,210.0
大兴,4室,东西,未知,其他,165.0,2001.0,550.0
大兴,2室,东西,未知,简装,86.0,2014.0,330.0
大兴,1室,南北,未知,简装,55.0,2008.0,260.0
大兴,1室,东南,未知,精装,63.0,2012.0,245.0
大兴,1室,西南,有电梯,精装,66.0,2010.0,390.0
大兴,3室,南北,未知,毛坯,128.0,2016.0,918.0
大兴,3室,南北,有电梯,精装,60.0,2012.0,468.0
大兴,2室,南北,无电梯,简装,113.0,1994.0,350.0
大兴,3室,南北,有电梯,精装,60.0,2012.0,460.0
大兴,3室,南,无电梯,其他,159.0,1997.0,450.0
大兴,4室,南北,未知,简装,160.0,2015.0,850.0
大兴,4室,南北,有电梯,精装,222.0,2014.0,1438.0
大兴,1室,南,有电梯,简装,60.0,2009.0,273.0
大兴,2室,东南,有电梯,其他,101.0,2014.0,650.0
大兴,2室,东西,未知,其他,86.0,2014.0,345.0
大兴,4室,南北,有电梯,其他,170.0,2014.0,819.0
大兴,2室,东西,无电梯,其他,58.0,1987.0,235.0
大兴,2室,南北,有电梯,其他,79.0,2015.0,387.0
大兴,3室,南北,无电梯,精装,123.0,2004.0,540.0
大兴,3室,南北,无电梯,精装,156.0,1996.0,580.0
大兴,2室,南北,无电梯,精装,89.0,2010.0,360.0
大兴,3室,南北,未知,简装,146.0,2008.0,650.0
大兴,2室,南北,未知,精装,97.0,2012.0,260.0
大兴,2室,东北,有电梯,简装,49.0,2013.0,350.0
大兴,1室,南北,无电梯,其他,58.0,1994.0,260.0
大兴,2室,南,无电梯,简装,51.0,1983.0,239.0
大兴,1室,东北,无电梯,简装,50.0,2005.0,230.0
大兴,2室,南北,未知,简装,82.0,2003.0,335.0
大兴,2室,南北,未知,精装,77.0,2009.0,348.0
大兴,3室,南北,有电梯,毛坯,118.0,2015.0,450.0
大兴,4室,南北,无电梯,其他,160.0,2009.0,1050.0
大兴,4室,南北,未知,精装,138.0,2015.0,524.0
大兴,3室,南北,有电梯,毛坯,211.0,2014.0,600.0
大兴,2室,南北,有电梯,精装,107.0,2007.0,470.0
大兴,3室,南北,未知,精装,179.0,2016.0,1438.0
大兴,4室,南北,有电梯,其他,153.0,2015.0,800.0
大兴,6室,西南,有电梯,精装,119.0,2012.0,980.0
大兴,2室,南北,无电梯,简装,83.0,1996.0,345.0
大兴,2室,南北,未知,其他,83.0,2014.0,300.0
大兴,2室,东西,未知,简装,76.0,1998.0,260.0
大兴,3室,南北,无电梯,精装,185.0,2005.0,1170.0
大兴,2室,西南,未知,简装,63.0,1986.0,256.0
大兴,1室,东北,未知,其他,85.0,2006.0,270.0
大兴,2室,南北,有电梯,精装,45.0,2012.0,400.0
大兴,2室,东南,未知,精装,78.0,2012.0,230.0
大兴,3室,西南,有电梯,毛坯,160.0,2012.0,960.0
大兴,4室,南北,有电梯,毛坯,191.0,2012.0,1400.0
大兴,2室,东南,未知,精装,73.0,2013.0,340.0
大兴,2室,南北,无电梯,简装,84.0,1994.0,319.0
大兴,1室,东南,有电梯,精装,68.0,2010.0,350.0
大兴,2室,东西,无电梯,精装,79.0,1992.0,299.0
大兴,1室,东,有电梯,简装,51.0,2007.0,207.0
大兴,1室,南北,未知,简装,56.0,2012.0,230.0
大兴,1室,东,无电梯,简装,41.0,2005.0,197.0
大兴,1室,南北,无电梯,简装,62.0,2003.0,280.0
大兴,1室,东北,有电梯,简装,61.0,2007.0,308.0
大兴,其他,南西,未知,精装,78.0,2012.0,220.0
大兴,2室,南北,无电梯,其他,55.0,1985.0,248.0
大兴,1室,西北,有电梯,简装,63.0,2008.0,298.0
大兴,6室,南北,有电梯,精装,238.0,2003.0,1000.0
大兴,2室,东,有电梯,精装,40.0,2012.0,323.0
大兴,3室,西南,有电梯,其他,104.0,2014.0,450.0
大兴,3室,南北,无电梯,精装,95.0,2000.0,380.0
大兴,2室,南北,有电梯,精装,94.0,2011.0,568.0
大兴,2室,南北,无电梯,简装,78.0,1996.0,310.0
大兴,3室,南北,未知,精装,140.0,2004.0,591.0
大兴,2室,南北,有电梯,其他,86.0,2012.0,400.0
大兴,3室,南北,有电梯,简装,125.0,2001.0,550.0
大兴,6室,南北,未知,其他,236.0,2013.0,880.0
大兴,3室,南北,有电梯,简装,118.0,2002.0,470.0
大兴,2室,东西,有电梯,简装,47.0,2012.0,430.0
大兴,2室,南北,有电梯,精装,76.0,2014.0,335.0
大兴,3室,南北,无电梯,精装,88.0,1987.0,292.0
大兴,2室,南,未知,精装,84.0,2014.0,340.0
大兴,2室,南北,无电梯,其他,80.0,1995.0,345.0
大兴,2室,南北,未知,其他,89.0,2010.0,365.0
大兴,3室,南北,有电梯,简装,104.0,2002.0,488.0
大兴,2室,南北,无电梯,简装,68.0,2001.0,260.0
大兴,2室,南北,未知,简装,71.0,1994.0,258.0
大兴,1室,东南,有电梯,简装,63.0,2012.0,230.0
大兴,1室,南,有电梯,精装,64.0,2009.0,290.0
大兴,1室,南北,无电梯,简装,56.0,1998.0,205.0
大兴,2室,南北,无电梯,简装,67.0,1996.0,230.0
大兴,2室,南西,有电梯,简装,88.0,2010.0,400.0
大兴,2室,南,有电梯,其他,88.0,2015.0,360.0
大兴,2室,东南,未知,其他,89.0,2014.0,310.0
大兴,1室,南北,有电梯,精装,66.0,2012.0,290.0
大兴,2室,东西,有电梯,简装,86.0,2014.0,350.0
大兴,4室,南,有电梯,精装,95.0,2014.0,439.0
大兴,3室,南北,未知,简装,133.0,2006.0,570.0
大兴,1室,南北,有电梯,精装,58.0,2004.0,292.5
大兴,2室,南,有电梯,其他,76.0,2012.0,350.0
大兴,2室,南,有电梯,其他,89.0,2013.0,440.0
大兴,1室,西南,有电梯,简装,51.0,2013.0,290.0
大兴,3室,东南,未知,其他,168.0,2012.0,1092.0
大兴,2室,南北,未知,简装,77.0,2015.0,379.0
大兴,2室,西南,未知,精装,78.0,1992.0,300.0
大兴,3室,东西,有电梯,精装,144.0,2006.0,550.0
大兴,4室,南北,无电梯,其他,117.0,2002.0,498.0
大兴,4室,南北,未知,其他,95.0,2014.0,440.0
大兴,2室,南,有电梯,简装,92.0,2012.0,530.0
大兴,2室,东西,有电梯,精装,134.0,2003.0,360.0
大兴,2室,南北,未知,精装,73.0,2014.0,328.0
大兴,2室,东南,有电梯,简装,90.0,2008.0,430.0
大兴,3室,南北,有电梯,精装,119.0,2009.0,499.0
大兴,1室,北,未知,简装,55.0,2014.0,234.0
大兴,3室,南北,无电梯,其他,83.0,1994.0,315.0
大兴,3室,南北,无电梯,精装,141.0,2004.0,560.0
大兴,4室,南北,无电梯,精装,203.0,2013.0,1250.0
大兴,4室,南北,有电梯,精装,139.0,2012.0,790.0
大兴,4室,南北,未知,精装,194.0,2016.0,1280.0
大兴,2室,南北,无电梯,精装,63.0,1996.0,235.0
大兴,其他,南北,有电梯,精装,157.0,2014.0,370.0
大兴,其他,东北,有电梯,精装,77.0,2014.0,190.0
大兴,2室,东西,无电梯,简装,79.0,1997.0,300.0
大兴,2室,东南,无电梯,精装,72.0,1987.0,320.0
大兴,2室,南北,无电梯,毛坯,74.0,1996.0,320.0
大兴,3室,南北,有电梯,精装,124.0,2013.0,660.0
大兴,2室,南,有电梯,其他,67.0,2010.0,345.0
大兴,3室,西南,有电梯,精装,132.0,2012.0,792.0
大兴,3室,南北,未知,精装,100.0,2014.0,350.0
大兴,1室,南北,无电梯,精装,64.0,2002.0,290.0
大兴,3室,南北,未知,简装,111.0,1997.0,315.0
大兴,2室,南北,无电梯,其他,74.0,1995.0,300.0
大兴,3室,东南,未知,精装,65.0,2012.0,520.0
大兴,3室,南北,未知,精装,123.0,2000.0,410.0
大兴,2室,南北,未知,其他,85.0,2000.0,310.0
大兴,3室,南北,无电梯,简装,91.0,1995.0,295.0
大兴,1室,西北,有电梯,精装,63.0,2008.0,290.0
大兴,1室,东,有电梯,精装,59.0,2008.0,269.0
大兴,2室,南北,未知,精装,93.0,2003.0,460.0
大兴,3室,南北,无电梯,其他,80.0,1996.0,304.0
大兴,2室,南北,无电梯,简装,82.0,2001.0,340.0
大兴,2室,南,未知,精装,83.0,2014.0,365.0
大兴,3室,南北,有电梯,其他,117.0,2002.0,490.0
大兴,2室,东南,有电梯,简装,89.0,2008.0,420.0
大兴,3室,南北,无电梯,其他,90.0,1999.0,380.0
大兴,2室,南北,有电梯,精装,90.0,2015.0,525.0
大兴,2室,南北,有电梯,其他,89.0,2012.0,360.0
大兴,3室,南北,未知,精装,99.0,2006.0,320.0
大兴,2室,南北,无电梯,简装,104.0,2002.0,380.0
大兴,2室,南北,无电梯,简装,90.0,2002.0,300.0
大兴,2室,南北,无电梯,精装,99.0,2000.0,385.0
大兴,2室,东西,无电梯,其他,58.0,1986.0,235.0
大兴,2室,南西,无电梯,简装,55.0,1985.0,237.0
大兴,2室,南北,无电梯,毛坯,58.0,1987.0,225.0
大兴,3室,南北,未知,简装,105.0,2000.0,410.0
大兴,2室,南北,有电梯,精装,84.0,2009.0,380.0
大兴,1室,东北,无电梯,简装,55.0,2001.0,255.0
大兴,1室,北,有电梯,简装,50.0,2005.0,264.0
大兴,3室,南北,未知,其他,100.0,1997.0,350.0
大兴,3室,西南,无电梯,其他,73.0,1991.0,320.0
大兴,2室,南,有电梯,精装,88.0,2015.0,380.0
大兴,3室,南北,无电梯,精装,139.0,2008.0,596.0
大兴,3室,南北,未知,精装,115.0,2016.0,720.0
大兴,2室,南北,无电梯,简装,78.0,2010.0,320.0
大兴,4室,南北,有电梯,精装,172.0,2013.0,1000.0
大兴,3室,西南,无电梯,简装,93.0,1994.0,315.0
大兴,4室,南北,有电梯,精装,191.0,2012.0,610.0
大兴,3室,南北,未知,简装,147.0,2001.0,560.0
大兴,1室,南北,无电梯,精装,63.0,2006.0,316.8
大兴,3室,南北,无电梯,简装,134.0,2000.0,499.0
大兴,2室,东,有电梯,其他,107.0,2004.0,390.0
大兴,3室,东西,有电梯,简装,126.0,2004.0,460.0
大兴,2室,南北,无电梯,简装,84.0,2004.0,405.0
大兴,2室,南,未知,其他,87.0,2010.0,330.0
大兴,2室,南北,未知,其他,87.0,2010.0,350.0
大兴,3室,东西,无电梯,精装,78.0,1994.0,320.0
大兴,4室,东西,无电梯,简装,91.0,1994.0,368.0
大兴,3室,西南,有电梯,其他,156.0,1999.0,620.0
大兴,2室,南北,无电梯,其他,78.0,1995.0,335.0
大兴,2室,东西,无电梯,简装,79.0,1997.0,300.0
大兴,3室,南北,无电梯,简装,127.0,2000.0,399.0
大兴,2室,南北,未知,简装,84.0,1996.0,310.0
大兴,2室,南北,无电梯,精装,90.0,2003.0,380.0
大兴,4室,南北,无电梯,其他,158.0,2001.0,650.0
大兴,2室,南北,未知,简装,94.0,2005.0,380.0
大兴,2室,东西,有电梯,简装,91.0,2009.0,430.0
大兴,3室,南北,无电梯,精装,120.0,2001.0,447.0
大兴,2室,南北,有电梯,简装,91.0,2003.0,399.0
大兴,3室,南北,无电梯,精装,136.0,2004.0,485.0
大兴,2室,南北,有电梯,简装,73.0,2014.0,335.0
大兴,3室,东南,无电梯,其他,75.0,1992.0,340.0
大兴,3室,东南,未知,精装,75.0,1992.0,330.0
大兴,4室,南北,有电梯,简装,211.0,2014.0,680.0
大兴,2室,东西,无电梯,简装,77.0,1998.0,285.0
大兴,3室,南北,无电梯,简装,148.0,2000.0,480.0
大兴,2室,南,有电梯,精装,85.0,2014.0,567.0
大兴,2室,南北,有电梯,简装,89.0,2012.0,410.0
大兴,3室,东南,有电梯,简装,61.0,2012.0,500.0
大兴,3室,南北,未知,精装,123.0,2012.0,730.0
大兴,3室,南北,有电梯,精装,59.0,2012.0,499.0
大兴,3室,南北,有电梯,精装,59.0,2012.0,460.0
大兴,3室,南北,有电梯,精装,58.0,2012.0,493.0
大兴,3室,南北,未知,简装,142.0,2003.0,630.0
大兴,3室,南北,有电梯,简装,126.0,2002.0,560.0
大兴,3室,南北,有电梯,精装,148.0,2006.0,640.0
大兴,2室,南,有电梯,简装,87.0,2015.0,485.0
大兴,2室,南,有电梯,简装,90.0,2013.0,459.0
大兴,2室,南,未知,其他,55.0,1990.0,230.0
大兴,1室,南北,有电梯,其他,67.0,2005.0,300.0
大兴,2室,南,未知,精装,121.0,1997.0,485.0
大兴,2室,东西,未知,其他,78.0,2013.0,265.0
大兴,1室,南,未知,简装,48.0,1996.0,235.0
大兴,2室,西北,有电梯,毛坯,48.0,2012.0,330.0
大兴,2室,南北,未知,简装,78.0,1998.0,281.0
大兴,2室,南北,无电梯,简装,64.0,1998.0,245.0
大兴,2室,东西,未知,其他,85.0,2014.0,330.0
大兴,3室,东南,未知,简装,72.0,1987.0,273.0
大兴,2室,南,未知,精装,87.0,2013.0,470.0
大兴,1室,南,未知,简装,52.0,2011.0,316.0
大兴,3室,南北,未知,精装,91.0,2016.0,580.0
大兴,2室,南北,未知,精装,120.0,2012.0,374.0
大兴,2室,南北,未知,其他,95.0,2002.0,400.0
大兴,2室,东,无电梯,精装,73.0,1998.0,300.0
大兴,3室,东南,未知,精装,70.0,2014.0,335.0
大兴,3室,南北,未知,精装,125.0,2013.0,650.0
大兴,3室,南北,未知,精装,89.0,2015.0,430.0
大兴,4室,东南,有电梯,精装,169.0,2014.0,680.0
大兴,3室,南北,未知,精装,162.0,2015.0,960.0
大兴,3室,南北,有电梯,简装,115.0,2014.0,630.0
大兴,2室,东,未知,精装,81.0,2014.0,298.0
大兴,2室,南北,无电梯,其他,86.0,2000.0,295.0
大兴,2室,南,无电梯,精装,83.0,1998.0,332.0
大兴,3室,南北,未知,简装,94.0,1993.0,396.0
大兴,4室,南北,未知,其他,126.0,2009.0,820.0
大兴,1室,南,未知,简装,57.0,2010.0,249.5
大兴,2室,南北,无电梯,精装,90.0,2003.0,380.0
大兴,2室,东西,有电梯,简装,91.0,2009.0,430.0
大兴,4室,南北,无电梯,其他,158.0,2001.0,650.0
大兴,1室,南,无电梯,简装,57.0,2009.0,240.0
大兴,3室,南北,无电梯,简装,116.0,2000.0,426.0
大兴,2室,南北,未知,其他,86.0,2012.0,410.0
大兴,3室,西南,有电梯,精装,119.0,2012.0,690.0
大兴,3室,东南,有电梯,其他,123.0,2012.0,700.0
大兴,3室,南西,无电梯,简装,83.0,1994.0,349.0
大兴,2室,南北,无电梯,简装,73.0,1997.0,330.0
大兴,2室,东南,未知,简装,109.0,2007.0,510.0
大兴,2室,南北,无电梯,简装,83.0,2004.0,415.0
大兴,3室,南北,未知,简装,93.0,1998.0,345.0
大兴,1室,西北,有电梯,精装,46.0,2013.0,350.0
大兴,3室,南北,有电梯,精装,135.0,2014.0,895.0
大兴,2室,南北,无电梯,简装,77.0,1997.0,330.0
大兴,2室,南北,无电梯,其他,77.0,1997.0,349.0
大兴,2室,南北,无电梯,其他,67.0,1996.0,280.0
大兴,2室,南北,未知,其他,90.0,2012.0,343.0
大兴,3室,南北,有电梯,简装,98.0,2008.0,520.0
大兴,3室,南北,无电梯,简装,145.0,1999.0,630.0
大兴,2室,东,无电梯,其他,34.0,2003.0,242.0
大兴,2室,南北,有电梯,精装,90.0,2015.0,520.0
大兴,3室,南北,无电梯,简装,97.0,1998.0,410.0
大兴,1室,南,未知,简装,48.0,1996.0,235.0
大兴,2室,东西,未知,其他,78.0,2013.0,265.0
大兴,2室,南北,无电梯,其他,75.0,1995.0,255.0
大兴,2室,西南,未知,其他,89.0,2013.0,312.0
大兴,2室,南北,有电梯,精装,88.0,2009.0,350.0
大兴,2室,南北,未知,简装,84.0,2009.0,330.0
大兴,2室,南北,有电梯,精装,80.0,2013.0,546.0
大兴,3室,南北,未知,其他,96.0,1995.0,350.0
大兴,3室,南北,有电梯,精装,103.0,2013.0,685.0
大兴,3室,南北,有电梯,其他,144.0,2014.0,680.0
大兴,3室,南西,无电梯,简装,83.0,1994.0,349.0
大兴,2室,南北,无电梯,简装,73.0,1997.0,330.0
大兴,3室,南北,未知,简装,93.0,1998.0,345.0
大兴,2室,东南,未知,简装,109.0,2007.0,510.0
大兴,1室,南,无电梯,简装,57.0,2009.0,240.0
大兴,3室,东南,有电梯,精装,123.0,2012.0,660.0
大兴,3室,东西,无电梯,精装,110.0,1999.0,440.0
大兴,2室,南北,未知,精装,95.0,2004.0,285.0
大兴,3室,南北,无电梯,简装,116.0,2000.0,426.0
大兴,2室,南,未知,精装,103.0,2011.0,500.0
大兴,2室,南,有电梯,其他,78.0,2014.0,342.0
大兴,2室,东西,无电梯,简装,48.0,1996.0,200.0
大兴,3室,东北,无电梯,其他,87.0,1997.0,336.0
大兴,3室,西南,有电梯,精装,123.0,2012.0,730.0
大兴,3室,南北,无电梯,简装,82.0,1996.0,285.0
大兴,2室,南北,有电梯,简装,89.0,2012.0,350.0
大兴,3室,南北,无电梯,简装,115.0,1997.0,465.0
大兴,2室,东西,有电梯,精装,86.0,2014.0,340.0
大兴,2室,东西,有电梯,精装,85.0,2014.0,345.0
大兴,2室,南北,无电梯,精装,87.0,2001.0,365.0
大兴,2室,东西,未知,简装,60.0,1993.0,249.0
大兴,3室,南北,无电梯,精装,135.0,2000.0,485.0
大兴,2室,西北,无电梯,简装,51.0,1983.0,225.0
大兴,2室,南北,无电梯,简装,65.0,1996.0,265.0
大兴,3室,南北,无电梯,简装,97.0,1998.0,410.0
大兴,1室,南北,有电梯,精装,58.0,2012.0,265.0
大兴,2室,南北,未知,其他,89.0,2003.0,320.0
大兴,3室,西南,未知,精装,76.0,1995.0,300.0
大兴,2室,南北,无电梯,其他,86.0,2004.0,300.0
大兴,2室,南北,无电梯,简装,71.0,2005.0,310.0
大兴,3室,南北,无电梯,其他,83.0,1995.0,310.0
大兴,3室,南北,无电梯,其他,108.0,2000.0,420.0
大兴,2室,南北,无电梯,精装,105.0,1999.0,465.0
大兴,3室,南北,无电梯,简装,90.0,2001.0,335.0
大兴,3室,南北,有电梯,精装,136.0,2014.0,550.0
大兴,2室,西北,有电梯,其他,83.0,1996.0,280.0
大兴,3室,南北,未知,其他,87.0,1994.0,325.0
大兴,3室,南北,有电梯,精装,181.0,2012.0,1270.0
大兴,2室,南北,未知,精装,82.0,2010.0,320.0
大兴,2室,南北,未知,简装,95.0,2002.0,330.0
大兴,3室,南北,无电梯,简装,78.0,1996.0,325.0
大兴,3室,东南,有电梯,其他,129.0,2012.0,770.0
大兴,2室,南,有电梯,其他,89.0,2013.0,589.0
大兴,2室,南北,无电梯,简装,71.0,1994.0,299.0
大兴,3室,南北,无电梯,简装,102.0,1998.0,330.0
大兴,3室,南北,有电梯,其他,129.0,2008.0,622.0
大兴,1室,西北,有电梯,精装,46.0,2013.0,350.0
大兴,2室,东南,未知,简装,109.0,2007.0,510.0
大兴,2室,南西,有电梯,精装,103.0,2007.0,470.0
大兴,1室,南,无电梯,简装,57.0,2009.0,240.0
大兴,3室,东南,有电梯,精装,123.0,2012.0,660.0
大兴,3室,南北,有电梯,其他,144.0,2014.0,680.0
大兴,3室,东西,无电梯,精装,110.0,1999.0,440.0
大兴,2室,南北,未知,精装,95.0,2004.0,285.0
大兴,3室,南北,有电梯,简装,122.0,2012.0,660.0
大兴,3室,南北,无电梯,简装,116.0,2000.0,426.0
大兴,4室,南北,有电梯,精装,125.0,2009.0,850.0
大兴,2室,南,有电梯,其他,100.0,2002.0,440.0
大兴,2室,南北,无电梯,简装,83.0,2004.0,415.0
大兴,2室,东西,未知,简装,77.0,1996.0,265.0
大兴,2室,东西,未知,其他,72.0,1995.0,289.0
大兴,4室,南北,未知,精装,193.0,2016.0,1150.0
大兴,5室,南北,未知,精装,153.0,2015.0,700.0
大兴,1室,东,无电梯,简装,52.0,1996.0,235.0
大兴,5室,南北,无电梯,精装,123.0,2010.0,820.0
大兴,3室,南北,无电梯,其他,191.0,2004.0,1100.0
大兴,2室,南北,无电梯,简装,106.0,2001.0,427.0
大兴,2室,南北,未知,其他,138.0,2015.0,670.0
大兴,4室,南北,有电梯,毛坯,96.0,2014.0,430.0
大兴,3室,东西,无电梯,精装,77.0,1995.0,310.0
大兴,3室,南北,未知,精装,162.0,2016.0,950.0
大兴,2室,东南,未知,精装,98.0,2014.0,640.0
大兴,2室,东西,未知,其他,139.0,2001.0,435.0
大兴,2室,南北,无电梯,简装,58.0,1989.0,245.0
大兴,1室,南,有电梯,其他,61.0,2009.0,285.0
大兴,2室,南北,无电梯,其他,60.0,1989.0,260.0
大兴,2室,南北,无电梯,简装,78.0,1994.0,260.0
大兴,2室,南北,未知,其他,71.0,2000.0,245.0
大兴,3室,南北,未知,简装,92.0,1998.0,385.0
大兴,3室,南北,未知,精装,90.0,2016.0,565.0
大兴,2室,南北,未知,精装,66.0,1994.0,248.0
大兴,2室,南北,无电梯,简装,68.0,1994.0,245.0
大兴,2室,南北,无电梯,精装,75.0,1995.0,305.0
大兴,2室,南北,无电梯,简装,113.0,2002.0,429.0
大兴,2室,南北,无电梯,其他,101.0,2004.0,245.0
大兴,2室,南北,无电梯,简装,71.0,2005.0,310.0
大兴,2室,南北,无电梯,简装,74.0,1996.0,305.0
大兴,3室,南北,无电梯,其他,83.0,1995.0,310.0
大兴,4室,南北,有电梯,精装,176.0,2012.0,1050.0
大兴,2室,南,有电梯,精装,82.0,2009.0,372.0
大兴,2室,南北,未知,简装,95.0,2011.0,560.0
大兴,2室,南北,未知,简装,60.0,2008.0,330.0
大兴,2室,南,有电梯,精装,90.0,2013.0,560.0
大兴,2室,南,有电梯,其他,90.0,2013.0,480.0
大兴,2室,南,有电梯,精装,87.0,2015.0,460.0
大兴,3室,东西,无电梯,其他,94.0,1994.0,398.0
大兴,3室,南北,无电梯,简装,110.0,2003.0,355.0
大兴,2室,南北,有电梯,其他,114.0,2003.0,593.0
大兴,2室,南北,有电梯,简装,88.0,2009.0,350.0
大兴,2室,南北,无电梯,简装,58.0,2003.0,312.0
大兴,3室,西南,有电梯,其他,64.0,2012.0,530.0
大兴,3室,南北,有电梯,精装,135.0,2010.0,730.0
大兴,3室,南北,无电梯,简装,80.0,1997.0,310.0
大兴,2室,南北,无电梯,其他,59.0,1990.0,288.0
大兴,2室,南北,无电梯,简装,83.0,1996.0,355.0
大兴,3室,东北,有电梯,简装,98.0,1997.0,300.0
大兴,3室,南北,有电梯,其他,122.0,2012.0,650.0
大兴,3室,南北,未知,精装,117.0,2004.0,378.0
大兴,2室,南北,有电梯,精装,85.0,2013.0,560.0
大兴,2室,南北,有电梯,其他,93.0,2009.0,420.0
大兴,2室,南北,无电梯,简装,70.0,2005.0,308.0
大兴,3室,南北,未知,毛坯,104.0,2016.0,660.0
大兴,2室,南,未知,精装,41.0,1978.0,200.0
大兴,2室,南北,无电梯,毛坯,91.0,2008.0,363.0
大兴,2室,南,有电梯,简装,86.0,2015.0,350.0
大兴,1室,南,未知,简装,51.0,1996.0,210.0
大兴,1室,南北,有电梯,其他,69.0,2005.0,309.0
大兴,1室,东南,有电梯,简装,70.0,2010.0,335.0
大兴,5室,东西,未知,简装,238.0,1999.0,750.0
大兴,5室,南北,无电梯,简装,185.0,2005.0,720.0
大兴,3室,南北,未知,精装,130.0,2015.0,850.0
大兴,3室,西南,无电梯,简装,100.0,1994.0,358.0
大兴,2室,南北,未知,毛坯,69.0,1996.0,255.0
大兴,2室,东西,无电梯,简装,95.0,1997.0,370.0
大兴,3室,南北,无电梯,精装,135.0,2004.0,470.0
大兴,3室,南北,无电梯,其他,120.0,2005.0,550.0
大兴,3室,南北,无电梯,精装,93.0,1998.0,395.0
大兴,2室,西北,有电梯,简装,47.0,2012.0,320.0
大兴,2室,东西,有电梯,简装,47.0,2013.0,355.0
大兴,4室,东南,无电梯,其他,117.0,1994.0,470.0
大兴,3室,南北,有电梯,其他,112.0,2009.0,550.0
大兴,3室,南北,无电梯,其他,120.0,1998.0,458.0
大兴,2室,东西,无电梯,其他,85.0,1998.0,320.0
大兴,3室,南北,无电梯,简装,123.0,2004.0,530.0
大兴,2室,南北,无电梯,毛坯,74.0,1998.0,300.0
大兴,2室,东南,无电梯,简装,64.0,1994.0,225.0
大兴,3室,东南,有电梯,精装,132.0,2012.0,793.0
大兴,2室,西,有电梯,精装,38.0,2013.0,310.0
大兴,3室,南北,无电梯,简装,91.0,1995.0,365.0
大兴,3室,南北,无电梯,精装,149.0,2005.0,615.0
大兴,2室,东南,有电梯,精装,90.0,2011.0,490.0
大兴,2室,南北,有电梯,简装,41.0,2012.0,320.0
大兴,2室,西北,有电梯,其他,91.0,2011.0,536.0
大兴,2室,南,有电梯,简装,87.0,2012.0,470.0
大兴,2室,南,有电梯,精装,90.0,2013.0,560.0
大兴,2室,南,有电梯,其他,90.0,2013.0,480.0
大兴,2室,南,有电梯,精装,87.0,2015.0,460.0
大兴,2室,南,有电梯,精装,82.0,2009.0,372.0
大兴,2室,东西,无电梯,毛坯,71.0,1994.0,280.0
大兴,2室,南北,无电梯,其他,100.0,2001.0,330.0
大兴,2室,南北,无电梯,精装,73.0,2008.0,330.0
大兴,2室,南北,无电梯,其他,100.0,2001.0,449.0
大兴,3室,南北,无电梯,精装,102.0,1999.0,315.0
大兴,2室,南北,无电梯,精装,81.0,1998.0,315.0
大兴,3室,南北,有电梯,精装,129.0,2014.0,602.0
大兴,6室,南北,有电梯,简装,235.0,2003.0,990.0
大兴,2室,南北,未知,精装,92.0,2001.0,460.0
大兴,2室,南北,无电梯,简装,76.0,1998.0,310.0
大兴,1室,南北,无电梯,简装,46.0,2004.0,231.0
大兴,2室,东,有电梯,精装,41.0,2012.0,330.0
大兴,2室,南北,无电梯,简装,77.0,2009.0,328.0
大兴,2室,南北,无电梯,精装,71.0,1996.0,310.0
大兴,2室,南,有电梯,精装,86.0,2015.0,380.0
大兴,4室,南北,有电梯,精装,145.0,2013.0,840.0
大兴,2室,南北,未知,简装,71.0,1998.0,305.0
大兴,2室,南北,未知,简装,68.0,1998.0,253.0
大兴,2室,南北,有电梯,简装,83.0,2009.0,438.0
大兴,2室,南,未知,毛坯,84.0,2009.0,350.0
大兴,3室,南北,未知,精装,125.0,1996.0,500.0
大兴,3室,东南,未知,精装,112.0,2010.0,420.0
大兴,2室,东南,未知,精装,87.0,2009.0,462.0
大兴,2室,南北,无电梯,简装,99.0,2001.0,355.0
大兴,2室,南北,未知,精装,71.0,1994.0,298.0
大兴,1室,南,有电梯,简装,70.0,2002.0,366.0
大兴,4室,南北,无电梯,简装,168.0,2002.0,760.0
大兴,4室,南北,未知,简装,220.0,2004.0,800.0
大兴,3室,东南,有电梯,精装,186.0,2003.0,990.0
大兴,2室,西北,未知,简装,89.0,2008.0,428.0
大兴,3室,南北,未知,其他,71.0,1982.0,285.0
大兴,3室,南北,有电梯,简装,131.0,2014.0,497.0
大兴,3室,南北,未知,简装,151.0,2004.0,630.0
大兴,2室,东南,无电梯,精装,57.0,1990.0,288.0
大兴,2室,南,有电梯,精装,81.0,2015.0,350.0
大兴,2室,南北,未知,简装,91.0,2003.0,395.0
大兴,1室,南北,未知,简装,56.0,1995.0,230.0
大兴,1室,东西,有电梯,精装,55.0,2013.0,350.0
大兴,1室,西,有电梯,简装,44.0,2013.0,300.0
大兴,2室,南北,未知,简装,70.0,1996.0,246.0
大兴,3室,东南,未知,精装,138.0,2012.0,500.0
大兴,2室,南北,无电梯,简装,97.0,1999.0,409.0
大兴,3室,东西,无电梯,简装,71.0,1984.0,255.0
大兴,3室,南北,未知,简装,125.0,2012.0,450.0
大兴,2室,东西,有电梯,精装,81.0,2010.0,430.0
大兴,2室,南北,有电梯,精装,45.0,2012.0,365.0
大兴,2室,南北,无电梯,精装,66.0,1995.0,304.0
大兴,3室,南北,无电梯,精装,130.0,1998.0,450.0
大兴,3室,南北,有电梯,简装,123.0,2012.0,685.0
大兴,3室,东南,有电梯,其他,146.0,2003.0,555.0
大兴,4室,南北,未知,精装,174.0,2007.0,718.0
大兴,2室,南北,无电梯,其他,100.0,2001.0,330.0
大兴,3室,南北,无电梯,简装,137.0,2002.0,570.0
大兴,2室,南北,无电梯,精装,97.0,2004.0,427.0
大兴,3室,南北,有电梯,精装,64.0,2012.0,499.0
大兴,1室,南北,无电梯,简装,58.0,2003.0,312.0
大兴,2室,东西,未知,精装,45.0,2012.0,375.0
大兴,2室,东西,无电梯,毛坯,71.0,1994.0,280.0
大兴,3室,南北,未知,其他,99.0,1994.0,448.0
大兴,1室,南,有电梯,精装,62.0,2010.0,360.0
大兴,1室,南,有电梯,其他,68.0,2002.0,355.0
大兴,4室,南北,无电梯,其他,220.0,2001.0,990.0
大兴,2室,南北,无电梯,简装,60.0,1994.0,210.0
大兴,2室,南北,未知,精装,84.0,2012.0,245.0
大兴,2室,南北,无电梯,简装,77.0,2002.0,275.0
大兴,2室,南北,无电梯,其他,82.0,1997.0,310.0
大兴,2室,南北,无电梯,简装,75.0,1995.0,245.0
大兴,2室,南北,有电梯,精装,46.0,2013.0,360.0
大兴,2室,南北,有电梯,精装,89.0,2011.0,498.0
大兴,2室,南北,有电梯,毛坯,88.0,2009.0,330.0
大兴,2室,南北,无电梯,简装,75.0,1995.0,249.0
大兴,2室,南北,未知,简装,96.0,2004.0,365.0
大兴,3室,南北,无电梯,精装,81.0,1994.0,345.0
大兴,3室,南北,未知,精装,80.0,2000.0,438.0
大兴,1室,南,有电梯,精装,70.0,2012.0,410.0
大兴,4室,南北,无电梯,精装,177.0,2002.0,525.0
大兴,1室,东,有电梯,其他,51.0,2007.0,207.0
大兴,2室,南,未知,简装,86.0,2010.0,309.0
大兴,2室,南北,无电梯,其他,111.0,2004.0,520.0
大兴,2室,东西,未知,精装,77.0,2013.0,260.0
大兴,2室,南北,有电梯,精装,91.0,2013.0,398.0
大兴,2室,南北,无电梯,简装,55.0,1984.0,245.0
大兴,4室,南北,无电梯,其他,207.0,2002.0,940.0
大兴,4室,南北,有电梯,精装,97.0,2014.0,385.0
大兴,3室,南北,有电梯,精装,164.0,2014.0,840.0
大兴,2室,南北,无电梯,简装,73.0,1993.0,280.0
大兴,3室,南北,有电梯,简装,131.0,2014.0,497.0
大兴,3室,南北,未知,简装,151.0,2004.0,630.0
大兴,2室,南北,未知,精装,103.0,2008.0,470.0
大兴,2室,南北,未知,其他,63.0,1996.0,265.0
大兴,2室,南北,无电梯,简装,74.0,1996.0,300.0
大兴,3室,南北,无电梯,其他,128.0,2003.0,555.0
大兴,3室,西南,有电梯,精装,72.0,2013.0,498.0
大兴,3室,南北,无电梯,简装,134.0,2001.0,580.0
大兴,3室,南北,有电梯,简装,114.0,2007.0,620.0
大兴,2室,东西,有电梯,精装,56.0,2012.0,365.0
大兴,2室,南北,未知,精装,80.0,2009.0,350.0
大兴,2室,东西,未知,精装,85.0,2014.0,340.0
大兴,3室,南北,有电梯,精装,101.0,2014.0,420.0
大兴,2室,南北,无电梯,简装,60.0,1991.0,278.0
大兴,3室,南北,未知,简装,110.0,1998.0,450.0
大兴,3室,南北,有电梯,精装,128.0,2015.0,780.0
大兴,1室,西南,有电梯,精装,64.0,2012.0,242.0
大兴,1室,西,有电梯,精装,66.0,2010.0,335.0
大兴,1室,南北,无电梯,简装,62.0,2006.0,312.0
大兴,1室,东北,有电梯,其他,66.0,2010.0,255.0
大兴,2室,南北,未知,简装,90.0,2001.0,368.0
大兴,2室,南,未知,其他,53.0,1982.0,240.0
大兴,1室,南北,无电梯,精装,61.0,1997.0,245.0
大兴,3室,南北,有电梯,其他,178.0,2012.0,1190.0
大兴,3室,南北,未知,其他,105.0,2000.0,410.0
大兴,3室,东南,未知,其他,126.0,2006.0,445.0
大兴,1室,南北,未知,精装,67.0,2002.0,250.0
大兴,3室,南北,有电梯,精装,106.0,2014.0,690.0
大兴,2室,南北,无电梯,简装,70.0,2005.0,308.0
大兴,2室,东西,有电梯,精装,95.0,2012.0,538.0
大兴,2室,东,未知,简装,40.0,2013.0,350.0
大兴,2室,东西,无电梯,其他,77.0,1996.0,265.0
大兴,3室,南,有电梯,其他,143.0,2011.0,480.0
大兴,2室,南北,无电梯,简装,75.0,1997.0,293.0
大兴,2室,南北,有电梯,其他,92.0,2013.0,397.0
大兴,3室,南北,未知,其他,87.0,1998.0,322.0
大兴,3室,南北,未知,精装,142.0,2016.0,850.0
大兴,2室,南,未知,精装,83.0,2008.0,420.0
大兴,2室,南北,未知,简装,85.0,2005.0,460.0
大兴,2室,南北,无电梯,简装,69.0,1997.0,269.0
大兴,2室,南北,未知,精装,69.0,2009.0,350.0
大兴,4室,南北,无电梯,其他,196.0,2005.0,800.0
大兴,2室,东南,无电梯,简装,91.0,1998.0,260.0
大兴,3室,南北,无电梯,其他,123.0,2002.0,460.0
大兴,3室,南北,有电梯,精装,138.0,2010.0,720.0
大兴,2室,东北,无电梯,精装,50.0,1983.0,245.0
大兴,3室,西南,有电梯,简装,121.0,2012.0,660.0
大兴,2室,南北,未知,精装,103.0,2008.0,470.0
大兴,2室,南北,无电梯,精装,69.0,1994.0,306.0
大兴,2室,东西,未知,简装,67.0,1995.0,248.0
大兴,2室,南北,有电梯,精装,93.0,2012.0,540.0
大兴,3室,南北,有电梯,精装,174.0,2007.0,790.0
大兴,3室,南北,未知,简装,138.0,2012.0,510.0
大兴,2室,南北,无电梯,简装,69.0,1997.0,278.0
大兴,3室,南北,无电梯,其他,91.0,1994.0,295.0
大兴,2室,南北,未知,简装,70.0,1995.0,250.0
大兴,2室,南北,未知,其他,63.0,1996.0,265.0
大兴,3室,南北,无电梯,其他,143.0,1999.0,480.0
大兴,3室,南北,无电梯,简装,93.0,1998.0,410.0
大兴,2室,南北,未知,简装,85.0,2012.0,255.0
大兴,1室,南北,无电梯,简装,63.0,2001.0,290.0
大兴,2室,西北,无电梯,精装,71.0,1995.0,308.0
大兴,1室,南,未知,简装,76.0,2010.0,370.0
大兴,1室,西北,有电梯,其他,56.0,2008.0,290.0
大兴,1室,东西,无电梯,简装,50.0,1995.0,215.0
大兴,1室,南,未知,其他,70.0,2012.0,408.0
大兴,1室,南北,未知,简装,65.0,2010.0,255.0
大兴,2室,南北,无电梯,简装,80.0,1997.0,320.0
大兴,1室,南,未知,简装,55.0,2009.0,253.0
大兴,1室,南,有电梯,其他,70.0,2012.0,423.0
大兴,1室,东南,未知,精装,62.0,2012.0,240.0
大兴,2室,南北,有电梯,精装,92.0,2009.0,487.0
大兴,2室,南,未知,其他,51.0,1979.0,223.5
大兴,1室,南北,无电梯,简装,55.0,2004.0,289.0
大兴,2室,南北,未知,其他,80.0,2011.0,380.0
大兴,3室,南北,无电梯,简装,112.0,2002.0,480.0
大兴,4室,东西,有电梯,简装,165.0,2001.0,570.0
大兴,3室,南北,未知,简装,89.0,1999.0,375.0
大兴,2室,南,有电梯,精装,85.0,2013.0,550.0
大兴,1室,西南,无电梯,精装,58.0,1996.0,240.0
大兴,5室,南北,无电梯,简装,211.0,1999.0,929.0
大兴,2室,南北,有电梯,简装,88.0,2012.0,300.0
大兴,2室,南北,未知,其他,84.0,2012.0,246.0
大兴,2室,东,无电梯,简装,76.0,1998.0,320.0
大兴,2室,南北,有电梯,精装,46.0,2013.0,370.0
大兴,2室,南北,无电梯,其他,66.0,1981.0,290.0
大兴,2室,南北,有电梯,简装,92.0,2003.0,410.0
大兴,3室,南北,无电梯,其他,91.0,1994.0,370.0
大兴,2室,南,有电梯,精装,91.0,2012.0,550.0
大兴,2室,东西,无电梯,其他,77.0,1996.0,265.0
大兴,2室,南北,未知,简装,82.0,2012.0,298.0
大兴,2室,南北,未知,精装,84.0,2003.0,310.0
大兴,2室,南北,有电梯,精装,94.0,2012.0,560.0
大兴,2室,南北,有电梯,精装,93.0,2012.0,550.0
大兴,2室,西北,有电梯,简装,101.0,1996.0,315.0
大兴,4室,南北,无电梯,简装,210.0,2002.0,780.0
大兴,2室,南北,无电梯,其他,185.0,2002.0,510.0
大兴,4室,东南,有电梯,精装,123.0,2013.0,690.0
大兴,3室,南北,有电梯,精装,92.0,2010.0,530.0
大兴,2室,南北,无电梯,简装,101.0,1998.0,420.0
大兴,1室,南,有电梯,精装,70.0,2012.0,410.0
大兴,4室,南北,有电梯,精装,195.0,2003.0,850.0
大兴,2室,南北,有电梯,其他,100.0,2010.0,550.0
大兴,2室,南北,未知,简装,68.0,1997.0,249.0
大兴,2室,南,有电梯,精装,84.0,2009.0,380.0
大兴,1室,南北,无电梯,简装,70.0,2003.0,338.0
大兴,3室,南北,有电梯,精装,161.0,2013.0,499.0
大兴,4室,南北,未知,精装,160.0,2008.0,738.0
大兴,4室,南北,有电梯,其他,144.0,2013.0,725.0
大兴,2室,南北,有电梯,其他,93.0,2003.0,430.0
大兴,3室,南北,有电梯,精装,138.0,2016.0,920.0
大兴,2室,南北,未知,毛坯,85.0,2014.0,338.0
大兴,4室,南北,有电梯,精装,96.0,2014.0,425.0
大兴,3室,南北,有电梯,简装,102.0,2015.0,430.0
大兴,4室,南北,有电梯,精装,174.0,2014.0,995.0
大兴,2室,南北,有电梯,简装,96.0,2011.0,480.0
大兴,2室,南北,未知,简装,59.0,1992.0,249.0
大兴,2室,南西,有电梯,简装,83.0,1997.0,285.0
大兴,3室,南北,无电梯,简装,117.0,2001.0,460.0
大兴,2室,东西,无电梯,其他,57.0,1990.0,263.0
大兴,2室,南北,无电梯,简装,107.0,1996.0,405.0
大兴,3室,南北,无电梯,其他,134.0,2000.0,580.0
大兴,2室,南北,无电梯,其他,62.0,1991.0,250.0
大兴,3室,东南,有电梯,其他,65.0,2012.0,460.0
大兴,2室,南西,未知,简装,85.0,2008.0,420.0
大兴,3室,南北,无电梯,简装,76.0,1995.0,305.0
大兴,3室,南,有电梯,精装,58.0,2012.0,435.0
大兴,3室,南北,无电梯,其他,144.0,2003.0,630.0
大兴,3室,南北,有电梯,精装,64.0,2012.0,496.0
大兴,3室,南北,无电梯,简装,94.0,1994.0,365.0
大兴,2室,南北,无电梯,其他,102.0,2000.0,430.0
大兴,2室,南北,未知,简装,91.0,2007.0,395.0
大兴,2室,南北,有电梯,简装,89.0,2012.0,350.0
大兴,2室,南北,未知,简装,76.0,2004.0,380.0
大兴,2室,东南,未知,其他,104.0,2007.0,520.0
大兴,2室,南北,未知,其他,69.0,1992.0,276.0
大兴,3室,南北,未知,精装,100.0,2014.0,415.0
大兴,2室,南北,未知,简装,92.0,2009.0,365.0
大兴,1室,南北,无电梯,精装,61.0,2004.0,306.0
大兴,2室,南北,未知,其他,69.0,1996.0,260.0
大兴,1室,南西,有电梯,精装,65.0,2010.0,315.0
大兴,2室,南,无电梯,精装,83.0,1996.0,332.0
大兴,1室,南北,有电梯,简装,64.0,2010.0,300.0
大兴,1室,南,无电梯,精装,57.0,2005.0,280.0
大兴,3室,南北,未知,简装,131.0,2004.0,520.0
大兴,3室,南北,有电梯,简装,170.0,2008.0,800.0
大兴,3室,南北,未知,简装,127.0,2000.0,430.0
大兴,2室,南北,未知,简装,82.0,2012.0,298.0
大兴,2室,南北,有电梯,精装,72.0,2013.0,490.0
大兴,4室,南北,有电梯,精装,159.0,2005.0,710.0
大兴,2室,东南,未知,简装,94.0,2012.0,468.0
大兴,3室,西南,有电梯,精装,73.0,2013.0,465.0
大兴,2室,南,有电梯,简装,92.0,2012.0,510.0
大兴,2室,南,有电梯,精装,70.0,2013.0,480.0
大兴,6室,南北,无电梯,精装,258.0,2000.0,1000.0
大兴,2室,东南,未知,精装,64.0,1995.0,288.0
大兴,3室,南北,有电梯,精装,104.0,2013.0,728.0
大兴,3室,南北,有电梯,精装,90.0,2014.0,395.0
大兴,5室,南北,无电梯,毛坯,193.0,2009.0,1050.0
大兴,1室,西南,有电梯,简装,68.0,2010.0,338.0
大兴,3室,南北,有电梯,精装,221.0,2012.0,1430.0
大兴,3室,东南,有电梯,其他,144.0,2001.0,665.0
大兴,2室,南北,无电梯,简装,100.0,2001.0,453.0
大兴,2室,南北,有电梯,简装,87.0,2012.0,525.0
大兴,2室,南北,有电梯,其他,86.0,2012.0,410.0
大兴,3室,南北,无电梯,精装,123.0,2003.0,540.0
大兴,2室,南北,无电梯,简装,99.0,2000.0,396.0
大兴,2室,南北,无电梯,简装,107.0,1996.0,405.0
大兴,2室,东西,无电梯,其他,57.0,1990.0,263.0
大兴,2室,南北,有电梯,精装,95.0,2009.0,560.0
大兴,3室,南北,有电梯,精装,89.0,2010.0,530.0
大兴,2室,东西,有电梯,精装,95.0,2012.0,570.0
大兴,3室,南北,有电梯,精装,59.0,2012.0,500.0
大兴,2室,南北,无电梯,其他,89.0,2009.0,360.0
大兴,3室,南北,有电梯,精装,119.0,2009.0,537.8
大兴,3室,南北,未知,其他,136.0,2006.0,450.0
大兴,3室,南北,有电梯,毛坯,167.0,2002.0,850.0
大兴,2室,南北,有电梯,简装,90.0,2012.0,420.0
大兴,3室,南北,未知,精装,104.0,2015.0,650.0
大兴,2室,南北,无电梯,简装,79.0,2001.0,320.0
大兴,3室,南北,有电梯,精装,133.0,2005.0,550.0
大兴,2室,东南,有电梯,精装,89.0,2015.0,469.0
大兴,2室,南北,无电梯,简装,60.0,1982.0,259.0
大兴,2室,南北,无电梯,其他,96.0,2002.0,375.0
大兴,2室,南北,有电梯,精装,71.0,2014.0,318.0
大兴,3室,南北,有电梯,其他,136.0,2005.0,705.0
大兴,2室,东北,有电梯,简装,100.0,2012.0,380.0
大兴,3室,南北,无电梯,精装,148.0,2008.0,680.0
大兴,2室,南北,未知,简装,93.0,2012.0,325.0
大兴,2室,南北,有电梯,精装,93.0,2012.0,558.0
大兴,3室,南北,有电梯,精装,106.0,2012.0,550.0
大兴,2室,南,有电梯,其他,80.0,2014.0,336.0
大兴,2室,南北,未知,精装,97.0,2010.0,550.0
大兴,2室,西,有电梯,简装,89.0,2006.0,395.0
大兴,3室,南北,未知,简装,81.0,1997.0,330.0
大兴,2室,东南,未知,简装,94.0,2012.0,468.0
大兴,2室,东,有电梯,精装,100.0,2012.0,530.0
大兴,2室,南,有电梯,简装,92.0,2012.0,510.0
大兴,3室,西南,有电梯,精装,73.0,2013.0,465.0
大兴,2室,南,有电梯,其他,83.0,2013.0,545.0
大兴,2室,西南,有电梯,精装,87.0,2005.0,380.0
大兴,3室,南北,无电梯,其他,78.0,1991.0,305.0
大兴,4室,南北,有电梯,其他,186.0,2010.0,1030.0
大兴,2室,南北,无电梯,精装,82.0,1996.0,379.0
大兴,2室,南北,未知,简装,84.0,1993.0,335.0
大兴,2室,南北,无电梯,简装,81.0,1998.0,320.0
大兴,2室,南北,有电梯,精装,46.0,2013.0,380.0
大兴,2室,东西,无电梯,简装,84.0,2001.0,327.0
大兴,2室,南北,无电梯,简装,83.0,2000.0,295.0
大兴,2室,南北,有电梯,简装,93.0,2009.0,545.0
大兴,3室,南北,未知,其他,143.0,2014.0,687.0
大兴,1室,南,未知,简装,76.0,2010.0,400.0
大兴,3室,南北,未知,其他,90.0,1995.0,350.0
大兴,4室,南北,未知,简装,156.0,2000.0,620.0
大兴,3室,南北,无电梯,简装,96.0,1995.0,369.0
大兴,3室,南北,未知,精装,123.0,2012.0,710.0
大兴,1室,东,无电梯,其他,48.0,1994.0,238.0
大兴,3室,南北,未知,简装,95.0,2004.0,380.0
大兴,1室,西北,未知,简装,51.0,2005.0,280.0
大兴,1室,南北,未知,精装,64.0,2000.0,280.0
大兴,1室,东南,无电梯,简装,53.0,1992.0,240.0
大兴,1室,南北,无电梯,简装,63.0,2004.0,286.0
大兴,3室,南北,未知,简装,135.0,2004.0,610.0
大兴,4室,西南,无电梯,简装,177.0,2002.0,650.0
大兴,2室,南北,未知,精装,89.0,1999.0,400.0
大兴,2室,南北,无电梯,简装,97.0,2000.0,360.0
大兴,3室,南北,有电梯,其他,136.0,2011.0,460.0
大兴,2室,南北,未知,简装,92.0,2006.0,368.0
大兴,2室,南北,有电梯,其他,92.0,2011.0,400.0
大兴,2室,南北,未知,其他,104.0,2001.0,350.0
大兴,3室,南北,未知,其他,170.0,2014.0,755.0
大兴,3室,南北,无电梯,其他,153.0,1999.0,612.0
大兴,3室,东西,无电梯,精装,94.0,1994.0,379.0
大兴,1室,西,有电梯,简装,66.0,2010.0,308.0
大兴,1室,南北,有电梯,精装,58.0,2012.0,265.0
大兴,2室,南北,无电梯,简装,68.0,1994.0,255.0
大兴,4室,南北,无电梯,精装,191.0,2009.0,1110.0
大兴,4室,南北,无电梯,精装,211.0,2002.0,850.0
大兴,1室,南北,无电梯,精装,62.0,2006.0,305.0
大兴,4室,南北,未知,简装,202.0,2002.0,708.0
大兴,2室,南北,无电梯,精装,77.0,1995.0,326.0
大兴,4室,南北,未知,精装,97.0,2014.0,418.0
大兴,1室,东西,有电梯,精装,64.0,2010.0,320.0
大兴,2室,南北,无电梯,简装,72.0,1997.0,285.0
大兴,2室,南北,有电梯,精装,88.0,2009.0,330.0
大兴,2室,东西,有电梯,精装,82.0,2011.0,430.0
大兴,3室,南北,未知,精装,91.0,2015.0,540.0
大兴,2室,南北,无电梯,精装,82.0,1996.0,379.0
大兴,2室,西北,有电梯,简装,134.0,2003.0,403.0
大兴,2室,南北,有电梯,精装,114.0,2003.0,460.0
大兴,3室,南北,无电梯,精装,146.0,2004.0,510.0
大兴,2室,东西,未知,简装,116.0,2001.0,340.0
大兴,2室,东西,未知,精装,116.0,2001.0,400.0
大兴,3室,东南,无电梯,简装,147.0,2001.0,515.0
大兴,3室,南北,无电梯,简装,100.0,1997.0,360.0
大兴,2室,东,有电梯,简装,107.0,2004.0,400.0
大兴,2室,东,有电梯,简装,107.0,2004.0,355.0
大兴,3室,南北,无电梯,简装,139.0,2001.0,500.0
大兴,3室,南北,无电梯,其他,127.0,2000.0,449.0
大兴,3室,南北,无电梯,简装,91.0,1998.0,310.0
大兴,3室,南北,无电梯,简装,127.0,2000.0,460.0
大兴,3室,南北,未知,简装,91.0,2010.0,500.0
大兴,2室,南北,未知,简装,86.0,2010.0,300.0
大兴,2室,南,有电梯,简装,83.0,2012.0,399.0
大兴,2室,东南,未知,精装,67.0,2010.0,390.0
大兴,2室,西,有电梯,精装,41.0,2013.0,320.0
大兴,2室,南北,无电梯,简装,93.0,2002.0,459.0
大兴,3室,南北,无电梯,简装,134.0,1999.0,630.0
大兴,3室,南北,有电梯,精装,98.0,2014.0,480.0
大兴,2室,南北,有电梯,精装,80.0,2013.0,530.0
大兴,1室,东西,未知,精装,55.0,2013.0,350.0
大兴,1室,南,未知,精装,65.0,2004.0,300.0
大兴,3室,南北,有电梯,简装,117.0,2002.0,470.0
大兴,3室,东西,未知,简装,136.0,2001.0,408.0
大兴,3室,南北,未知,其他,135.0,2001.0,420.0
大兴,3室,南北,有电梯,精装,144.0,2007.0,665.0
大兴,3室,南北,有电梯,简装,119.0,2007.0,630.0
大兴,4室,东西,无电梯,精装,93.0,1994.0,394.0
大兴,3室,南北,无电梯,精装,123.0,2000.0,538.0
大兴,3室,东北,有电梯,精装,106.0,2005.0,480.0
大兴,3室,南北,未知,精装,143.0,2006.0,630.0
大兴,3室,东西,有电梯,简装,142.0,2006.0,530.0
大兴,3室,南北,未知,简装,83.0,1996.0,280.0
大兴,3室,南北,无电梯,精装,87.0,1998.0,370.0
大兴,3室,东西,未知,简装,117.0,2000.0,380.0
大兴,2室,南北,有电梯,精装,91.0,2008.0,470.0
大兴,3室,南北,无电梯,精装,134.0,1996.0,520.0
大兴,2室,南北,无电梯,简装,77.0,2002.0,255.0
大兴,1室,南北,有电梯,精装,50.0,2014.0,239.0
大兴,2室,南北,无电梯,简装,65.0,1992.0,307.0
大兴,2室,南北,无电梯,简装,109.0,2004.0,410.0
大兴,1室,南北,有电梯,简装,59.0,2009.0,342.0
大兴,2室,南北,有电梯,其他,92.0,2009.0,395.0
大兴,2室,东,无电梯,简装,37.0,2003.0,240.0
大兴,2室,南西,有电梯,其他,88.0,2007.0,430.0
大兴,2室,南,有电梯,其他,76.0,2010.0,445.0
大兴,2室,南北,未知,简装,55.0,1990.0,249.0
大兴,2室,南,未知,简装,86.0,2009.0,455.0
大兴,3室,南北,未知,精装,136.0,2011.0,465.0
大兴,3室,南,有电梯,精装,111.0,2011.0,380.0
大兴,1室,南北,未知,简装,85.0,2006.0,410.0
大兴,2室,南北,未知,精装,59.0,1992.0,268.0
大兴,2室,东西,未知,简装,96.0,2000.0,350.0
大兴,3室,西南,有电梯,简装,70.0,2012.0,580.0
大兴,2室,南北,无电梯,简装,97.0,2002.0,440.0
大兴,3室,南北,未知,精装,90.0,2015.0,580.0
大兴,2室,南,有电梯,精装,87.0,2014.0,578.0
大兴,2室,南北,无电梯,其他,81.0,2001.0,340.0
大兴,3室,南北,无电梯,简装,86.0,1995.0,330.0
大兴,2室,东南,未知,精装,67.0,2010.0,390.0
大兴,2室,南北,无电梯,简装,78.0,1996.0,310.0
大兴,2室,南西,有电梯,精装,87.0,2009.0,395.0
大兴,2室,南北,有电梯,精装,94.0,2012.0,545.0
大兴,3室,南北,未知,简装,91.0,2010.0,500.0
大兴,2室,南北,未知,简装,86.0,2010.0,300.0
大兴,2室,南北,无电梯,精装,71.0,1997.0,290.0
大兴,2室,南北,有电梯,精装,90.0,2010.0,469.0
大兴,2室,南北,未知,精装,89.0,2012.0,540.0
大兴,3室,西南,有电梯,精装,118.0,2012.0,710.0
大兴,2室,西南,未知,简装,97.0,2005.0,460.0
大兴,3室,南北,无电梯,其他,98.0,1998.0,415.0
大兴,3室,南北,无电梯,精装,94.0,1994.0,370.0
大兴,3室,南北,未知,简装,111.0,2004.0,350.0
大兴,3室,南北,有电梯,简装,149.0,2003.0,675.0
大兴,2室,南北,无电梯,简装,97.0,2002.0,340.0
大兴,3室,南北,无电梯,精装,134.0,1999.0,500.0
大兴,2室,南北,未知,精装,84.0,2004.0,390.0
大兴,2室,南,未知,精装,92.0,2012.0,552.0
大兴,2室,南北,未知,其他,78.0,1998.0,320.0
大兴,2室,南北,无电梯,其他,90.0,2003.0,350.0
大兴,3室,南北,未知,精装,142.0,2006.0,600.0
大兴,2室,南北,未知,简装,111.0,2004.0,469.0
大兴,3室,南北,无电梯,简装,81.0,1992.0,327.8
大兴,2室,南,有电梯,精装,84.0,2014.0,360.0
大兴,2室,南北,无电梯,精装,73.0,1997.0,330.0
大兴,2室,南北,未知,简装,61.0,1990.0,250.0
大兴,2室,西北,未知,精装,89.0,2007.0,435.0
大兴,2室,南北,未知,精装,79.0,1994.0,340.0
大兴,2室,南北,未知,简装,59.0,1995.0,255.0
大兴,1室,东,有电梯,其他,66.0,2010.0,310.0
大兴,3室,南北,无电梯,简装,96.0,1994.0,355.0
大兴,2室,南北,无电梯,精装,108.0,2004.0,473.0
大兴,4室,南北,无电梯,简装,165.0,2001.0,680.0
大兴,3室,南北,未知,简装,110.0,2003.0,420.0
大兴,2室,南北,未知,简装,87.0,2000.0,300.0
大兴,2室,南北,未知,简装,90.0,2004.0,280.0
大兴,2室,南,有电梯,其他,76.0,2010.0,445.0
大兴,1室,南北,无电梯,简装,58.0,2008.0,288.0
大兴,2室,南北,无电梯,简装,109.0,2004.0,410.0
大兴,1室,南北,有电梯,简装,59.0,2009.0,342.0
大兴,3室,东南,无电梯,简装,83.0,1994.0,315.0
大兴,2室,西,有电梯,简装,89.0,2006.0,380.0
大兴,3室,南北,无电梯,精装,139.0,2008.0,615.0
大兴,2室,南北,无电梯,精装,95.0,2003.0,420.0
大兴,2室,南北,未知,简装,110.0,2005.0,340.0
大兴,2室,南北,无电梯,精装,119.0,2004.0,630.0
大兴,1室,西,有电梯,精装,68.0,2009.0,325.0
大兴,2室,南北,有电梯,精装,99.0,2009.0,485.0
大兴,3室,南北,未知,简装,117.0,2005.0,360.0
大兴,3室,南北,有电梯,简装,149.0,2003.0,675.0
大兴,2室,南北,未知,其他,70.0,1996.0,319.0
大兴,2室,南北,无电梯,简装,97.0,2002.0,340.0
大兴,3室,南北,无电梯,精装,137.0,1996.0,480.0
大兴,3室,南北,无电梯,其他,98.0,1998.0,415.0
大兴,3室,南北,未知,简装,111.0,2004.0,350.0
大兴,2室,东南,有电梯,精装,89.0,2007.0,446.0
大兴,2室,南北,有电梯,其他,89.0,2007.0,456.0
大兴,2室,南北,无电梯,简装,66.0,1994.0,290.0
大兴,1室,南北,有电梯,精装,69.0,2009.0,350.0
大兴,3室,东西,无电梯,精装,93.0,1995.0,360.0
大兴,2室,南北,无电梯,精装,96.0,2001.0,240.0
大兴,3室,南北,有电梯,简装,135.0,2002.0,635.0
大兴,2室,南北,有电梯,其他,103.0,2007.0,468.0
大兴,2室,南北,有电梯,简装,88.0,2012.0,310.0
大兴,3室,南北,无电梯,精装,116.0,1999.0,480.0
大兴,2室,南,有电梯,精装,91.0,2009.0,430.0
大兴,2室,东西,未知,简装,90.0,2011.0,530.0
大兴,2室,南北,未知,简装,84.0,2001.0,310.0
大兴,2室,南北,无电梯,简装,82.0,1998.0,320.0
大兴,3室,南北,有电梯,精装,143.0,2006.0,630.0
大兴,2室,西南,有电梯,精装,91.0,2012.0,499.0
大兴,2室,西,有电梯,精装,41.0,2012.0,310.0
大兴,3室,南北,无电梯,其他,85.0,1994.0,340.0
大兴,2室,南北,未知,精装,79.0,1997.0,334.0
大兴,3室,南北,无电梯,其他,106.0,1998.0,430.0
大兴,2室,南北,无电梯,简装,96.0,2000.0,450.0
大兴,2室,南北,未知,精装,121.0,2005.0,615.0
大兴,3室,南北,未知,精装,161.0,2012.0,860.0
大兴,2室,南,未知,精装,89.0,2013.0,489.0
大兴,4室,南北,无电梯,其他,121.0,1998.0,400.0
大兴,2室,南,有电梯,精装,66.0,2013.0,410.0
大兴,2室,南北,无电梯,其他,72.0,1999.0,320.0
大兴,3室,南北,无电梯,简装,162.0,2004.0,700.0
大兴,3室,南北,无电梯,精装,126.0,2000.0,568.0
大兴,3室,东南,无电梯,简装,83.0,1994.0,315.0
大兴,2室,西,有电梯,简装,89.0,2006.0,380.0
大兴,3室,南北,无电梯,精装,139.0,2008.0,615.0
大兴,3室,东西,有电梯,简装,145.0,2001.0,520.0
大兴,2室,南北,未知,精装,86.0,2010.0,328.0
大兴,2室,南北,有电梯,简装,114.0,2003.0,480.0
大兴,2室,南北,无电梯,简装,74.0,1990.0,325.0
大兴,3室,南北,无电梯,精装,88.0,1991.0,401.0
大兴,3室,南北,无电梯,简装,89.0,1995.0,380.0
大兴,2室,南,无电梯,简装,111.0,2001.0,420.0
大兴,3室,南北,无电梯,精装,145.0,1999.0,650.0
大兴,2室,南北,无电梯,简装,101.0,2004.0,330.0
大兴,3室,南北,无电梯,简装,133.0,2004.0,510.0
大兴,3室,南北,未知,简装,72.0,1995.0,200.0
大兴,2室,南北,未知,精装,88.0,2001.0,350.0
大兴,2室,南北,未知,简装,110.0,2005.0,340.0
大兴,3室,南北,未知,其他,82.0,1994.0,368.0
大兴,2室,西南,有电梯,精装,100.0,2009.0,480.0
大兴,3室,东北,未知,精装,98.0,1996.0,320.0
大兴,2室,南北,未知,其他,87.0,2004.0,330.0
大兴,2室,西,未知,简装,78.0,2014.0,280.0
大兴,3室,南北,无电梯,简装,127.0,2000.0,395.0
大兴,3室,南北,无电梯,简装,115.0,1994.0,486.0
大兴,3室,南北,无电梯,简装,88.0,1993.0,360.0
大兴,4室,南北,有电梯,其他,138.0,2012.0,801.0
大兴,3室,南北,未知,其他,109.0,2009.0,440.0
大兴,3室,南北,未知,其他,79.0,1995.0,285.0
大兴,3室,东南,未知,精装,64.0,2012.0,480.0
大兴,3室,南北,无电梯,精装,74.0,1993.0,312.0
大兴,2室,南北,未知,简装,82.0,2000.0,290.0
大兴,2室,南北,有电梯,简装,96.0,2011.0,475.0
大兴,3室,南北,有电梯,毛坯,135.0,2014.0,580.0
大兴,2室,东西,无电梯,其他,77.0,1996.0,270.0
大兴,3室,南,未知,精装,176.0,2011.0,570.0
大兴,3室,南北,无电梯,简装,73.0,1983.0,269.0
大兴,3室,南北,有电梯,简装,191.0,2012.0,1200.0
大兴,1室,南北,未知,精装,62.0,2006.0,314.8
大兴,6室,南北,无电梯,简装,258.0,2000.0,860.0
大兴,3室,南北,无电梯,简装,166.0,1998.0,500.0
大兴,2室,南北,未知,精装,84.0,1999.0,375.0
大兴,3室,南北,有电梯,精装,90.0,2012.0,500.0
大兴,2室,南北,无电梯,其他,86.0,2004.0,319.0
大兴,3室,南北,未知,其他,153.0,2002.0,615.0
大兴,3室,南北,无电梯,简装,80.0,1997.0,350.0
大兴,3室,南北,无电梯,其他,136.0,2001.0,438.0
大兴,3室,东南,有电梯,其他,111.0,2003.0,499.0
大兴,2室,南北,有电梯,精装,89.0,2010.0,500.0
大兴,3室,南北,未知,简装,128.0,2001.0,370.0
大兴,5室,南北,无电梯,精装,207.0,1999.0,895.0
大兴,2室,东西,有电梯,精装,90.0,2011.0,517.0
大兴,2室,南北,有电梯,简装,114.0,2003.0,590.0
大兴,2室,东西,无电梯,精装,125.0,2003.0,600.0
大兴,2室,南北,未知,其他,90.0,2008.0,485.0
大兴,3室,南北,无电梯,简装,123.0,2001.0,510.0
大兴,3室,西北,无电梯,精装,89.0,1994.0,380.0
大兴,3室,南北,无电梯,简装,81.0,1994.0,340.0
大兴,3室,南北,无电梯,精装,141.0,2003.0,550.0
大兴,4室,南北,无电梯,精装,121.0,1998.0,400.0
大兴,3室,南北,无电梯,简装,136.0,2002.0,430.0
大兴,2室,东西,未知,精装,94.0,2003.0,400.0
大兴,2室,南,未知,精装,62.0,2008.0,285.0
大兴,3室,南北,无电梯,简装,129.0,1999.0,450.0
大兴,3室,东南,无电梯,简装,124.0,2001.0,450.0
大兴,2室,南北,无电梯,简装,92.0,2003.0,460.0
大兴,2室,南北,有电梯,其他,100.0,2001.0,460.0
大兴,3室,东南,无电梯,精装,122.0,2003.0,489.0
大兴,3室,东南,无电梯,精装,94.0,1995.0,379.0
大兴,2室,东南,无电梯,简装,80.0,1997.0,319.0
大兴,3室,南北,无电梯,精装,135.0,2000.0,480.0
大兴,3室,南北,无电梯,简装,83.0,1996.0,325.0
大兴,3室,南北,无电梯,简装,153.0,2001.0,480.0
大兴,2室,南北,无电梯,简装,89.0,2004.0,400.0
大兴,2室,西南,有电梯,简装,92.0,2002.0,420.0
大兴,3室,东南,无电梯,简装,103.0,2005.0,440.0
大兴,3室,南北,有电梯,精装,121.0,2004.0,590.0
大兴,3室,东西,无电梯,精装,76.0,1990.0,320.0
大兴,2室,东,有电梯,精装,102.0,2002.0,400.0
大兴,2室,南北,未知,简装,55.0,1984.0,235.0
大兴,2室,南北,未知,精装,96.0,2003.0,424.0
大兴,2室,南,未知,精装,87.0,2015.0,470.0
大兴,2室,东西,未知,精装,77.0,2014.0,260.0
大兴,4室,南北,无电梯,简装,238.0,2003.0,1130.0
大兴,1室,东北,无电梯,简装,58.0,2003.0,258.0
大兴,1室,南北,未知,简装,65.0,1999.0,275.0
大兴,2室,南北,无电梯,简装,94.0,2007.0,435.0
大兴,3室,南北,未知,精装,89.0,2015.0,660.0
大兴,3室,南北,有电梯,精装,126.0,2012.0,725.0
大兴,3室,南北,有电梯,毛坯,144.0,2014.0,800.0
大兴,2室,南,有电梯,毛坯,86.0,2013.0,455.0
大兴,2室,南北,有电梯,简装,84.0,2014.0,350.0
大兴,2室,西,未知,精装,42.0,2012.0,330.0
大兴,3室,南北,无电梯,简装,121.0,2002.0,515.0
大兴,2室,南北,无电梯,简装,113.0,2002.0,480.0
大兴,2室,东西,无电梯,简装,95.0,2004.0,421.0
大兴,3室,南北,无电梯,简装,94.0,1994.0,380.0
大兴,4室,南北,有电梯,精装,185.0,2002.0,700.0
大兴,3室,南北,未知,简装,126.0,2000.0,460.0
大兴,4室,南北,有电梯,其他,212.0,2014.0,725.0
大兴,5室,南北,无电梯,其他,201.0,2003.0,795.0
大兴,3室,南北,无电梯,简装,88.0,1989.0,335.0
大兴,2室,南北,无电梯,简装,72.0,1994.0,289.0
大兴,3室,南北,有电梯,精装,123.0,2014.0,540.0
大兴,2室,南北,无电梯,简装,116.0,2006.0,525.0
大兴,2室,南北,无电梯,简装,71.0,1994.0,330.0
大兴,3室,南北,未知,简装,72.0,1987.0,282.0
大兴,3室,南北,无电梯,简装,105.0,1995.0,390.0
大兴,4室,南北,无电梯,精装,159.0,1999.0,598.0
大兴,2室,南北,无电梯,简装,90.0,2006.0,450.0
大兴,3室,东南,无电梯,简装,93.0,1996.0,298.0
大兴,2室,南,有电梯,简装,67.0,2010.0,350.0
大兴,4室,东南,有电梯,简装,165.0,2001.0,580.0
大兴,2室,南北,无电梯,简装,100.0,1996.0,348.0
大兴,3室,南北,未知,简装,111.0,2005.0,425.0
大兴,2室,南,有电梯,精装,99.0,2011.0,550.0
大兴,3室,南北,无电梯,简装,120.0,2004.0,448.0
大兴,2室,南北,有电梯,简装,90.0,2007.0,470.0
大兴,2室,南北,未知,精装,73.0,1994.0,255.0
大兴,3室,东西,无电梯,精装,106.0,2005.0,413.0
大兴,2室,南北,有电梯,简装,90.0,2005.0,448.0
大兴,2室,南北,无电梯,简装,111.0,2000.0,405.0
大兴,3室,南北,无电梯,简装,78.0,1996.0,330.0
大兴,3室,东西,有电梯,精装,143.0,2006.0,560.0
大兴,3室,南北,无电梯,简装,124.0,2002.0,455.0
大兴,2室,南北,有电梯,精装,99.0,2009.0,500.0
大兴,2室,东西,有电梯,精装,95.0,2010.0,549.0
大兴,2室,南北,未知,简装,86.0,2010.0,320.0
大兴,3室,东南,未知,精装,127.0,2009.0,715.0
大兴,2室,南北,未知,精装,92.0,2005.0,400.0
大兴,1室,南北,无电梯,精装,69.0,2004.0,330.0
大兴,2室,南北,未知,其他,80.0,2000.0,281.0
大兴,2室,南北,有电梯,简装,91.0,2009.0,430.0
大兴,2室,南北,有电梯,其他,73.0,2014.0,335.0
大兴,2室,南北,无电梯,简装,72.0,1997.0,325.0
大兴,2室,南,有电梯,精装,70.0,2012.0,410.0
大兴,3室,西南,有电梯,精装,104.0,2014.0,430.0
大兴,4室,南北,有电梯,简装,223.0,2005.0,1050.0
大兴,2室,南北,无电梯,简装,69.0,1996.0,240.0
大兴,2室,南北,有电梯,简装,84.0,2009.0,325.0
大兴,2室,南北,有电梯,精装,77.0,2013.0,490.0
大兴,4室,南北,有电梯,精装,184.0,2011.0,600.0
大兴,2室,南北,有电梯,简装,89.0,2003.0,367.0
大兴,1室,南,未知,其他,66.0,2006.0,258.0
大兴,2室,南北,无电梯,精装,71.0,1996.0,320.0
大兴,2室,南北,未知,其他,96.0,2001.0,458.0
大兴,3室,南北,有电梯,精装,136.0,2012.0,800.0
大兴,2室,南北,未知,简装,85.0,2014.0,245.0
大兴,3室,南北,无电梯,其他,153.0,2000.0,830.0
大兴,3室,南北,有电梯,精装,115.0,2014.0,667.0
大兴,3室,南北,有电梯,精装,121.0,2012.0,670.0
大兴,2室,南北,无电梯,简装,75.0,1997.0,275.0
大兴,2室,东南,有电梯,精装,89.0,2013.0,448.0
大兴,2室,南北,有电梯,简装,89.0,2009.0,485.0
大兴,2室,南北,无电梯,简装,61.0,1993.0,248.0
大兴,2室,南,有电梯,精装,87.0,2015.0,390.0
大兴,2室,南北,有电梯,简装,88.0,2015.0,420.0
大兴,2室,南北,有电梯,简装,89.0,2015.0,499.0
大兴,2室,南北,有电梯,其他,84.0,2014.0,355.5
大兴,2室,南,有电梯,精装,83.0,2014.0,355.0
大兴,2室,南北,有电梯,精装,77.0,2015.0,380.0
大兴,2室,南西,有电梯,简装,78.0,2014.0,328.0
大兴,4室,南北,未知,简装,96.0,1998.0,450.0
大兴,3室,南北,无电梯,精装,101.0,2006.0,330.0
大兴,1室,西北,有电梯,简装,60.0,2006.0,316.0
大兴,1室,东北,有电梯,其他,70.0,2007.0,350.0
大兴,3室,南北,未知,简装,102.0,2000.0,458.0
大兴,2室,南北,无电梯,其他,69.0,2001.0,310.0
大兴,4室,南北,无电梯,精装,162.0,2000.0,815.0
大兴,3室,南北,未知,简装,140.0,2012.0,700.0
大兴,3室,南北,有电梯,其他,138.0,2012.0,735.0
大兴,2室,南北,未知,其他,64.0,2013.0,369.0
大兴,2室,南,未知,简装,93.0,2006.0,410.0
大兴,2室,西北,未知,简装,64.0,2007.0,330.0
大兴,1室,南,有电梯,简装,70.0,2004.0,330.0
大兴,2室,南,有电梯,毛坯,96.0,2002.0,464.0
大兴,3室,南北,无电梯,其他,175.0,2002.0,787.0
大兴,3室,南北,无电梯,简装,103.0,2000.0,399.0
大兴,2室,南,有电梯,简装,93.0,2009.0,490.0
大兴,3室,西南,未知,精装,90.0,2012.0,480.0
大兴,2室,南北,无电梯,简装,70.0,2005.0,308.0
大兴,2室,南北,未知,精装,82.0,2014.0,370.0
大兴,2室,南,有电梯,毛坯,96.0,2002.0,464.0
大兴,3室,南北,无电梯,简装,84.0,1996.0,340.0
大兴,2室,南北,有电梯,简装,105.0,2008.0,410.0
大兴,2室,东西,有电梯,精装,55.0,2013.0,390.0
大兴,2室,南北,有电梯,简装,84.0,2009.0,325.0
大兴,2室,南北,有电梯,其他,90.0,2010.0,475.0
大兴,2室,南北,无电梯,简装,64.0,1992.0,285.0
大兴,2室,南北,无电梯,简装,72.0,1997.0,325.0
大兴,2室,东,未知,其他,94.0,2006.0,300.0
大兴,1室,南,有电梯,精装,81.0,2012.0,316.0
大兴,2室,南北,未知,简装,84.0,2006.0,310.0
大兴,1室,南,无电梯,简装,54.0,1996.0,228.0
大兴,1室,南,有电梯,其他,69.0,2010.0,399.0
大兴,3室,南北,有电梯,简装,129.0,2012.0,750.0
大兴,2室,南北,无电梯,毛坯,85.0,2007.0,366.0
大兴,3室,南北,无电梯,其他,87.0,1995.0,300.0
大兴,2室,南北,未知,其他,71.0,1985.0,295.0
大兴,2室,南北,未知,精装,57.0,1993.0,246.0
大兴,3室,南北,无电梯,简装,137.0,2003.0,590.0
大兴,3室,南北,未知,精装,132.0,2012.0,980.0
大兴,4室,南北,未知,简装,141.0,2002.0,485.0
大兴,1室,东南,有电梯,简装,75.0,2007.0,350.0
大兴,3室,南北,无电梯,精装,138.0,2007.0,595.0
大兴,2室,东西,未知,其他,93.0,2003.0,370.0
大兴,3室,南北,有电梯,精装,134.0,2002.0,635.0
大兴,3室,南北,无电梯,其他,119.0,2006.0,510.0
大兴,3室,南北,未知,简装,103.0,1998.0,450.0
大兴,3室,南北,有电梯,简装,120.0,2007.0,660.0
大兴,1室,南,有电梯,精装,67.0,2010.0,325.0
大兴,1室,南北,有电梯,简装,75.0,2008.0,335.0
大兴,3室,东西,未知,简装,74.0,1995.0,260.0
大兴,2室,南北,未知,简装,86.0,1999.0,362.0
大兴,3室,南北,有电梯,精装,136.0,2003.0,580.0
大兴,1室,东北,有电梯,其他,70.0,2007.0,350.0
大兴,2室,南西,有电梯,简装,78.0,2014.0,328.0
大兴,4室,南北,未知,简装,96.0,1998.0,450.0
大兴,3室,南北,无电梯,精装,101.0,2006.0,330.0
大兴,1室,西北,有电梯,简装,60.0,2006.0,316.0
大兴,2室,西南,未知,精装,69.0,2013.0,290.0
大兴,3室,东西,有电梯,毛坯,143.0,2006.0,530.0
大兴,3室,南北,有电梯,精装,141.0,2006.0,560.0
大兴,2室,南北,未知,精装,85.0,2010.0,298.0
大兴,4室,南北,无电梯,精装,159.0,1999.0,480.0
大兴,2室,南北,无电梯,简装,85.0,2003.0,280.0
大兴,3室,南北,未知,精装,136.0,2007.0,610.0
大兴,2室,南北,未知,精装,77.0,1998.0,330.0
大兴,4室,南北,无电梯,精装,158.0,2001.0,695.0
大兴,4室,南,有电梯,精装,187.0,2005.0,800.0
大兴,3室,南北,无电梯,毛坯,110.0,2000.0,490.0
大兴,3室,南北,无电梯,简装,114.0,2000.0,330.0
大兴,2室,东西,有电梯,精装,45.0,2012.0,335.0
大兴,4室,南北,未知,简装,179.0,2000.0,650.0
大兴,3室,南北,无电梯,其他,110.0,2011.0,420.0
大兴,3室,南北,无电梯,其他,117.0,2002.0,550.0
大兴,3室,南北,有电梯,简装,91.0,2007.0,435.0
大兴,5室,东南,未知,精装,214.0,2005.0,550.0
大兴,2室,南北,有电梯,精装,121.0,2005.0,610.0
大兴,3室,南北,无电梯,其他,82.0,1994.0,340.0
大兴,3室,南北,无电梯,简装,115.0,1999.0,505.0
大兴,2室,东西,未知,简装,57.0,1992.0,256.0
大兴,2室,西南,未知,简装,97.0,2005.0,468.0
大兴,2室,南北,有电梯,精装,105.0,2006.0,450.0
大兴,3室,南北,未知,简装,106.0,2010.0,418.0
大兴,2室,东南,未知,简装,95.0,2012.0,395.0
大兴,2室,南北,无电梯,简装,79.0,1999.0,360.0
大兴,2室,南北,未知,其他,73.0,1993.0,286.0
大兴,2室,南北,未知,其他,85.0,1996.0,310.0
大兴,3室,南北,未知,简装,123.0,1999.0,520.0
大兴,2室,南北,无电梯,其他,136.0,2009.0,750.0
大兴,1室,南北,无电梯,精装,63.0,2004.0,290.0
大兴,2室,南北,无电梯,精装,56.0,1990.0,270.0
大兴,2室,南北,未知,其他,70.0,2000.0,262.0
大兴,1室,南北,有电梯,简装,67.0,2005.0,299.0
大兴,2室,南,无电梯,简装,44.0,1977.0,208.0
大兴,3室,南北,无电梯,简装,107.0,1999.0,450.0
大兴,2室,南北,未知,简装,58.0,1993.0,240.0
大兴,4室,南北,未知,精装,217.0,2012.0,1400.0
大兴,3室,南北,无电梯,简装,140.0,2008.0,515.0
大兴,2室,南北,未知,精装,86.0,2010.0,315.0
大兴,2室,南北,有电梯,简装,90.0,2007.0,430.0
大兴,3室,南北,无电梯,简装,123.0,2003.0,485.0
大兴,2室,南北,未知,其他,55.0,1993.0,239.0
大兴,3室,南北,无电梯,简装,145.0,1999.0,635.0
大兴,2室,南北,未知,简装,85.0,2004.0,301.0
大兴,3室,南北,未知,简装,101.0,1997.0,386.0
大兴,2室,南北,未知,简装,114.0,2003.0,398.0
大兴,2室,南北,未知,精装,77.0,2013.0,516.0
大兴,2室,南北,未知,简装,60.0,1988.0,249.0
大兴,3室,南北,无电梯,精装,124.0,2003.0,480.0
大兴,1室,东,未知,简装,44.0,1980.0,208.0
大兴,2室,南北,有电梯,精装,90.0,2009.0,500.0
大兴,2室,南北,无电梯,精装,58.0,2003.0,310.0
大兴,2室,南北,有电梯,其他,89.0,2013.0,515.0
大兴,2室,南,有电梯,精装,84.0,2014.0,358.0
大兴,2室,南北,无电梯,简装,69.0,1996.0,255.0
大兴,3室,南北,无电梯,简装,133.0,2004.0,530.0
大兴,3室,南北,无电梯,简装,105.0,1995.0,380.0
大兴,2室,西南,未知,精装,69.0,2013.0,290.0
大兴,2室,南,未知,精装,84.0,2014.0,360.0
大兴,3室,南北,未知,精装,117.0,1998.0,398.0
大兴,3室,南北,有电梯,简装,142.0,2006.0,620.0
大兴,3室,南北,无电梯,简装,116.0,1999.0,487.0
大兴,3室,南北,无电梯,精装,129.0,1994.0,500.0
大兴,2室,南北,有电梯,简装,91.0,2003.0,410.0
大兴,2室,南北,未知,精装,59.0,1994.0,249.0
大兴,3室,南北,无电梯,精装,149.0,2000.0,580.0
大兴,2室,南北,未知,精装,84.0,2004.0,421.8
大兴,3室,南北,无电梯,精装,137.0,2002.0,530.0
大兴,2室,南北,未知,其他,116.0,2005.0,520.0
大兴,2室,南北,无电梯,其他,102.0,2003.0,442.0
大兴,3室,南北,未知,其他,95.0,2004.0,325.0
大兴,5室,南北,未知,精装,205.0,2000.0,750.0
大兴,2室,南北,无电梯,简装,95.0,2000.0,315.0
大兴,4室,西南,无电梯,简装,224.0,2001.0,958.0
大兴,3室,南北,无电梯,简装,114.0,2002.0,420.0
大兴,3室,南北,无电梯,简装,114.0,2004.0,572.0
大兴,2室,南北,无电梯,简装,92.0,2005.0,428.0
大兴,2室,南北,未知,精装,86.0,2010.0,320.0
大兴,2室,南,有电梯,简装,86.0,2003.0,360.0
大兴,2室,南北,无电梯,简装,96.0,2000.0,310.0
大兴,1室,南,无电梯,精装,40.0,1989.0,230.0
大兴,1室,南北,未知,精装,64.0,2005.0,315.0
大兴,2室,南北,有电梯,精装,89.0,2015.0,520.0
大兴,3室,东南,有电梯,精装,71.0,2014.0,335.0
大兴,2室,东西,未知,简装,53.0,1980.0,230.0
大兴,2室,南北,未知,简装,79.0,1998.0,320.0
大兴,2室,南北,无电梯,简装,57.0,1988.0,260.0
大兴,3室,南北,未知,精装,91.0,1995.0,375.0
大兴,3室,南北,无电梯,简装,96.0,1995.0,380.0
大兴,2室,南北,未知,简装,109.0,2003.0,360.0
大兴,2室,东南,有电梯,简装,86.0,2009.0,517.2
大兴,3室,南北,无电梯,其他,93.0,1998.0,380.0
大兴,3室,南北,未知,简装,139.0,2004.0,587.0
大兴,2室,南北,无电梯,精装,73.0,1997.0,329.0
大兴,3室,东西,有电梯,精装,144.0,2006.0,515.0
大兴,2室,南北,无电梯,毛坯,82.0,2001.0,365.0
大兴,2室,南北,无电梯,精装,96.0,2004.0,405.0
大兴,2室,南北,有电梯,精装,99.0,2009.0,480.0
大兴,3室,南北,无电梯,简装,74.0,1996.0,320.0
大兴,3室,东西,有电梯,简装,142.0,2006.0,520.0
大兴,3室,南北,未知,简装,132.0,2012.0,740.0
大兴,2室,南,未知,精装,87.0,2010.0,348.0
大兴,2室,南北,无电梯,简装,53.0,1986.0,249.0
大兴,1室,东北,未知,精装,66.0,2010.0,265.0
大兴,2室,南北,未知,其他,90.0,2001.0,338.0
大兴,2室,南,有电梯,简装,97.0,2005.0,448.0
大兴,3室,南北,无电梯,精装,82.0,2000.0,369.0
大兴,3室,南北,未知,精装,88.0,1994.0,382.0
大兴,3室,南北,未知,其他,74.0,1987.0,335.0
大兴,2室,南北,无电梯,简装,79.0,1995.0,330.0
大兴,2室,南,无电梯,精装,64.0,1995.0,288.0
大兴,3室,南北,未知,毛坯,191.0,2012.0,1340.0
大兴,2室,南北,未知,精装,76.0,1996.0,338.0
大兴,3室,南北,未知,简装,134.0,2002.0,385.0
大兴,2室,南,未知,精装,84.0,2014.0,360.0
大兴,3室,南北,有电梯,精装,127.0,2009.0,720.0
大兴,2室,南北,有电梯,精装,121.0,2005.0,610.0
大兴,3室,南北,无电梯,简装,128.0,2004.0,550.0
大兴,3室,南北,无电梯,简装,118.0,2001.0,530.0
大兴,2室,南北,无电梯,精装,66.0,1989.0,280.0
大兴,2室,南北,有电梯,简装,91.0,2003.0,410.0
大兴,3室,南北,无电梯,精装,73.0,1990.0,355.0
大兴,2室,南北,无电梯,精装,84.0,2004.0,420.0
大兴,2室,南北,无电梯,精装,96.0,2001.0,434.0
大兴,5室,东南,无电梯,精装,163.0,2002.0,500.0
大兴,2室,东南,未知,精装,66.0,2013.0,420.0
大兴,2室,南,未知,精装,67.0,2013.0,435.0
大兴,2室,南北,无电梯,简装,73.0,1997.0,330.0
大兴,4室,南北,有电梯,简装,245.0,2003.0,1050.0
大兴,2室,南北,未知,其他,65.0,1995.0,290.0
大兴,2室,南,未知,精装,87.0,2014.0,548.0
大兴,3室,南北,未知,简装,81.0,1996.0,330.0
大兴,2室,南北,未知,简装,98.0,2012.0,510.0
大兴,3室,南北,有电梯,精装,129.0,2012.0,960.0
大兴,3室,南北,无电梯,精装,136.0,2002.0,410.0
大兴,3室,南北,无电梯,精装,90.0,1994.0,325.0
大兴,3室,南北,未知,简装,87.0,1996.0,320.0
大兴,3室,东南,有电梯,简装,111.0,2003.0,500.0
大兴,2室,南北,无电梯,简装,97.0,2001.0,385.0
大兴,3室,南北,无电梯,其他,93.0,1998.0,380.0
大兴,3室,南北,未知,简装,139.0,2004.0,587.0
大兴,3室,南北,未知,简装,127.0,2002.0,548.0
大兴,2室,南北,无电梯,精装,73.0,1997.0,329.0
大兴,3室,南北,无电梯,简装,96.0,1995.0,380.0
大兴,2室,东南,有电梯,简装,86.0,2009.0,517.2
大兴,1室,南北,无电梯,其他,60.0,2004.0,277.0
大兴,3室,南北,未知,其他,90.0,2014.0,378.0
大兴,1室,西南,有电梯,精装,66.0,2012.0,360.0
大兴,3室,南北,有电梯,简装,120.0,2007.0,660.0
大兴,4室,南北,无电梯,精装,221.0,2002.0,950.0
大兴,3室,南北,未知,精装,142.0,2003.0,550.0
大兴,2室,南北,未知,简装,85.0,2005.0,380.0
大兴,2室,南,未知,精装,88.0,2010.0,350.0
大兴,2室,西南,未知,简装,92.0,2009.0,485.0
大兴,2室,南北,未知,精装,97.0,2001.0,434.0
大兴,3室,南北,未知,精装,141.0,2006.0,650.0
大兴,3室,南北,未知,简装,118.0,2000.0,528.0
大兴,2室,南北,未知,精装,55.0,1984.0,260.0
大兴,2室,南北,未知,精装,89.0,2003.0,313.0
大兴,3室,南北,无电梯,精装,142.0,1999.0,460.0
大兴,3室,东北,未知,简装,106.0,2005.0,466.0
大兴,2室,东西,未知,简装,93.0,2005.0,368.0
大兴,3室,南北,有电梯,精装,141.0,2006.0,630.0
大兴,3室,南北,未知,简装,85.0,1995.0,319.0
大兴,3室,南北,未知,精装,172.0,2000.0,680.0
大兴,4室,南北,无电梯,简装,155.0,2002.0,650.0
大兴,3室,南北,有电梯,精装,142.0,2006.0,600.0
大兴,3室,南北,有电梯,精装,127.0,2009.0,720.0
大兴,5室,东南,无电梯,精装,163.0,2002.0,500.0
大兴,2室,南北,无电梯,简装,73.0,1997.0,330.0
大兴,2室,南北,无电梯,精装,84.0,2004.0,420.0
大兴,2室,南北,无电梯,精装,96.0,2001.0,434.0
大兴,3室,南北,未知,其他,106.0,2007.0,498.0
大兴,5室,南北,有电梯,精装,223.0,2007.0,950.0
大兴,3室,南北,有电梯,简装,136.0,2007.0,625.0
大兴,2室,南,有电梯,简装,98.0,2002.0,420.0
大兴,2室,西北,有电梯,简装,106.0,2007.0,445.0
大兴,3室,南北,无电梯,简装,149.0,2006.0,760.0
大兴,3室,南北,有电梯,简装,152.0,2005.0,780.0
大兴,2室,南北,有电梯,精装,93.0,2009.0,490.0
大兴,3室,南北,未知,毛坯,129.0,2014.0,610.0
大兴,2室,南北,有电梯,其他,88.0,2010.0,520.0
大兴,2室,南北,无电梯,精装,94.0,1998.0,420.0
大兴,3室,南北,无电梯,其他,71.0,1993.0,289.0
大兴,4室,南北,有电梯,精装,109.0,2013.0,730.0
大兴,1室,南,未知,简装,51.0,1998.0,240.0
大兴,1室,南北,未知,精装,61.0,1998.0,300.0
大兴,2室,南北,未知,精装,82.0,2003.0,285.0
大兴,2室,东,有电梯,精装,99.0,2006.0,280.0
大兴,2室,南北,未知,简装,86.0,2004.0,335.0
大兴,2室,南北,未知,简装,67.0,2001.0,305.0
大兴,2室,南,无电梯,其他,74.0,1997.0,320.0
大兴,4室,西南,有电梯,简装,157.0,2005.0,790.0
大兴,2室,南北,无电梯,简装,58.0,1986.0,240.0
大兴,4室,南北,无电梯,精装,124.0,1994.0,450.0
大兴,1室,南北,未知,简装,50.0,1996.0,218.0
大兴,2室,东南,有电梯,精装,88.0,2007.0,430.0
大兴,4室,南北,未知,简装,178.0,2001.0,650.0
大兴,2室,南,有电梯,简装,71.0,2013.0,460.0
大兴,2室,南北,无电梯,简装,68.0,1999.0,270.0
大兴,1室,东南,有电梯,简装,68.0,2012.0,365.0
大兴,1室,南北,无电梯,其他,60.0,2004.0,277.0
大兴,2室,北,无电梯,简装,39.0,2003.0,260.0
大兴,2室,南北,无电梯,精装,82.0,1996.0,360.0
大兴,3室,南北,无电梯,精装,145.0,1999.0,595.0
大兴,3室,南北,未知,简装,145.0,2005.0,687.0
大兴,2室,南北,无电梯,精装,87.0,2004.0,330.0
大兴,2室,南北,未知,简装,97.0,2008.0,480.0
大兴,3室,南北,未知,简装,90.0,1998.0,355.0
大兴,3室,东西,未知,简装,142.0,2003.0,690.0
大兴,3室,南北,未知,精装,138.0,2000.0,550.0
大兴,2室,东西,未知,精装,77.0,1996.0,270.0
大兴,1室,南,未知,精装,63.0,2002.0,340.0
大兴,3室,南北,未知,简装,148.0,2006.0,760.0
大兴,2室,东南,未知,简装,69.0,2013.0,290.0
大兴,2室,西南,未知,简装,97.0,2005.0,468.0
大兴,2室,南北,无电梯,精装,84.0,2004.0,395.0
大兴,4室,南北,未知,简装,207.0,1999.0,900.0
大兴,2室,南北,有电梯,精装,99.0,2008.0,459.0
大兴,3室,南北,未知,简装,84.0,1996.0,308.0
大兴,2室,南北,未知,简装,85.0,1996.0,265.0
大兴,3室,南北,有电梯,精装,136.0,2015.0,710.0
大兴,3室,南北,有电梯,其他,98.0,2014.0,467.0
大兴,2室,东西,有电梯,精装,85.0,2014.0,330.0
大兴,3室,南北,有电梯,精装,89.0,2013.0,609.0
大兴,2室,南,有电梯,简装,66.0,2010.0,316.0
大兴,2室,东西,未知,精装,47.0,2012.0,370.0
大兴,1室,南北,无电梯,精装,67.0,2005.0,335.0
大兴,3室,南北,未知,简装,95.0,1997.0,395.0
大兴,2室,南北,有电梯,精装,88.0,2009.0,520.0
大兴,2室,南,有电梯,简装,98.0,2002.0,420.0
大兴,2室,西北,有电梯,简装,106.0,2007.0,445.0
大兴,3室,南北,有电梯,精装,125.0,2012.0,635.0
大兴,3室,南北,未知,简装,94.0,2015.0,440.0
大兴,3室,南北,未知,毛坯,106.0,2016.0,650.0
大兴,2室,南北,有电梯,其他,92.0,2009.0,370.0
大兴,2室,东北,未知,其他,75.0,2001.0,298.0
大兴,3室,南北,有电梯,精装,119.0,2012.0,620.0
大兴,5室,南北,无电梯,精装,201.0,2008.0,1200.0
大兴,3室,南北,未知,精装,142.0,2006.0,608.0
大兴,2室,南北,未知,其他,81.0,1998.0,265.0
大兴,2室,南北,有电梯,简装,93.0,2003.0,430.0
大兴,3室,南北,有电梯,精装,99.0,2008.0,520.0
大兴,3室,南北,无电梯,简装,97.0,1994.0,400.0
大兴,2室,西,有电梯,简装,67.0,2010.0,310.0
大兴,2室,南北,未知,简装,127.0,2008.0,550.0
大兴,2室,南北,未知,精装,97.0,2002.0,455.0
大兴,4室,南北,无电梯,精装,162.0,1999.0,660.0
大兴,2室,南北,无电梯,简装,82.0,2001.0,350.0
大兴,2室,南北,有电梯,精装,98.0,2008.0,515.0
大兴,1室,北,有电梯,简装,50.0,2005.0,269.0
大兴,3室,南北,未知,简装,107.0,2000.0,480.0
大兴,2室,南北,无电梯,精装,91.0,2005.0,424.0
大兴,3室,南北,未知,精装,71.0,2004.0,277.0
大兴,1室,南北,未知,简装,58.0,2003.0,238.0
大兴,2室,南,无电梯,简装,54.0,1988.0,235.0
大兴,2室,南北,有电梯,其他,99.0,2012.0,830.0
大兴,2室,南北,无电梯,简装,77.0,1997.0,295.0
大兴,2室,南北,未知,简装,96.0,2004.0,395.0
大兴,3室,南北,无电梯,精装,89.0,1999.0,380.0
大兴,2室,南北,未知,毛坯,68.0,1992.0,310.0
大兴,2室,南北,有电梯,精装,85.0,2005.0,430.0
大兴,2室,南北,无电梯,其他,68.0,1994.0,260.0
大兴,2室,南北,未知,精装,82.0,2014.0,358.0
大兴,1室,东,未知,精装,53.0,2009.0,323.0
大兴,3室,南北,无电梯,精装,147.0,2004.0,605.0
大兴,3室,南北,有电梯,简装,107.0,2005.0,610.0
大兴,2室,南北,有电梯,简装,92.0,2003.0,390.0
大兴,2室,东南,有电梯,精装,93.0,2007.0,480.0
大兴,2室,南北,无电梯,精装,84.0,2004.0,399.0
大兴,3室,南北,未知,精装,136.0,2001.0,595.0
大兴,3室,东西,未知,简装,111.0,2000.0,430.0
大兴,2室,南北,未知,其他,95.0,2002.0,370.0
大兴,1室,南,有电梯,简装,67.0,2004.0,305.0
大兴,1室,南,无电梯,精装,44.0,1977.0,205.0
大兴,2室,南北,未知,精装,89.0,2011.0,500.0
大兴,2室,南北,无电梯,简装,91.0,2004.0,375.0
大兴,2室,南北,无电梯,其他,72.0,1999.0,289.0
大兴,2室,南北,无电梯,其他,71.0,1994.0,305.0
大兴,3室,南北,有电梯,其他,121.0,2013.0,800.0
大兴,2室,南北,未知,精装,46.0,2013.0,350.0
大兴,2室,东西,未知,简装,47.0,2012.0,330.0
大兴,2室,南北,有电梯,精装,77.0,2009.0,320.0
大兴,3室,南北,有电梯,毛坯,97.0,2015.0,455.0
大兴,2室,南北,无电梯,简装,81.0,2001.0,390.0
大兴,4室,南北,有电梯,毛坯,180.0,2012.0,1080.0
大兴,3室,西南,未知,精装,111.0,2010.0,430.0
大兴,3室,南北,未知,简装,82.0,1998.0,298.0
大兴,3室,南北,无电梯,精装,124.0,2010.0,780.0
大兴,2室,南,有电梯,精装,85.0,2013.0,560.0
大兴,2室,南,未知,简装,103.0,2011.0,490.0
大兴,3室,南北,无电梯,简装,94.0,1990.0,430.0
大兴,3室,南北,有电梯,毛坯,128.0,2007.0,520.0
大兴,4室,南北,有电梯,精装,197.0,2002.0,850.0
大兴,3室,南北,有电梯,精装,170.0,2008.0,780.0
大兴,2室,南北,有电梯,简装,111.0,2001.0,475.0
大兴,2室,南北,有电梯,简装,91.0,2003.0,410.0
大兴,2室,东西,有电梯,精装,98.0,2006.0,419.0
大兴,3室,南北,无电梯,精装,124.0,2004.0,512.0
大兴,3室,南北,未知,精装,147.0,2007.0,760.0
大兴,3室,南北,无电梯,简装,83.0,1995.0,280.0
大兴,2室,南北,有电梯,精装,99.0,2001.0,465.0
大兴,3室,南北,无电梯,简装,109.0,2004.0,525.0
大兴,3室,南北,有电梯,精装,141.0,2011.0,847.0
大兴,2室,南北,无电梯,简装,64.0,1994.0,265.0
大兴,2室,南,未知,精装,86.0,2010.0,315.0
大兴,2室,南北,未知,精装,81.0,2006.0,290.0
大兴,2室,南北,有电梯,精装,100.0,2007.0,475.0
大兴,3室,南北,无电梯,精装,114.0,1998.0,540.0
大兴,2室,北,无电梯,简装,42.0,2003.0,249.0
大兴,2室,南北,无电梯,简装,62.0,1998.0,245.0
大兴,3室,南北,无电梯,简装,78.0,1993.0,312.0
大兴,3室,南北,未知,其他,85.0,1994.0,330.0
大兴,2室,南,有电梯,精装,92.0,2012.0,500.0
大兴,2室,东西,无电梯,简装,73.0,1998.0,260.0
大兴,2室,南北,有电梯,其他,83.0,2009.0,340.0
大兴,2室,东北,有电梯,简装,106.0,2007.0,458.0
大兴,2室,南,未知,其他,84.0,2012.0,400.0
大兴,2室,南北,有电梯,简装,89.0,2008.0,540.0
大兴,2室,南北,未知,精装,82.0,2014.0,358.0
大兴,2室,南北,无电梯,简装,82.0,2003.0,415.0
大兴,2室,南北,有电梯,精装,99.0,2005.0,500.0
大兴,3室,南北,未知,精装,82.0,1994.0,345.0
大兴,2室,南北,无电梯,精装,83.0,1996.0,410.0
大兴,3室,南北,有电梯,精装,119.0,2007.0,650.0
大兴,4室,南北,有电梯,精装,186.0,2010.0,1020.0
大兴,2室,东西,未知,简装,61.0,1994.0,244.0
大兴,2室,南北,未知,简装,77.0,1998.0,265.0
大兴,4室,南北,有电梯,精装,186.0,2010.0,1000.0
大兴,2室,南北,未知,简装,95.0,2004.0,410.0
大兴,3室,南北,未知,简装,70.0,1992.0,300.0
大兴,3室,南北,未知,精装,136.0,1996.0,495.0
大兴,4室,南北,未知,简装,232.0,2001.0,880.0
大兴,3室,南北,有电梯,毛坯,143.0,2006.0,580.0
大兴,2室,西,未知,其他,34.0,2003.0,243.0
大兴,3室,南北,未知,其他,136.0,2007.0,620.0
大兴,3室,南北,未知,精装,146.0,2002.0,657.9
大兴,2室,西南,未知,精装,70.0,2013.0,260.0
大兴,1室,东南,未知,精装,66.0,2010.0,395.0
大兴,2室,南北,有电梯,简装,95.0,2004.0,370.0
大兴,2室,南北,未知,简装,81.0,2006.0,320.0
大兴,2室,南北,未知,简装,104.0,2008.0,430.0
大兴,2室,西南,未知,精装,87.0,2008.0,420.0
大兴,2室,南北,未知,简装,83.0,1996.0,400.0
大兴,3室,南北,有电梯,精装,152.0,2005.0,760.0
大兴,2室,南北,未知,精装,83.0,1999.0,300.0
大兴,3室,南北,未知,精装,92.0,2002.0,410.0
大兴,2室,南北,无电梯,精装,55.0,1992.0,275.0
大兴,3室,南北,未知,精装,115.0,1994.0,500.0
大兴,3室,南北,未知,精装,118.0,2002.0,498.0
大兴,1室,东西,无电梯,简装,67.0,2000.0,240.0
大兴,1室,东北,有电梯,其他,64.0,2007.0,330.0
大兴,5室,南北,未知,精装,214.0,1999.0,790.0
大兴,3室,南北,有电梯,精装,152.0,2008.0,790.0
大兴,2室,南北,无电梯,简装,66.0,1994.0,300.0
大兴,2室,南,有电梯,精装,84.0,2009.0,500.0
大兴,2室,南西,有电梯,精装,91.0,2007.0,440.0
大兴,2室,南北,未知,简装,96.0,2003.0,330.0
大兴,2室,南北,未知,简装,71.0,1995.0,275.0
大兴,3室,南北,未知,精装,131.0,2001.0,610.0
大兴,2室,南北,有电梯,简装,61.0,2004.0,309.0
大兴,2室,南北,无电梯,简装,71.0,1985.0,270.0
大兴,3室,南北,有电梯,精装,152.0,2008.0,800.0
大兴,2室,南北,无电梯,简装,93.0,2004.0,422.0
大兴,3室,南北,未知,精装,91.0,2015.0,560.0
大兴,2室,南北,无电梯,精装,81.0,1997.0,350.0
大兴,2室,南北,未知,精装,79.0,2001.0,360.0
大兴,3室,南北,无电梯,精装,91.0,1995.0,390.0
大兴,3室,南,无电梯,简装,120.0,1999.0,440.0
大兴,2室,南北,未知,简装,68.0,1994.0,245.0
大兴,2室,南北,未知,精装,69.0,1994.0,320.0
大兴,2室,南北,未知,简装,79.0,2002.0,300.0
大兴,3室,南北,无电梯,简装,124.0,2004.0,550.0
大兴,2室,南北,有电梯,简装,92.0,2002.0,400.0
大兴,2室,东西,未知,精装,102.0,2004.0,435.0
大兴,2室,南北,未知,简装,80.0,1997.0,345.0
大兴,2室,南北,未知,简装,83.0,1994.0,326.0
大兴,2室,东西,无电梯,简装,55.0,1983.0,228.0
大兴,2室,南北,有电梯,简装,92.0,2002.0,460.0
大兴,2室,南北,有电梯,简装,86.0,2008.0,410.0
大兴,2室,南北,无电梯,毛坯,78.0,2006.0,410.0
大兴,2室,东西,未知,精装,108.0,2006.0,365.0
大兴,2室,南北,有电梯,简装,86.0,2005.0,428.0
大兴,2室,东,有电梯,精装,38.0,2013.0,299.0
大兴,2室,南北,未知,精装,98.0,2000.0,370.0
大兴,3室,南北,无电梯,精装,97.0,2003.0,465.0
大兴,1室,西北,有电梯,简装,60.0,2006.0,310.0
大兴,2室,南北,未知,简装,82.0,1999.0,275.0
大兴,2室,南北,有电梯,简装,98.0,2007.0,485.0
大兴,1室,西北,有电梯,精装,63.0,2010.0,305.0
大兴,2室,南北,有电梯,简装,86.0,2005.0,432.0
大兴,2室,南北,未知,简装,92.0,2010.0,425.0
大兴,2室,东西,未知,精装,81.0,2010.0,440.0
大兴,3室,南北,无电梯,精装,80.0,1996.0,320.0
大兴,3室,南北,未知,简装,119.0,2001.0,468.0
大兴,1室,南,未知,简装,51.0,2011.0,308.0
大兴,2室,南北,无电梯,简装,74.0,1997.0,295.0
大兴,3室,南北,未知,精装,89.0,2010.0,520.0
大兴,2室,南北,有电梯,精装,91.0,2011.0,547.0
大兴,2室,南北,无电梯,其他,78.0,1996.0,337.0
大兴,3室,南北,有电梯,简装,143.0,2006.0,575.0
大兴,2室,南北,未知,简装,95.0,1999.0,420.0
大兴,2室,南北,有电梯,简装,99.0,2007.0,520.0
大兴,5室,南北,无电梯,简装,129.0,1996.0,490.0
大兴,6室,南北,无电梯,精装,231.0,2002.0,880.0
大兴,2室,东西,未知,精装,42.0,2012.0,350.0
大兴,3室,南北,有电梯,精装,123.0,2010.0,646.0
大兴,2室,南,未知,简装,93.0,2008.0,410.0
大兴,2室,南北,无电梯,简装,83.0,2003.0,420.0
大兴,3室,南北,未知,精装,107.0,2005.0,620.0
大兴,2室,南北,无电梯,其他,60.0,1991.0,260.0
大兴,3室,南北,未知,简装,96.0,2000.0,315.0
大兴,2室,南北,未知,精装,88.0,2012.0,490.0
大兴,3室,东南,有电梯,精装,127.0,2010.0,750.0
大兴,2室,南北,无电梯,其他,56.0,1991.0,265.0
大兴,2室,南北,未知,简装,71.0,1995.0,290.0
大兴,2室,南,未知,精装,77.0,2014.0,328.0
大兴,5室,南北,未知,精装,182.0,2012.0,690.0
大兴,4室,南北,无电梯,精装,209.0,1995.0,750.0
大兴,3室,南北,无电梯,简装,137.0,2003.0,570.0
大兴,2室,南北,有电梯,简装,105.0,2006.0,430.0
大兴,2室,南北,未知,精装,73.0,2008.0,337.0
大兴,1室,南,有电梯,简装,66.0,2010.0,309.0
大兴,2室,南北,无电梯,精装,84.0,2006.0,399.0
大兴,3室,南北,有电梯,精装,119.0,2005.0,550.0
大兴,3室,南北,无电梯,其他,74.0,1990.0,335.0
大兴,3室,南北,未知,精装,125.0,2004.0,560.0
大兴,2室,南北,无电梯,精装,77.0,1997.0,330.0
大兴,3室,南北,有电梯,简装,118.0,2009.0,568.0
大兴,2室,南北,未知,精装,65.0,1999.0,275.0
大兴,2室,东西,无电梯,简装,55.0,1983.0,228.0
大兴,2室,南北,无电梯,简装,73.0,2000.0,325.0
大兴,3室,南北,无电梯,精装,93.0,1998.0,440.0
大兴,2室,南,未知,简装,87.0,2015.0,428.0
大兴,3室,南北,有电梯,其他,118.0,2004.0,550.0
大兴,3室,南北,无电梯,简装,134.0,2001.0,580.0
大兴,2室,南北,无电梯,精装,119.0,2004.0,630.0
大兴,2室,南,有电梯,精装,95.0,2002.0,430.0
大兴,2室,南北,未知,简装,71.0,1998.0,310.0
大兴,3室,南北,未知,简装,80.0,1998.0,363.0
大兴,2室,南北,未知,简装,40.0,2013.0,350.0
大兴,2室,南北,未知,精装,58.0,1995.0,300.0
大兴,3室,南北,无电梯,简装,116.0,2001.0,525.0
大兴,2室,南,有电梯,精装,67.0,2010.0,335.0
大兴,3室,西南,有电梯,精装,161.0,2012.0,860.0
大兴,2室,南北,无电梯,简装,86.0,1998.0,225.0
大兴,2室,南北,无电梯,精装,137.0,2010.0,730.0
大兴,3室,南北,有电梯,精装,183.0,2010.0,850.0
大兴,2室,南北,未知,简装,90.0,1999.0,350.0
大兴,3室,南北,有电梯,简装,46.0,2012.0,345.0
大兴,3室,东,未知,简装,87.0,2006.0,395.0
大兴,3室,南北,未知,其他,90.0,1997.0,335.0
大兴,2室,南北,有电梯,毛坯,88.0,2009.0,458.0
大兴,2室,东西,未知,精装,46.0,2012.0,350.0
大兴,3室,南北,未知,毛坯,131.0,2010.0,748.5
大兴,3室,南北,有电梯,简装,132.0,2011.0,660.0
大兴,2室,南北,未知,毛坯,83.0,2007.0,410.0
大兴,2室,南北,无电梯,精装,90.0,2000.0,409.0
大兴,2室,南北,无电梯,其他,60.0,1991.0,260.0
大兴,3室,南,未知,其他,87.0,2013.0,580.0
大兴,2室,南北,未知,简装,84.0,2009.0,370.0
大兴,2室,南,未知,精装,84.0,2010.0,483.0
大兴,4室,西南,有电梯,精装,163.0,2008.0,730.0
大兴,2室,南北,未知,简装,88.0,2000.0,370.0
大兴,2室,南,未知,精装,77.0,2014.0,320.0
大兴,2室,南北,未知,精装,80.0,2007.0,430.0
大兴,2室,南北,无电梯,简装,57.0,1988.0,248.0
大兴,2室,南,有电梯,精装,92.0,2008.0,470.0
大兴,4室,南北,有电梯,其他,140.0,2012.0,800.0
大兴,3室,南北,未知,其他,131.0,2001.0,550.0
大兴,4室,南北,有电梯,其他,153.0,2012.0,555.0
大兴,2室,南北,未知,简装,54.0,1988.0,230.0
大兴,1室,南北,未知,精装,70.0,1999.0,297.0
大兴,3室,南北,有电梯,精装,88.0,2008.0,575.0
大兴,2室,南北,无电梯,精装,84.0,2006.0,380.0
大兴,3室,东南,未知,简装,106.0,2007.0,500.0
大兴,3室,南北,未知,毛坯,58.0,1977.0,225.0
大兴,2室,南北,无电梯,精装,56.0,1990.0,255.0
大兴,2室,南北,有电梯,精装,87.0,2006.0,455.0
大兴,1室,南,未知,简装,64.0,2005.0,325.0
大兴,4室,南北,未知,精装,138.0,2012.0,750.0
大兴,2室,东南,未知,精装,82.0,2007.0,423.0
大兴,1室,南北,未知,简装,51.0,1998.0,230.0
大兴,3室,南北,未知,精装,90.0,1995.0,340.0
大兴,2室,南北,无电梯,简装,95.0,2003.0,415.0
大兴,2室,南北,未知,简装,93.0,2005.0,368.0
大兴,2室,南北,无电梯,简装,73.0,2000.0,325.0
大兴,2室,东西,无电梯,简装,87.0,2001.0,320.0
大兴,3室,南北,无电梯,简装,92.0,1998.0,312.0
大兴,3室,南北,未知,简装,108.0,2007.0,489.0
大兴,2室,南北,未知,简装,59.0,1993.0,256.0
大兴,2室,南北,有电梯,精装,94.0,2012.0,570.0
大兴,2室,东南,未知,简装,68.0,1998.0,328.0
大兴,2室,南北,未知,精装,96.0,2001.0,550.0
大兴,2室,南北,未知,精装,51.0,1982.0,239.0
大兴,2室,西北,未知,精装,63.0,2008.0,300.0
大兴,2室,南,未知,精装,86.0,2008.0,420.0
大兴,2室,南北,未知,简装,80.0,2011.0,350.0
大兴,1室,西,未知,简装,66.0,2010.0,308.0
大兴,2室,南北,未知,简装,72.0,1996.0,310.0
大兴,3室,南北,未知,精装,123.0,2004.0,520.0
大兴,3室,南北,未知,简装,126.0,2003.0,390.0
大兴,2室,南,有电梯,其他,87.0,2010.0,475.0
大兴,3室,南北,未知,精装,131.0,2010.0,746.0
大兴,1室,西北,未知,其他,66.0,2007.0,328.0
大兴,2室,南北,未知,精装,107.0,2007.0,450.0
大兴,3室,东西,未知,精装,91.0,1994.0,359.0
大兴,2室,南北,未知,简装,93.0,2004.0,450.0
大兴,2室,南北,未知,精装,100.0,2007.0,465.0
大兴,4室,南北,有电梯,精装,214.0,2012.0,1450.0
大兴,1室,南,未知,简装,66.0,1996.0,245.0
大兴,3室,南北,未知,简装,71.0,1985.0,260.0
大兴,4室,南北,未知,精装,189.0,2007.0,920.0
大兴,2室,东南,未知,简装,54.0,1987.0,230.0
大兴,2室,东,未知,精装,63.0,1995.0,270.0
大兴,3室,南北,有电梯,精装,125.0,2010.0,740.0
大兴,2室,南北,无电梯,简装,63.0,1992.0,255.0
大兴,2室,东南,无电梯,精装,64.0,1993.0,258.0
大兴,3室,南北,未知,精装,94.0,1996.0,355.0
昌平,3室,东西,未知,其他,67.0,1995.0,200.0
昌平,1室,南,有电梯,简装,56.0,2009.0,278.0
昌平,其他,北,有电梯,简装,32.0,2011.0,210.0
昌平,其他,东南,未知,精装,76.0,2014.0,255.0
昌平,其他,东,有电梯,精装,51.0,2011.0,150.0
昌平,其他,北,有电梯,简装,42.0,2009.0,140.0
昌平,其他,东,有电梯,精装,61.0,2011.0,180.0
昌平,2室,西南,无电梯,精装,85.0,2005.0,430.0
昌平,其他,东西,有电梯,精装,58.0,2006.0,210.0
昌平,1室,西南,有电梯,其他,55.0,2004.0,260.0
昌平,其他,北,有电梯,精装,52.0,2009.0,270.0
昌平,其他,北,有电梯,精装,55.0,2008.0,222.0
昌平,5室,南北,有电梯,精装,241.0,2004.0,1150.0
昌平,2室,东西,未知,其他,123.0,2003.0,430.0
昌平,其他,北,有电梯,精装,32.0,2011.0,125.0
昌平,3室,南北,无电梯,简装,99.0,2000.0,335.0
昌平,3室,南北,无电梯,精装,83.0,1993.0,415.0
昌平,3室,东南,无电梯,简装,144.0,1997.0,600.0
昌平,2室,南北,未知,其他,90.0,2001.0,210.0
昌平,2室,东南,有电梯,精装,112.0,2000.0,385.0
昌平,4室,东西,未知,简装,147.0,2016.0,620.0
昌平,1室,南,有电梯,其他,74.0,2013.0,300.0
昌平,2室,南北,无电梯,简装,93.0,2014.0,347.0
昌平,其他,南北,有电梯,精装,54.0,2010.0,360.0
昌平,2室,南北,有电梯,简装,130.0,2010.0,475.0
昌平,1室,西,未知,其他,42.0,2003.0,200.0
昌平,2室,西南,未知,简装,94.0,2003.0,365.0
昌平,2室,东南,有电梯,精装,97.0,2002.0,357.0
昌平,3室,南北,无电梯,精装,83.0,1994.0,405.0
昌平,3室,南北,无电梯,其他,122.0,1998.0,470.0
昌平,1室,南,有电梯,精装,46.0,2013.0,295.0
昌平,2室,南北,无电梯,精装,112.0,2005.0,480.0
昌平,4室,南,未知,其他,241.0,2007.0,1680.0
昌平,5室,南北,有电梯,简装,89.0,2010.0,450.0
昌平,2室,南北,无电梯,精装,97.0,2006.0,460.0
昌平,其他,西,有电梯,精装,82.0,2008.0,290.0
昌平,3室,南北,有电梯,毛坯,124.0,2015.0,490.0
昌平,3室,南北,未知,精装,92.0,1990.0,255.0
昌平,3室,南北,无电梯,简装,129.0,1995.0,350.0
昌平,2室,东南,有电梯,简装,112.0,2004.0,425.0
昌平,1室,南,无电梯,简装,44.0,1992.0,192.8
昌平,3室,东,有电梯,其他,185.0,2006.0,780.0
昌平,其他,东西,有电梯,精装,58.0,2006.0,210.0
昌平,4室,南,有电梯,简装,220.0,2001.0,880.0
昌平,3室,南北,无电梯,简装,139.0,2003.0,630.0
昌平,3室,南北,有电梯,精装,244.0,2007.0,1250.0
昌平,6室,南北,未知,简装,230.0,2001.0,1350.0
昌平,5室,南北,无电梯,简装,153.0,2003.0,420.0
昌平,3室,东南,有电梯,精装,116.0,2013.0,510.0
昌平,3室,南北,未知,简装,93.0,2015.0,560.0
昌平,3室,南北,有电梯,精装,89.0,2010.0,360.0
昌平,其他,西,有电梯,精装,52.0,2011.0,208.0
昌平,其他,东北,有电梯,简装,66.0,2011.0,230.0
昌平,其他,西北,有电梯,精装,56.0,2008.0,199.0
昌平,3室,南北,有电梯,其他,121.0,2013.0,505.0
昌平,3室,南北,无电梯,精装,118.0,2003.0,530.0
昌平,3室,东南,未知,其他,97.0,2014.0,568.0
昌平,3室,南北,无电梯,精装,124.0,2009.0,488.0
昌平,3室,南北,无电梯,简装,95.0,1997.0,378.0
昌平,2室,南北,无电梯,简装,119.0,2001.0,430.0
昌平,3室,南北,无电梯,精装,124.0,2008.0,515.0
昌平,3室,南北,有电梯,精装,143.0,2013.0,609.0
昌平,2室,南北,未知,其他,80.0,1998.0,286.0
昌平,2室,东西,无电梯,其他,88.0,2006.0,450.0
昌平,2室,南,未知,精装,86.0,2011.0,370.0
昌平,2室,西南,无电梯,精装,93.0,1998.0,349.0
昌平,3室,南北,未知,精装,145.0,2015.0,666.0
昌平,2室,南,未知,精装,83.0,2015.0,420.0
昌平,3室,南北,有电梯,简装,142.0,2008.0,630.0
昌平,3室,西南,未知,简装,78.0,1998.0,378.0
昌平,2室,西南,未知,其他,54.0,1990.0,170.0
昌平,2室,南,有电梯,简装,115.0,2005.0,370.0
昌平,3室,东南,有电梯,精装,145.0,2009.0,605.0
昌平,3室,南北,有电梯,精装,123.0,2007.0,450.0
昌平,2室,南北,无电梯,简装,87.0,1999.0,400.0
昌平,3室,南北,有电梯,精装,142.0,2009.0,580.0
昌平,4室,南北,无电梯,其他,157.0,2013.0,520.0
昌平,2室,东南,有电梯,其他,64.0,2010.0,310.0
昌平,3室,南北,无电梯,简装,94.0,1998.0,380.0
昌平,2室,东南,有电梯,精装,97.0,2002.0,357.0
昌平,4室,南北,有电梯,精装,206.0,2003.0,730.0
昌平,3室,南北,未知,精装,148.0,2008.0,510.0
昌平,2室,南北,未知,简装,86.0,1999.0,325.0
昌平,1室,东,有电梯,简装,55.0,2004.0,240.0
昌平,其他,西,有电梯,精装,56.0,2011.0,178.0
昌平,其他,西,有电梯,精装,54.0,2011.0,175.0
昌平,其他,北,有电梯,其他,55.0,2009.0,195.0
昌平,其他,东南,未知,简装,59.0,2014.0,200.0
昌平,其他,北,有电梯,精装,45.0,2012.0,145.0
昌平,其他,西北,有电梯,精装,63.0,2011.0,218.0
昌平,1室,南,无电梯,精装,38.0,2003.0,220.0
昌平,其他,东北,未知,精装,77.0,2014.0,267.0
昌平,其他,南北,有电梯,简装,89.0,2008.0,265.0
昌平,其他,西,有电梯,其他,45.0,2011.0,260.0
昌平,其他,东南,有电梯,精装,103.0,2011.0,350.0
昌平,其他,西南,未知,简装,103.0,2011.0,330.0
昌平,2室,南北,未知,简装,89.0,2001.0,260.0
昌平,1室,北,有电梯,精装,50.0,2008.0,275.0
昌平,2室,东西,无电梯,简装,93.0,1997.0,290.0
昌平,3室,南北,无电梯,精装,140.0,2001.0,490.0
昌平,2室,南北,无电梯,简装,117.0,1997.0,300.0
昌平,2室,南北,有电梯,简装,98.0,2009.0,450.0
昌平,4室,南北,有电梯,精装,194.0,2010.0,735.0
昌平,3室,南北,无电梯,精装,116.0,1998.0,460.0
昌平,4室,东,有电梯,毛坯,81.0,2010.0,330.0
昌平,2室,南北,未知,其他,56.0,1986.0,245.0
昌平,2室,南,有电梯,精装,114.0,2003.0,475.0
昌平,3室,西南,有电梯,其他,155.0,2013.0,650.0
昌平,3室,南北,有电梯,精装,91.0,2012.0,466.0
昌平,1室,北,有电梯,简装,50.0,2008.0,300.0
昌平,3室,南北,有电梯,精装,122.0,2011.0,559.0
昌平,5室,南北,有电梯,简装,89.0,2010.0,430.0
昌平,3室,南北,有电梯,简装,121.0,2013.0,490.0
昌平,2室,南北,有电梯,精装,104.0,2007.0,385.0
昌平,2室,南北,有电梯,其他,96.0,2013.0,440.0
昌平,2室,西北,有电梯,简装,99.0,2004.0,365.0
昌平,2室,南北,无电梯,精装,74.0,2000.0,260.0
昌平,4室,南北,有电梯,简装,190.0,2015.0,650.0
昌平,2室,南,无电梯,简装,98.0,1996.0,300.0
昌平,3室,南北,无电梯,精装,134.0,2000.0,429.0
昌平,2室,南,未知,简装,85.0,2012.0,359.0
昌平,2室,南北,未知,其他,103.0,2005.0,435.0
昌平,2室,南北,无电梯,简装,93.0,2000.0,340.0
昌平,3室,南北,未知,精装,96.0,2016.0,520.0
昌平,3室,南北,有电梯,精装,115.0,2015.0,800.0
昌平,3室,南北,无电梯,其他,121.0,2005.0,535.0
昌平,3室,南北,未知,简装,82.0,1988.0,295.0
昌平,3室,南北,未知,精装,121.0,2003.0,568.0
昌平,1室,西,有电梯,其他,41.0,2009.0,189.0
昌平,1室,北,有电梯,简装,46.0,2007.0,298.0
昌平,其他,南,有电梯,简装,60.0,2014.0,220.0
昌平,1室,南,未知,简装,65.0,2012.0,280.0
昌平,3室,西,有电梯,其他,70.0,2010.0,308.0
昌平,3室,南北,无电梯,简装,251.0,2003.0,790.0
昌平,2室,南,有电梯,其他,82.0,2014.0,568.0
昌平,3室,南北,未知,简装,146.0,2015.0,560.0
昌平,3室,南北,未知,简装,131.0,2008.0,520.0
昌平,3室,南北,有电梯,其他,151.0,1995.0,580.0
昌平,3室,南北,未知,精装,112.0,2014.0,699.0
昌平,3室,南北,有电梯,精装,174.0,2012.0,1500.0
昌平,2室,南北,有电梯,简装,98.0,2013.0,460.0
昌平,3室,东南,未知,精装,98.0,2016.0,530.0
昌平,3室,南北,未知,精装,117.0,2005.0,480.0
昌平,2室,南北,有电梯,精装,99.0,2012.0,660.0
昌平,2室,南北,有电梯,精装,92.0,2005.0,346.0
昌平,3室,南北,无电梯,精装,100.0,2004.0,325.0
昌平,2室,南北,有电梯,精装,86.0,2011.0,320.0
昌平,其他,西南,有电梯,简装,79.0,2009.0,260.0
昌平,3室,东南,无电梯,简装,119.0,2003.0,420.0
昌平,1室,东,未知,其他,55.0,2004.0,238.0
昌平,3室,东南,未知,简装,146.0,2001.0,405.0
昌平,2室,南北,未知,精装,91.0,2014.0,546.0
昌平,4室,南北,无电梯,简装,183.0,2003.0,600.0
昌平,其他,东,有电梯,精装,82.0,2008.0,305.0
昌平,3室,南北,无电梯,精装,126.0,2004.0,550.0
昌平,其他,南,有电梯,精装,46.0,2012.0,138.0
昌平,其他,北,有电梯,其他,47.0,2012.0,145.0
昌平,1室,南,有电梯,精装,55.0,2012.0,260.0
昌平,1室,西,有电梯,其他,37.0,2011.0,180.0
昌平,其他,北,有电梯,精装,30.0,2008.0,118.0
昌平,1室,南,有电梯,精装,39.0,2009.0,228.0
昌平,2室,南北,未知,精装,122.0,2012.0,460.0
昌平,3室,南北,未知,其他,139.0,2016.0,790.0
昌平,3室,南北,有电梯,其他,104.0,2014.0,560.0
昌平,2室,南北,未知,精装,106.0,2001.0,400.0
昌平,3室,南北,无电梯,其他,128.0,1999.0,625.0
昌平,3室,南北,无电梯,精装,119.0,2000.0,455.0
昌平,2室,南,有电梯,简装,82.0,2013.0,425.0
昌平,2室,南北,有电梯,精装,85.0,2014.0,383.0
昌平,2室,南北,未知,其他,54.0,1990.0,170.0
昌平,其他,南北,有电梯,精装,57.0,2006.0,240.0
昌平,1室,南北,未知,简装,74.0,2005.0,275.0
昌平,2室,东,有电梯,精装,97.0,2002.0,385.0
昌平,3室,东西,无电梯,精装,63.0,1990.0,250.0
昌平,1室,北,无电梯,精装,41.0,2003.0,260.0
昌平,1室,东,未知,简装,54.0,2004.0,265.0
昌平,3室,南,未知,其他,82.0,2015.0,475.0
昌平,2室,南,未知,精装,51.0,1995.0,216.0
昌平,2室,南北,有电梯,其他,91.0,2012.0,585.0
昌平,3室,南北,未知,精装,167.0,2003.0,550.0
昌平,3室,南北,无电梯,简装,129.0,2002.0,490.0
昌平,其他,北,有电梯,精装,39.0,2009.0,135.0
昌平,1室,北,有电梯,精装,47.0,2006.0,298.0
昌平,3室,东西,无电梯,简装,74.0,1995.0,265.0
昌平,3室,南北,无电梯,其他,127.0,2000.0,335.0
昌平,5室,南北,未知,简装,89.0,2010.0,430.0
昌平,3室,南北,有电梯,其他,106.0,2012.0,744.8
昌平,4室,南西,有电梯,精装,191.0,2005.0,545.0
昌平,3室,南北,有电梯,精装,92.0,2010.0,440.0
昌平,3室,南北,未知,精装,130.0,2005.0,520.0
昌平,2室,南北,无电梯,精装,95.0,2001.0,405.0
昌平,3室,南北,未知,简装,127.0,2005.0,545.0
昌平,3室,南北,未知,毛坯,194.0,2016.0,1250.0
昌平,2室,西南,未知,简装,82.0,2010.0,400.0
昌平,4室,南北,未知,毛坯,213.0,2016.0,1451.0
昌平,其他,北,有电梯,精装,40.0,2008.0,155.0
昌平,其他,南北,有电梯,其他,54.0,2010.0,310.0
昌平,其他,西,有电梯,简装,46.0,2009.0,110.0
昌平,4室,南北,未知,精装,163.0,2007.0,499.0
昌平,4室,南北,有电梯,精装,142.0,2010.0,924.0
昌平,2室,西南,有电梯,简装,107.0,2003.0,450.0
昌平,2室,南,无电梯,其他,75.0,2002.0,275.0
昌平,其他,北,有电梯,其他,38.0,2009.0,130.0
昌平,3室,南北,未知,其他,71.0,1980.0,208.0
昌平,1室,西南,有电梯,简装,52.0,2008.0,330.0
昌平,2室,西,有电梯,精装,91.0,2012.0,400.0
昌平,2室,南北,未知,简装,108.0,2000.0,330.0
昌平,2室,南北,未知,其他,52.0,1979.0,225.0
昌平,其他,北,有电梯,其他,30.0,2008.0,105.0
昌平,其他,东南,未知,精装,83.0,2009.0,290.0
昌平,3室,南北,未知,其他,89.0,2016.0,530.0
昌平,2室,南,未知,简装,83.0,2015.0,380.0
昌平,3室,南北,未知,精装,131.0,1997.0,390.0
昌平,2室,南北,无电梯,其他,106.0,2002.0,370.0
昌平,2室,南北,有电梯,精装,113.0,2004.0,450.0
昌平,2室,北,无电梯,精装,84.0,1997.0,420.0
昌平,1室,南北,有电梯,其他,83.0,2004.0,330.0
昌平,1室,南,无电梯,精装,54.0,2000.0,322.0
昌平,1室,南,未知,简装,52.0,1993.0,210.0
昌平,2室,南北,有电梯,简装,88.0,2013.0,430.0
昌平,1室,南,有电梯,精装,74.0,2010.0,311.0
昌平,2室,南北,有电梯,简装,96.0,2005.0,358.0
昌平,2室,南北,未知,其他,62.0,1981.0,200.0
昌平,2室,南,无电梯,简装,62.0,1993.0,248.0
昌平,1室,东,有电梯,其他,30.0,2010.0,175.0
昌平,1室,南,有电梯,精装,69.0,2010.0,330.0
昌平,2室,南北,无电梯,精装,79.0,1990.0,285.0
昌平,2室,南北,未知,其他,53.0,1988.0,237.0
昌平,3室,南北,无电梯,其他,116.0,1999.0,350.0
昌平,3室,南北,无电梯,其他,128.0,1999.0,480.0
昌平,3室,南北,无电梯,简装,97.0,1997.0,350.0
昌平,4室,东南,无电梯,简装,184.0,1997.0,558.0
昌平,2室,南北,有电梯,简装,92.0,2014.0,460.0
昌平,2室,南,未知,简装,69.0,2016.0,392.0
昌平,3室,南北,未知,简装,127.0,2005.0,545.0
昌平,1室,南,无电梯,其他,68.0,2001.0,270.0
昌平,2室,南北,未知,其他,88.0,2005.0,440.0
昌平,2室,南北,未知,毛坯,89.0,2015.0,425.0
昌平,2室,南北,未知,精装,68.0,1990.0,270.0
昌平,1室,南,无电梯,简装,77.0,2002.0,270.0
昌平,4室,南北,有电梯,精装,181.0,2009.0,630.0
昌平,2室,南,未知,精装,53.0,2001.0,166.0
昌平,2室,南北,有电梯,精装,91.0,2014.0,430.0
昌平,2室,南北,未知,精装,85.0,2000.0,440.0
昌平,2室,东北,有电梯,精装,86.0,2011.0,360.0
昌平,2室,南北,无电梯,简装,95.0,2003.0,345.0
昌平,2室,东北,未知,精装,84.0,2005.0,370.0
昌平,3室,南西,有电梯,简装,112.0,2003.0,427.0
昌平,2室,南北,有电梯,精装,125.0,2010.0,450.0
昌平,2室,东北,有电梯,精装,188.0,2004.0,510.0
昌平,2室,南北,未知,其他,97.0,2008.0,275.0
昌平,3室,南,未知,其他,122.0,2010.0,460.0
昌平,2室,西南,有电梯,精装,84.0,2011.0,385.0
昌平,3室,南,有电梯,精装,149.0,2007.0,560.0
昌平,2室,东南,有电梯,精装,107.0,2003.0,500.0
昌平,3室,南北,有电梯,精装,142.0,2004.0,650.0
昌平,5室,西南,未知,精装,200.0,2004.0,560.0
昌平,3室,南北,未知,精装,131.0,1997.0,390.0
昌平,1室,西北,未知,简装,34.0,2004.0,255.0
昌平,1室,南,无电梯,其他,50.0,2006.0,220.0
昌平,1室,北,无电梯,简装,37.0,2001.0,256.0
昌平,2室,南北,无电梯,简装,84.0,2005.0,295.0
昌平,1室,南北,无电梯,简装,66.0,2004.0,329.0
昌平,2室,南,有电梯,其他,80.0,2010.0,398.0
昌平,2室,东西,无电梯,其他,91.0,2000.0,398.0
昌平,2室,东南,有电梯,精装,87.0,2014.0,355.0
昌平,1室,南北,无电梯,精装,56.0,1997.0,320.0
昌平,2室,南北,无电梯,简装,119.0,2005.0,445.0
昌平,1室,南,无电梯,简装,55.0,2000.0,260.0
昌平,1室,西北,有电梯,其他,48.0,2009.0,249.0
昌平,1室,西,有电梯,精装,74.0,2012.0,345.0
昌平,2室,南北,未知,其他,55.0,1990.0,183.0
昌平,1室,西,未知,精装,48.0,2009.0,268.0
昌平,1室,南北,无电梯,简装,67.0,2005.0,328.0
昌平,1室,南,未知,简装,38.0,2001.0,185.0
昌平,1室,东北,有电梯,精装,56.0,2008.0,360.0
昌平,1室,西,有电梯,其他,48.0,2008.0,290.0
昌平,2室,南北,无电梯,简装,68.0,1996.0,330.0
昌平,2室,南北,无电梯,其他,90.0,2001.0,390.0
昌平,2室,南北,未知,精装,87.0,2006.0,320.0
昌平,1室,南,未知,简装,66.0,2013.0,275.0
昌平,1室,南,无电梯,精装,42.0,1993.0,230.0
昌平,1室,东西,未知,其他,69.0,2012.0,315.0
昌平,2室,南北,有电梯,简装,88.0,2010.0,363.0
昌平,2室,西,有电梯,精装,91.0,2012.0,355.0
昌平,3室,南北,无电梯,其他,97.0,2005.0,470.0
昌平,2室,东西,无电梯,其他,84.0,2000.0,305.0
昌平,2室,南,无电梯,简装,63.0,1996.0,334.0
昌平,3室,南北,无电梯,简装,71.0,1993.0,385.0
昌平,2室,南北,未知,其他,70.0,1986.0,215.0
昌平,4室,南北,未知,其他,226.0,2010.0,1100.0
昌平,4室,南北,无电梯,精装,137.0,2003.0,460.0
昌平,5室,南北,未知,精装,209.0,1999.0,1050.0
昌平,3室,南北,有电梯,简装,176.0,2004.0,685.0
昌平,4室,南北,未知,毛坯,241.0,2015.0,1300.0
昌平,3室,南北,无电梯,精装,123.0,2000.0,560.0
昌平,其他,西南,有电梯,精装,89.0,2009.0,310.0
昌平,3室,南北,无电梯,简装,122.0,2006.0,459.0
昌平,3室,南北,无电梯,其他,158.0,2011.0,560.0
昌平,4室,南北,无电梯,精装,206.0,2003.0,640.0
昌平,6室,东西,未知,毛坯,257.0,1996.0,1050.0
昌平,其他,东北,未知,简装,65.0,2011.0,220.0
昌平,3室,南北,无电梯,精装,109.0,1995.0,490.0
昌平,3室,南北,无电梯,精装,112.0,1995.0,385.0
昌平,1室,东,有电梯,其他,61.0,2009.0,235.0
昌平,其他,南西,有电梯,精装,84.0,2009.0,305.0
昌平,3室,南北,有电梯,精装,136.0,2008.0,550.0
昌平,2室,南北,未知,精装,94.0,2005.0,430.0
昌平,2室,东,有电梯,精装,65.0,2011.0,270.0
昌平,6室,东西,有电梯,精装,206.0,2008.0,750.0
昌平,6室,东南,无电梯,简装,198.0,2001.0,500.0
昌平,2室,南北,有电梯,简装,96.0,2014.0,518.0
昌平,2室,东南,有电梯,精装,110.0,2003.0,427.0
昌平,6室,南北,无电梯,简装,190.0,2003.0,630.0
昌平,其他,南北,未知,其他,92.0,2006.0,215.0
昌平,3室,南北,无电梯,精装,67.0,2000.0,380.0
昌平,2室,南北,无电梯,简装,90.0,1999.0,318.0
昌平,2室,南北,有电梯,精装,91.0,2011.0,465.0
昌平,2室,南,有电梯,其他,104.0,2003.0,450.0
昌平,2室,南北,无电梯,简装,93.0,2000.0,330.0
昌平,4室,南北,无电梯,精装,211.0,2003.0,740.0
昌平,其他,东,有电梯,精装,44.0,2011.0,98.0
昌平,3室,南,未知,其他,89.0,2010.0,480.0
昌平,2室,东西,未知,精装,88.0,2003.0,288.0
昌平,2室,南北,无电梯,简装,89.0,2003.0,258.0
昌平,2室,东,未知,精装,83.0,2009.0,359.0
昌平,其他,东西,未知,精装,53.0,2010.0,330.0
昌平,3室,南北,未知,简装,89.0,2010.0,350.0
昌平,其他,北,未知,其他,37.0,2009.0,130.0
昌平,2室,南北,未知,简装,108.0,2008.0,450.0
昌平,2室,南北,未知,其他,62.0,1990.0,200.0
昌平,2室,南北,未知,精装,67.0,1998.0,358.0
昌平,1室,东,未知,精装,60.0,2008.0,328.0
昌平,3室,东南,无电梯,精装,107.0,1997.0,648.0
昌平,2室,南,未知,精装,58.0,1990.0,200.0
昌平,2室,东西,未知,简装,78.0,2001.0,290.0
昌平,1室,南,无电梯,精装,54.0,2000.0,305.0
昌平,2室,南,未知,精装,80.0,2015.0,550.0
昌平,3室,南北,有电梯,简装,149.0,2015.0,580.0
昌平,2室,南北,有电梯,精装,95.0,2004.0,355.0
昌平,3室,南北,有电梯,毛坯,125.0,2015.0,488.0
昌平,3室,东南,未知,简装,117.0,1998.0,280.0
昌平,3室,南北,未知,其他,127.0,2016.0,660.0
昌平,2室,东,未知,精装,53.0,1979.0,220.0
昌平,3室,南北,未知,其他,108.0,2014.0,519.0
昌平,2室,西南,未知,精装,79.0,2016.0,345.0
昌平,3室,南北,有电梯,精装,159.0,2001.0,498.0
昌平,2室,南北,无电梯,精装,88.0,2004.0,458.0
昌平,2室,南北,无电梯,精装,97.0,2004.0,415.0
昌平,3室,南北,未知,精装,113.0,2014.0,700.0
昌平,2室,南,有电梯,精装,86.0,2014.0,522.0
昌平,2室,南北,有电梯,简装,80.0,2013.0,420.0
昌平,2室,南,有电梯,简装,86.0,2014.0,420.0
昌平,2室,东,未知,精装,63.0,2010.0,305.0
昌平,3室,南,有电梯,简装,131.0,2011.0,700.0
昌平,3室,西南,未知,其他,90.0,2016.0,540.0
昌平,2室,南北,未知,精装,55.0,1978.0,330.0
昌平,2室,南北,未知,精装,94.0,2014.0,565.0
昌平,2室,南北,未知,其他,89.0,2011.0,490.0
昌平,4室,南北,未知,精装,150.0,1997.0,830.0
昌平,4室,南西,未知,精装,159.0,1995.0,650.0
昌平,1室,东南,有电梯,简装,66.0,2007.0,405.0
昌平,2室,南北,未知,简装,95.0,2002.0,270.0
昌平,其他,东,未知,精装,44.0,2011.0,115.0
昌平,6室,东南,无电梯,简装,198.0,2001.0,500.0
昌平,3室,南北,有电梯,其他,118.0,2005.0,450.0
昌平,2室,南北,未知,精装,83.0,2003.0,315.0
昌平,3室,南北,无电梯,精装,109.0,1999.0,398.0
昌平,3室,南北,未知,精装,137.0,2005.0,590.0
昌平,1室,西,有电梯,精装,41.0,2010.0,228.5
昌平,3室,南北,有电梯,精装,115.0,1995.0,450.0
昌平,2室,南北,未知,简装,87.0,1999.0,250.0
昌平,3室,南北,未知,简装,120.0,1999.0,400.0
昌平,3室,东西,未知,简装,87.0,2016.0,320.0
昌平,2室,南北,无电梯,简装,112.0,2001.0,375.0
昌平,3室,南北,有电梯,毛坯,122.0,2015.0,500.0
昌平,3室,南北,无电梯,精装,191.0,1997.0,790.0
昌平,3室,南北,未知,其他,111.0,2001.0,306.0
昌平,1室,东南,未知,精装,75.0,2001.0,335.0
昌平,2室,南北,无电梯,其他,107.0,2000.0,425.0
昌平,2室,东,未知,其他,71.0,2010.0,305.0
昌平,2室,东,未知,精装,71.0,2013.0,288.0
昌平,3室,南北,未知,精装,137.0,2013.0,570.0
昌平,2室,东北,未知,其他,61.0,1994.0,240.0
昌平,2室,西,未知,精装,106.0,2008.0,315.0
昌平,3室,南北,未知,简装,117.0,2003.0,550.0
昌平,2室,南北,无电梯,其他,98.0,2004.0,455.0
昌平,4室,南北,有电梯,毛坯,207.0,2013.0,950.0
昌平,2室,东北,有电梯,简装,187.0,2004.0,490.0
昌平,3室,南北,未知,简装,106.0,2010.0,540.0
昌平,2室,南北,有电梯,精装,95.0,2004.0,355.0
昌平,3室,南,有电梯,简装,122.0,2010.0,455.0
昌平,2室,南北,未知,精装,107.0,2013.0,395.0
昌平,3室,东西,无电梯,其他,90.0,1993.0,300.0
昌平,1室,南,有电梯,精装,63.0,2014.0,273.0
昌平,3室,南北,无电梯,精装,91.0,2000.0,375.0
昌平,2室,南北,无电梯,其他,81.0,1994.0,290.0
昌平,3室,南北,未知,精装,124.0,2006.0,532.0
昌平,3室,南北,未知,精装,107.0,2002.0,432.0
昌平,3室,南北,无电梯,其他,88.0,1994.0,360.0
昌平,3室,南北,未知,精装,116.0,2004.0,350.0
昌平,2室,南北,未知,简装,66.0,1989.0,200.0
昌平,2室,南北,未知,其他,94.0,2004.0,340.0
昌平,3室,南北,有电梯,精装,115.0,2013.0,498.0
昌平,3室,南北,无电梯,精装,118.0,2002.0,510.0
昌平,2室,东西,有电梯,简装,88.0,2009.0,375.0
昌平,2室,南北,未知,简装,93.0,2002.0,360.0
昌平,3室,南北,未知,简装,71.0,1985.0,210.0
昌平,2室,南北,未知,其他,93.0,2005.0,252.0
昌平,2室,南北,未知,精装,94.0,2000.0,410.0
昌平,2室,南北,未知,简装,74.0,2000.0,355.0
昌平,4室,南北,无电梯,简装,195.0,1998.0,550.0
昌平,3室,南北,无电梯,精装,90.0,1996.0,350.0
昌平,2室,南北,未知,其他,89.0,1998.0,290.0
昌平,1室,西,有电梯,精装,41.0,2010.0,228.5
昌平,3室,南北,有电梯,精装,115.0,1995.0,450.0
昌平,2室,南北,无电梯,其他,53.0,1996.0,308.0
昌平,3室,南北,无电梯,精装,109.0,1999.0,398.0
昌平,3室,南北,未知,精装,137.0,2005.0,590.0
昌平,2室,东南,有电梯,简装,97.0,2003.0,370.0
昌平,3室,南北,未知,简装,143.0,1999.0,620.0
昌平,1室,西,有电梯,其他,29.0,2011.0,166.0
昌平,3室,南北,未知,精装,116.0,2004.0,350.0
昌平,2室,东西,有电梯,简装,138.0,2009.0,530.0
昌平,2室,南,有电梯,精装,80.0,2010.0,400.0
昌平,3室,南北,有电梯,其他,86.0,2010.0,434.0
昌平,3室,东南,未知,其他,88.0,2011.0,380.0
昌平,3室,南北,无电梯,精装,112.0,2003.0,535.0
昌平,3室,南北,无电梯,精装,141.0,2003.0,495.0
昌平,3室,南北,无电梯,精装,83.0,1998.0,408.0
昌平,2室,南北,无电梯,其他,78.0,1996.0,342.0
昌平,3室,南北,无电梯,其他,97.0,2003.0,520.0
昌平,4室,南北,无电梯,简装,188.0,2004.0,780.0
昌平,3室,南北,无电梯,简装,101.0,1999.0,450.0
昌平,1室,南北,无电梯,其他,71.0,2000.0,320.0
昌平,3室,南北,有电梯,精装,146.0,1996.0,550.0
昌平,2室,东西,有电梯,精装,86.0,2009.0,405.0
昌平,2室,西南,有电梯,精装,85.0,2012.0,389.0
昌平,3室,南北,无电梯,精装,191.0,1997.0,1100.0
昌平,3室,东西,未知,其他,139.0,1998.0,450.0
昌平,3室,南北,无电梯,其他,116.0,2001.0,420.0
昌平,3室,南,有电梯,简装,122.0,2010.0,455.0
昌平,2室,南北,未知,精装,107.0,2013.0,395.0
昌平,3室,南北,无电梯,精装,139.0,2005.0,550.0
昌平,2室,南北,无电梯,毛坯,81.0,1999.0,450.0
昌平,2室,南,有电梯,精装,86.0,2010.0,380.0
昌平,2室,南,未知,精装,79.0,2014.0,550.0
昌平,2室,南,有电梯,精装,93.0,2012.0,418.0
昌平,3室,西南,有电梯,精装,176.0,2001.0,520.0
昌平,2室,南北,未知,精装,94.0,2015.0,568.0
昌平,3室,南北,未知,简装,145.0,2001.0,470.0
昌平,2室,西南,未知,精装,88.0,2012.0,550.0
昌平,2室,南北,无电梯,精装,97.0,1999.0,420.0
昌平,1室,东,有电梯,其他,34.0,2010.0,185.0
昌平,1室,南,无电梯,简装,53.0,2001.0,339.0
昌平,其他,南,未知,简装,67.0,2011.0,220.0
昌平,1室,北,未知,精装,46.0,2007.0,295.0
昌平,2室,南,有电梯,精装,86.0,2011.0,390.0
昌平,3室,南北,未知,精装,134.0,2009.0,555.0
昌平,2室,南北,无电梯,简装,74.0,1996.0,320.0
昌平,3室,南北,无电梯,简装,116.0,2003.0,330.0
昌平,4室,南北,无电梯,简装,140.0,1998.0,560.0
昌平,2室,南北,无电梯,精装,67.0,1995.0,289.0
昌平,2室,南北,未知,毛坯,96.0,2016.0,546.0
昌平,2室,南北,有电梯,精装,97.0,2014.0,450.0
昌平,3室,南北,未知,精装,139.0,2001.0,510.0
昌平,3室,西南,未知,精装,143.0,1999.0,520.0
昌平,其他,北,有电梯,精装,39.0,2009.0,130.0
昌平,其他,西北,有电梯,精装,59.0,2008.0,219.0
昌平,2室,南北,有电梯,简装,109.0,2006.0,460.0
昌平,其他,南,有电梯,精装,56.0,2011.0,299.0
昌平,4室,南北,未知,精装,193.0,2001.0,980.0
昌平,其他,南北,有电梯,精装,84.0,2008.0,290.0
昌平,其他,东北,未知,其他,56.0,2009.0,192.0
昌平,1室,西,有电梯,其他,33.0,2010.0,185.0
昌平,2室,南北,有电梯,其他,98.0,2012.0,650.0
昌平,2室,南,有电梯,精装,100.0,2010.0,375.0
昌平,2室,南北,无电梯,其他,91.0,2004.0,275.0
昌平,3室,南北,无电梯,其他,141.0,2003.0,570.0
昌平,3室,南北,无电梯,简装,83.0,1999.0,315.0
昌平,2室,南北,无电梯,精装,135.0,1998.0,430.0
昌平,3室,南北,无电梯,精装,116.0,2001.0,410.0
昌平,4室,南北,无电梯,其他,171.0,2002.0,500.0
昌平,3室,南北,未知,简装,144.0,2001.0,458.0
昌平,3室,南北,无电梯,精装,139.0,2005.0,550.0
昌平,2室,东西,无电梯,精装,84.0,2000.0,335.0
昌平,2室,南北,无电梯,简装,92.0,2007.0,348.0
昌平,3室,南北,未知,精装,94.0,1996.0,360.0
昌平,2室,南北,未知,简装,59.0,1992.0,250.0
昌平,2室,东西,有电梯,精装,85.0,2009.0,375.0
昌平,2室,东南,有电梯,精装,89.0,2009.0,400.0
昌平,2室,西,有电梯,其他,81.0,2012.0,335.0
昌平,3室,南北,无电梯,简装,124.0,2007.0,460.0
昌平,2室,南北,未知,其他,78.0,1996.0,310.0
昌平,2室,南,无电梯,简装,107.0,2001.0,355.0
昌平,3室,南北,未知,精装,139.0,2013.0,520.0
昌平,3室,南北,未知,精装,101.0,2013.0,390.0
昌平,3室,南北,未知,精装,100.0,2013.0,380.0
昌平,2室,南北,未知,简装,103.0,1995.0,389.0
昌平,3室,南北,无电梯,其他,120.0,2003.0,300.0
昌平,3室,西北,未知,精装,160.0,2000.0,520.0
昌平,3室,南北,未知,精装,121.0,2012.0,540.0
昌平,3室,西南,有电梯,简装,235.0,2004.0,700.0
昌平,2室,东南,无电梯,简装,64.0,1992.0,265.0
昌平,2室,南北,未知,精装,97.0,2002.0,280.0
昌平,6室,东南,未知,精装,259.0,2015.0,1460.0
昌平,3室,南北,无电梯,简装,118.0,2006.0,535.0
昌平,2室,南北,有电梯,简装,77.0,2008.0,455.0
昌平,其他,北,有电梯,简装,37.0,2009.0,122.0
昌平,3室,南北,有电梯,精装,143.0,2004.0,590.0
昌平,2室,西南,有电梯,精装,103.0,2008.0,400.0
昌平,2室,南北,有电梯,精装,92.0,2013.0,445.9
昌平,2室,南北,无电梯,精装,82.0,2013.0,310.0
昌平,3室,南北,无电梯,简装,90.0,2012.0,375.0
昌平,2室,南,无电梯,简装,60.0,1986.0,355.0
昌平,3室,东西,有电梯,其他,92.0,2013.0,405.0
昌平,3室,南北,有电梯,精装,95.0,2014.0,555.0
昌平,3室,南北,有电梯,简装,97.0,2014.0,576.0
昌平,3室,南北,未知,精装,117.0,2013.0,490.0
昌平,3室,南北,无电梯,其他,100.0,2004.0,300.0
昌平,2室,南北,无电梯,其他,97.0,2002.0,425.0
昌平,4室,南北,未知,精装,139.0,2000.0,660.0
昌平,3室,南北,未知,其他,82.0,1999.0,330.0
昌平,2室,南北,无电梯,其他,80.0,1996.0,424.0
昌平,4室,南北,未知,简装,140.0,1997.0,360.0
昌平,2室,南北,有电梯,精装,99.0,2012.0,680.0
昌平,2室,南,有电梯,其他,82.0,2014.0,496.0
昌平,3室,南北,无电梯,其他,136.0,2001.0,500.0
昌平,2室,东南,未知,精装,84.0,2012.0,388.0
昌平,2室,西,有电梯,其他,152.0,2008.0,590.0
昌平,3室,南北,未知,其他,160.0,1995.0,420.0
昌平,2室,南北,未知,其他,99.0,2003.0,400.0
昌平,2室,南北,有电梯,精装,86.0,2011.0,360.0
昌平,2室,南北,有电梯,其他,114.0,2013.0,455.0
昌平,2室,东西,有电梯,精装,130.0,2003.0,446.0
昌平,1室,西南,有电梯,其他,75.0,2001.0,340.0
昌平,2室,东西,未知,精装,79.0,2011.0,350.0
昌平,5室,南北,未知,简装,120.0,2003.0,530.0
昌平,3室,东西,有电梯,简装,147.0,2003.0,487.0
昌平,4室,南北,未知,简装,141.0,2014.0,850.0
昌平,3室,东南,未知,精装,237.0,2004.0,580.0
昌平,2室,南北,未知,其他,90.0,2001.0,235.0
昌平,2室,南北,未知,其他,64.0,1996.0,195.0
昌平,1室,北,未知,精装,50.0,2008.0,288.0
昌平,1室,南,无电梯,精装,54.0,2001.0,308.0
昌平,2室,南北,未知,简装,103.0,1995.0,389.0
昌平,3室,南北,未知,精装,121.0,2012.0,540.0
昌平,2室,南北,未知,其他,66.0,1995.0,296.0
昌平,3室,南北,无电梯,其他,119.0,2004.0,570.0
昌平,3室,西南,未知,简装,106.0,2002.0,450.0
昌平,2室,南北,未知,简装,85.0,2013.0,420.0
昌平,3室,南北,无电梯,简装,129.0,2005.0,560.0
昌平,2室,南北,无电梯,简装,112.0,2001.0,450.0
昌平,1室,东西,无电梯,其他,70.0,2000.0,355.0
昌平,2室,南,有电梯,精装,85.0,2012.0,385.0
昌平,3室,南北,无电梯,精装,128.0,1999.0,535.0
昌平,3室,东西,无电梯,精装,137.0,2001.0,500.0
昌平,2室,南北,未知,简装,96.0,2015.0,385.0
昌平,2室,南北,未知,精装,55.0,1984.0,193.0
昌平,2室,南西,有电梯,精装,95.0,2004.0,350.0
昌平,3室,南北,有电梯,精装,151.0,2001.0,470.0
昌平,3室,南北,有电梯,简装,160.0,2007.0,510.0
昌平,4室,南北,未知,简装,252.0,2007.0,780.0
昌平,4室,南北,未知,简装,140.0,1997.0,360.0
昌平,2室,南北,有电梯,其他,104.0,2004.0,300.0
昌平,2室,南北,未知,其他,98.0,2008.0,300.0
昌平,2室,南北,未知,简装,117.0,1999.0,425.0
昌平,2室,南北,未知,其他,59.0,1981.0,160.0
昌平,2室,南北,无电梯,简装,97.0,1999.0,470.0
昌平,3室,南北,有电梯,精装,116.0,2014.0,815.0
昌平,2室,南北,未知,精装,81.0,2002.0,365.0
昌平,2室,南北,无电梯,简装,87.0,2003.0,345.0
昌平,3室,南北,无电梯,精装,126.0,2002.0,520.0
昌平,3室,南北,无电梯,其他,136.0,2001.0,500.0
昌平,2室,南北,有电梯,精装,99.0,2012.0,680.0
昌平,3室,南北,无电梯,精装,83.0,1999.0,330.0
昌平,4室,东西,无电梯,精装,101.0,1999.0,350.0
昌平,2室,南,有电梯,简装,102.0,2010.0,410.0
昌平,2室,南北,有电梯,精装,97.0,2013.0,480.0
昌平,3室,南北,无电梯,简装,153.0,2000.0,550.0
昌平,2室,东西,未知,简装,68.0,1994.0,230.0
昌平,2室,南北,无电梯,其他,93.0,2000.0,430.0
昌平,3室,南北,无电梯,简装,141.0,1999.0,354.0
昌平,2室,南北,无电梯,精装,112.0,2003.0,450.0
昌平,3室,南北,无电梯,精装,143.0,1995.0,455.0
昌平,3室,南北,无电梯,简装,86.0,1996.0,360.0
昌平,2室,南,有电梯,精装,74.0,2010.0,310.0
昌平,2室,南北,无电梯,简装,97.0,2006.0,460.0
昌平,2室,南北,无电梯,简装,99.0,1996.0,380.0
昌平,3室,南北,无电梯,简装,118.0,2003.0,475.0
昌平,2室,南,有电梯,简装,87.0,2013.0,420.0
昌平,3室,南,有电梯,其他,136.0,2005.0,580.0
昌平,3室,东西,无电梯,精装,151.0,2007.0,600.0
昌平,3室,南北,未知,简装,124.0,1995.0,320.0
昌平,3室,南北,无电梯,精装,148.0,2000.0,428.0
昌平,3室,南北,有电梯,精装,133.0,2009.0,535.0
昌平,2室,东西,无电梯,其他,93.0,2001.0,290.0
昌平,1室,南北,有电梯,简装,94.0,2008.0,470.0
昌平,2室,南,有电梯,其他,84.0,2012.0,375.0
昌平,3室,南北,无电梯,其他,119.0,2004.0,570.0
昌平,3室,东西,无电梯,精装,137.0,2001.0,500.0
昌平,2室,西,有电梯,其他,71.0,2011.0,280.0
昌平,2室,南北,无电梯,精装,88.0,2006.0,310.0
昌平,其他,北,未知,精装,38.0,2009.0,120.0
昌平,1室,南北,无电梯,精装,66.0,2000.0,310.0
昌平,2室,南北,未知,其他,59.0,1992.0,275.0
昌平,2室,南北,无电梯,精装,83.0,2013.0,325.0
昌平,3室,南北,未知,精装,88.0,2012.0,430.0
昌平,2室,东西,未知,简装,74.0,2000.0,370.0
昌平,2室,南,未知,精装,80.0,2015.0,480.0
昌平,2室,南北,有电梯,精装,97.0,2013.0,450.0
昌平,2室,南,未知,精装,92.0,2016.0,540.0
昌平,2室,南北,有电梯,其他,89.0,2011.0,365.0
昌平,2室,南北,未知,精装,59.0,1996.0,272.0
昌平,4室,南北,有电梯,精装,187.0,2001.0,660.0
昌平,3室,南北,有电梯,其他,96.0,2014.0,598.0
昌平,其他,东南,未知,精装,83.0,2009.0,290.0
昌平,2室,南北,无电梯,简装,66.0,1995.0,299.0
昌平,1室,西南,有电梯,精装,75.0,2002.0,346.0
昌平,2室,南,未知,其他,86.0,2013.0,375.0
昌平,2室,南北,未知,精装,94.0,1995.0,480.0
昌平,3室,南北,未知,简装,132.0,2000.0,610.0
昌平,2室,南北,有电梯,其他,78.0,2005.0,305.0
昌平,3室,东南,有电梯,简装,87.0,2010.0,418.0
昌平,1室,东,无电梯,简装,63.0,1998.0,310.0
昌平,3室,南北,无电梯,简装,140.0,2003.0,568.0
昌平,3室,南北,无电梯,其他,140.0,2003.0,518.0
昌平,3室,南北,无电梯,精装,83.0,1999.0,330.0
昌平,4室,东西,无电梯,精装,101.0,1999.0,350.0
昌平,3室,南北,无电梯,精装,128.0,1999.0,580.0
昌平,2室,东西,未知,简装,68.0,1994.0,230.0
昌平,3室,南北,无电梯,精装,115.0,2005.0,579.0
昌平,3室,南北,有电梯,精装,122.0,2013.0,540.0
昌平,3室,南北,有电梯,简装,94.0,2012.0,530.0
昌平,2室,南北,无电梯,精装,81.0,1998.0,360.0
昌平,2室,东西,无电梯,简装,84.0,2000.0,310.0
昌平,3室,南北,无电梯,精装,155.0,2002.0,480.0
昌平,3室,南北,无电梯,精装,121.0,2004.0,420.0
昌平,3室,西南,有电梯,简装,187.0,2003.0,538.0
昌平,3室,南北,无电梯,精装,135.0,2005.0,530.0
昌平,3室,南北,无电梯,精装,138.0,2005.0,510.0
昌平,2室,南北,无电梯,其他,92.0,2003.0,400.0
昌平,2室,南,有电梯,精装,120.0,2001.0,530.0
昌平,3室,南北,无电梯,精装,87.0,2005.0,450.0
昌平,3室,南北,无电梯,精装,104.0,2003.0,496.0
昌平,4室,南北,有电梯,精装,130.0,2012.0,601.0
昌平,3室,南北,有电梯,精装,98.0,2014.0,410.0
昌平,2室,南北,无电梯,其他,88.0,2001.0,285.0
昌平,4室,南北,未知,其他,142.0,2015.0,900.0
昌平,4室,南北,未知,精装,191.0,2000.0,640.0
昌平,1室,南,有电梯,精装,62.0,2009.0,380.0
昌平,6室,南北,有电梯,简装,250.0,2008.0,939.0
昌平,1室,东,有电梯,其他,32.0,2011.0,185.0
昌平,2室,东西,无电梯,其他,82.0,1998.0,380.0
昌平,4室,南北,未知,精装,189.0,2004.0,670.0
昌平,4室,南北,有电梯,其他,263.0,2001.0,960.0
昌平,1室,南北,未知,其他,82.0,2012.0,390.0
昌平,1室,南北,未知,其他,82.0,2012.0,350.0
昌平,4室,南北,有电梯,简装,184.0,2001.0,680.0
昌平,1室,西,未知,简装,60.0,1998.0,300.0
昌平,2室,南,未知,精装,69.0,2014.0,437.0
昌平,3室,南北,无电梯,其他,119.0,1997.0,400.0
昌平,3室,东西,有电梯,简装,183.0,2007.0,540.0
昌平,2室,南北,有电梯,简装,142.0,2001.0,430.0
昌平,3室,南北,有电梯,精装,174.0,2012.0,1540.0
昌平,4室,西南,有电梯,精装,140.0,2012.0,550.0
昌平,2室,南,未知,其他,89.0,2012.0,330.0
昌平,3室,东南,无电梯,简装,105.0,1998.0,399.0
昌平,3室,南北,无电梯,其他,124.0,2002.0,470.0
昌平,3室,南北,有电梯,其他,123.0,2010.0,515.0
昌平,2室,南北,有电梯,精装,89.0,2013.0,430.0
昌平,3室,东南,未知,简装,88.0,2010.0,440.0
昌平,3室,南北,无电梯,简装,95.0,1994.0,420.0
昌平,2室,北,有电梯,精装,67.0,2003.0,365.0
昌平,2室,南北,无电梯,精装,87.0,2003.0,370.0
昌平,3室,南北,有电梯,精装,122.0,2011.0,550.0
昌平,2室,东西,有电梯,精装,97.0,2008.0,420.0
昌平,2室,南北,未知,简装,87.0,2011.0,390.0
昌平,2室,南北,有电梯,其他,98.0,2009.0,370.0
昌平,2室,南,未知,精装,66.0,1996.0,200.0
昌平,2室,西南,有电梯,精装,89.0,2008.0,468.0
昌平,3室,南北,有电梯,精装,126.0,2007.0,650.0
昌平,2室,南西,无电梯,简装,83.0,1997.0,280.0
昌平,2室,南北,无电梯,简装,91.0,1993.0,380.0
昌平,3室,南北,无电梯,简装,180.0,2001.0,540.0
昌平,3室,南北,未知,精装,125.0,2006.0,495.0
昌平,3室,南北,无电梯,精装,155.0,2002.0,480.0
昌平,3室,南北,无电梯,精装,115.0,2005.0,579.0
昌平,2室,南北,有电梯,精装,94.0,2013.0,488.0
昌平,3室,南北,未知,精装,118.0,2013.0,530.0
昌平,2室,东南,有电梯,简装,106.0,2001.0,409.0
昌平,2室,南北,有电梯,简装,100.0,2001.0,369.0
昌平,3室,南北,未知,精装,139.0,2013.0,498.0
昌平,2室,东南,未知,简装,79.0,2004.0,438.0
昌平,1室,南北,未知,简装,62.0,2003.0,288.0
昌平,4室,南北,未知,毛坯,193.0,2013.0,1150.0
昌平,2室,南,未知,毛坯,87.0,2016.0,490.0
昌平,4室,南北,有电梯,精装,218.0,2005.0,540.0
昌平,2室,南,有电梯,毛坯,87.0,2014.0,400.0
昌平,其他,南,未知,精装,85.0,2008.0,315.0
昌平,3室,南北,未知,简装,139.0,1998.0,460.0
昌平,2室,南北,未知,精装,86.0,2011.0,490.0
昌平,1室,东北,有电梯,精装,55.0,2008.0,290.0
昌平,4室,南北,未知,精装,178.0,2000.0,658.0
昌平,4室,南北,未知,精装,187.0,2003.0,900.0
昌平,其他,东,有电梯,简装,89.0,2008.0,275.0
昌平,3室,南北,有电梯,毛坯,149.0,2015.0,550.0
昌平,其他,南北,有电梯,精装,58.0,2006.0,225.0
昌平,其他,西北,有电梯,精装,56.0,2009.0,190.0
昌平,其他,北,未知,精装,66.0,2009.0,295.0
昌平,1室,西,有电梯,其他,41.0,2010.0,220.0
昌平,2室,南北,未知,毛坯,49.0,1994.0,190.0
昌平,2室,南北,未知,简装,92.0,2001.0,223.0
昌平,1室,南,无电梯,精装,46.0,2004.0,265.0
昌平,2室,南北,有电梯,精装,71.0,2012.0,540.0
昌平,3室,南北,未知,精装,113.0,2014.0,699.0
昌平,2室,南,未知,精装,69.0,2014.0,437.0
昌平,3室,南北,有电梯,精装,114.0,2014.0,530.0
昌平,3室,西南,有电梯,精装,106.0,2013.0,430.0
昌平,3室,南北,无电梯,精装,119.0,1998.0,460.0
昌平,3室,南北,无电梯,精装,131.0,2005.0,500.0
昌平,3室,南北,未知,精装,124.0,2007.0,500.0
昌平,2室,南北,有电梯,精装,99.0,2012.0,650.0
昌平,其他,南,有电梯,精装,67.0,2014.0,208.0
昌平,2室,南北,无电梯,其他,138.0,2009.0,520.0
昌平,3室,南北,有电梯,精装,106.0,2010.0,550.0
昌平,2室,东南,未知,精装,97.0,2003.0,490.0
昌平,2室,南,有电梯,简装,80.0,2010.0,330.0
昌平,2室,东西,未知,精装,53.0,1998.0,249.0
昌平,2室,南,未知,其他,81.0,2011.0,390.0
昌平,3室,南北,有电梯,精装,157.0,2008.0,640.0
昌平,2室,西南,有电梯,精装,90.0,2008.0,480.0
昌平,2室,南北,有电梯,其他,87.0,2013.0,415.0
昌平,1室,西南,有电梯,其他,59.0,2013.0,300.0
昌平,2室,东南,有电梯,精装,55.0,2008.0,315.0
昌平,3室,南北,无电梯,精装,118.0,2002.0,495.0
昌平,2室,南北,无电梯,其他,105.0,2005.0,430.0
昌平,2室,南,有电梯,其他,87.0,2012.0,393.0
昌平,其他,西,有电梯,精装,51.0,2011.0,150.0
昌平,2室,南北,无电梯,简装,89.0,2003.0,329.0
昌平,1室,西,有电梯,简装,41.0,2004.0,180.0
昌平,3室,南北,有电梯,其他,141.0,2007.0,445.0
昌平,1室,南,有电梯,精装,63.0,2014.0,275.0
昌平,2室,南,有电梯,精装,74.0,2010.0,300.0
昌平,2室,东南,未知,简装,79.0,2004.0,438.0
昌平,3室,南北,未知,精装,139.0,2013.0,498.0
昌平,2室,南北,无电梯,毛坯,89.0,1996.0,340.0
昌平,2室,东南,无电梯,精装,83.0,1999.0,298.0
昌平,3室,南北,有电梯,毛坯,100.0,2015.0,429.0
昌平,1室,北,有电梯,精装,56.0,2007.0,330.0
昌平,2室,南北,未知,简装,76.0,1999.0,275.0
昌平,5室,南北,未知,简装,206.0,2002.0,700.0
昌平,1室,南,未知,精装,68.0,2013.0,280.0
昌平,3室,南北,有电梯,精装,88.0,2012.0,400.0
昌平,3室,南北,有电梯,精装,128.0,2004.0,680.0
昌平,2室,南北,有电梯,其他,96.0,2014.0,550.0
昌平,1室,西,未知,精装,61.0,1997.0,305.8
昌平,2室,南北,未知,简装,86.0,2001.0,320.0
昌平,2室,南北,有电梯,简装,91.0,2014.0,525.0
昌平,2室,南北,无电梯,精装,98.0,1997.0,363.0
昌平,3室,南北,有电梯,精装,101.0,2010.0,580.0
昌平,3室,南北,无电梯,简装,148.0,2000.0,450.0
昌平,5室,南北,有电梯,精装,205.0,2004.0,898.0
昌平,3室,东南,无电梯,精装,87.0,1997.0,510.0
昌平,其他,南,有电梯,其他,60.0,2009.0,201.0
昌平,4室,南北,未知,简装,182.0,1999.0,930.0
昌平,2室,南北,未知,简装,57.0,1993.0,198.0
昌平,2室,南北,未知,其他,87.0,2003.0,290.0
昌平,1室,南,无电梯,精装,38.0,2003.0,220.0
昌平,2室,南北,无电梯,简装,111.0,2001.0,377.0
昌平,2室,南北,有电梯,精装,83.0,2012.0,395.0
昌平,2室,南北,未知,简装,54.0,1996.0,203.0
昌平,2室,南北,无电梯,精装,75.0,1996.0,310.0
昌平,3室,南北,未知,精装,111.0,1996.0,360.0
昌平,3室,西南,无电梯,简装,154.0,2001.0,410.0
昌平,3室,南北,未知,精装,88.0,2008.0,390.0
昌平,2室,东南,有电梯,精装,87.0,2009.0,390.0
昌平,2室,东西,有电梯,精装,86.0,2009.0,380.0
昌平,2室,南北,未知,其他,91.0,2003.0,450.0
昌平,1室,东,无电梯,其他,56.0,1998.0,280.0
昌平,2室,南北,无电梯,精装,76.0,2001.0,429.0
昌平,2室,东西,无电梯,简装,107.0,1999.0,285.0
昌平,3室,南北,有电梯,简装,131.0,2008.0,547.0
昌平,2室,南北,无电梯,其他,87.0,1998.0,425.0
昌平,3室,南北,有电梯,精装,171.0,2012.0,1450.0
昌平,1室,东南,未知,精装,63.0,2009.0,330.0
昌平,3室,南北,无电梯,简装,127.0,1998.0,440.0
昌平,2室,西,有电梯,其他,85.0,2003.0,360.0
昌平,2室,南北,未知,简装,52.0,1993.0,240.0
昌平,1室,北,有电梯,其他,57.0,2005.0,305.0
昌平,2室,南,未知,精装,83.0,2012.0,385.0
昌平,2室,南北,无电梯,其他,111.0,2003.0,415.0
昌平,2室,南北,有电梯,精装,132.0,2001.0,490.0
昌平,2室,南北,无电梯,精装,97.0,2005.0,345.0
昌平,3室,南北,未知,精装,158.0,2003.0,545.0
昌平,2室,南,未知,精装,65.0,1989.0,245.0
昌平,2室,南,有电梯,其他,86.0,2011.0,370.0
昌平,2室,南北,有电梯,其他,88.0,2009.0,355.0
昌平,4室,南北,无电梯,简装,176.0,2005.0,585.0
昌平,2室,南北,无电梯,毛坯,89.0,1996.0,340.0
昌平,1室,南,未知,精装,74.0,2013.0,298.0
昌平,2室,西南,无电梯,简装,85.0,2000.0,460.0
昌平,1室,南北,未知,简装,57.0,2001.0,280.0
昌平,2室,南北,未知,其他,75.0,2001.0,323.0
昌平,3室,南北,有电梯,简装,162.0,2007.0,750.0
昌平,3室,南北,无电梯,精装,154.0,2003.0,550.0
昌平,1室,南,无电梯,精装,69.0,2004.0,226.0
昌平,2室,南,未知,精装,86.0,2009.0,426.0
昌平,3室,南北,未知,精装,117.0,2003.0,430.0
昌平,2室,南北,无电梯,简装,75.0,1999.0,276.0
昌平,3室,南北,有电梯,其他,143.0,2005.0,620.0
昌平,3室,南北,无电梯,其他,90.0,1996.0,410.0
昌平,4室,东南,未知,简装,171.0,2003.0,410.0
昌平,2室,西南,有电梯,精装,89.0,2009.0,390.0
昌平,1室,西,有电梯,精装,66.0,2004.0,300.0
昌平,2室,南北,无电梯,简装,84.0,2001.0,440.0
昌平,2室,东南,有电梯,精装,162.0,2002.0,450.0
昌平,3室,东南,有电梯,精装,196.0,2003.0,570.0
昌平,3室,南北,无电梯,其他,136.0,2000.0,439.0
昌平,2室,南北,有电梯,精装,99.0,2012.0,650.0
昌平,2室,南北,有电梯,精装,83.0,2012.0,395.0
昌平,1室,南,有电梯,精装,60.0,2008.0,370.0
昌平,2室,南北,无电梯,精装,75.0,1996.0,310.0
昌平,2室,南北,未知,简装,54.0,1996.0,203.0
昌平,2室,东南,未知,简装,87.0,2009.0,398.0
昌平,4室,南北,未知,精装,152.0,2000.0,420.0
昌平,2室,东西,有电梯,精装,102.0,2003.0,345.0
昌平,3室,南北,有电梯,简装,127.0,2008.0,480.0
昌平,2室,南,无电梯,其他,91.0,2003.0,470.0
昌平,3室,东北,未知,简装,159.0,1995.0,750.0
昌平,2室,南北,有电梯,其他,87.0,2010.0,315.0
昌平,3室,南北,无电梯,其他,98.0,2004.0,500.0
昌平,3室,南北,无电梯,简装,120.0,2003.0,510.0
昌平,3室,东南,未知,精装,164.0,2002.0,520.0
昌平,3室,南北,有电梯,简装,160.0,2001.0,550.0
昌平,2室,南北,无电梯,精装,113.0,2004.0,470.0
昌平,3室,南北,无电梯,简装,127.0,1998.0,415.0
昌平,2室,南北,无电梯,精装,99.0,1999.0,360.0
昌平,3室,南北,未知,精装,126.0,2002.0,625.0
昌平,4室,南北,未知,其他,164.0,2000.0,598.0
昌平,1室,东,有电梯,精装,55.0,2004.0,260.0
昌平,1室,西,未知,精装,55.0,2004.0,248.0
昌平,2室,南北,有电梯,精装,142.0,2004.0,728.0
昌平,4室,南北,无电梯,精装,152.0,2000.0,585.0
昌平,3室,南北,未知,简装,115.0,2005.0,580.0
昌平,2室,南北,有电梯,其他,84.0,2014.0,380.0
昌平,2室,南北,有电梯,精装,134.0,2003.0,490.0
昌平,4室,南北,有电梯,其他,190.0,2012.0,1550.0
昌平,2室,南北,无电梯,简装,75.0,2001.0,320.0
昌平,3室,南北,无电梯,毛坯,74.0,1987.0,290.0
昌平,1室,南北,有电梯,简装,55.0,2010.0,310.0
昌平,4室,南北,有电梯,精装,172.0,1995.0,600.0
昌平,2室,西,未知,精装,96.0,2008.0,360.0
昌平,3室,南北,有电梯,简装,218.0,2001.0,990.0
昌平,3室,南北,有电梯,毛坯,125.0,2015.0,460.0
昌平,3室,南北,无电梯,简装,137.0,2000.0,400.0
昌平,1室,南北,未知,简装,76.0,2000.0,400.0
昌平,3室,南北,无电梯,简装,71.0,1997.0,293.0
昌平,4室,南北,无电梯,简装,208.0,2003.0,570.0
昌平,3室,南北,有电梯,精装,201.0,2012.0,1680.0
昌平,4室,南北,无电梯,简装,186.0,1995.0,498.0
昌平,4室,南北,无电梯,精装,139.0,2000.0,560.0
昌平,3室,南北,有电梯,精装,126.0,2003.0,465.0
昌平,5室,南北,未知,其他,241.0,2001.0,900.0
昌平,5室,南北,无电梯,简装,190.0,2000.0,570.0
昌平,4室,南北,无电梯,简装,214.0,2001.0,665.0
昌平,3室,南北,未知,其他,140.0,2000.0,436.0
昌平,3室,南北,未知,精装,115.0,2007.0,580.0
昌平,3室,东西,无电梯,其他,83.0,1996.0,420.0
昌平,2室,南北,有电梯,精装,87.0,2013.0,402.0
昌平,3室,西南,未知,简装,154.0,2007.0,850.0
昌平,3室,西南,有电梯,简装,141.0,2001.0,499.0
昌平,2室,南,有电梯,其他,84.0,2012.0,385.0
昌平,4室,南北,未知,精装,152.0,2000.0,420.0
昌平,3室,东西,有电梯,其他,99.0,2013.0,438.0
昌平,2室,东,有电梯,精装,77.0,2008.0,370.0
昌平,2室,东,未知,精装,114.0,2008.0,499.0
昌平,2室,南北,有电梯,精装,95.0,2011.0,366.0
昌平,2室,南北,未知,精装,122.0,2012.0,420.0
昌平,2室,东北,有电梯,精装,101.0,2005.0,425.0
昌平,2室,东西,有电梯,精装,102.0,2003.0,345.0
昌平,2室,南北,未知,简装,83.0,1992.0,280.0
昌平,2室,南,无电梯,其他,61.0,1996.0,320.0
昌平,2室,东南,无电梯,精装,95.0,2006.0,476.0
昌平,3室,北,有电梯,其他,94.0,2007.0,360.0
昌平,2室,南北,无电梯,其他,74.0,1999.0,288.0
昌平,1室,北,未知,精装,41.0,2003.0,260.0
昌平,3室,南北,无电梯,其他,87.0,2004.0,465.0
昌平,2室,南北,未知,其他,89.0,2003.0,275.0
昌平,2室,南,未知,精装,90.0,2012.0,400.0
昌平,4室,南北,未知,精装,164.0,1998.0,490.0
昌平,1室,北,有电梯,精装,46.0,2006.0,280.0
昌平,2室,南北,有电梯,简装,98.0,2013.0,460.0
昌平,3室,南北,无电梯,其他,125.0,2004.0,450.0
昌平,2室,南北,未知,精装,61.0,1992.0,335.0
昌平,4室,南北,无电梯,简装,213.0,2001.0,510.0
昌平,3室,西南,无电梯,简装,120.0,2005.0,530.0
昌平,3室,西南,有电梯,精装,97.0,2014.0,580.0
昌平,2室,南北,未知,精装,94.0,2007.0,470.0
昌平,3室,南北,未知,简装,124.0,2007.0,478.0
昌平,3室,南北,有电梯,精装,88.0,2012.0,395.0
昌平,2室,南北,未知,简装,87.0,2002.0,320.0
昌平,2室,南北,未知,精装,77.0,1998.0,240.0
昌平,1室,西南,有电梯,简装,75.0,2001.0,335.0
昌平,1室,东西,无电梯,简装,57.0,2001.0,325.0
昌平,1室,南,无电梯,精装,53.0,1995.0,300.0
昌平,2室,南北,无电梯,精装,79.0,2003.0,270.0
昌平,4室,南北,有电梯,简装,188.0,2001.0,900.0
昌平,6室,南北,未知,精装,235.0,2008.0,939.0
昌平,1室,西北,无电梯,简装,53.0,1999.0,248.0
昌平,1室,南,无电梯,精装,52.0,2003.0,315.0
昌平,5室,南北,未知,精装,196.0,2000.0,590.0
昌平,4室,南北,未知,其他,248.0,2000.0,630.0
昌平,4室,南北,未知,简装,254.0,2008.0,950.0
昌平,2室,南北,无电梯,精装,57.0,1985.0,215.0
昌平,1室,南,有电梯,简装,68.0,2010.0,239.0
昌平,2室,东南,未知,精装,69.0,2014.0,450.0
昌平,1室,南北,未知,精装,65.0,2004.0,230.0
昌平,1室,北,有电梯,简装,47.0,2004.0,285.0
昌平,2室,东,有电梯,简装,63.0,2009.0,288.0
昌平,2室,南北,未知,精装,101.0,2008.0,390.0
昌平,1室,南,无电梯,精装,65.0,2004.0,293.0
昌平,1室,南北,未知,精装,69.0,2005.0,335.0
昌平,3室,南北,无电梯,精装,65.0,1993.0,270.0
昌平,2室,南北,未知,其他,60.0,2010.0,200.0
昌平,2室,西南,有电梯,简装,84.0,2010.0,420.0
昌平,2室,南北,未知,精装,101.0,2013.0,399.0
昌平,3室,南北,未知,简装,101.0,1996.0,470.0
昌平,2室,南北,有电梯,精装,90.0,2009.0,415.0
昌平,3室,南北,未知,简装,68.0,1994.0,350.0
昌平,2室,东南,有电梯,精装,90.0,2009.0,410.0
昌平,3室,南北,未知,精装,101.0,1985.0,330.0
昌平,2室,南,有电梯,精装,85.0,2012.0,535.0
昌平,3室,南北,有电梯,简装,140.0,2013.0,627.0
昌平,2室,南,无电梯,其他,61.0,1996.0,320.0
昌平,2室,南北,未知,简装,83.0,1992.0,280.0
昌平,1室,西,未知,精装,25.0,2009.0,160.0
昌平,2室,南北,无电梯,其他,94.0,2003.0,380.0
昌平,2室,南北,无电梯,简装,56.0,1992.0,320.0
昌平,其他,南,有电梯,精装,38.0,2012.0,135.0
昌平,2室,东南,未知,精装,90.0,2009.0,400.0
昌平,5室,南北,无电梯,精装,200.0,2010.0,875.0
昌平,4室,南北,无电梯,简装,179.0,1999.0,600.0
昌平,1室,南,无电梯,简装,59.0,2004.0,338.0
昌平,2室,东西,有电梯,简装,114.0,2004.0,420.0
昌平,3室,南北,无电梯,精装,111.0,1998.0,460.0
昌平,2室,南,未知,精装,53.0,1983.0,320.0
昌平,2室,东西,未知,精装,93.0,1999.0,315.0
昌平,1室,南,有电梯,精装,51.0,2008.0,300.0
昌平,3室,西南,未知,精装,134.0,2000.0,490.0
昌平,2室,南北,无电梯,精装,94.0,2005.0,429.0
昌平,2室,南,未知,精装,71.0,1992.0,210.0
昌平,1室,东南,未知,精装,60.0,2008.0,375.0
昌平,1室,东北,有电梯,精装,56.0,2008.0,355.0
昌平,1室,南,未知,精装,48.0,2008.0,300.0
昌平,2室,南北,无电梯,其他,159.0,2000.0,455.0
昌平,2室,南北,无电梯,精装,85.0,1998.0,320.0
昌平,2室,南北,未知,简装,58.0,1982.0,175.0
昌平,1室,东北,有电梯,毛坯,54.0,2016.0,360.0
昌平,4室,南北,无电梯,精装,193.0,2003.0,720.0
昌平,5室,南北,无电梯,其他,221.0,2004.0,760.0
昌平,4室,南北,无电梯,精装,167.0,2004.0,680.0
昌平,5室,东南,有电梯,精装,231.0,2004.0,850.0
昌平,4室,南,有电梯,精装,186.0,2003.0,690.0
昌平,5室,南北,无电梯,其他,206.0,2000.0,630.0
昌平,3室,南北,无电梯,精装,80.0,1997.0,466.0
昌平,2室,南北,有电梯,精装,90.0,2012.0,490.0
昌平,2室,南北,无电梯,精装,76.0,1998.0,380.0
昌平,4室,南北,未知,精装,182.0,1998.0,828.0
昌平,3室,西北,有电梯,精装,138.0,2008.0,535.0
昌平,3室,西南,无电梯,精装,84.0,1996.0,407.0
昌平,3室,西南,有电梯,简装,140.0,2001.0,450.0
昌平,3室,南北,未知,精装,89.0,2009.0,430.0
昌平,5室,南北,未知,精装,125.0,2003.0,525.0
昌平,5室,南北,无电梯,简装,266.0,1997.0,520.0
昌平,4室,南北,无电梯,精装,240.0,1998.0,510.0
昌平,其他,北,未知,简装,40.0,2008.0,140.0
昌平,3室,南北,无电梯,简装,124.0,2009.0,490.0
昌平,3室,南北,有电梯,其他,102.0,2007.0,573.0
昌平,3室,南,有电梯,其他,104.0,2013.0,430.0
昌平,3室,南北,未知,简装,139.0,1998.0,430.0
昌平,4室,东南,有电梯,精装,190.0,2012.0,1655.0
昌平,5室,南北,有电梯,毛坯,89.0,2010.0,460.0
昌平,2室,南北,无电梯,简装,54.0,1987.0,230.0
昌平,3室,南北,无电梯,简装,132.0,2002.0,495.0
昌平,2室,南北,无电梯,精装,96.0,1998.0,447.0
昌平,2室,南北,未知,精装,95.0,2003.0,400.0
昌平,1室,南北,无电梯,简装,64.0,2004.0,300.0
昌平,2室,南北,无电梯,精装,91.0,2001.0,410.0
昌平,2室,南西,无电梯,精装,58.0,1988.0,255.0
昌平,2室,北,无电梯,简装,84.0,2000.0,357.0
昌平,2室,南北,未知,精装,103.0,2005.0,485.0
昌平,2室,南北,无电梯,简装,98.0,2007.0,405.0
昌平,2室,南北,无电梯,精装,82.0,1995.0,410.0
昌平,2室,南北,未知,简装,97.0,2005.0,328.0
昌平,2室,南北,有电梯,毛坯,162.0,2005.0,635.0
昌平,3室,南北,有电梯,其他,106.0,2010.0,535.0
昌平,2室,南北,无电梯,简装,97.0,2004.0,399.0
昌平,4室,南北,有电梯,简装,202.0,2001.0,950.0
昌平,2室,东南,有电梯,精装,104.0,2004.0,425.0
昌平,2室,西,未知,精装,92.0,2002.0,375.0
昌平,2室,南北,未知,精装,93.0,2013.0,370.0
昌平,4室,南北,未知,精装,264.0,2007.0,1800.0
昌平,1室,东,有电梯,精装,55.0,2004.0,268.0
昌平,2室,南北,无电梯,精装,110.0,2001.0,400.0
昌平,3室,南北,有电梯,简装,127.0,2009.0,608.0
昌平,4室,南北,无电梯,精装,183.0,2003.0,460.0
昌平,其他,西,未知,精装,91.0,2008.0,290.0
昌平,4室,南北,无电梯,精装,163.0,2002.0,530.0
昌平,4室,西南,有电梯,精装,158.0,2001.0,540.0
昌平,3室,南北,有电梯,精装,92.0,2012.0,475.0
昌平,4室,南北,未知,精装,166.0,2004.0,710.0
昌平,2室,南北,有电梯,其他,73.0,2006.0,330.0
昌平,2室,南北,无电梯,简装,68.0,1996.0,282.0
昌平,3室,南北,无电梯,精装,98.0,2000.0,420.0
昌平,4室,东南,未知,精装,176.0,2003.0,515.0
昌平,3室,南北,未知,精装,104.0,2010.0,542.0
昌平,3室,南北,无电梯,精装,124.0,2007.0,485.0
昌平,3室,南北,未知,精装,125.0,2001.0,510.0
昌平,1室,南,无电梯,简装,54.0,2003.0,248.0
昌平,2室,南,无电梯,精装,70.0,1993.0,280.0
昌平,2室,南北,无电梯,简装,79.0,1999.0,290.0
昌平,2室,南北,无电梯,其他,105.0,2001.0,420.0
昌平,3室,南北,无电梯,简装,125.0,2008.0,528.0
昌平,2室,南北,未知,简装,88.0,2002.0,310.0
昌平,3室,南北,未知,精装,148.0,2008.0,530.0
昌平,2室,南北,无电梯,精装,62.0,1996.0,335.0
昌平,2室,西南,未知,精装,90.0,2008.0,486.0
昌平,1室,西南,有电梯,精装,75.0,2001.0,340.0
昌平,2室,东南,未知,精装,103.0,2008.0,433.0
昌平,2室,南北,无电梯,精装,89.0,2002.0,251.0
昌平,3室,南北,未知,精装,119.0,1995.0,475.0
昌平,2室,南,有电梯,精装,88.0,2012.0,385.0
昌平,2室,南北,未知,精装,111.0,2013.0,450.0
昌平,3室,西南,有电梯,精装,120.0,2010.0,438.0
昌平,3室,南北,未知,简装,123.0,1999.0,550.0
昌平,其他,北,未知,精装,84.0,2012.0,255.0
昌平,其他,西北,有电梯,精装,91.0,2008.0,270.0
昌平,4室,南北,有电梯,精装,212.0,2005.0,580.0
昌平,2室,南北,有电梯,精装,91.0,2013.0,480.0
昌平,4室,南北,有电梯,其他,149.0,2007.0,850.0
昌平,2室,南北,无电梯,简装,90.0,1998.0,300.0
昌平,3室,南北,未知,精装,116.0,2012.0,638.0
昌平,2室,南北,有电梯,精装,132.0,2003.0,503.0
昌平,3室,南北,有电梯,精装,91.0,2012.0,475.0
昌平,2室,南北,无电梯,精装,65.0,1993.0,275.0
昌平,3室,南北,有电梯,其他,134.0,2005.0,545.0
昌平,3室,南北,未知,精装,119.0,2000.0,500.0
昌平,2室,南北,有电梯,简装,86.0,2011.0,510.0
昌平,2室,南北,无电梯,精装,80.0,2005.0,290.0
昌平,1室,南北,未知,精装,58.0,1995.0,320.0
昌平,3室,南北,未知,其他,104.0,2003.0,500.0
昌平,2室,南北,无电梯,简装,80.0,2004.0,415.0
昌平,4室,南北,未知,其他,125.0,2012.0,577.0
昌平,2室,西,未知,精装,69.0,2010.0,315.0
昌平,3室,南北,无电梯,精装,119.0,1995.0,550.0
昌平,2室,南北,未知,精装,81.0,2002.0,330.0
昌平,2室,东西,有电梯,精装,94.0,2012.0,380.0
昌平,2室,南北,无电梯,简装,72.0,2001.0,276.5
昌平,3室,南北,无电梯,其他,109.0,1996.0,450.0
昌平,2室,东南,未知,简装,92.0,2005.0,450.0
昌平,2室,南北,无电梯,简装,68.0,1996.0,282.0
昌平,4室,东南,未知,精装,176.0,2003.0,515.0
昌平,3室,南北,无电梯,精装,98.0,2000.0,420.0
昌平,3室,南北,未知,精装,104.0,2010.0,542.0
昌平,2室,南北,无电梯,其他,110.0,2002.0,405.0
昌平,4室,南北,未知,精装,166.0,2004.0,710.0
昌平,2室,南北,有电梯,其他,73.0,2006.0,330.0
昌平,4室,南北,无电梯,其他,188.0,2000.0,740.0
昌平,3室,南北,未知,精装,121.0,2003.0,520.0
昌平,3室,南北,无电梯,简装,140.0,2001.0,450.0
昌平,3室,南北,有电梯,简装,131.0,2003.0,460.0
昌平,2室,南,未知,简装,89.0,2012.0,340.0
昌平,3室,南北,无电梯,简装,148.0,1999.0,380.0
昌平,4室,南北,有电梯,毛坯,256.0,2001.0,830.0
昌平,3室,南北,无电梯,精装,169.0,2004.0,566.0
昌平,4室,南北,未知,精装,218.0,2005.0,630.0
昌平,3室,南北,无电梯,精装,124.0,2006.0,570.0
昌平,2室,西南,有电梯,精装,96.0,2002.0,385.0
昌平,5室,南北,有电梯,精装,116.0,2008.0,1000.0
昌平,2室,南北,未知,简装,98.0,2008.0,409.0
昌平,2室,西北,有电梯,简装,83.0,2004.0,380.0
昌平,3室,东南,有电梯,毛坯,88.0,2010.0,440.0
昌平,2室,南北,无电梯,精装,65.0,1993.0,275.0
昌平,3室,南北,未知,精装,116.0,2012.0,638.0
昌平,2室,南北,有电梯,精装,132.0,2003.0,503.0
昌平,3室,南北,有电梯,精装,91.0,2012.0,475.0
昌平,2室,南北,未知,其他,110.0,2002.0,445.0
昌平,2室,南,有电梯,精装,84.0,2012.0,380.0
昌平,2室,南北,无电梯,其他,87.0,2003.0,328.0
昌平,2室,南北,无电梯,精装,74.0,2000.0,370.0
昌平,2室,南,有电梯,精装,88.0,2009.0,405.0
昌平,2室,南北,无电梯,精装,84.0,2003.0,460.0
昌平,3室,东西,未知,精装,147.0,2003.0,453.0
昌平,2室,南北,未知,精装,89.0,2012.0,376.0
昌平,2室,南北,有电梯,精装,89.0,2011.0,515.0
昌平,2室,南北,有电梯,简装,95.0,2011.0,355.0
昌平,2室,南北,未知,其他,82.0,2010.0,405.0
昌平,3室,南北,未知,精装,141.0,2009.0,598.0
昌平,2室,西南,有电梯,精装,99.0,2009.0,498.0
昌平,2室,南北,未知,简装,107.0,2006.0,380.0
昌平,3室,东南,未知,精装,126.0,2003.0,550.0
昌平,2室,南北,未知,其他,107.0,1999.0,330.0
昌平,3室,南北,未知,简装,59.0,1980.0,168.0
昌平,2室,西,未知,简装,81.0,1996.0,320.0
昌平,1室,南,未知,精装,59.0,2004.0,360.0
昌平,3室,南北,未知,精装,124.0,2008.0,495.0
昌平,3室,南北,未知,精装,124.0,2002.0,415.0
昌平,3室,南北,无电梯,简装,124.0,2008.0,500.0
昌平,3室,南北,无电梯,精装,128.0,2001.0,520.0
昌平,2室,南北,无电梯,精装,96.0,2003.0,400.0
昌平,2室,南北,无电梯,简装,81.0,2001.0,324.0
昌平,2室,南北,无电梯,简装,90.0,2003.0,370.0
昌平,2室,南北,未知,精装,98.0,2007.0,365.0
昌平,3室,南北,无电梯,简装,125.0,2000.0,470.0
昌平,2室,南北,无电梯,精装,115.0,2001.0,450.0
昌平,1室,东,未知,精装,67.0,2010.0,300.0
昌平,3室,南北,无电梯,精装,128.0,1999.0,468.0
昌平,3室,南北,无电梯,简装,122.0,2000.0,430.0
昌平,2室,南北,无电梯,其他,95.0,2003.0,368.0
昌平,4室,南北,无电梯,其他,188.0,2000.0,740.0
昌平,3室,南北,未知,精装,121.0,2003.0,520.0
昌平,3室,南北,无电梯,精装,138.0,2002.0,473.0
昌平,4室,南北,无电梯,精装,156.0,1999.0,520.0
昌平,2室,南,未知,精装,76.0,2010.0,397.0
昌平,3室,南北,无电梯,简装,117.0,1995.0,468.0
昌平,3室,南北,无电梯,精装,128.0,2002.0,490.0
昌平,2室,南北,无电梯,精装,96.0,1999.0,415.0
昌平,2室,南北,无电梯,简装,96.0,1999.0,430.0
昌平,3室,南北,无电梯,简装,133.0,1999.0,455.0
昌平,2室,南,有电梯,精装,106.0,2008.0,460.0
昌平,3室,南北,无电梯,精装,140.0,2003.0,420.0
昌平,3室,东西,无电梯,简装,82.0,1998.0,386.0
昌平,3室,南北,无电梯,简装,112.0,2003.0,500.0
昌平,3室,南北,无电梯,简装,152.0,2001.0,498.0
昌平,3室,南北,无电梯,简装,139.0,2007.0,450.0
昌平,2室,南北,无电梯,其他,82.0,1998.0,329.0
昌平,3室,南北,无电梯,精装,149.0,2002.0,590.0
昌平,2室,南北,有电梯,简装,95.0,2011.0,355.0
昌平,2室,南北,无电梯,其他,117.0,1999.0,419.0
昌平,2室,南北,未知,简装,102.0,2001.0,350.0
昌平,2室,南北,有电梯,精装,96.0,2010.0,410.0
昌平,2室,东西,未知,简装,108.0,2000.0,360.0
昌平,3室,南北,无电梯,精装,94.0,1996.0,430.0
昌平,3室,东西,未知,精装,97.0,2013.0,425.0
昌平,2室,西南,有电梯,精装,99.0,2009.0,498.0
昌平,3室,南北,未知,精装,141.0,2009.0,598.0
昌平,2室,南北,未知,其他,82.0,2010.0,405.0
昌平,2室,西南,无电梯,其他,90.0,1997.0,340.0
昌平,3室,南北,无电梯,简装,120.0,1997.0,433.0
昌平,2室,东西,无电梯,其他,106.0,1997.0,369.0
昌平,3室,南北,无电梯,精装,115.0,2000.0,550.0
昌平,2室,西,未知,简装,81.0,1996.0,320.0
昌平,3室,南北,无电梯,其他,246.0,2004.0,638.0
昌平,2室,南北,无电梯,简装,70.0,2002.0,380.0
昌平,2室,南北,无电梯,精装,87.0,2002.0,475.0
昌平,1室,北,有电梯,简装,47.0,2004.0,278.0
昌平,3室,南北,无电梯,精装,164.0,2004.0,539.0
昌平,2室,南北,有电梯,精装,89.0,2011.0,326.0
昌平,3室,南北,无电梯,其他,162.0,1995.0,505.0
昌平,2室,南北,无电梯,精装,97.0,2005.0,420.0
昌平,1室,南北,无电梯,简装,66.0,2003.0,365.0
昌平,2室,南北,无电梯,精装,60.0,1994.0,340.0
昌平,2室,西南,有电梯,精装,90.0,2009.0,378.0
昌平,2室,南,未知,其他,63.0,1997.0,310.0
昌平,3室,南北,无电梯,其他,144.0,2001.0,490.0
昌平,2室,南,有电梯,毛坯,72.0,2012.0,335.0
昌平,5室,南北,未知,简装,188.0,2003.0,588.0
昌平,3室,南北,有电梯,精装,88.0,2012.0,402.0
昌平,2室,南北,无电梯,简装,79.0,1985.0,415.0
昌平,3室,南北,有电梯,其他,92.0,2010.0,460.0
昌平,1室,北,未知,简装,50.0,2008.0,290.0
昌平,2室,西南,有电梯,精装,85.0,2012.0,385.0
昌平,4室,东南,未知,毛坯,187.0,2001.0,720.0
昌平,2室,南北,未知,精装,88.0,2002.0,325.0
昌平,3室,南北,无电梯,简装,152.0,2001.0,498.0
昌平,2室,南,有电梯,精装,106.0,2008.0,460.0
昌平,2室,南北,无电梯,其他,117.0,1999.0,419.0
昌平,2室,南北,未知,简装,102.0,2001.0,350.0
昌平,2室,南北,有电梯,精装,96.0,2010.0,410.0
昌平,3室,南北,无电梯,简装,120.0,1998.0,430.0
昌平,2室,南北,无电梯,精装,77.0,1995.0,315.0
昌平,2室,南北,有电梯,简装,87.0,2008.0,408.0
昌平,2室,南北,无电梯,简装,59.0,1983.0,248.0
昌平,3室,南北,无电梯,其他,160.0,1995.0,465.0
昌平,3室,南北,有电梯,简装,153.0,2000.0,500.0
昌平,2室,南北,有电梯,精装,101.0,2001.0,426.0
昌平,3室,西南,无电梯,精装,126.0,2004.0,570.0
昌平,2室,南北,无电梯,简装,99.0,2001.0,345.0
昌平,1室,西南,有电梯,其他,55.0,2004.0,240.0
昌平,2室,东南,有电梯,简装,89.0,2009.0,390.0
昌平,1室,东,未知,其他,54.0,2010.0,258.0
昌平,1室,南北,未知,简装,65.0,2004.0,285.0
昌平,2室,南北,未知,其他,66.0,1990.0,190.0
昌平,5室,南北,无电梯,简装,207.0,1999.0,605.0
昌平,2室,东西,无电梯,毛坯,79.0,2003.0,275.0
昌平,2室,南北,未知,精装,90.0,2009.0,398.0
昌平,3室,南北,有电梯,精装,170.0,2012.0,1450.0
昌平,3室,南北,未知,精装,106.0,1997.0,450.0
昌平,4室,南北,未知,其他,203.0,2004.0,930.0
昌平,4室,南北,无电梯,精装,188.0,2005.0,690.0
昌平,3室,东南,未知,精装,265.0,2008.0,1200.0
昌平,4室,南北,无电梯,精装,183.0,2002.0,488.0
昌平,1室,东,无电梯,其他,40.0,2005.0,197.0
昌平,3室,南北,无电梯,精装,118.0,2003.0,646.0
昌平,4室,南北,无电梯,精装,164.0,2000.0,558.0
昌平,3室,南北,无电梯,精装,209.0,2001.0,680.0
昌平,2室,南,无电梯,其他,98.0,2000.0,420.0
昌平,2室,西南,有电梯,精装,81.0,2008.0,460.0
昌平,3室,南北,未知,精装,116.0,2013.0,410.0
昌平,2室,南,无电梯,其他,67.0,1992.0,240.0
昌平,3室,南北,无电梯,精装,123.0,2002.0,435.0
昌平,5室,南北,无电梯,精装,176.0,2002.0,720.0
昌平,2室,南北,无电梯,简装,99.0,2005.0,470.0
昌平,2室,南,未知,精装,87.0,2014.0,505.0
昌平,其他,南,有电梯,简装,79.0,2009.0,300.0
昌平,2室,东西,未知,其他,64.0,1996.0,335.0
昌平,4室,南北,无电梯,精装,159.0,2007.0,629.0
昌平,2室,东西,未知,简装,90.0,2004.0,288.0
昌平,4室,南北,无电梯,精装,154.0,2005.0,680.0
昌平,3室,南北,未知,简装,121.0,2001.0,345.0
昌平,2室,南北,无电梯,精装,94.0,2003.0,499.0
昌平,3室,南北,未知,精装,118.0,2002.0,490.0
昌平,2室,南北,无电梯,简装,91.0,2000.0,395.0
昌平,2室,东西,有电梯,精装,123.0,2003.0,456.0
昌平,3室,东北,有电梯,简装,162.0,2000.0,490.0
昌平,2室,西南,有电梯,精装,103.0,2005.0,460.0
昌平,3室,西南,有电梯,简装,160.0,2000.0,520.0
昌平,2室,南北,无电梯,简装,94.0,2003.0,445.0
昌平,3室,南北,无电梯,简装,106.0,1998.0,355.0
昌平,2室,南,有电梯,精装,81.0,2010.0,375.0
昌平,1室,西南,未知,精装,60.0,2010.0,335.0
昌平,2室,南北,无电梯,精装,77.0,1995.0,315.0
昌平,4室,南北,无电梯,精装,175.0,2001.0,570.0
昌平,2室,南北,无电梯,简装,59.0,1983.0,248.0
昌平,3室,南北,无电梯,简装,120.0,1998.0,430.0
昌平,2室,南北,有电梯,简装,87.0,2008.0,408.0
昌平,3室,西南,无电梯,简装,119.0,1996.0,469.0
昌平,4室,南北,无电梯,简装,146.0,2000.0,486.0
昌平,3室,南北,未知,精装,126.0,2003.0,540.0
昌平,2室,南北,无电梯,其他,95.0,2003.0,410.0
昌平,3室,南北,有电梯,精装,164.0,2003.0,550.0
昌平,3室,南北,有电梯,精装,153.0,2007.0,850.0
昌平,3室,西南,无电梯,精装,106.0,2000.0,442.0
昌平,2室,南北,未知,精装,112.0,2001.0,440.0
昌平,3室,东南,有电梯,简装,167.0,2000.0,520.0
昌平,2室,南北,无电梯,精装,94.0,2000.0,430.0
昌平,2室,东北,未知,精装,102.0,2008.0,393.0
昌平,3室,南北,无电梯,其他,137.0,1999.0,448.0
昌平,3室,南北,有电梯,精装,121.0,2012.0,550.0
昌平,3室,东西,无电梯,简装,83.0,1995.0,400.0
昌平,3室,南北,无电梯,其他,115.0,2000.0,480.0
昌平,2室,南北,有电梯,精装,98.0,2009.0,486.0
昌平,3室,南北,未知,精装,130.0,2001.0,520.0
昌平,3室,南北,无电梯,简装,124.0,2007.0,450.0
昌平,3室,南北,无电梯,精装,124.0,2003.0,490.0
昌平,4室,南北,未知,精装,175.0,2000.0,780.0
昌平,2室,南北,无电梯,简装,78.0,1998.0,369.0
昌平,2室,南北,无电梯,其他,84.0,2008.0,311.0
昌平,3室,南,无电梯,其他,58.0,1994.0,280.0
昌平,3室,西北,有电梯,精装,146.0,2002.0,430.0
昌平,2室,南北,有电梯,精装,79.0,2010.0,395.0
昌平,3室,南北,有电梯,精装,116.0,2013.0,470.0
昌平,2室,南,无电梯,其他,98.0,2000.0,420.0
昌平,2室,东南,有电梯,精装,91.0,2003.0,375.0
昌平,3室,东南,无电梯,精装,98.0,2007.0,408.0
昌平,2室,南北,无电梯,精装,71.0,1998.0,235.0
昌平,3室,南北,未知,精装,149.0,1999.0,435.0
昌平,3室,南北,无电梯,精装,137.0,2000.0,478.0
昌平,1室,南,未知,精装,65.0,2010.0,315.0
昌平,3室,南北,未知,精装,111.0,2003.0,535.0
昌平,3室,南北,未知,其他,141.0,2000.0,570.0
昌平,2室,西南,未知,精装,100.0,2005.0,520.0
昌平,2室,南北,未知,其他,102.0,2002.0,395.0
昌平,2室,南北,无电梯,简装,112.0,2002.0,380.0
昌平,3室,南北,未知,其他,137.0,2009.0,620.0
昌平,2室,南北,未知,简装,85.0,2005.0,460.0
昌平,2室,南北,有电梯,精装,86.0,2013.0,380.0
昌平,3室,南北,未知,精装,108.0,1998.0,520.0
昌平,3室,南北,无电梯,精装,153.0,2007.0,700.0
昌平,2室,东西,无电梯,简装,69.0,2000.0,276.0
昌平,2室,西南,有电梯,精装,116.0,2003.0,400.0
昌平,2室,南北,未知,精装,91.0,2005.0,265.0
昌平,2室,南北,无电梯,精装,85.0,2004.0,298.0
昌平,1室,南北,无电梯,其他,50.0,1998.0,210.0
昌平,3室,南北,未知,简装,124.0,2007.0,570.0
昌平,2室,南,有电梯,精装,86.0,2011.0,389.0
昌平,3室,南北,无电梯,毛坯,130.0,2003.0,560.0
昌平,2室,南北,未知,简装,49.0,1976.0,210.0
昌平,3室,南北,无电梯,其他,130.0,2001.0,590.0
昌平,3室,南北,无电梯,简装,104.0,2002.0,400.0
昌平,2室,南北,未知,其他,82.0,2003.0,238.0
昌平,2室,东北,有电梯,简装,111.0,2004.0,405.0
昌平,3室,南北,未知,简装,129.0,2001.0,490.0
昌平,3室,西南,无电梯,简装,119.0,1996.0,469.0
昌平,1室,西,有电梯,精装,66.0,2004.0,295.0
昌平,3室,南北,未知,简装,119.0,1998.0,478.0
昌平,2室,南北,无电梯,简装,91.0,2000.0,382.0
昌平,2室,南北,未知,其他,114.0,1998.0,450.0
昌平,5室,南北,未知,简装,189.0,2013.0,768.0
昌平,2室,南北,未知,简装,148.0,2007.0,650.0
昌平,3室,东西,未知,精装,74.0,2009.0,335.0
昌平,1室,北,未知,简装,50.0,2003.0,310.0
昌平,1室,东南,未知,精装,60.0,2008.0,359.0
昌平,2室,南,有电梯,精装,80.0,2010.0,420.0
昌平,2室,南北,无电梯,精装,108.0,2004.0,420.0
昌平,3室,南北,无电梯,精装,125.0,2005.0,455.0
昌平,3室,南北,有电梯,精装,134.0,2004.0,575.0
昌平,2室,南北,未知,精装,91.0,2004.0,305.0
昌平,2室,南北,无电梯,简装,125.0,2001.0,410.0
昌平,2室,南北,无电梯,简装,67.0,1997.0,360.0
昌平,2室,南北,未知,精装,80.0,2000.0,300.0
昌平,1室,南,无电梯,简装,46.0,2004.0,280.0
昌平,3室,南北,无电梯,精装,137.0,1995.0,430.0
昌平,1室,南,未知,精装,65.0,2010.0,310.0
昌平,3室,南北,无电梯,简装,116.0,1996.0,350.0
昌平,2室,南北,未知,精装,86.0,2007.0,280.0
昌平,2室,东西,未知,简装,77.0,2011.0,380.0
昌平,3室,南北,无电梯,精装,98.0,2000.0,360.0
昌平,4室,南北,无电梯,其他,139.0,2000.0,515.0
昌平,2室,南北,无电梯,简装,112.0,2002.0,380.0
昌平,2室,东南,无电梯,简装,99.0,2007.0,390.0
昌平,3室,南北,未知,精装,149.0,1999.0,435.0
昌平,3室,南北,无电梯,精装,137.0,2000.0,478.0
昌平,1室,南,未知,精装,65.0,2010.0,315.0
昌平,3室,南北,有电梯,简装,128.0,2010.0,460.0
昌平,2室,南北,未知,简装,139.0,2003.0,503.0
昌平,3室,南北,无电梯,其他,131.0,2003.0,499.0
昌平,2室,南北,无电梯,精装,90.0,2003.0,290.0
昌平,2室,南北,无电梯,简装,73.0,1997.0,298.0
昌平,3室,东西,未知,精装,148.0,2003.0,475.0
昌平,3室,东西,未知,其他,84.0,2010.0,420.0
昌平,3室,南北,未知,精装,123.0,2000.0,540.0
昌平,2室,南北,未知,精装,56.0,1990.0,180.0
昌平,3室,南北,未知,其他,124.0,2006.0,560.0
昌平,2室,南北,无电梯,简装,125.0,2001.0,446.0
昌平,3室,南北,未知,精装,115.0,2006.0,605.0
昌平,2室,南北,无电梯,精装,98.0,2007.0,400.0
昌平,2室,东南,未知,精装,85.0,2011.0,400.0
昌平,3室,南北,有电梯,精装,153.0,2008.0,625.0
昌平,3室,南北,无电梯,简装,146.0,1998.0,510.0
昌平,3室,南北,无电梯,简装,128.0,1999.0,505.0
昌平,2室,南北,未知,简装,101.0,2001.0,390.0
昌平,2室,东西,无电梯,精装,105.0,2006.0,478.0
昌平,2室,南北,未知,精装,81.0,1998.0,260.0
昌平,4室,南北,未知,简装,152.0,1996.0,420.0
昌平,3室,南北,无电梯,精装,140.0,2003.0,560.0
昌平,3室,南北,未知,其他,122.0,2004.0,500.0
昌平,2室,东北,有电梯,精装,98.0,2001.0,385.0
昌平,2室,南北,未知,其他,90.0,2003.0,350.0
昌平,3室,南北,无电梯,简装,117.0,1997.0,500.0
昌平,2室,南北,无电梯,精装,86.0,2004.0,460.0
昌平,2室,南北,未知,简装,148.0,2007.0,650.0
昌平,3室,东西,未知,精装,74.0,2009.0,335.0
昌平,2室,南北,无电梯,精装,98.0,2007.0,400.0
昌平,3室,南北,有电梯,精装,153.0,2008.0,625.0
昌平,2室,南北,未知,简装,139.0,2003.0,503.0
昌平,4室,南北,未知,简装,152.0,1996.0,420.0
昌平,2室,南北,无电梯,简装,125.0,2001.0,446.0
昌平,3室,南北,有电梯,精装,94.0,2007.0,410.0
昌平,3室,南北,有电梯,简装,128.0,2010.0,460.0
昌平,2室,南北,有电梯,简装,91.0,2005.0,425.0
昌平,3室,南北,无电梯,精装,140.0,2003.0,560.0
昌平,3室,南北,未知,其他,122.0,2004.0,500.0
昌平,3室,东西,未知,精装,148.0,2003.0,475.0
昌平,2室,南北,有电梯,精装,94.0,2008.0,432.0
昌平,3室,东西,无电梯,精装,130.0,1996.0,380.0
昌平,3室,南北,未知,精装,123.0,2000.0,540.0
昌平,3室,南北,未知,其他,124.0,2006.0,560.0
昌平,3室,东西,未知,其他,84.0,2010.0,420.0
昌平,2室,南北,未知,精装,87.0,2006.0,320.0
昌平,5室,南北,无电梯,简装,137.0,2003.0,510.0
昌平,2室,南北,未知,精装,56.0,1990.0,180.0
昌平,3室,南北,无电梯,简装,128.0,1999.0,505.0
昌平,2室,南北,未知,简装,101.0,2001.0,390.0
昌平,2室,南北,未知,精装,81.0,1998.0,260.0
昌平,2室,东西,无电梯,精装,105.0,2006.0,478.0
昌平,2室,东南,未知,精装,85.0,2011.0,400.0
昌平,3室,南北,无电梯,简装,146.0,1998.0,510.0
昌平,2室,东北,有电梯,精装,98.0,2001.0,385.0
昌平,2室,南北,未知,其他,90.0,2003.0,350.0
昌平,3室,南北,无电梯,简装,117.0,1997.0,500.0
昌平,2室,南北,无电梯,精装,86.0,2004.0,460.0
昌平,3室,南北,有电梯,其他,91.0,2012.0,470.0
昌平,2室,东,有电梯,其他,71.0,2010.0,298.0
昌平,3室,南北,未知,精装,101.0,2013.0,350.0
昌平,2室,南北,有电梯,其他,73.0,2004.0,460.0
昌平,4室,南北,未知,精装,160.0,2001.0,520.0
昌平,2室,南,无电梯,简装,59.0,1995.0,240.0
昌平,2室,东西,有电梯,精装,91.0,2007.0,453.0
昌平,1室,东,未知,其他,34.0,2011.0,183.0
昌平,2室,南北,无电梯,精装,107.0,2001.0,406.0
昌平,3室,南北,无电梯,简装,112.0,2003.0,500.0
昌平,3室,南北,未知,精装,97.0,2008.0,330.0
昌平,2室,南北,无电梯,简装,97.0,2008.0,430.0
昌平,2室,南北,无电梯,简装,72.0,2003.0,312.0
昌平,2室,南北,无电梯,精装,107.0,2001.0,360.0
昌平,3室,南北,无电梯,精装,117.0,2010.0,490.0
昌平,2室,西南,无电梯,简装,84.0,2001.0,395.0
昌平,3室,南北,无电梯,精装,91.0,1997.0,350.0
昌平,3室,西南,无电梯,简装,144.0,1997.0,590.0
昌平,3室,南北,无电梯,简装,113.0,2001.0,525.0
昌平,3室,南北,无电梯,简装,99.0,1998.0,376.0
昌平,3室,南北,未知,精装,86.0,1985.0,300.0
昌平,2室,南北,未知,精装,93.0,2005.0,230.0
昌平,2室,南,有电梯,简装,114.0,2003.0,440.0
昌平,2室,南北,无电梯,简装,84.0,1999.0,310.0
昌平,2室,南北,无电梯,简装,76.0,2000.0,290.0
昌平,3室,东南,未知,精装,150.0,2001.0,455.0
昌平,3室,南北,未知,精装,148.0,1999.0,405.0
昌平,3室,南北,无电梯,精装,108.0,2000.0,430.0
昌平,2室,南北,无电梯,简装,99.0,1996.0,345.0
昌平,3室,南北,未知,精装,115.0,2006.0,605.0
昌平,5室,南北,无电梯,其他,193.0,2000.0,650.0
昌平,3室,南北,有电梯,精装,118.0,2007.0,650.0
昌平,2室,南北,无电梯,精装,81.0,2003.0,335.0
昌平,2室,南北,无电梯,简装,82.0,2003.0,330.0
昌平,2室,东南,未知,精装,111.0,2007.0,570.0
昌平,3室,南北,有电梯,精装,132.0,2008.0,540.0
昌平,2室,南北,有电梯,其他,91.0,2012.0,530.0
昌平,2室,南北,未知,其他,93.0,2012.0,699.0
昌平,2室,北,无电梯,精装,63.0,1998.0,275.0
昌平,1室,南北,无电梯,简装,62.0,2004.0,280.0
昌平,4室,西南,未知,精装,159.0,1995.0,700.0
昌平,2室,南北,未知,精装,105.0,1996.0,320.0
昌平,1室,南,未知,精装,58.0,2005.0,320.0
昌平,2室,南,未知,简装,60.0,1999.0,341.0
昌平,2室,南北,未知,精装,122.0,2012.0,430.0
昌平,2室,东南,无电梯,简装,197.0,2000.0,770.0
昌平,1室,南北,无电梯,精装,60.0,2000.0,315.0
昌平,1室,北,有电梯,精装,50.0,2008.0,288.0
昌平,3室,南北,有电梯,精装,123.0,2010.0,560.0
昌平,3室,南北,有电梯,精装,160.0,2001.0,530.0
昌平,2室,南北,未知,其他,98.0,2002.0,450.0
昌平,2室,南北,有电梯,精装,99.0,2012.0,650.0
昌平,3室,东北,有电梯,其他,150.0,2003.0,480.0
昌平,3室,南北,无电梯,其他,115.0,2002.0,420.0
昌平,3室,南北,有电梯,其他,91.0,2012.0,470.0
昌平,2室,南北,无电梯,精装,79.0,1995.0,380.0
昌平,1室,东南,有电梯,精装,55.0,2008.0,290.0
昌平,3室,南北,有电梯,精装,140.0,2013.0,630.0
昌平,2室,南北,未知,其他,106.0,2000.0,480.0
昌平,3室,南北,未知,精装,120.0,1998.0,480.0
昌平,2室,南北,无电梯,其他,104.0,1999.0,330.0
昌平,2室,南北,有电梯,精装,113.0,2004.0,400.0
昌平,3室,南北,无电梯,毛坯,142.0,2002.0,485.0
昌平,3室,南北,无电梯,简装,151.0,2005.0,575.0
昌平,2室,南北,无电梯,精装,96.0,2003.0,325.0
昌平,3室,南北,有电梯,简装,105.0,1999.0,280.0
昌平,2室,南北,无电梯,精装,99.0,2007.0,420.0
昌平,3室,南北,未知,精装,146.0,2005.0,502.0
昌平,2室,南,未知,其他,55.0,1995.0,358.0
昌平,3室,南北,无电梯,精装,129.0,2001.0,510.0
昌平,3室,南北,无电梯,精装,110.0,2003.0,505.0
昌平,4室,东西,无电梯,简装,82.0,1996.0,398.0
昌平,3室,南北,有电梯,精装,132.0,2003.0,548.0
昌平,3室,南北,无电梯,精装,155.0,1996.0,410.0
昌平,3室,南北,有电梯,精装,153.0,1995.0,565.0
昌平,2室,南北,无电梯,精装,79.0,1997.0,320.0
昌平,3室,南北,无电梯,精装,108.0,2003.0,530.0
昌平,3室,南北,无电梯,精装,132.0,2003.0,486.0
昌平,4室,南北,未知,精装,165.0,2004.0,418.0
昌平,3室,南北,无电梯,精装,91.0,1996.0,330.0
昌平,3室,南北,无电梯,简装,121.0,2003.0,346.0
昌平,2室,南北,未知,简装,102.0,1995.0,420.0
昌平,3室,南北,无电梯,简装,136.0,1997.0,400.0
昌平,2室,南北,未知,精装,71.0,1998.0,355.0
昌平,4室,南北,无电梯,简装,140.0,2000.0,518.0
昌平,5室,南北,无电梯,其他,193.0,2000.0,650.0
昌平,3室,南北,无电梯,精装,128.0,2005.0,530.0
昌平,2室,南,未知,简装,48.0,1979.0,150.0
昌平,1室,南,有电梯,精装,48.0,2008.0,320.0
昌平,其他,西北,有电梯,精装,76.0,2008.0,280.0
昌平,3室,南北,无电梯,其他,158.0,2001.0,550.0
昌平,6室,西南,未知,简装,214.0,2005.0,835.0
昌平,2室,南北,无电梯,简装,102.0,1999.0,330.0
昌平,2室,西,未知,简装,81.0,1996.0,320.0
昌平,2室,东南,有电梯,精装,85.0,2007.0,485.0
昌平,3室,南北,无电梯,精装,135.0,2002.0,430.0
昌平,3室,南北,无电梯,精装,127.0,2008.0,490.0
昌平,3室,南北,无电梯,简装,113.0,2004.0,530.0
昌平,2室,南北,无电梯,简装,92.0,2000.0,475.0
昌平,3室,南北,无电梯,精装,130.0,2001.0,610.0
昌平,3室,南北,未知,精装,164.0,1995.0,710.0
昌平,2室,南,未知,精装,85.0,2002.0,325.0
昌平,3室,南北,无电梯,精装,124.0,2009.0,450.0
昌平,2室,南北,无电梯,简装,84.0,2003.0,485.0
昌平,3室,南北,未知,精装,163.0,2002.0,600.0
昌平,3室,南北,未知,简装,120.0,2001.0,349.0
昌平,3室,南北,未知,简装,75.0,1985.0,265.0
昌平,2室,南北,未知,简装,57.0,1983.0,320.0
昌平,3室,南北,无电梯,毛坯,142.0,2002.0,485.0
昌平,2室,南北,无电梯,精装,96.0,2003.0,325.0
昌平,3室,南北,有电梯,简装,105.0,1999.0,280.0
昌平,2室,南北,无电梯,其他,104.0,1999.0,330.0
昌平,3室,南北,未知,精装,120.0,1998.0,480.0
昌平,2室,南北,有电梯,精装,113.0,2004.0,400.0
昌平,2室,南北,有电梯,其他,74.0,2007.0,330.0
昌平,3室,南北,无电梯,精装,111.0,2003.0,550.0
昌平,3室,南北,有电梯,精装,153.0,2008.0,650.0
昌平,2室,南北,未知,简装,56.0,1990.0,173.0
昌平,2室,北,有电梯,精装,70.0,2006.0,385.0
昌平,2室,东,未知,其他,63.0,2009.0,315.0
昌平,3室,南北,无电梯,其他,77.0,2009.0,345.0
昌平,3室,南北,无电梯,其他,106.0,2003.0,308.0
昌平,2室,东南,无电梯,精装,97.0,2003.0,406.0
昌平,3室,西南,有电梯,其他,113.0,2004.0,430.0
昌平,2室,南,有电梯,其他,82.0,2010.0,408.0
昌平,3室,南北,有电梯,精装,114.0,2006.0,660.0
昌平,2室,南北,无电梯,精装,101.0,2009.0,430.0
昌平,2室,南北,无电梯,精装,96.0,2001.0,529.0
昌平,2室,南北,未知,精装,88.0,2013.0,418.0
昌平,2室,南,未知,精装,95.0,2010.0,335.0
昌平,2室,南北,未知,精装,109.0,2004.0,420.0
昌平,1室,南,无电梯,精装,69.0,2004.0,225.0
昌平,4室,南北,无电梯,简装,214.0,2003.0,730.0
昌平,3室,南北,无电梯,简装,156.0,2005.0,502.0
昌平,3室,南北,无电梯,简装,119.0,2006.0,540.0
昌平,2室,南北,有电梯,简装,114.0,2005.0,450.0
昌平,2室,南北,有电梯,精装,106.0,2009.0,537.0
昌平,2室,南北,无电梯,简装,97.0,1999.0,415.0
昌平,2室,东西,无电梯,精装,81.0,1998.0,400.0
昌平,2室,东南,无电梯,简装,117.0,2000.0,445.0
昌平,2室,南,无电梯,精装,96.0,2000.0,370.0
昌平,4室,南北,无电梯,精装,172.0,2004.0,788.0
昌平,3室,南北,有电梯,精装,118.0,2005.0,420.0
昌平,2室,西南,有电梯,精装,103.0,2004.0,450.0
昌平,2室,南北,有电梯,精装,175.0,2004.0,735.0
昌平,1室,南北,无电梯,其他,59.0,2002.0,390.0
昌平,3室,西南,未知,精装,124.0,2001.0,355.0
昌平,3室,西南,有电梯,简装,154.0,2007.0,820.0
昌平,2室,南北,无电梯,精装,94.0,2002.0,445.0
昌平,3室,南北,无电梯,精装,145.0,2007.0,560.0
昌平,2室,南北,无电梯,简装,74.0,1998.0,390.0
昌平,3室,南西,有电梯,精装,121.0,2004.0,435.0
昌平,2室,西南,无电梯,简装,99.0,1994.0,368.0
昌平,2室,南,无电梯,简装,62.0,1994.0,270.0
昌平,3室,南北,无电梯,精装,162.0,2000.0,490.0
昌平,其他,南北,未知,简装,107.93,1997.0,620.0
昌平,3室,南北,无电梯,简装,147.0,1998.0,465.0
昌平,2室,南北,有电梯,精装,103.0,2007.0,530.0
昌平,3室,南北,无电梯,简装,84.0,1999.0,325.0
昌平,3室,南北,无电梯,精装,132.0,2000.0,499.0
昌平,2室,南北,未知,简装,57.0,1985.0,235.0
昌平,2室,南北,无电梯,简装,85.0,2005.0,460.0
昌平,3室,南北,无电梯,精装,163.0,2000.0,569.0
昌平,2室,南北,有电梯,精装,114.0,2005.0,455.0
昌平,3室,南北,未知,精装,86.0,1985.0,320.0
昌平,2室,西南,有电梯,精装,87.0,2009.0,388.0
昌平,2室,南北,无电梯,简装,89.0,2003.0,350.0
昌平,2室,南北,无电梯,简装,104.0,2007.0,418.0
昌平,3室,南北,无电梯,简装,172.0,1996.0,408.0
昌平,3室,南北,无电梯,简装,108.0,1995.0,355.0
昌平,2室,南北,无电梯,简装,79.0,1985.0,415.0
昌平,2室,南北,有电梯,精装,90.0,2013.0,409.0
昌平,2室,南北,有电梯,简装,86.0,2011.0,500.0
昌平,2室,南,有电梯,简装,106.0,2008.0,445.0
昌平,3室,南北,有电梯,简装,136.0,2008.0,550.0
昌平,1室,南北,未知,简装,64.0,2008.0,320.0
昌平,2室,南,未知,简装,68.0,2013.0,255.0
昌平,2室,南西,无电梯,精装,65.0,1998.0,330.0
昌平,2室,南,有电梯,毛坯,87.0,2013.0,420.0
昌平,2室,南北,无电梯,精装,87.0,2001.0,399.0
昌平,2室,南北,无电梯,简装,65.0,1988.0,348.0
昌平,3室,南北,有电梯,其他,129.0,2004.0,720.0
昌平,2室,南北,有电梯,毛坯,102.0,2007.0,520.0
昌平,2室,南北,未知,其他,95.0,2003.0,465.0
昌平,3室,南北,有电梯,简装,95.0,2014.0,540.0
昌平,2室,南北,有电梯,其他,87.0,2010.0,348.0
昌平,2室,南北,无电梯,简装,86.0,1999.0,315.0
昌平,3室,南北,无电梯,简装,126.0,2006.0,549.0
昌平,2室,南北,无电梯,精装,108.0,2002.0,470.0
昌平,4室,南北,未知,简装,208.0,1997.0,1100.0
昌平,2室,东西,未知,精装,103.0,2000.0,415.0
昌平,1室,南,未知,简装,38.0,2001.0,150.0
昌平,3室,南北,有电梯,精装,168.0,2004.0,650.0
昌平,3室,南北,无电梯,精装,124.0,2007.0,450.0
昌平,2室,南北,无电梯,精装,96.0,2005.0,420.0
昌平,3室,南北,无电梯,简装,119.0,2000.0,520.0
昌平,4室,南北,无电梯,精装,172.0,2004.0,788.0
昌平,2室,西南,有电梯,精装,103.0,2004.0,450.0
昌平,2室,南北,有电梯,精装,175.0,2004.0,735.0
昌平,2室,南北,无电梯,精装,98.0,2004.0,475.0
昌平,2室,南北,有电梯,精装,84.0,2013.0,392.0
昌平,3室,南北,未知,精装,128.0,1999.0,510.0
昌平,2室,南,有电梯,精装,93.0,2005.0,435.0
昌平,3室,南北,有电梯,精装,125.0,2011.0,500.0
昌平,2室,南北,无电梯,精装,80.0,1998.0,308.0
昌平,3室,南北,有电梯,精装,180.0,2004.0,860.0
昌平,3室,南北,有电梯,简装,134.0,2005.0,450.0
昌平,3室,南北,有电梯,毛坯,147.0,2005.0,600.0
昌平,4室,东西,无电梯,简装,123.0,1996.0,380.0
昌平,3室,东南,未知,精装,129.0,2001.0,470.0
昌平,2室,南北,无电梯,简装,101.0,2000.0,410.0
昌平,2室,南,有电梯,其他,81.0,2010.0,300.0
昌平,4室,南北,无电梯,精装,151.0,2007.0,535.0
昌平,2室,东西,未知,精装,91.0,2007.0,400.0
昌平,2室,南北,有电梯,精装,90.0,2012.0,530.0
昌平,4室,南北,未知,精装,159.0,1998.0,538.0
昌平,3室,西南,无电梯,精装,116.0,1997.0,375.0
昌平,3室,南北,有电梯,简装,123.0,2010.0,500.0
昌平,2室,南,未知,精装,92.0,2014.0,610.0
昌平,2室,南,有电梯,其他,86.0,2014.0,519.0
昌平,2室,南北,无电梯,精装,74.0,2005.0,366.0
昌平,3室,南北,有电梯,精装,147.0,2004.0,599.0
昌平,1室,南北,未知,简装,64.0,2008.0,320.0
昌平,3室,南北,未知,其他,144.0,2004.0,700.0
昌平,2室,南北,有电梯,精装,89.0,2010.0,365.0
昌平,4室,南北,未知,精装,171.0,2001.0,586.0
昌平,2室,南,有电梯,精装,78.0,2010.0,405.0
昌平,2室,南北,无电梯,其他,79.0,2002.0,395.0
昌平,3室,南北,无电梯,精装,134.0,2006.0,590.0
昌平,2室,南北,无电梯,精装,110.0,2001.0,450.0
昌平,2室,南北,无电梯,简装,82.0,1999.0,400.0
昌平,2室,南北,未知,毛坯,74.0,2000.0,290.0
昌平,2室,西南,有电梯,精装,84.0,2011.0,390.0
昌平,3室,南北,无电梯,简装,127.0,1996.0,425.0
昌平,2室,南北,未知,简装,76.0,2001.0,359.0
昌平,2室,南北,未知,精装,89.0,2013.0,416.0
昌平,2室,南北,未知,简装,77.0,1996.0,385.0
昌平,4室,南北,无电梯,简装,186.0,2004.0,780.0
昌平,3室,南北,有电梯,精装,113.0,2006.0,588.0
昌平,2室,南北,未知,简装,59.0,1996.0,192.0
昌平,1室,西北,未知,简装,57.0,2000.0,267.0
昌平,2室,南,有电梯,精装,80.0,2010.0,418.0
昌平,4室,西南,未知,其他,183.0,2003.0,850.0
昌平,1室,南,未知,简装,42.0,1996.0,198.0
昌平,1室,南,无电梯,精装,54.0,2006.0,245.0
昌平,2室,南北,无电梯,简装,111.0,2004.0,455.0
昌平,3室,南北,无电梯,简装,145.0,2004.0,435.0
昌平,3室,南北,无电梯,其他,132.0,2001.0,499.0
昌平,2室,南北,无电梯,简装,56.0,1992.0,335.0
昌平,2室,东南,未知,精装,78.0,2000.0,310.0
昌平,3室,南北,未知,其他,128.0,1999.0,558.0
昌平,2室,东南,未知,精装,91.0,2003.0,365.0
昌平,2室,南北,未知,其他,96.0,2003.0,344.0
昌平,2室,南北,无电梯,其他,98.0,2007.0,425.0
昌平,2室,南北,无电梯,精装,98.0,2004.0,475.0
昌平,1室,东北,有电梯,精装,56.0,2008.0,349.0
昌平,4室,南北,无电梯,简装,163.0,2002.0,490.0
昌平,2室,东西,无电梯,其他,93.0,2012.0,405.0
昌平,2室,东南,有电梯,其他,94.0,2003.0,370.0
昌平,2室,东西,未知,其他,130.0,2003.0,430.0
昌平,2室,西,无电梯,精装,74.0,2001.0,295.0
昌平,3室,南北,未知,简装,124.0,2007.0,475.0
昌平,5室,南北,有电梯,其他,113.0,2008.0,960.0
昌平,4室,南北,未知,简装,186.0,1995.0,530.0
昌平,3室,南北,有电梯,其他,140.0,2011.0,750.0
昌平,4室,南北,未知,精装,159.0,1993.0,600.0
昌平,4室,南北,未知,其他,198.0,2000.0,695.0
昌平,4室,南北,未知,精装,226.0,2005.0,640.0
昌平,3室,南北,未知,精装,143.0,2002.0,720.0
昌平,9室,南北,未知,简装,220.0,1997.0,1280.0
昌平,2室,南,无电梯,简装,64.0,2004.0,386.0
昌平,2室,东西,无电梯,简装,105.0,2000.0,405.0
昌平,3室,南北,无电梯,精装,100.0,2004.0,320.0
昌平,3室,南北,未知,简装,147.0,2000.0,520.0
昌平,1室,西,有电梯,精装,51.0,2004.0,260.0
昌平,1室,南北,无电梯,精装,58.0,2006.0,255.0
昌平,2室,南北,有电梯,精装,97.0,2011.0,360.0
昌平,2室,南北,无电梯,精装,90.0,2003.0,275.0
昌平,1室,东北,无电梯,精装,66.0,2004.0,330.0
昌平,2室,南北,有电梯,精装,90.0,2009.0,430.0
昌平,4室,南北,未知,精装,171.0,2001.0,586.0
昌平,2室,南北,有电梯,简装,81.0,2010.0,390.0
昌平,2室,南北,无电梯,简装,86.0,2004.0,349.0
昌平,2室,南北,未知,精装,83.0,2003.0,464.0
昌平,3室,南北,未知,精装,122.0,2001.0,475.0
昌平,3室,南北,未知,其他,131.0,2003.0,550.0
昌平,2室,东西,未知,精装,68.0,1996.0,290.0
昌平,2室,南北,未知,精装,89.0,2012.0,410.0
昌平,3室,南北,未知,精装,96.0,2010.0,480.0
昌平,2室,南北,无电梯,精装,91.0,2000.0,400.0
昌平,2室,南北,未知,简装,106.0,2002.0,479.0
昌平,2室,东南,有电梯,精装,96.0,2004.0,490.0
昌平,2室,西,有电梯,精装,73.0,2010.0,322.0
昌平,4室,南北,无电梯,简装,150.0,2004.0,460.0
昌平,2室,南北,未知,其他,60.0,1984.0,245.0
昌平,2室,南北,有电梯,简装,100.0,2004.0,465.0
昌平,2室,南北,无电梯,其他,80.0,2004.0,435.0
昌平,2室,东南,未知,精装,79.0,2014.0,329.0
昌平,3室,南北,有电梯,简装,115.0,2010.0,500.0
昌平,2室,南北,未知,精装,80.0,1996.0,419.0
昌平,2室,南北,未知,精装,94.0,1998.0,455.0
昌平,2室,南北,无电梯,精装,86.0,2002.0,275.0
昌平,3室,南北,无电梯,精装,149.0,1999.0,500.0
昌平,3室,南北,无电梯,其他,123.0,1998.0,359.0
昌平,2室,南北,有电梯,精装,134.0,2003.0,488.0
昌平,3室,南北,无电梯,毛坯,174.0,2013.0,630.0
昌平,1室,南,有电梯,其他,61.0,2003.0,310.0
昌平,5室,南北,有电梯,精装,202.0,2004.0,1000.0
昌平,5室,南北,有电梯,简装,188.0,2013.0,820.0
昌平,2室,南北,有电梯,精装,161.0,2005.0,616.0
昌平,1室,东北,有电梯,精装,56.0,2008.0,349.0
昌平,4室,南北,无电梯,简装,163.0,2002.0,490.0
昌平,2室,南北,无电梯,精装,99.0,2000.0,360.0
昌平,3室,南北,未知,精装,137.0,2001.0,510.0
昌平,2室,南西,未知,精装,85.0,2012.0,375.0
昌平,2室,东南,有电梯,精装,96.0,2004.0,490.0
昌平,2室,西,有电梯,精装,73.0,2010.0,322.0
昌平,3室,南北,无电梯,简装,111.0,2000.0,425.0
昌平,2室,南北,有电梯,简装,81.0,2010.0,399.0
昌平,4室,南北,无电梯,简装,150.0,2004.0,460.0
昌平,3室,南北,无电梯,简装,118.0,2000.0,445.0
昌平,2室,南北,有电梯,精装,88.0,2007.0,461.0
昌平,3室,南北,无电梯,精装,130.0,2002.0,540.0
昌平,5室,东南,未知,其他,131.0,2011.0,850.0
昌平,4室,南北,无电梯,精装,208.0,1997.0,1450.0
昌平,2室,东西,无电梯,简装,74.0,2000.0,365.0
昌平,2室,东北,无电梯,简装,104.0,2004.0,360.0
昌平,3室,南,未知,简装,104.0,2014.0,570.0
昌平,5室,南北,有电梯,精装,96.0,2011.0,700.0
昌平,3室,南北,未知,简装,142.0,2001.0,540.0
昌平,3室,南北,未知,精装,96.0,2010.0,480.0
昌平,2室,南北,无电梯,精装,91.0,2000.0,400.0
昌平,2室,南北,未知,简装,106.0,2002.0,479.0
昌平,2室,南北,未知,精装,83.0,2003.0,464.0
昌平,3室,南北,未知,精装,122.0,2001.0,475.0
昌平,3室,南北,未知,其他,131.0,2003.0,550.0
昌平,2室,东西,未知,精装,68.0,1996.0,290.0
昌平,2室,南北,未知,精装,89.0,2012.0,410.0
昌平,2室,南北,未知,其他,65.0,2001.0,280.0
昌平,3室,南北,未知,精装,164.0,2000.0,535.0
昌平,2室,南,未知,其他,56.0,1982.0,170.0
昌平,2室,南北,未知,简装,65.0,1997.0,258.0
昌平,4室,东西,有电梯,精装,214.0,2005.0,496.0
昌平,2室,东南,有电梯,简装,79.0,2010.0,380.0
昌平,4室,南北,无电梯,精装,215.0,2001.0,545.0
昌平,4室,西南,有电梯,简装,201.0,2001.0,800.0
昌平,3室,南北,无电梯,简装,125.0,2005.0,580.0
昌平,3室,南北,无电梯,精装,127.0,2005.0,519.0
昌平,3室,南北,无电梯,精装,172.0,2004.0,800.0
昌平,3室,西南,有电梯,精装,88.0,2011.0,435.0
昌平,5室,南北,未知,简装,225.0,2000.0,620.0
昌平,2室,东北,无电梯,简装,104.0,2004.0,360.0
昌平,1室,南北,无电梯,其他,66.0,2005.0,287.0
昌平,2室,南北,无电梯,简装,74.0,2000.0,359.0
昌平,2室,东西,无电梯,简装,74.0,2000.0,365.0
昌平,3室,南北,未知,精装,117.0,1998.0,520.0
昌平,2室,南北,无电梯,简装,91.0,2000.0,391.0
昌平,5室,东南,未知,其他,131.0,2011.0,850.0
昌平,4室,南北,无电梯,精装,208.0,1997.0,1450.0
昌平,5室,南北,有电梯,精装,96.0,2011.0,700.0
昌平,3室,南北,未知,简装,142.0,2001.0,540.0
昌平,2室,东北,无电梯,精装,125.0,1996.0,355.0
昌平,1室,东北,未知,精装,66.0,2005.0,335.0
昌平,3室,南北,未知,简装,116.0,2001.0,440.0
昌平,2室,南,未知,其他,94.0,2004.0,425.0
昌平,2室,南北,有电梯,精装,89.0,2009.0,462.0
昌平,2室,南北,未知,精装,82.0,2000.0,370.0
昌平,2室,南北,未知,其他,103.0,1995.0,420.0
昌平,2室,南北,未知,简装,103.0,1995.0,405.0
昌平,2室,南北,未知,简装,114.0,1998.0,430.0
昌平,2室,南北,未知,简装,66.0,1993.0,270.0
昌平,3室,南北,有电梯,精装,91.0,2012.0,465.0
昌平,2室,南北,未知,简装,111.0,2006.0,529.0
昌平,3室,南北,有电梯,精装,166.0,2006.0,680.0
昌平,1室,北,未知,精装,46.0,2007.0,285.0
昌平,2室,南北,有电梯,简装,113.0,2004.0,445.0
昌平,3室,南北,无电梯,精装,121.0,2003.0,560.0
昌平,2室,南北,无电梯,简装,77.0,1995.0,255.0
昌平,3室,南北,未知,精装,132.0,2002.0,660.0
昌平,3室,南北,无电梯,其他,117.0,2005.0,550.0
昌平,2室,西南,有电梯,精装,64.0,2010.0,268.0
昌平,4室,南北,未知,简装,186.0,2001.0,610.0
昌平,2室,南北,有电梯,精装,96.0,2003.0,495.0
昌平,2室,南,有电梯,精装,85.0,2012.0,550.0
昌平,2室,南,有电梯,简装,84.0,2012.0,370.0
昌平,2室,南,无电梯,其他,59.0,1994.0,265.0
昌平,2室,南,无电梯,精装,57.0,1992.0,255.0
昌平,2室,南北,无电梯,简装,101.0,2000.0,395.0
昌平,2室,东西,有电梯,精装,60.0,2009.0,300.0
昌平,2室,南,未知,其他,56.0,1982.0,170.0
昌平,3室,南北,未知,其他,118.0,2006.0,475.0
昌平,3室,南北,未知,精装,164.0,2000.0,535.0
昌平,2室,南北,无电梯,精装,83.0,2003.0,280.0
昌平,2室,东南,有电梯,精装,83.0,2009.0,385.0
昌平,2室,南北,无电梯,精装,85.0,2005.0,430.0
昌平,1室,西北,无电梯,精装,66.0,2004.0,350.0
昌平,1室,南,有电梯,精装,62.0,2010.0,310.0
昌平,2室,东西,无电梯,精装,79.0,2001.0,380.0
昌平,1室,南,未知,精装,63.0,2012.0,435.0
昌平,1室,南北,未知,简装,62.0,2004.0,285.0
昌平,2室,南,无电梯,其他,56.0,1984.0,228.0
昌平,1室,东西,未知,简装,65.0,2003.0,270.0
昌平,2室,西南,未知,精装,106.0,2001.0,420.0
昌平,4室,南北,无电梯,精装,179.0,1999.0,460.0
昌平,3室,南北,无电梯,简装,107.0,2008.0,355.0
昌平,3室,南北,无电梯,精装,134.0,1999.0,510.0
昌平,3室,南北,无电梯,精装,119.0,2001.0,480.0
昌平,3室,南北,未知,精装,133.0,2009.0,560.0
昌平,3室,南北,无电梯,精装,116.0,1995.0,400.0
昌平,3室,东西,有电梯,简装,148.0,2003.0,460.0
昌平,2室,南北,未知,精装,75.0,2003.0,260.0
昌平,3室,南北,无电梯,精装,129.0,1999.0,435.0
昌平,3室,南北,无电梯,精装,135.0,2002.0,420.0
昌平,2室,南北,未知,其他,83.0,2002.0,340.0
昌平,2室,南北,未知,简装,80.0,2011.0,390.0
昌平,2室,南北,无电梯,精装,86.0,2003.0,475.0
昌平,1室,北,有电梯,简装,56.0,2007.0,318.0
昌平,3室,南北,未知,简装,118.0,2007.0,450.0
昌平,3室,南北,未知,简装,124.0,2007.0,460.0
昌平,2室,东南,未知,精装,89.0,2011.0,510.0
昌平,2室,南北,有电梯,精装,88.0,2010.0,365.0
昌平,2室,南北,未知,精装,82.0,2000.0,370.0
昌平,4室,南北,无电梯,简装,190.0,2004.0,660.0
昌平,4室,南北,有电梯,简装,202.0,2004.0,790.0
昌平,4室,南北,有电梯,毛坯,187.0,2004.0,770.0
昌平,3室,东北,未知,精装,141.0,2003.0,427.0
昌平,2室,南北,有电梯,精装,156.0,2007.0,580.0
昌平,3室,南北,无电梯,精装,124.0,2006.0,530.0
昌平,3室,南北,有电梯,其他,136.0,2013.0,640.0
昌平,3室,南北,有电梯,毛坯,125.0,2015.0,470.0
昌平,3室,南北,未知,其他,160.0,2001.0,600.0
昌平,3室,南北,无电梯,精装,118.0,2002.0,538.0
昌平,2室,南北,无电梯,精装,57.0,1991.0,249.0
昌平,4室,南北,有电梯,精装,196.0,2000.0,618.0
昌平,1室,南,无电梯,简装,64.0,1998.0,310.0
昌平,4室,南北,未知,精装,147.0,2003.0,750.0
昌平,3室,西南,未知,精装,148.0,2009.0,595.0
昌平,2室,南北,未知,精装,86.0,2011.0,510.0
昌平,3室,南北,无电梯,精装,117.0,2004.0,555.0
昌平,3室,西南,无电梯,简装,77.0,1995.0,390.0
昌平,1室,南北,无电梯,简装,67.0,2004.0,360.0
昌平,2室,南,未知,毛坯,81.0,2015.0,485.0
昌平,2室,南北,无电梯,其他,95.0,2000.0,465.0
昌平,3室,南北,无电梯,精装,167.0,2003.0,545.0
昌平,4室,南北,未知,精装,182.0,2002.0,550.0
昌平,2室,南,未知,简装,54.0,1992.0,260.0
昌平,4室,南北,未知,精装,203.0,2002.0,800.0
昌平,3室,南北,无电梯,精装,118.0,2003.0,490.0
昌平,4室,南北,无电梯,简装,166.0,2004.0,680.0
昌平,3室,南北,有电梯,精装,113.0,2007.0,650.0
昌平,4室,南北,未知,精装,206.0,2001.0,1750.0
昌平,3室,南北,未知,精装,132.0,2000.0,599.0
昌平,3室,南北,无电梯,精装,107.0,2003.0,346.0
昌平,2室,南北,无电梯,精装,85.0,2005.0,460.0
昌平,2室,南北,无电梯,精装,89.0,2004.0,458.0
昌平,2室,东南,有电梯,精装,72.0,2010.0,318.0
昌平,3室,南北,无电梯,精装,119.0,2000.0,550.0
昌平,2室,东南,无电梯,精装,89.0,2005.0,430.0
昌平,3室,南北,未知,简装,119.0,2005.0,550.0
昌平,3室,南北,无电梯,精装,191.0,1997.0,800.0
昌平,2室,南北,有电梯,精装,101.0,2005.0,349.0
昌平,3室,南北,未知,精装,128.0,2000.0,550.0
昌平,2室,南,有电梯,简装,82.0,2010.0,412.0
昌平,5室,南北,未知,精装,163.0,2000.0,670.0
昌平,4室,南北,未知,精装,113.0,2008.0,895.0
昌平,2室,东西,无电梯,其他,88.0,2006.0,425.0
昌平,2室,南北,无电梯,其他,63.0,2004.0,355.0
昌平,2室,南北,未知,简装,81.0,2004.0,308.0
昌平,2室,南北,有电梯,精装,81.0,2010.0,405.0
昌平,2室,西,未知,其他,71.0,2010.0,269.0
昌平,3室,南北,无电梯,精装,104.0,2003.0,485.0
昌平,4室,南北,无电梯,简装,155.0,2004.0,438.0
昌平,2室,南北,无电梯,精装,99.0,2004.0,460.0
昌平,2室,南北,无电梯,其他,82.0,1998.0,390.0
昌平,1室,西,有电梯,其他,41.0,2010.0,223.0
昌平,2室,南北,无电梯,其他,96.0,2005.0,325.0
昌平,2室,南北,未知,简装,94.0,2000.0,448.0
昌平,2室,东西,未知,毛坯,62.0,1993.0,225.0
昌平,2室,东西,未知,精装,119.0,2004.0,420.0
昌平,3室,南北,有电梯,其他,96.0,2014.0,598.0
昌平,2室,南,未知,简装,84.0,2013.0,430.0
昌平,3室,南北,有电梯,其他,96.0,2014.0,586.0
昌平,2室,南,无电梯,简装,66.0,1997.0,265.0
昌平,3室,南北,无电梯,精装,98.0,1998.0,360.0
昌平,3室,南北,无电梯,简装,98.0,2000.0,400.0
昌平,3室,南北,无电梯,简装,166.0,1998.0,450.0
昌平,4室,南北,无电梯,简装,218.0,2000.0,1000.0
昌平,2室,南北,无电梯,简装,87.0,1997.0,315.0
昌平,4室,南北,无电梯,简装,131.0,1999.0,420.0
昌平,3室,南北,无电梯,精装,187.0,2002.0,565.0
昌平,3室,南北,无电梯,简装,113.0,2001.0,440.0
昌平,5室,南北,无电梯,精装,178.0,2004.0,800.0
昌平,2室,南北,未知,精装,92.0,2000.0,415.0
昌平,2室,东南,无电梯,精装,89.0,2005.0,430.0
昌平,3室,南北,有电梯,简装,125.0,2007.0,620.0
昌平,4室,南北,未知,精装,206.0,2000.0,630.0
昌平,3室,南北,未知,简装,101.0,1995.0,470.0
昌平,2室,东西,有电梯,简装,130.0,2003.0,440.0
昌平,3室,南北,有电梯,简装,121.0,2001.0,500.0
昌平,3室,南北,无电梯,简装,124.0,2007.0,445.0
昌平,2室,南北,未知,简装,87.0,2001.0,258.0
昌平,2室,南北,未知,精装,89.0,2009.0,425.0
昌平,2室,南北,无电梯,简装,97.0,2008.0,450.0
昌平,2室,南北,未知,精装,89.0,2009.0,410.0
昌平,2室,南北,无电梯,精装,98.0,2003.0,399.0
昌平,3室,南北,未知,简装,118.0,2005.0,515.0
昌平,3室,南北,未知,精装,128.0,2006.0,550.0
昌平,3室,南北,有电梯,精装,153.0,2004.0,525.0
昌平,2室,南,有电梯,精装,77.0,2010.0,320.0
昌平,2室,东南,未知,精装,88.0,2003.0,428.0
昌平,2室,东西,无电梯,精装,96.0,1999.0,380.0
昌平,3室,南北,无电梯,精装,121.0,2003.0,361.0
昌平,3室,南北,无电梯,精装,150.0,2004.0,525.0
昌平,3室,南北,无电梯,精装,137.0,1999.0,485.0
昌平,2室,东西,有电梯,精装,88.0,2009.0,385.0
昌平,2室,南北,无电梯,精装,81.0,1996.0,385.0
昌平,3室,南北,无电梯,精装,109.0,2003.0,410.0
昌平,2室,南北,无电梯,简装,94.0,2000.0,330.0
昌平,2室,南北,无电梯,精装,68.0,1996.0,325.0
昌平,3室,南北,未知,精装,127.0,1998.0,450.0
昌平,2室,南,未知,简装,63.0,1993.0,268.0
昌平,2室,西,未知,简装,119.0,2008.0,360.0
昌平,2室,南北,未知,简装,89.0,2012.0,405.0
昌平,2室,南北,无电梯,精装,65.0,1984.0,260.0
昌平,4室,南北,无电梯,简装,155.0,2004.0,438.0
昌平,4室,东南,无电梯,精装,103.0,2003.0,488.0
昌平,2室,南北,未知,精装,88.0,2003.0,338.0
昌平,3室,南北,未知,精装,132.0,2009.0,650.0
昌平,1室,南,未知,简装,46.0,2004.0,280.0
昌平,2室,南北,未知,精装,71.0,1998.0,368.0
昌平,2室,南北,无电梯,简装,90.0,1996.0,348.0
昌平,3室,南北,无电梯,精装,142.0,2004.0,470.0
昌平,2室,南北,无电梯,简装,80.0,1996.0,400.0
昌平,2室,南北,未知,其他,60.0,2010.0,180.0
昌平,2室,南北,未知,精装,89.0,2009.0,405.0
昌平,2室,南北,无电梯,精装,106.0,2003.0,450.0
昌平,1室,南,无电梯,简装,45.0,1993.0,199.0
昌平,2室,南,有电梯,精装,63.0,2014.0,276.0
昌平,3室,南北,未知,精装,168.0,2004.0,550.0
昌平,4室,南北,未知,简装,220.0,1997.0,1250.0
昌平,2室,南,无电梯,精装,97.0,2003.0,405.0
昌平,4室,南北,有电梯,精装,146.0,2000.0,520.0
昌平,3室,南北,无电梯,精装,152.0,2006.0,560.0
昌平,2室,南北,未知,精装,89.0,2009.0,426.0
昌平,3室,南北,未知,简装,101.0,1995.0,470.0
昌平,3室,南北,无电梯,精装,119.0,2000.0,550.0
昌平,3室,南北,无电梯,简装,117.0,1998.0,350.0
昌平,3室,南北,无电梯,简装,107.0,1998.0,350.0
昌平,3室,南北,有电梯,精装,147.0,2008.0,630.0
昌平,3室,南北,无电梯,精装,127.0,1999.0,480.0
昌平,2室,南北,未知,精装,87.0,1999.0,248.0
昌平,3室,南北,无电梯,精装,136.0,2001.0,510.0
昌平,3室,南北,无电梯,精装,110.0,1998.0,375.0
昌平,2室,东西,有电梯,简装,130.0,2003.0,440.0
昌平,2室,南北,未知,简装,87.0,2001.0,258.0
昌平,3室,南北,无电梯,精装,122.0,2007.0,489.0
昌平,3室,西南,有电梯,简装,119.0,2005.0,550.0
昌平,2室,南北,未知,其他,93.0,2012.0,570.0
昌平,2室,南,未知,精装,85.0,2012.0,580.0
昌平,2室,南,未知,精装,89.0,2014.0,520.0
昌平,2室,南北,有电梯,简装,89.0,2013.0,415.0
昌平,5室,南北,无电梯,简装,190.0,2003.0,470.0
昌平,3室,东西,有电梯,精装,78.0,2009.0,355.0
昌平,3室,南北,无电梯,简装,101.0,1999.0,350.0
昌平,4室,南北,无电梯,精装,208.0,1999.0,1000.0
昌平,2室,东西,未知,简装,63.0,1993.0,225.0
昌平,2室,南北,无电梯,精装,91.0,2000.0,405.0
昌平,4室,东南,无电梯,简装,156.0,1996.0,430.0
昌平,2室,南北,无电梯,精装,89.0,2012.0,405.0
昌平,2室,东南,无电梯,简装,72.0,1992.0,265.0
昌平,3室,南北,无电梯,精装,129.0,2001.0,588.0
昌平,1室,南北,未知,精装,69.0,2002.0,410.0
昌平,3室,南北,无电梯,精装,119.0,1999.0,388.0
昌平,3室,东南,有电梯,精装,87.0,2010.0,439.0
昌平,2室,南北,无电梯,简装,60.0,1987.0,330.0
昌平,2室,南北,无电梯,简装,65.0,1991.0,350.0
昌平,3室,南北,未知,简装,125.0,2007.0,445.0
昌平,2室,南北,无电梯,简装,75.0,1998.0,248.0
昌平,2室,东西,无电梯,简装,105.0,2000.0,410.0
昌平,2室,南北,未知,精装,86.0,2006.0,315.0
昌平,3室,南北,无电梯,简装,131.0,2003.0,570.0
昌平,4室,东南,未知,简装,178.0,2001.0,520.0
昌平,2室,南北,未知,精装,102.0,1995.0,430.0
昌平,3室,南北,无电梯,精装,120.0,2003.0,538.0
昌平,2室,南北,无电梯,简装,92.0,1998.0,330.0
昌平,2室,西北,无电梯,简装,69.0,2001.0,250.0
昌平,3室,南北,无电梯,精装,128.0,1999.0,540.0
昌平,3室,南北,无电梯,简装,118.0,2003.0,510.0
昌平,2室,南北,未知,简装,61.0,2010.0,185.0
昌平,3室,南北,未知,精装,124.0,2005.0,492.0
昌平,5室,南北,无电梯,其他,148.0,1998.0,640.0
昌平,2室,南北,有电梯,精装,100.0,2007.0,510.0
昌平,3室,南北,未知,简装,116.0,2004.0,270.0
昌平,2室,南北,无电梯,简装,74.0,2000.0,349.5
昌平,4室,南北,有电梯,精装,176.0,2003.0,532.0
昌平,4室,南北,有电梯,毛坯,178.0,2011.0,710.0
昌平,3室,南北,无电梯,精装,155.0,2007.0,668.0
昌平,3室,南北,无电梯,简装,109.0,1997.0,350.0
昌平,4室,南北,无电梯,精装,180.0,1998.0,560.0
昌平,2室,南北,有电梯,精装,168.0,2005.0,700.0
昌平,5室,南北,有电梯,简装,194.0,2004.0,805.0
昌平,3室,南北,无电梯,精装,118.0,2007.0,465.0
昌平,3室,东南,无电梯,简装,122.0,2003.0,615.0
昌平,3室,南北,有电梯,精装,160.0,2001.0,510.0
昌平,4室,南,有电梯,精装,186.0,2002.0,820.0
昌平,2室,南,有电梯,精装,119.0,2004.0,530.0
昌平,5室,南北,未知,简装,188.0,1996.0,566.0
昌平,3室,南北,未知,精装,124.0,2005.0,370.0
昌平,2室,南北,未知,精装,114.0,2001.0,450.0
昌平,2室,南北,无电梯,精装,96.0,2004.0,470.0
昌平,2室,南,未知,精装,53.0,1996.0,325.0
昌平,3室,南北,无电梯,精装,122.0,2007.0,489.0
昌平,3室,南北,有电梯,精装,122.0,2012.0,578.0
昌平,2室,南北,有电梯,其他,91.0,2013.0,428.0
昌平,2室,南北,未知,简装,132.0,2001.0,469.0
昌平,2室,南北,未知,其他,71.0,1997.0,289.0
昌平,5室,东南,未知,精装,216.0,1998.0,1300.0
昌平,2室,南北,无电梯,简装,97.0,2001.0,338.0
昌平,3室,南北,未知,简装,151.0,2000.0,520.0
昌平,3室,南北,无电梯,简装,165.0,1998.0,470.0
昌平,2室,南北,有电梯,精装,123.0,2005.0,550.0
昌平,4室,南北,未知,精装,133.0,2003.0,540.0
昌平,3室,南北,未知,简装,114.0,1999.0,430.0
昌平,2室,西南,未知,简装,83.0,2010.0,415.6
昌平,2室,南北,未知,精装,127.0,2004.0,500.0
昌平,3室,西南,未知,精装,119.0,2004.0,548.0
昌平,3室,南北,未知,简装,130.0,2002.0,470.0
昌平,2室,南,未知,其他,89.0,1996.0,326.0
昌平,3室,东南,未知,简装,179.0,2000.0,640.0
昌平,3室,东西,无电梯,简装,96.0,1996.0,435.0
昌平,1室,南,未知,简装,38.0,1988.0,126.0
昌平,2室,南,未知,简装,50.0,1993.0,240.0
昌平,2室,南北,未知,精装,82.0,2001.0,315.0
昌平,2室,东南,未知,精装,89.0,2011.0,510.0
昌平,2室,南,无电梯,精装,79.0,2009.0,445.0
昌平,3室,南北,无电梯,精装,130.0,1999.0,450.0
昌平,3室,南北,未知,精装,148.0,1999.0,390.0
昌平,2室,南北,无电梯,简装,92.0,1998.0,330.0
昌平,2室,南北,无电梯,简装,92.0,2000.0,289.0
昌平,2室,南北,有电梯,简装,115.0,1995.0,410.0
昌平,3室,南北,未知,精装,111.0,2007.0,638.0
昌平,5室,南北,无电梯,简装,234.0,2003.0,750.0
昌平,2室,东,有电梯,简装,85.0,2004.0,380.0
昌平,4室,南北,无电梯,精装,157.0,2003.0,620.0
昌平,4室,南北,无电梯,精装,167.0,2005.0,566.0
昌平,4室,南北,无电梯,简装,142.0,2002.0,496.0
昌平,3室,南北,未知,精装,126.0,1997.0,440.0
昌平,3室,南北,未知,精装,220.0,2001.0,875.0
昌平,1室,南,有电梯,精装,57.0,2007.0,399.0
昌平,4室,南北,无电梯,精装,148.0,1997.0,390.0
昌平,2室,南北,无电梯,简装,91.0,2003.0,480.0
昌平,5室,南北,无电梯,精装,228.0,2000.0,1020.0
昌平,3室,南北,无电梯,精装,124.0,2000.0,425.0
昌平,4室,南北,无电梯,精装,264.0,2000.0,699.0
昌平,4室,南北,有电梯,精装,196.0,2012.0,1650.0
昌平,3室,南北,无电梯,其他,171.0,2001.0,523.0
昌平,1室,东南,未知,简装,39.0,2007.0,260.0
昌平,1室,南北,无电梯,毛坯,46.0,2004.0,300.0
昌平,1室,西,有电梯,精装,66.0,2004.0,280.0
昌平,1室,南北,无电梯,其他,55.0,2002.0,246.0
昌平,4室,东南,未知,精装,159.0,1997.0,690.0
昌平,2室,南北,未知,毛坯,106.0,2008.0,298.0
昌平,2室,南北,无电梯,精装,80.0,2005.0,395.0
昌平,2室,南北,未知,精装,88.0,2005.0,440.0
昌平,1室,南,未知,简装,63.0,2011.0,315.0
昌平,1室,南,有电梯,简装,69.0,2004.0,395.0
昌平,2室,南北,有电梯,精装,98.0,2012.0,640.0
昌平,2室,南北,有电梯,精装,88.0,2011.0,495.0
昌平,2室,南北,无电梯,精装,101.0,2008.0,430.0
昌平,3室,南北,无电梯,精装,130.0,2001.0,500.0
昌平,2室,南北,无电梯,简装,102.0,2005.0,420.0
昌平,2室,南北,无电梯,简装,89.0,2008.0,395.0
昌平,3室,南北,无电梯,精装,115.0,2005.0,538.0
昌平,3室,南北,未知,精装,124.0,2000.0,495.0
昌平,3室,南北,无电梯,精装,118.0,2002.0,510.0
昌平,3室,南北,未知,精装,85.0,1998.0,475.0
昌平,2室,南北,未知,简装,93.0,2006.0,410.0
昌平,3室,南北,未知,精装,141.0,2002.0,660.0
昌平,2室,北,有电梯,精装,53.0,2006.0,329.0
昌平,8室,南北,未知,精装,258.0,2005.0,620.0
昌平,2室,南北,未知,精装,93.0,2000.0,460.0
昌平,3室,东西,有电梯,精装,147.0,2003.0,425.0
昌平,2室,南北,未知,简装,88.0,2005.0,445.0
昌平,2室,南北,有电梯,其他,80.0,2010.0,368.0
昌平,2室,北,未知,精装,67.0,2003.0,360.0
昌平,2室,南北,未知,精装,91.0,2012.0,570.0
昌平,3室,南北,无电梯,精装,116.0,2000.0,428.0
昌平,2室,南北,无电梯,简装,80.0,2004.0,350.0
昌平,2室,东南,有电梯,其他,64.0,2012.0,275.0
昌平,2室,南,有电梯,精装,85.0,2012.0,375.0
昌平,3室,南北,无电梯,简装,191.0,1997.0,1080.0
昌平,3室,南北,无电梯,精装,191.0,1997.0,1100.0
昌平,3室,南北,未知,精装,133.0,2000.0,485.0
昌平,2室,东,有电梯,精装,62.0,2009.0,313.0
昌平,3室,东南,无电梯,简装,99.0,2003.0,330.0
昌平,2室,东西,无电梯,简装,93.0,2004.0,430.0
昌平,1室,南,未知,精装,60.0,1998.0,315.0
昌平,1室,南北,未知,简装,61.0,2003.0,280.0
昌平,3室,南北,无电梯,其他,86.0,1994.0,320.0
昌平,3室,南北,无电梯,精装,101.0,1995.0,420.0
昌平,3室,南北,未知,精装,79.0,1993.0,397.0
昌平,2室,南北,有电梯,简装,148.0,2004.0,599.0
昌平,2室,西南,有电梯,精装,90.0,2007.0,499.0
昌平,3室,南北,无电梯,精装,124.0,2007.0,518.0
昌平,3室,南北,未知,精装,229.0,2005.0,796.0
昌平,3室,南北,有电梯,精装,136.0,2005.0,530.0
昌平,3室,西南,无电梯,精装,117.0,2006.0,520.0
昌平,3室,南北,未知,简装,130.0,2003.0,469.0
昌平,3室,南,有电梯,精装,171.0,2004.0,776.0
昌平,3室,南北,未知,精装,119.0,2006.0,479.6
昌平,2室,西南,有电梯,精装,89.0,2008.0,480.0
昌平,4室,南北,未知,精装,155.0,2005.0,560.0
昌平,3室,南北,无电梯,精装,130.0,2001.0,500.0
昌平,3室,南北,无电梯,精装,125.0,2004.0,520.0
昌平,3室,南北,无电梯,精装,141.0,2003.0,535.0
昌平,2室,南北,无电梯,简装,89.0,2008.0,395.0
昌平,2室,南北,无电梯,简装,102.0,2005.0,420.0
昌平,2室,南北,有电梯,其他,126.0,2005.0,506.0
昌平,3室,西南,有电梯,精装,90.0,2009.0,400.0
昌平,3室,南北,无电梯,精装,131.0,2001.0,485.0
昌平,2室,南北,有电梯,简装,132.0,2001.0,520.0
昌平,3室,南北,未知,精装,117.0,2003.0,525.0
昌平,3室,南北,无电梯,精装,137.0,2005.0,511.0
昌平,3室,南北,无电梯,精装,115.0,2005.0,538.0
昌平,3室,南北,未知,其他,124.0,2007.0,430.0
昌平,3室,西南,有电梯,简装,139.0,2004.0,475.0
昌平,3室,南北,无电梯,精装,140.0,2005.0,572.0
昌平,3室,南北,无电梯,简装,126.0,2002.0,520.0
昌平,2室,南北,未知,精装,90.0,2004.0,380.0
昌平,2室,南北,未知,精装,89.0,2003.0,336.0
昌平,2室,南北,未知,精装,111.0,2002.0,368.0
昌平,3室,南北,未知,精装,132.0,2003.0,600.0
昌平,2室,南北,无电梯,精装,86.0,2008.0,380.0
昌平,2室,西北,未知,精装,83.0,2004.0,405.0
昌平,4室,南北,未知,精装,187.0,2004.0,840.0
昌平,2室,东南,未知,精装,60.0,2010.0,285.0
昌平,3室,西北,未知,精装,126.0,2000.0,530.0
昌平,2室,西南,有电梯,精装,91.0,2009.0,400.0
昌平,1室,西南,未知,精装,60.0,2010.0,330.0
昌平,3室,东南,有电梯,简装,83.0,2010.0,430.0
昌平,3室,南北,无电梯,其他,119.0,2000.0,480.0
昌平,2室,南北,无电梯,简装,97.0,2001.0,370.0
昌平,3室,南北,未知,精装,181.0,2003.0,660.0
昌平,3室,南北,无电梯,精装,121.0,2003.0,330.0
昌平,2室,西南,有电梯,简装,84.0,2008.0,378.0
昌平,3室,西南,未知,精装,159.0,2001.0,542.0
昌平,3室,南北,未知,精装,120.0,2001.0,430.0
昌平,3室,南北,无电梯,其他,125.0,2001.0,330.0
昌平,1室,西北,有电梯,简装,48.0,2009.0,265.0
昌平,2室,南,无电梯,简装,50.0,1981.0,230.0
昌平,2室,东南,未知,精装,91.0,2007.0,495.0
昌平,2室,南,未知,其他,61.0,2010.0,310.0
昌平,3室,南北,无电梯,精装,119.0,1999.0,346.0
昌平,2室,南北,无电梯,简装,81.0,2004.0,330.0
昌平,2室,南北,无电梯,简装,56.0,1993.0,318.0
昌平,3室,南北,有电梯,精装,142.0,2004.0,635.0
昌平,2室,南北,无电梯,其他,83.0,2001.0,355.0
昌平,4室,南北,无电梯,简装,195.0,1998.0,600.0
昌平,3室,南北,无电梯,简装,107.0,1998.0,355.0
昌平,3室,南北,无电梯,简装,105.0,1997.0,315.0
昌平,2室,南,未知,精装,55.0,1988.0,221.0
昌平,3室,南北,未知,简装,126.0,2003.0,580.0
昌平,3室,南北,未知,精装,164.0,2003.0,540.0
昌平,2室,南北,未知,简装,88.0,2005.0,460.0
昌平,2室,东西,未知,精装,84.0,2001.0,390.0
昌平,1室,东南,有电梯,精装,60.0,2010.0,336.0
昌平,3室,南北,未知,简装,90.0,1996.0,400.0
昌平,2室,南北,未知,精装,88.0,2009.0,390.0
昌平,3室,南北,未知,精装,135.0,2008.0,548.0
昌平,2室,西南,有电梯,简装,82.0,2010.0,395.0
昌平,2室,南北,无电梯,精装,86.0,1995.0,326.0
昌平,1室,东,无电梯,其他,56.0,1998.0,285.0
昌平,2室,南北,有电梯,简装,113.0,2004.0,450.0
昌平,1室,西,未知,简装,65.0,2010.0,325.0
昌平,2室,东西,未知,简装,79.0,2002.0,296.0
昌平,2室,南北,未知,精装,89.0,2012.0,390.0
昌平,3室,西南,未知,精装,141.0,2001.0,528.0
昌平,2室,南北,无电梯,精装,56.0,1982.0,249.0
昌平,2室,东南,未知,精装,88.0,2003.0,490.0
昌平,3室,南北,未知,精装,158.0,2003.0,523.0
昌平,2室,南北,未知,精装,77.0,2005.0,310.0
昌平,3室,南北,未知,精装,141.0,2004.0,568.0
昌平,2室,南北,无电梯,简装,96.0,2005.0,379.0
昌平,2室,南北,未知,精装,109.0,2004.0,430.0
昌平,1室,南,未知,其他,91.0,2003.0,378.0
昌平,3室,东北,无电梯,简装,84.0,2005.0,438.0
昌平,2室,南北,无电梯,精装,104.0,2007.0,415.0
昌平,3室,南北,无电梯,简装,191.0,1997.0,760.0
昌平,2室,南北,无电梯,精装,93.0,2000.0,358.0
昌平,2室,西南,有电梯,精装,81.0,2012.0,336.0
昌平,3室,南北,未知,精装,117.0,2003.0,570.0
昌平,2室,南北,无电梯,精装,79.0,2004.0,410.0
昌平,1室,东,未知,简装,41.0,2005.0,195.0
昌平,2室,南,有电梯,精装,80.0,2010.0,405.0
昌平,2室,东西,未知,精装,98.0,2007.0,488.0
昌平,2室,东西,无电梯,简装,65.0,1998.0,335.0
昌平,4室,南北,有电梯,精装,162.0,2005.0,700.0
昌平,2室,南北,无电梯,简装,115.0,1999.0,386.0
昌平,2室,南北,有电梯,简装,83.0,2004.0,310.0
昌平,2室,南北,无电梯,精装,74.0,2000.0,308.0
昌平,2室,南北,无电梯,简装,90.0,2003.0,350.0
昌平,3室,东西,无电梯,简装,104.0,1996.0,360.0
昌平,2室,东西,无电梯,简装,81.0,1998.0,359.0
昌平,1室,南北,未知,简装,62.0,2003.0,260.0
昌平,3室,南北,无电梯,简装,166.0,1997.0,440.0
昌平,2室,南北,无电梯,精装,81.0,2003.0,253.0
昌平,2室,南北,有电梯,精装,84.0,2007.0,475.0
昌平,4室,南北,无电梯,精装,195.0,1998.0,588.0
昌平,4室,南北,无电梯,精装,208.0,1999.0,1360.0
昌平,4室,南北,未知,简装,183.0,1995.0,550.0
昌平,4室,南北,未知,精装,263.0,2001.0,920.0
昌平,1室,东南,无电梯,精装,45.0,2007.0,322.0
昌平,1室,南北,未知,简装,64.0,2008.0,318.0
昌平,3室,南北,有电梯,精装,132.0,2008.0,535.0
昌平,2室,南北,无电梯,简装,97.0,2005.0,413.0
昌平,2室,南,无电梯,其他,65.0,1988.0,358.0
昌平,2室,南北,有电梯,其他,102.0,2006.0,530.0
昌平,2室,南北,有电梯,简装,69.0,2009.0,309.0
昌平,3室,南北,有电梯,精装,115.0,2008.0,610.0
昌平,2室,南北,未知,精装,75.0,1999.0,400.0
昌平,2室,南北,未知,精装,138.0,2003.0,490.0
昌平,2室,南北,无电梯,精装,80.0,1995.0,418.0
昌平,3室,南北,无电梯,简装,92.0,2003.0,361.0
昌平,2室,东南,未知,精装,60.0,2009.0,310.0
昌平,2室,东西,未知,简装,109.0,2004.0,415.0
昌平,2室,东西,无电梯,简装,88.0,2003.0,308.0
昌平,3室,南北,未知,精装,110.0,2000.0,497.0
昌平,2室,南北,未知,简装,86.0,1996.0,325.0
昌平,2室,南北,未知,精装,87.0,2008.0,510.0
昌平,2室,南北,无电梯,其他,67.0,1996.0,343.0
昌平,2室,南,有电梯,精装,84.0,2012.0,375.0
昌平,2室,南北,未知,精装,83.0,1996.0,415.0
昌平,2室,东西,未知,精装,81.0,1998.0,370.0
昌平,2室,南北,未知,精装,81.0,2003.0,251.0
昌平,2室,南北,有电梯,精装,122.0,2004.0,500.0
昌平,3室,东,未知,简装,136.0,2003.0,445.0
昌平,1室,南北,无电梯,精装,58.0,2006.0,255.0
昌平,2室,南北,无电梯,简装,84.0,2004.0,260.0
昌平,2室,南北,未知,精装,89.0,2009.0,460.0
昌平,2室,南北,未知,精装,90.0,2001.0,430.0
昌平,2室,南北,无电梯,其他,61.0,1992.0,329.0
昌平,4室,南北,无电梯,毛坯,137.0,2001.0,430.0
昌平,2室,南北,未知,精装,61.0,2012.0,260.0
昌平,3室,南北,无电梯,简装,191.0,1997.0,760.0
昌平,4室,南北,无电梯,简装,163.0,1996.0,425.0
昌平,3室,南北,无电梯,简装,118.0,2007.0,430.0
昌平,5室,南北,未知,精装,182.0,2000.0,700.0
昌平,2室,南北,未知,简装,89.0,2010.0,350.0
昌平,3室,南北,无电梯,简装,186.0,2001.0,480.0
昌平,3室,南北,无电梯,简装,96.0,1997.0,438.0
昌平,2室,东南,有电梯,精装,89.0,2009.0,410.0
昌平,3室,南北,有电梯,精装,120.0,2015.0,838.0
昌平,3室,南北,有电梯,精装,118.0,2015.0,810.0
昌平,2室,南北,有电梯,简装,140.0,2003.0,460.0
昌平,4室,南北,无电梯,简装,216.0,2000.0,698.0
昌平,3室,南北,无电梯,精装,81.0,1998.0,466.0
昌平,2室,南北,有电梯,其他,172.0,2008.0,627.0
昌平,2室,东南,有电梯,简装,103.0,2008.0,378.0
昌平,4室,南北,无电梯,简装,186.0,2001.0,460.0
昌平,4室,东南,有电梯,毛坯,228.0,2003.0,580.0
昌平,3室,南北,有电梯,精装,113.0,2007.0,630.0
昌平,2室,南北,有电梯,其他,89.0,2009.0,420.0
昌平,2室,西南,未知,精装,86.0,2011.0,515.0
昌平,2室,南北,有电梯,精装,115.0,2008.0,400.0
昌平,2室,南,有电梯,简装,73.0,2009.0,320.0
昌平,2室,南北,无电梯,精装,88.0,2000.0,435.0
昌平,3室,南北,未知,简装,156.0,2005.0,449.0
昌平,3室,东西,有电梯,简装,87.0,2010.0,415.0
昌平,2室,南北,有电梯,简装,128.0,2008.0,520.0
昌平,3室,西南,有电梯,简装,139.0,2004.0,428.0
昌平,2室,南北,有电梯,简装,86.0,2011.0,500.0
昌平,2室,南北,未知,简装,65.0,2004.0,328.0
昌平,2室,南北,未知,精装,98.0,2000.0,400.0
昌平,2室,南北,无电梯,简装,98.0,1999.0,389.0
昌平,2室,南北,无电梯,简装,91.0,2000.0,400.0
昌平,3室,南北,无电梯,精装,124.0,2005.0,598.0
昌平,2室,南北,未知,简装,77.0,2007.0,450.0
昌平,2室,东西,无电梯,简装,81.0,1998.0,368.0
昌平,3室,西南,无电梯,简装,79.0,1995.0,398.0
昌平,3室,南北,未知,精装,125.0,2005.0,600.0
昌平,4室,南北,未知,精装,143.0,2000.0,670.0
昌平,2室,西北,无电梯,精装,66.0,2005.0,335.0
昌平,2室,南北,有电梯,精装,102.0,2007.0,485.0
昌平,3室,南北,有电梯,精装,172.0,2003.0,570.0
昌平,3室,南北,未知,简装,133.0,2000.0,500.0
昌平,2室,南北,未知,简装,76.0,2001.0,400.0
昌平,3室,南北,无电梯,简装,140.0,2000.0,468.0
昌平,3室,东南,未知,精装,137.0,2003.0,490.0
昌平,3室,南北,有电梯,精装,112.0,2008.0,600.0
昌平,2室,南北,无电梯,简装,89.0,2006.0,459.0
昌平,2室,南北,无电梯,精装,93.0,2007.0,530.0
昌平,3室,南北,无电梯,简装,116.0,2002.0,420.0
昌平,2室,东西,无电梯,精装,83.0,2000.0,430.0
昌平,2室,南北,未知,简装,91.0,2000.0,385.0
昌平,3室,南北,未知,精装,127.0,2005.0,598.0
昌平,3室,南北,无电梯,精装,117.0,2005.0,488.0
昌平,2室,南北,有电梯,精装,119.0,2004.0,410.0
昌平,2室,东西,无电梯,简装,88.0,2005.0,439.0
昌平,2室,南北,无电梯,精装,81.0,1999.0,330.0
昌平,2室,东西,无电梯,精装,74.0,1998.0,260.0
昌平,2室,南北,未知,其他,87.0,2004.0,295.0
昌平,3室,南北,未知,精装,115.0,2000.0,510.0
昌平,2室,西南,未知,精装,79.0,2010.0,399.0
昌平,3室,西南,未知,简装,149.0,2005.0,536.0
昌平,2室,南北,无电梯,精装,89.0,2008.0,407.0
昌平,3室,南北,未知,简装,86.0,1995.0,375.0
昌平,1室,南,未知,精装,54.0,2000.0,298.0
昌平,3室,南北,无电梯,精装,124.0,2003.0,555.0
昌平,3室,南北,未知,精装,124.0,2009.0,480.0
昌平,3室,南北,无电梯,简装,128.0,2000.0,500.0
昌平,3室,南北,无电梯,精装,135.0,2000.0,508.0
昌平,1室,南,未知,毛坯,66.0,2004.0,305.0
昌平,2室,南北,无电梯,简装,101.0,2009.0,408.0
昌平,1室,南,未知,精装,41.0,1992.0,223.0
昌平,2室,南北,无电梯,精装,90.0,1996.0,343.0
昌平,2室,东南,无电梯,精装,72.0,1995.0,370.0
昌平,2室,南北,未知,精装,102.0,2007.0,530.0
昌平,3室,南北,无电梯,简装,112.0,1999.0,340.0
昌平,2室,南北,无电梯,精装,94.0,2000.0,325.0
昌平,2室,南北,无电梯,简装,101.0,2008.0,410.0
昌平,2室,南北,未知,简装,102.0,2005.0,345.0
昌平,3室,南北,未知,精装,125.0,2001.0,530.0
昌平,3室,南北,有电梯,精装,133.0,2000.0,475.0
昌平,4室,南北,未知,简装,246.0,2001.0,915.0
昌平,3室,南北,有电梯,简装,159.0,2003.0,500.0
昌平,3室,南北,无电梯,简装,119.0,1998.0,460.0
昌平,3室,南北,未知,简装,118.0,2007.0,450.0
昌平,3室,南北,无电梯,精装,124.0,2005.0,535.0
昌平,4室,南北,未知,毛坯,187.0,2001.0,650.0
昌平,3室,南北,未知,简装,155.0,2007.0,570.0
昌平,2室,南,未知,精装,86.0,2011.0,380.0
昌平,4室,南北,无电梯,其他,208.0,1999.0,1250.0
昌平,4室,南北,无电梯,简装,232.0,1998.0,1100.0
昌平,2室,南北,无电梯,精装,171.0,2004.0,546.0
昌平,4室,南北,未知,简装,214.0,1996.0,1420.0
昌平,3室,南北,有电梯,精装,195.0,2001.0,810.0
昌平,2室,南北,无电梯,其他,69.0,1998.0,275.0
昌平,5室,南北,无电梯,精装,212.0,1999.0,529.0
昌平,3室,南北,未知,简装,131.0,1999.0,388.0
昌平,2室,南北,无电梯,精装,103.0,2001.0,435.0
昌平,3室,南北,有电梯,其他,152.0,2004.0,634.0
昌平,4室,南北,无电梯,简装,155.0,2004.0,550.0
昌平,2室,东,无电梯,精装,92.0,2003.0,310.0
昌平,4室,南北,未知,精装,180.0,1996.0,610.0
昌平,3室,南北,未知,精装,160.0,2004.0,500.0
昌平,3室,南北,未知,简装,147.0,2008.0,650.0
昌平,3室,南北,未知,简装,132.0,2006.0,520.0
昌平,3室,南北,有电梯,精装,135.0,2006.0,560.0
昌平,2室,南,未知,简装,62.0,1995.0,273.0
昌平,2室,东南,有电梯,简装,80.0,2007.0,568.0
昌平,2室,南北,未知,简装,127.0,2004.0,488.0
昌平,3室,南北,未知,其他,117.0,2002.0,420.0
昌平,4室,南北,无电梯,简装,179.0,1998.0,535.0
昌平,3室,南北,无电梯,精装,144.0,1995.0,395.0
昌平,4室,南北,有电梯,精装,175.0,2008.0,900.0
昌平,4室,南北,未知,简装,160.0,2001.0,530.0
昌平,2室,南北,未知,简装,75.0,2007.0,320.0
昌平,2室,南,未知,简装,57.0,1992.0,190.0
昌平,1室,南,未知,简装,62.0,2014.0,330.0
昌平,2室,南北,未知,精装,90.0,2009.0,373.0
昌平,3室,南北,无电梯,精装,115.0,2000.0,490.0
昌平,3室,南北,无电梯,精装,140.0,2003.0,575.0
昌平,3室,南北,无电梯,简装,122.0,2006.0,460.0
昌平,3室,东南,未知,简装,140.0,2004.0,410.0
昌平,2室,南北,未知,精装,85.0,2005.0,449.0
昌平,4室,东西,有电梯,简装,185.0,2001.0,880.0
昌平,3室,南北,无电梯,简装,118.0,2006.0,528.0
昌平,3室,西南,未知,精装,150.0,2005.0,566.0
昌平,3室,南北,未知,精装,118.0,2002.0,485.0
昌平,2室,南北,未知,其他,127.0,2004.0,620.0
昌平,3室,南北,无电梯,精装,102.0,2000.0,460.0
昌平,3室,南北,未知,精装,139.0,2004.0,480.0
昌平,2室,南北,未知,精装,67.0,2000.0,352.0
昌平,3室,南北,未知,精装,115.0,2007.0,610.0
昌平,3室,南北,未知,精装,86.0,1992.0,360.0
昌平,2室,南北,未知,其他,78.0,2005.0,325.0
昌平,2室,西,有电梯,精装,97.0,2003.0,385.0
昌平,3室,西南,未知,精装,89.0,2012.0,445.0
昌平,2室,南北,未知,精装,70.0,1998.0,365.0
昌平,2室,南北,未知,其他,81.0,2001.0,255.0
昌平,2室,南北,未知,精装,112.0,2001.0,419.0
昌平,4室,南北,有电梯,精装,86.0,2008.0,710.0
昌平,2室,南北,未知,精装,66.0,2003.0,300.0
昌平,2室,南北,未知,精装,93.0,2005.0,425.0
昌平,1室,南北,未知,精装,64.0,2003.0,280.0
昌平,2室,南北,未知,精装,87.0,2004.0,438.0
昌平,2室,南北,无电梯,简装,100.0,2000.0,370.0
昌平,4室,西南,有电梯,简装,195.0,2001.0,680.0
昌平,3室,东北,未知,精装,150.0,1995.0,780.0
昌平,2室,南北,未知,精装,67.0,2004.0,349.0
昌平,2室,南北,无电梯,精装,70.0,1997.0,369.0
昌平,2室,南北,未知,简装,93.0,1996.0,319.0
昌平,2室,东南,有电梯,简装,100.0,2004.0,448.0
昌平,3室,南北,无电梯,简装,116.0,2001.0,440.0
昌平,2室,西北,无电梯,简装,69.0,1996.0,275.0
昌平,1室,南北,未知,精装,64.0,2004.0,303.0
昌平,2室,东南,有电梯,精装,85.0,2012.0,386.0
昌平,2室,东南,有电梯,精装,89.0,2008.0,475.0
昌平,2室,东南,无电梯,简装,94.0,2002.0,445.0
昌平,2室,南北,有电梯,精装,86.0,2009.0,420.0
昌平,2室,西南,未知,精装,102.0,2004.0,450.0
昌平,2室,西南,无电梯,精装,88.0,2003.0,480.0
昌平,1室,南,未知,其他,59.0,2005.0,350.0
昌平,3室,南北,无电梯,精装,184.0,2002.0,510.0
昌平,4室,南北,无电梯,其他,166.0,2005.0,566.0
昌平,2室,南北,未知,精装,82.0,2011.0,390.0
昌平,2室,南北,未知,简装,67.0,1997.0,360.0
昌平,2室,东西,未知,简装,61.0,1996.0,330.0
昌平,2室,南北,未知,精装,86.0,2012.0,535.0
昌平,3室,南北,未知,简装,68.0,1995.0,265.0
昌平,2室,南北,有电梯,精装,69.0,2009.0,328.0
昌平,2室,东南,有电梯,精装,101.0,2001.0,399.0
昌平,2室,南北,未知,精装,69.0,1998.0,350.0
昌平,3室,南北,未知,精装,114.0,2003.0,510.0
昌平,2室,南北,有电梯,精装,101.0,2001.0,385.0
昌平,2室,南北,无电梯,简装,74.0,2000.0,360.0
昌平,3室,南北,无电梯,精装,131.0,2003.0,570.0
昌平,3室,南北,未知,简装,124.0,2002.0,500.0
昌平,3室,南北,未知,毛坯,145.0,1999.0,768.0
昌平,5室,南北,未知,精装,200.0,2003.0,680.0
昌平,3室,南北,未知,其他,153.0,2003.0,560.0
昌平,1室,南,未知,其他,43.0,1984.0,195.0
昌平,2室,南北,无电梯,精装,97.0,2008.0,465.0
昌平,1室,南北,未知,简装,61.0,2000.0,355.0
昌平,2室,南北,未知,简装,108.0,2004.0,535.0
昌平,4室,南北,未知,精装,176.0,2004.0,972.0
昌平,2室,南北,未知,其他,98.0,2007.0,470.0
昌平,3室,南北,未知,简装,158.0,2001.0,485.0
昌平,3室,西南,有电梯,简装,121.0,2001.0,463.0
昌平,3室,南北,无电梯,精装,148.0,2002.0,598.0
昌平,2室,西南,无电梯,精装,91.0,2003.0,320.0
昌平,2室,南北,未知,毛坯,50.0,1986.0,170.0
昌平,3室,南北,无电梯,简装,101.0,1998.0,375.0
昌平,2室,南北,无电梯,简装,104.0,2000.0,415.0
昌平,2室,南北,无电梯,简装,96.0,1999.0,395.0
昌平,4室,南北,无电梯,其他,211.0,2001.0,530.0
昌平,3室,西南,未知,精装,155.0,2006.0,940.0
昌平,1室,东南,未知,其他,55.0,2008.0,308.0
昌平,4室,南,无电梯,精装,152.0,2004.0,480.0
昌平,4室,南北,无电梯,简装,180.0,1998.0,589.0
昌平,3室,西南,有电梯,简装,121.0,2011.0,530.0
昌平,2室,南北,未知,精装,95.0,2000.0,430.0
昌平,3室,东南,无电梯,精装,139.0,2003.0,560.0
昌平,1室,南,有电梯,精装,67.0,2011.0,345.0
昌平,3室,南北,无电梯,简装,130.0,2000.0,530.0
昌平,4室,南北,未知,精装,178.0,2003.0,880.0
昌平,2室,南北,未知,精装,103.0,2001.0,405.0
昌平,2室,西,有电梯,简装,91.0,2003.0,362.0
昌平,2室,西南,有电梯,精装,106.0,2002.0,425.0
昌平,3室,东南,无电梯,简装,122.0,2000.0,500.0
昌平,2室,东南,未知,简装,112.0,2005.0,460.0
昌平,2室,东,有电梯,简装,92.0,2002.0,389.0
昌平,4室,南北,未知,精装,157.0,2005.0,630.0
昌平,2室,南北,无电梯,简装,50.0,1997.0,310.0
昌平,3室,南北,有电梯,毛坯,132.0,2009.0,542.0
昌平,1室,南北,无电梯,简装,52.0,2002.0,308.0
昌平,2室,南北,无电梯,精装,102.0,2002.0,470.0
昌平,3室,南北,未知,精装,173.0,2003.0,539.0
昌平,2室,南北,未知,精装,94.0,2004.0,380.0
昌平,2室,西南,未知,精装,135.0,2003.0,460.0
昌平,2室,南北,未知,精装,97.0,2007.0,520.0
昌平,2室,东南,未知,简装,93.0,2003.0,385.0
昌平,2室,南北,无电梯,精装,91.0,2004.0,365.0
昌平,2室,南北,未知,精装,125.0,2003.0,483.0
昌平,3室,南北,未知,精装,160.0,2001.0,599.0
昌平,2室,南北,未知,简装,99.0,2003.0,500.0
昌平,2室,南北,未知,精装,88.0,1996.0,370.0
昌平,3室,南北,未知,精装,134.0,2003.0,558.0
昌平,3室,南北,无电梯,精装,124.0,2007.0,468.0
昌平,2室,东南,无电梯,简装,64.0,1995.0,280.0
昌平,3室,东南,未知,简装,152.0,2004.0,730.0
昌平,2室,南北,未知,简装,87.0,2003.0,445.0
昌平,4室,南北,无电梯,简装,158.0,2001.0,460.0
昌平,5室,南北,无电梯,精装,232.0,2000.0,620.0
昌平,2室,西,未知,简装,97.0,2003.0,380.0
昌平,2室,南北,未知,简装,68.0,1996.0,335.0
昌平,1室,南,有电梯,简装,65.0,2010.0,310.0
昌平,1室,东南,无电梯,精装,39.0,2007.0,290.0
昌平,2室,南北,有电梯,简装,158.0,2005.0,650.0
昌平,3室,南北,未知,精装,117.0,2006.0,560.0
昌平,2室,东南,未知,精装,100.0,2001.0,395.0
昌平,3室,南北,无电梯,精装,123.0,2007.0,525.0
昌平,3室,南北,未知,简装,86.0,1998.0,435.0
昌平,2室,南北,未知,简装,75.0,2010.0,410.0
昌平,2室,南北,未知,简装,85.0,2002.0,251.0
昌平,2室,南北,无电梯,精装,96.0,1999.0,440.0
昌平,1室,南,未知,简装,57.0,2003.0,299.0
昌平,1室,东北,有电梯,简装,56.0,2008.0,370.0
昌平,2室,南北,无电梯,简装,65.0,2004.0,365.0
昌平,2室,南北,未知,精装,97.0,2002.0,445.0
昌平,3室,东南,有电梯,精装,88.0,2010.0,435.0
昌平,3室,西南,有电梯,精装,126.0,2008.0,493.0
昌平,3室,南北,有电梯,简装,145.0,2004.0,568.0
昌平,2室,南北,有电梯,简装,113.0,2004.0,445.0
昌平,2室,南,有电梯,简装,88.0,2009.0,410.0
昌平,3室,南北,无电梯,精装,124.0,2008.0,456.0
昌平,3室,东南,无电梯,简装,148.0,2001.0,410.0
昌平,3室,南北,未知,精装,132.0,2003.0,610.0
昌平,3室,东南,未知,精装,140.0,2001.0,490.0
昌平,2室,南北,无电梯,简装,69.0,1998.0,288.0
昌平,2室,南北,未知,精装,82.0,2002.0,430.0
昌平,3室,东南,未知,简装,142.0,2003.0,417.0
昌平,2室,南北,未知,简装,94.0,2000.0,445.0
昌平,3室,南北,未知,精装,136.0,2001.0,500.0
昌平,2室,南北,未知,精装,135.0,2003.0,498.0
昌平,3室,南北,无电梯,精装,123.0,1998.0,399.0
昌平,2室,南北,未知,其他,96.0,2006.0,520.0
昌平,2室,南,无电梯,精装,65.0,1998.0,338.0
昌平,3室,东南,无电梯,简装,122.0,2000.0,500.0
昌平,3室,南北,无电梯,简装,124.0,2009.0,468.0
昌平,2室,南北,未知,精装,81.0,1998.0,382.0
昌平,4室,南北,无电梯,精装,159.0,2001.0,540.0
昌平,2室,南北,无电梯,精装,85.0,2005.0,440.0
昌平,2室,南北,无电梯,精装,79.0,2004.0,410.0
昌平,3室,西南,未知,简装,124.0,2001.0,495.0
昌平,2室,西南,有电梯,精装,79.0,2010.0,410.0
昌平,2室,南北,未知,精装,82.0,2011.0,390.0
昌平,3室,南北,未知,简装,164.0,1995.0,650.0
昌平,2室,南北,未知,精装,97.0,2003.0,399.0
昌平,3室,南北,无电梯,精装,206.0,2001.0,510.0
昌平,2室,南北,无电梯,精装,74.0,1995.0,390.0
昌平,2室,西南,未知,精装,85.0,2012.0,380.0
昌平,2室,南,有电梯,精装,92.0,2005.0,445.0
昌平,2室,北,有电梯,精装,67.0,2003.0,365.0
昌平,1室,南,未知,精装,46.0,2004.0,300.0
昌平,2室,南北,有电梯,精装,123.0,2004.0,488.0
昌平,3室,南北,未知,精装,148.0,2008.0,619.0
昌平,2室,东南,未知,简装,78.0,2003.0,395.0
昌平,3室,南北,无电梯,精装,117.0,2002.0,530.0
昌平,2室,西南,无电梯,精装,86.0,2004.0,428.0
昌平,3室,南北,未知,简装,109.0,1996.0,440.0
昌平,2室,东南,有电梯,精装,73.0,2010.0,413.0
昌平,2室,南,有电梯,精装,82.0,2010.0,412.0
昌平,3室,南北,无电梯,精装,80.0,1996.0,398.0
昌平,3室,南北,有电梯,精装,107.0,2006.0,648.0
昌平,2室,南北,有电梯,精装,96.0,2006.0,530.0
昌平,2室,东南,未知,简装,89.0,2003.0,430.0
昌平,2室,南北,无电梯,精装,70.0,1998.0,360.0
昌平,4室,南北,有电梯,精装,186.0,2001.0,650.0
昌平,3室,南北,无电梯,其他,115.0,2000.0,448.0
昌平,3室,南北,无电梯,其他,125.0,2003.0,500.0
昌平,3室,南北,无电梯,简装,69.0,1990.0,250.0
昌平,3室,南北,无电梯,简装,128.0,2005.0,575.0
昌平,2室,南北,未知,毛坯,137.0,2003.0,475.0
昌平,3室,西北,未知,精装,87.0,2010.0,405.0
昌平,3室,南北,未知,精装,145.0,2007.0,568.0
昌平,4室,南北,无电梯,简装,140.0,2000.0,620.0
昌平,2室,南,无电梯,简装,101.0,2000.0,420.0
昌平,4室,南北,无电梯,精装,183.0,1997.0,535.0
昌平,4室,南北,未知,精装,170.0,2005.0,618.0
昌平,3室,南北,有电梯,精装,199.0,2008.0,940.0
昌平,1室,南,未知,精装,46.0,2009.0,320.0
昌平,3室,南北,未知,精装,201.0,2003.0,729.0
昌平,1室,南,未知,简装,63.0,2011.0,315.0
昌平,2室,南北,未知,其他,88.0,2011.0,500.0
昌平,3室,南北,有电梯,简装,147.0,2001.0,518.0
昌平,2室,南北,未知,简装,89.0,2011.0,500.0
昌平,2室,东南,有电梯,精装,90.0,2007.0,490.0
昌平,3室,南北,无电梯,简装,121.0,2000.0,472.0
昌平,2室,东南,未知,其他,84.0,2008.0,340.0
昌平,2室,南北,未知,简装,110.0,2004.0,620.0
昌平,4室,南北,未知,精装,254.0,2008.0,960.0
昌平,3室,南北,未知,精装,185.0,2004.0,820.0
昌平,2室,南北,未知,精装,85.0,2005.0,435.0
昌平,3室,南北,无电梯,简装,124.0,2009.0,468.0
昌平,3室,东南,有电梯,精装,87.0,2010.0,400.0
昌平,2室,南北,未知,精装,94.0,2004.0,440.0
昌平,2室,南北,有电梯,精装,81.0,2010.0,408.0
昌平,2室,南北,未知,简装,69.0,2001.0,340.0
昌平,3室,南北,未知,精装,142.0,2004.0,490.0
昌平,2室,西南,未知,精装,92.0,2003.0,385.0
昌平,3室,东南,未知,简装,110.0,2001.0,520.0
昌平,2室,南北,无电梯,精装,89.0,2008.0,405.0
昌平,2室,南北,未知,精装,126.0,2005.0,485.0
昌平,2室,南北,无电梯,精装,71.0,1998.0,360.0
昌平,3室,东南,无电梯,精装,153.0,2002.0,445.0
昌平,3室,南北,无电梯,精装,124.0,2007.0,485.0
昌平,4室,南北,未知,其他,166.0,2002.0,680.0
昌平,2室,南,未知,精装,79.0,2014.0,545.0
昌平,2室,南北,未知,精装,91.0,2000.0,375.0
昌平,3室,南北,未知,精装,125.0,2006.0,579.0
昌平,2室,南北,无电梯,简装,98.0,2005.0,460.0
昌平,3室,南北,未知,简装,124.0,2007.0,450.0
昌平,2室,南北,无电梯,精装,74.0,1996.0,395.0
昌平,2室,南北,未知,精装,70.0,1996.0,388.0
昌平,3室,西南,未知,其他,124.0,2001.0,499.0
昌平,2室,南北,有电梯,精装,152.0,2004.0,635.0
昌平,3室,东西,有电梯,简装,146.0,2003.0,465.0
昌平,3室,南北,无电梯,精装,122.0,2006.0,480.0
昌平,2室,东西,有电梯,精装,93.0,2008.0,410.0
昌平,3室,南北,未知,简装,169.0,2002.0,520.0
昌平,2室,南北,无电梯,精装,118.0,2001.0,430.0
昌平,3室,南北,无电梯,其他,115.0,2000.0,448.0
昌平,3室,南北,无电梯,其他,125.0,2003.0,500.0
昌平,3室,南北,未知,精装,142.0,2004.0,503.0
昌平,2室,南北,未知,简装,125.0,2004.0,510.0
昌平,2室,东南,无电梯,简装,95.0,2006.0,476.0
昌平,2室,南北,有电梯,简装,89.0,2009.0,370.0
昌平,3室,南北,未知,精装,112.0,2000.0,430.0
昌平,3室,南北,有电梯,简装,145.0,2004.0,515.0
昌平,3室,南北,未知,简装,118.0,2007.0,465.0
昌平,2室,南北,无电梯,简装,64.0,1994.0,250.0
昌平,3室,南北,无电梯,简装,113.0,2004.0,530.0
昌平,3室,南北,无电梯,简装,124.0,2007.0,495.0
昌平,3室,南北,未知,简装,88.0,2008.0,370.0
昌平,5室,东南,有电梯,精装,180.0,2005.0,655.0
昌平,2室,东南,有电梯,精装,111.0,2007.0,570.0
昌平,3室,南北,未知,简装,160.0,2003.0,528.0
昌平,3室,南北,无电梯,精装,118.0,2000.0,490.0
昌平,3室,南北,无电梯,简装,130.0,2001.0,555.0
昌平,3室,南北,无电梯,毛坯,124.0,2007.0,495.0
昌平,2室,南西,有电梯,精装,83.0,2010.0,415.0
昌平,2室,南,无电梯,其他,67.0,1998.0,335.0
昌平,2室,东,有电梯,精装,65.0,2010.0,280.0
昌平,2室,南北,无电梯,精装,102.0,2009.0,430.0
昌平,2室,南北,有电梯,精装,100.0,2006.0,530.0
昌平,2室,南北,未知,精装,61.0,1992.0,345.0
昌平,2室,西南,有电梯,简装,72.0,2010.0,362.0
昌平,1室,南北,有电梯,精装,75.0,2003.0,380.0
昌平,3室,东南,未知,简装,83.0,2005.0,455.0
昌平,2室,南北,无电梯,精装,83.0,2003.0,470.0
昌平,3室,南北,有电梯,精装,163.0,2003.0,550.0
昌平,2室,东西,无电梯,简装,86.0,2000.0,435.0
昌平,2室,南北,有电梯,精装,81.0,2010.0,408.0
昌平,2室,南北,未知,精装,92.0,2008.0,390.0
昌平,1室,东南,未知,毛坯,60.0,2010.0,328.0
昌平,1室,西南,未知,精装,75.0,2001.0,334.0
昌平,4室,南北,无电梯,精装,146.0,2000.0,530.0
昌平,4室,南北,有电梯,简装,211.0,2008.0,919.0
昌平,2室,南北,未知,简装,100.0,2001.0,384.0
昌平,3室,南北,未知,其他,109.0,2006.0,650.0
昌平,2室,南,有电梯,其他,84.0,2012.0,375.0
昌平,3室,南北,未知,简装,112.0,2000.0,490.0
昌平,3室,南北,未知,精装,141.0,2002.0,550.0
昌平,2室,南北,未知,精装,91.0,2004.0,378.0
昌平,2室,南北,未知,简装,78.0,1996.0,378.0
昌平,2室,南北,未知,精装,92.0,2013.0,425.0
昌平,2室,东,有电梯,精装,91.0,2003.0,375.0
昌平,3室,南北,未知,简装,114.0,2003.0,525.0
昌平,2室,南西,有电梯,精装,106.0,2001.0,418.0
昌平,2室,南,未知,精装,77.0,2010.0,320.0
昌平,2室,南北,无电梯,精装,66.0,1998.0,390.0
昌平,3室,南北,未知,精装,118.0,2003.0,520.0
昌平,2室,南北,未知,精装,61.0,1992.0,345.0
昌平,2室,南,未知,简装,82.0,2000.0,345.0
昌平,3室,南北,未知,精装,127.0,1999.0,428.0
昌平,4室,南北,无电梯,精装,208.0,1999.0,1268.0
昌平,3室,南北,有电梯,精装,156.0,2003.0,551.0
昌平,1室,南,未知,精装,70.0,2006.0,420.0
昌平,2室,南北,未知,精装,68.0,2010.0,330.0
昌平,2室,东西,未知,精装,123.0,2003.0,429.0
昌平,2室,南北,未知,精装,89.0,2009.0,435.0
昌平,2室,东南,无电梯,精装,89.0,2005.0,430.0
昌平,4室,南北,未知,精装,208.0,1999.0,1196.0
昌平,2室,南北,未知,精装,132.0,2003.0,475.0
昌平,2室,南北,未知,简装,77.0,2000.0,365.0
昌平,3室,南北,未知,简装,128.0,1999.0,455.0
昌平,2室,西南,未知,精装,89.0,2009.0,390.0
昌平,2室,南北,未知,其他,53.0,1990.0,228.0
昌平,3室,东南,未知,简装,114.0,2007.0,610.0
昌平,3室,南北,未知,精装,120.0,2006.0,625.0
昌平,2室,西,未知,精装,86.0,2004.0,350.0
昌平,3室,东南,未知,简装,115.0,2000.0,460.0
昌平,2室,东,未知,简装,61.0,2009.0,315.0
昌平,3室,南北,未知,简装,84.0,1995.0,423.0
昌平,2室,南北,未知,简装,117.0,2001.0,415.0
昌平,2室,南北,未知,简装,58.0,1984.0,228.0
昌平,2室,东西,未知,简装,93.0,2007.0,486.0
昌平,3室,南北,未知,简装,116.0,2001.0,468.0
昌平,1室,北,未知,精装,60.0,2004.0,274.0
昌平,2室,西,有电梯,简装,95.0,2003.0,360.0
昌平,2室,南北,无电梯,简装,93.0,2000.0,459.0
昌平,3室,南北,无电梯,简装,125.0,2006.0,578.0
昌平,3室,南北,未知,精装,128.0,2003.0,615.0
昌平,2室,南北,未知,简装,77.0,2000.0,375.0
昌平,2室,南北,未知,精装,87.0,2003.0,337.0
昌平,3室,南北,未知,简装,141.0,2001.0,515.0
昌平,2室,南,未知,精装,80.0,2011.0,390.0
昌平,2室,南北,未知,精装,89.0,2009.0,462.0
昌平,2室,东南,未知,精装,89.0,2008.0,480.0
昌平,3室,南北,未知,精装,124.0,2007.0,458.0
昌平,2室,南北,未知,其他,98.0,2007.0,403.0
昌平,3室,南北,未知,精装,133.0,2000.0,475.0
昌平,3室,南北,未知,简装,87.0,2004.0,465.0
昌平,3室,南北,未知,精装,171.0,2002.0,516.0
昌平,3室,南北,未知,精装,158.0,2003.0,506.0
昌平,3室,南北,未知,精装,143.0,2001.0,468.0
昌平,3室,南北,未知,精装,113.0,2004.0,570.0
昌平,3室,南北,未知,其他,124.0,2006.0,513.0
昌平,1室,南北,未知,精装,67.0,2005.0,350.0
昌平,2室,南北,未知,简装,114.0,2001.0,439.0
昌平,3室,东南,未知,精装,125.0,2007.0,620.0
昌平,2室,南北,未知,精装,86.0,2000.0,399.0
昌平,2室,东南,未知,精装,85.0,2005.0,385.0
昌平,2室,南北,无电梯,精装,101.0,2003.0,488.0
昌平,1室,北,未知,精装,63.0,2004.0,365.0
昌平,1室,南北,未知,其他,58.0,1994.0,330.0
昌平,3室,南北,未知,精装,126.0,2004.0,499.0
昌平,3室,东南,未知,精装,90.0,2009.0,435.0
昌平,2室,南北,未知,精装,139.0,2003.0,475.0
昌平,2室,东西,未知,其他,63.0,1994.0,252.0
昌平,2室,南北,未知,精装,88.0,2005.0,435.0
昌平,2室,南北,未知,精装,61.0,1994.0,340.0
昌平,2室,东南,未知,精装,106.0,2001.0,393.0
昌平,3室,南北,无电梯,精装,141.0,2005.0,554.0
昌平,2室,东西,未知,精装,102.0,2006.0,490.0
昌平,2室,南北,未知,精装,85.0,2005.0,370.0
昌平,1室,南北,未知,其他,61.0,2003.0,288.0
昌平,2室,南北,未知,精装,79.0,2004.0,400.0
昌平,3室,南北,无电梯,精装,127.0,1998.0,478.0
昌平,1室,南,未知,精装,89.0,2004.0,388.0
昌平,1室,西北,未知,其他,60.0,2013.0,270.0
昌平,3室,南北,未知,简装,121.0,2006.0,625.0
昌平,2室,南,未知,精装,80.0,2010.0,410.0
昌平,3室,南北,未知,精装,147.0,2001.0,530.0
昌平,3室,南北,无电梯,精装,120.0,2002.0,600.0
昌平,1室,南,未知,精装,69.0,2004.0,405.0
昌平,2室,南北,未知,精装,91.0,2006.0,428.0
昌平,2室,南北,未知,简装,80.0,1997.0,285.0
昌平,2室,南北,未知,精装,93.0,2000.0,450.0
昌平,3室,南北,未知,精装,172.0,2008.0,735.0
昌平,2室,南北,未知,精装,89.0,2001.0,408.0
昌平,3室,南北,未知,其他,121.0,2008.0,480.0
昌平,2室,南北,未知,简装,108.0,2003.0,520.0
昌平,2室,西南,未知,精装,65.0,1998.0,328.0
昌平,2室,南北,未知,精装,113.0,2005.0,421.0
昌平,1室,北,未知,精装,46.0,2007.0,300.0
昌平,1室,南北,未知,简装,65.0,2003.0,339.0
昌平,2室,南北,未知,简装,70.0,1998.0,365.0
昌平,2室,南北,未知,简装,93.0,2007.0,510.0
昌平,3室,东南,未知,简装,138.0,2003.0,500.0
昌平,2室,东西,未知,简装,79.0,2003.0,299.0
昌平,2室,南,未知,精装,97.0,2003.0,403.0
昌平,2室,南北,未知,简装,97.0,2001.0,398.0
昌平,2室,南北,未知,精装,84.0,2003.0,455.0
昌平,2室,南北,未知,精装,101.0,2003.0,460.0
昌平,2室,南北,未知,其他,87.0,2003.0,358.0
昌平,2室,南北,未知,简装,99.0,1996.0,405.0
昌平,2室,南北,未知,精装,102.0,2004.0,499.0
昌平,2室,南北,无电梯,精装,103.0,2001.0,405.0
昌平,3室,南北,未知,简装,129.0,2000.0,500.0
昌平,3室,南北,未知,简装,124.0,2007.0,518.0
通州,4室,南北,无电梯,精装,190.0,2004.0,660.0
通州,4室,南北,未知,精装,127.0,2016.0,762.0
通州,其他,南,有电梯,简装,122.0,2012.0,498.0
通州,其他,西,未知,精装,64.0,2017.0,288.0
通州,4室,西南,有电梯,精装,165.0,2015.0,640.0
通州,其他,北,有电梯,毛坯,44.0,2014.0,99.5
通州,其他,南,未知,精装,68.0,2013.0,150.0
通州,其他,东,未知,毛坯,38.0,2015.0,96.0
通州,其他,南,未知,精装,89.0,2015.0,255.0
通州,2室,东西,未知,精装,97.0,2006.0,280.0
通州,其他,北,有电梯,精装,57.0,2013.0,120.0
通州,其他,北,有电梯,精装,44.0,2014.0,98.5
通州,其他,北,有电梯,精装,49.0,2014.0,190.0
通州,4室,南北,有电梯,简装,162.0,2015.0,940.0
通州,其他,南,有电梯,精装,108.0,2012.0,290.0
通州,其他,西北,未知,精装,71.0,2017.0,300.0
通州,其他,东,未知,精装,65.0,2017.0,230.0
通州,其他,北,未知,精装,39.0,2017.0,300.0
通州,其他,北,未知,精装,43.0,2017.0,180.0
通州,其他,西南,未知,精装,85.0,2017.0,430.0
通州,3室,南北,未知,精装,91.0,2017.0,650.0
通州,2室,南北,未知,精装,81.0,2017.0,520.0
通州,其他,西,未知,其他,39.0,2016.0,97.5
通州,其他,东,未知,其他,36.0,2016.0,90.0
通州,其他,东北,未知,精装,71.0,2017.0,580.0
通州,2室,西,有电梯,精装,88.0,2011.0,479.0
通州,其他,南,未知,精装,52.0,2012.0,315.0
通州,其他,南北,未知,毛坯,195.32,2014.0,780.0
通州,2室,东西,有电梯,精装,89.0,2010.0,390.0
通州,其他,东,有电梯,精装,52.0,2013.0,120.0
通州,2室,南北,无电梯,其他,99.0,2004.0,360.0
通州,其他,南,未知,精装,188.0,2009.0,230.0
通州,其他,西,未知,其他,37.0,2016.0,92.8
通州,其他,西,未知,其他,39.0,2016.0,97.5
通州,其他,西,有电梯,精装,67.0,2013.0,289.0
通州,3室,东南,有电梯,其他,126.0,2002.0,550.0
通州,3室,西南,无电梯,简装,103.0,2007.0,380.0
通州,其他,东北,未知,精装,104.0,2015.0,300.0
通州,4室,东南,无电梯,简装,147.0,2001.0,550.0
通州,其他,西,有电梯,精装,65.0,2013.0,280.0
通州,3室,南北,未知,毛坯,117.0,2017.0,310.0
通州,2室,南北,有电梯,精装,96.0,2010.0,450.0
通州,2室,南,未知,其他,78.0,2011.0,220.0
通州,2室,南北,无电梯,简装,92.0,1995.0,388.0
通州,3室,南北,有电梯,精装,151.0,2011.0,798.0
通州,3室,南北,未知,简装,89.0,2009.0,290.0
通州,4室,南北,无电梯,简装,158.0,2005.0,660.0
通州,其他,南,有电梯,精装,75.0,2013.0,172.0
通州,其他,南,未知,精装,108.0,2012.0,310.0
通州,其他,北,有电梯,精装,102.0,2012.0,290.0
通州,2室,南北,未知,毛坯,81.0,2017.0,259.0
通州,3室,东南,有电梯,简装,162.0,2007.0,685.0
通州,1室,北,有电梯,简装,51.0,2009.0,245.0
通州,2室,南北,无电梯,简装,88.0,2000.0,370.0
通州,1室,南西,有电梯,精装,60.0,2010.0,318.0
通州,2室,南,有电梯,简装,101.0,2005.0,557.0
通州,3室,南北,未知,简装,148.0,2005.0,570.0
通州,3室,南北,无电梯,精装,96.0,1998.0,410.0
通州,1室,北,未知,精装,58.0,2005.0,300.0
通州,其他,东南,有电梯,精装,52.0,2013.0,122.0
通州,2室,南北,未知,毛坯,81.0,2017.0,258.0
通州,其他,西,有电梯,简装,54.0,2013.0,122.0
通州,2室,南,未知,精装,85.0,2016.0,470.0
通州,1室,南,未知,简装,68.0,2011.0,490.0
通州,2室,南北,未知,简装,84.0,1996.0,350.0
通州,其他,北,有电梯,精装,57.0,2013.0,120.0
通州,2室,东南,有电梯,简装,95.0,2004.0,400.0
通州,其他,北,有电梯,精装,141.0,2012.0,320.0
通州,其他,南,未知,简装,68.0,2013.0,160.0
通州,4室,南北,未知,精装,143.0,2015.0,645.0
通州,3室,南北,未知,简装,122.0,2016.0,400.0
通州,其他,西,未知,简装,53.0,2013.0,109.0
通州,其他,南,未知,精装,68.0,2013.0,158.0
通州,2室,西南,未知,简装,82.0,2011.0,445.0
通州,2室,东西,无电梯,简装,93.0,2002.0,300.0
通州,2室,南,未知,精装,84.0,2016.0,500.0
通州,其他,东北,未知,精装,71.0,2017.0,288.0
通州,2室,东西,未知,简装,96.0,2003.0,260.0
通州,其他,南,有电梯,精装,60.0,2013.0,135.0
通州,其他,南,未知,精装,155.0,2012.0,350.0
通州,1室,南,有电梯,精装,61.0,2004.0,300.0
通州,1室,西南,未知,简装,62.0,2005.0,320.0
通州,2室,西北,有电梯,其他,84.0,2005.0,400.0
通州,其他,南,有电梯,毛坯,46.0,2013.0,288.0
通州,2室,南北,未知,简装,83.0,1995.0,290.0
通州,2室,南北,有电梯,简装,94.0,2009.0,480.0
通州,2室,东西,未知,精装,87.0,2008.0,290.0
通州,1室,西北,未知,精装,61.0,2004.0,308.0
通州,3室,南北,无电梯,简装,138.0,2002.0,530.0
通州,3室,东,有电梯,精装,145.0,2010.0,550.0
通州,4室,南北,未知,精装,138.0,2015.0,460.0
通州,2室,南,未知,精装,75.0,2014.0,310.0
通州,其他,东,有电梯,简装,52.0,2013.0,110.0
通州,1室,北,有电梯,其他,39.0,2005.0,205.0
通州,3室,西北,有电梯,简装,132.0,2004.0,540.0
通州,3室,南北,有电梯,其他,138.0,2005.0,620.0
通州,2室,南北,有电梯,毛坯,104.0,2008.0,495.0
通州,3室,南北,有电梯,精装,112.0,2005.0,560.0
通州,其他,南,有电梯,精装,74.0,2013.0,165.0
通州,2室,南北,未知,简装,103.0,2004.0,420.0
通州,3室,南北,未知,精装,110.0,2015.0,450.0
通州,其他,南,未知,精装,51.0,2013.0,110.0
通州,其他,东,有电梯,精装,35.0,2012.0,233.0
通州,2室,西南,有电梯,精装,105.0,2008.0,550.0
通州,其他,西,有电梯,精装,55.0,2013.0,120.0
通州,其他,北,有电梯,精装,57.0,2013.0,120.0
通州,其他,西北,未知,精装,86.0,2015.0,200.0
通州,其他,南,有电梯,精装,60.0,2013.0,130.0
通州,3室,南北,有电梯,精装,125.0,2002.0,520.0
通州,1室,北,有电梯,精装,75.0,2007.0,360.0
通州,其他,东,未知,简装,39.0,2015.0,92.0
通州,其他,东,未知,其他,38.0,2015.0,96.0
通州,其他,西北,有电梯,精装,90.0,2014.0,203.9
通州,其他,东,未知,精装,38.0,2015.0,85.0
通州,其他,西,有电梯,精装,71.0,2012.0,112.0
通州,其他,东北,未知,精装,49.0,2015.0,124.0
通州,2室,南北,无电梯,其他,77.0,2004.0,366.0
通州,3室,南北,有电梯,简装,152.0,2005.0,727.0
通州,其他,南,有电梯,精装,59.0,2014.0,133.0
通州,其他,北,有电梯,精装,46.0,2014.0,104.9
通州,其他,北,有电梯,精装,47.0,2014.0,107.0
通州,其他,西,有电梯,精装,36.0,2013.0,238.0
通州,其他,北,有电梯,精装,57.0,2013.0,120.0
通州,6室,南北,未知,其他,184.0,1998.0,580.0
通州,其他,西,有电梯,精装,71.0,2012.0,130.0
通州,其他,东,未知,精装,40.0,2015.0,100.0
通州,其他,南,有电梯,精装,46.0,2014.0,300.0
通州,4室,南北,有电梯,简装,211.0,2005.0,880.0
通州,3室,东西,有电梯,精装,103.0,2011.0,320.0
通州,3室,东,有电梯,精装,145.0,2010.0,530.0
通州,其他,南,有电梯,精装,58.0,2014.0,132.0
通州,1室,南北,有电梯,精装,102.0,2005.0,530.0
通州,3室,南北,无电梯,简装,92.0,1998.0,400.0
通州,2室,南北,无电梯,简装,82.0,1998.0,360.0
通州,2室,南北,无电梯,简装,93.0,2003.0,456.0
通州,2室,南北,无电梯,精装,114.0,2004.0,530.0
通州,3室,东西,有电梯,精装,167.0,2010.0,580.0
通州,3室,南北,无电梯,简装,114.0,2003.0,430.0
通州,1室,南北,有电梯,其他,102.0,2005.0,530.0
通州,其他,南,有电梯,精装,68.0,2013.0,157.5
通州,其他,东,未知,精装,40.0,2015.0,85.0
通州,1室,西北,有电梯,简装,55.0,2012.0,251.0
通州,其他,东南,未知,精装,112.0,2012.0,240.0
通州,1室,北,有电梯,简装,68.0,2004.0,300.0
通州,1室,东,有电梯,精装,40.0,2012.0,248.0
通州,3室,西南,无电梯,简装,130.0,1995.0,390.0
通州,其他,西,有电梯,精装,71.0,2012.0,110.0
通州,其他,东南,未知,精装,44.0,2015.0,120.0
通州,1室,北,有电梯,精装,44.0,2007.0,225.0
通州,3室,南北,未知,简装,112.0,2001.0,410.0
通州,1室,南,有电梯,其他,86.0,2005.0,440.0
通州,1室,西,未知,简装,67.0,2005.0,306.0
通州,3室,南北,无电梯,简装,133.0,2000.0,530.0
通州,其他,北,有电梯,精装,44.0,2014.0,99.5
通州,其他,南,有电梯,精装,58.0,2014.0,130.0
通州,其他,西南,有电梯,简装,84.0,2013.0,170.0
通州,其他,南,未知,其他,63.0,2013.0,135.0
通州,2室,南北,无电梯,简装,80.0,2000.0,323.0
通州,其他,北,有电梯,精装,57.0,2013.0,120.0
通州,3室,南北,无电梯,简装,158.0,2000.0,600.0
通州,3室,南北,有电梯,简装,197.0,2011.0,630.0
通州,其他,北,有电梯,精装,46.0,2014.0,100.0
通州,2室,南北,无电梯,毛坯,56.0,1982.0,252.0
通州,1室,西北,有电梯,精装,64.0,2005.0,290.0
通州,1室,南,未知,精装,46.0,2015.0,205.0
通州,1室,西南,有电梯,简装,76.0,2010.0,385.0
通州,2室,南北,有电梯,精装,115.0,2005.0,550.0
通州,2室,南北,有电梯,简装,72.0,2008.0,280.0
通州,2室,东北,有电梯,简装,84.0,2007.0,365.0
通州,2室,东南,无电梯,简装,65.0,1988.0,270.0
通州,2室,西,未知,简装,95.0,2004.0,398.0
通州,2室,南北,有电梯,简装,103.0,2002.0,430.0
通州,2室,西北,未知,精装,72.0,2005.0,349.0
通州,2室,南北,有电梯,精装,91.0,2014.0,480.0
通州,3室,南北,未知,精装,131.0,2007.0,625.0
通州,1室,南,未知,简装,74.0,2007.0,348.0
通州,2室,东西,有电梯,精装,83.0,2013.0,420.0
通州,2室,西北,有电梯,精装,82.0,2011.0,460.0
通州,1室,南,无电梯,精装,39.0,2002.0,225.0
通州,6室,南北,未知,精装,155.0,2014.0,604.0
通州,4室,南,有电梯,精装,190.0,2011.0,1000.0
通州,5室,南北,无电梯,简装,163.0,2001.0,650.0
通州,4室,南北,无电梯,精装,153.0,1997.0,520.0
通州,其他,南,有电梯,精装,58.0,2014.0,125.0
通州,其他,南,有电梯,精装,58.0,2014.0,132.0
通州,其他,东,未知,精装,38.0,2015.0,95.0
通州,其他,东,有电梯,简装,59.0,2013.0,123.0
通州,2室,东西,无电梯,其他,93.0,2004.0,410.0
通州,4室,南北,无电梯,精装,176.0,2007.0,950.0
通州,其他,南,未知,简装,40.0,2015.0,100.0
通州,3室,南北,未知,其他,102.0,2013.0,360.0
通州,2室,南,有电梯,简装,90.0,2012.0,470.0
通州,3室,南北,有电梯,精装,90.0,2012.0,460.0
通州,2室,南北,无电梯,精装,120.0,2000.0,398.0
通州,1室,南北,无电梯,精装,51.0,1991.0,242.0
通州,4室,南北,有电梯,毛坯,195.0,2014.0,878.0
通州,4室,南北,有电梯,精装,151.0,2015.0,800.0
通州,1室,南北,有电梯,精装,74.0,2003.0,370.0
通州,1室,东,有电梯,精装,58.0,2005.0,300.0
通州,2室,南北,有电梯,简装,93.0,2005.0,485.0
通州,2室,西,有电梯,精装,77.0,2010.0,300.0
通州,2室,南,未知,简装,74.0,2002.0,370.0
通州,2室,南北,无电梯,简装,102.0,2005.0,435.0
通州,2室,东西,有电梯,精装,96.0,2010.0,412.0
通州,4室,东西,无电梯,简装,229.0,2003.0,890.0
通州,3室,南北,有电梯,精装,156.0,2004.0,750.0
通州,1室,南,有电梯,精装,49.0,2010.0,259.0
通州,1室,东,有电梯,毛坯,80.0,2010.0,306.0
通州,1室,南,有电梯,精装,41.0,2011.0,214.0
通州,1室,南,无电梯,简装,44.0,2004.0,235.0
通州,1室,南,有电梯,精装,63.0,2003.0,329.0
通州,其他,西,有电梯,精装,55.0,2013.0,125.0
通州,2室,南北,有电梯,精装,113.0,2003.0,270.0
通州,2室,东西,有电梯,精装,93.0,2010.0,395.0
通州,3室,南北,无电梯,精装,109.0,2004.0,398.0
通州,2室,南北,无电梯,精装,86.0,2004.0,406.0
通州,3室,南北,未知,精装,119.0,2014.0,465.0
通州,2室,东,未知,简装,77.0,2010.0,300.0
通州,3室,西南,有电梯,精装,186.0,2012.0,800.0
通州,2室,南北,无电梯,精装,103.0,1999.0,389.0
通州,3室,南北,无电梯,其他,82.0,2000.0,370.0
通州,2室,东西,有电梯,精装,93.0,2004.0,415.0
通州,1室,西北,未知,精装,63.0,2010.0,350.0
通州,1室,东南,无电梯,简装,52.0,1992.0,240.0
通州,其他,东,有电梯,精装,52.0,2013.0,125.0
通州,2室,南北,无电梯,简装,107.0,2005.0,490.0
通州,其他,南,有电梯,简装,69.0,2013.0,150.0
通州,其他,北,有电梯,精装,30.0,2012.0,198.0
通州,2室,南,有电梯,简装,92.0,2012.0,465.0
通州,4室,南北,未知,精装,165.0,2015.0,700.0
通州,2室,南北,无电梯,简装,91.0,1996.0,358.0
通州,3室,南北,未知,精装,88.0,2014.0,335.0
通州,3室,东南,无电梯,简装,131.0,2001.0,535.0
通州,2室,南,未知,精装,74.0,2013.0,245.0
通州,2室,东西,未知,毛坯,90.0,2010.0,360.0
通州,2室,南北,未知,简装,53.0,1991.0,290.0
通州,4室,东南,无电梯,简装,174.0,1999.0,700.0
通州,2室,南北,无电梯,简装,99.0,2006.0,368.0
通州,4室,南北,未知,精装,186.0,2010.0,895.0
通州,1室,南北,有电梯,简装,76.0,2008.0,270.0
通州,2室,南,未知,精装,91.0,2015.0,530.0
通州,4室,南北,有电梯,其他,183.0,2014.0,1100.0
通州,2室,南北,无电梯,精装,79.0,1998.0,330.0
通州,3室,南,有电梯,精装,152.0,2002.0,620.0
通州,3室,南北,无电梯,简装,172.0,2002.0,600.0
通州,2室,南北,未知,精装,64.0,1991.0,300.0
通州,2室,南,无电梯,简装,60.0,1985.0,255.0
通州,其他,东南,未知,精装,91.0,2012.0,229.0
通州,3室,南北,未知,简装,110.0,2009.0,495.0
通州,2室,南西,未知,精装,84.0,2015.0,360.0
通州,2室,西南,无电梯,简装,125.0,2004.0,520.0
通州,3室,南,有电梯,简装,127.0,2015.0,720.0
通州,2室,东南,有电梯,精装,87.0,2014.0,465.0
通州,3室,南北,未知,简装,119.0,2014.0,425.0
通州,3室,南北,无电梯,简装,138.0,2002.0,590.0
通州,2室,东西,无电梯,简装,100.0,1996.0,430.0
通州,3室,南北,未知,精装,119.0,2014.0,465.0
通州,2室,东西,未知,简装,98.0,2003.0,265.0
通州,2室,南北,未知,精装,74.0,2007.0,335.0
通州,3室,南北,无电梯,简装,98.0,1998.0,390.0
通州,3室,南北,有电梯,精装,239.0,2005.0,1280.0
通州,其他,东北,有电梯,其他,60.0,2013.0,108.0
通州,其他,北,有电梯,精装,29.0,2014.0,193.0
通州,3室,南北,未知,精装,99.0,2015.0,450.0
通州,3室,南北,无电梯,精装,109.0,2004.0,398.0
通州,1室,南北,无电梯,其他,45.0,1983.0,221.0
通州,3室,南北,无电梯,精装,101.0,1987.0,430.0
通州,5室,南北,有电梯,精装,195.0,2014.0,878.0
通州,4室,南北,有电梯,简装,260.0,2014.0,1050.0
通州,3室,南北,有电梯,精装,165.0,2013.0,908.0
通州,2室,南北,无电梯,毛坯,62.0,1995.0,258.0
通州,4室,东南,未知,精装,192.0,2015.0,800.0
通州,其他,南北,未知,精装,259.87,2014.0,1120.0
通州,其他,东,未知,精装,85.0,2013.0,260.0
通州,1室,东,有电梯,精装,58.0,2005.0,300.0
通州,3室,东南,有电梯,精装,124.0,2004.0,535.0
通州,2室,东北,有电梯,简装,73.0,2010.0,360.0
通州,其他,北,有电梯,精装,30.0,2012.0,189.0
通州,4室,南北,未知,毛坯,251.0,2014.0,1200.0
通州,2室,南北,未知,简装,116.0,2005.0,610.0
通州,1室,北,未知,其他,65.0,2004.0,290.0
通州,2室,南北,未知,其他,88.0,2000.0,375.0
通州,2室,南西,未知,精装,84.0,2015.0,340.0
通州,2室,东南,未知,精装,84.0,2015.0,335.0
通州,3室,南北,未知,精装,154.0,2013.0,480.0
通州,3室,南北,有电梯,精装,100.0,2012.0,499.0
通州,2室,南北,未知,其他,87.0,2002.0,345.0
通州,1室,西北,有电梯,简装,63.0,2004.0,287.0
通州,其他,西北,未知,简装,47.0,2012.0,290.0
通州,1室,北,有电梯,其他,63.0,2002.0,315.0
通州,2室,南,未知,精装,84.0,2015.0,340.0
通州,2室,南西,未知,精装,84.0,2015.0,340.0
通州,1室,西北,有电梯,其他,63.0,2005.0,283.0
通州,1室,南,未知,精装,61.0,2003.0,299.0
通州,1室,南北,无电梯,简装,60.0,2001.0,260.0
通州,1室,南,有电梯,精装,59.0,2010.0,310.0
通州,1室,南北,未知,精装,53.0,1998.0,241.0
通州,2室,西,有电梯,简装,81.0,2007.0,340.0
通州,4室,南北,未知,简装,154.0,2005.0,698.0
通州,2室,南北,无电梯,简装,59.0,1980.0,290.0
通州,3室,南北,有电梯,其他,181.0,2014.0,1120.0
通州,2室,南北,无电梯,精装,85.0,2010.0,390.0
通州,4室,南北,无电梯,精装,223.0,2005.0,1100.0
通州,3室,南北,无电梯,其他,108.0,1994.0,455.0
通州,5室,南北,无电梯,精装,249.0,2002.0,950.0
通州,2室,南北,无电梯,简装,94.0,2003.0,350.0
通州,4室,南北,无电梯,简装,184.0,1998.0,580.0
通州,3室,南北,未知,精装,148.0,2005.0,650.0
通州,3室,南北,未知,简装,158.0,2004.0,650.0
通州,3室,南北,未知,简装,80.0,1989.0,340.0
通州,其他,东北,未知,精装,100.0,2013.0,210.0
通州,4室,南北,无电梯,精装,238.0,2002.0,720.0
通州,1室,南,未知,简装,53.0,2013.0,245.0
通州,1室,南北,有电梯,精装,102.0,2005.0,485.0
通州,1室,南,有电梯,精装,69.0,2002.0,310.0
通州,1室,东,有电梯,简装,106.0,2005.0,399.0
通州,3室,南北,无电梯,简装,160.0,2003.0,530.0
通州,3室,南北,未知,精装,104.0,1994.0,356.0
通州,2室,东西,有电梯,精装,93.0,2004.0,405.0
通州,1室,南北,有电梯,精装,102.0,2005.0,530.0
通州,1室,西北,有电梯,简装,65.0,2005.0,275.0
通州,5室,南北,有电梯,毛坯,195.0,2014.0,1200.0
通州,4室,南,有电梯,精装,227.0,2010.0,1200.0
通州,3室,南,有电梯,其他,130.0,2007.0,500.0
通州,3室,西,有电梯,精装,185.0,2012.0,680.0
通州,6室,南北,未知,精装,192.0,2013.0,1253.0
通州,4室,西南,有电梯,精装,197.0,2011.0,1180.0
通州,5室,南北,有电梯,精装,198.0,2014.0,892.0
通州,4室,南,有电梯,精装,193.0,2012.0,1000.0
通州,5室,东南,有电梯,简装,234.0,2009.0,680.0
通州,其他,东北,未知,精装,140.0,2013.0,350.0
通州,其他,南北,未知,毛坯,259.76,2014.0,1050.0
通州,4室,南北,无电梯,简装,178.0,2009.0,660.0
通州,1室,东,无电梯,精装,48.0,2011.0,255.0
通州,3室,南北,有电梯,精装,111.0,2002.0,455.0
通州,其他,南,有电梯,简装,67.0,2013.0,155.0
通州,3室,南北,有电梯,简装,120.0,2009.0,345.0
通州,1室,南,未知,精装,63.0,2009.0,220.0
通州,2室,南北,有电梯,精装,91.0,2011.0,490.0
通州,1室,西北,无电梯,简装,63.0,2007.0,270.0
通州,1室,南,有电梯,简装,58.0,2010.0,280.0
通州,1室,南,有电梯,精装,57.0,2010.0,310.0
通州,1室,西北,有电梯,其他,63.0,2005.0,283.0
通州,1室,南,有电梯,精装,66.0,2010.0,312.0
通州,2室,东北,有电梯,简装,55.0,2013.0,258.0
通州,其他,东,有电梯,精装,36.0,2012.0,220.0
通州,2室,南北,未知,精装,102.0,2003.0,445.0
通州,4室,南北,未知,精装,136.0,2015.0,498.0
通州,3室,南北,未知,精装,142.0,2015.0,800.0
通州,2室,南北,有电梯,精装,93.0,2010.0,395.0
通州,2室,南,有电梯,精装,88.0,2012.0,505.0
通州,2室,南,未知,精装,84.0,2015.0,330.0
通州,1室,南北,有电梯,精装,64.0,2003.0,280.0
通州,2室,东西,有电梯,精装,89.0,2004.0,398.0
通州,5室,东,有电梯,简装,57.0,2012.0,366.0
通州,4室,西南,未知,精装,214.0,2004.0,810.0
通州,5室,南北,未知,精装,191.0,2005.0,621.0
通州,2室,南,有电梯,精装,101.0,2010.0,420.0
通州,3室,南北,有电梯,精装,88.0,2013.0,405.0
通州,3室,东南,未知,简装,80.0,1987.0,330.0
通州,3室,南北,无电梯,简装,84.0,1992.0,380.0
通州,1室,西北,有电梯,精装,77.0,2007.0,312.0
通州,2室,东南,未知,精装,84.0,2015.0,338.0
通州,2室,南北,未知,简装,79.0,2016.0,368.0
通州,2室,南,有电梯,精装,75.0,2013.0,325.0
通州,2室,南北,无电梯,精装,101.0,2001.0,420.0
通州,3室,南北,有电梯,其他,88.0,2010.0,350.0
通州,1室,东,未知,精装,75.0,2011.0,415.0
通州,4室,南北,有电梯,简装,202.0,2014.0,860.0
通州,2室,南北,无电梯,简装,98.0,2002.0,350.0
通州,2室,南,未知,简装,73.0,2014.0,280.0
通州,3室,南北,未知,简装,105.0,1997.0,399.0
通州,3室,南北,未知,毛坯,102.0,2015.0,440.0
通州,2室,南北,有电梯,精装,120.0,2005.0,570.0
通州,3室,南北,无电梯,精装,107.0,2003.0,483.0
通州,3室,南北,未知,精装,112.0,2015.0,460.0
通州,2室,南北,未知,简装,66.0,2007.0,305.0
通州,2室,南北,未知,简装,91.0,2004.0,370.0
通州,1室,南北,有电梯,精装,55.0,2013.0,253.0
通州,5室,南北,有电梯,精装,212.0,2002.0,866.0
通州,4室,南北,无电梯,简装,139.0,2002.0,530.0
通州,1室,东,未知,精装,31.0,2012.0,205.0
通州,1室,南北,无电梯,简装,67.0,2002.0,286.0
通州,4室,南北,有电梯,精装,260.0,2014.0,1120.0
通州,3室,南北,未知,简装,104.0,1994.0,356.0
通州,2室,南北,无电梯,简装,88.0,2004.0,265.0
通州,4室,南北,无电梯,简装,137.0,2001.0,558.0
通州,3室,南北,未知,精装,136.0,2001.0,570.0
通州,2室,东南,有电梯,其他,88.0,2012.0,575.0
通州,3室,南北,无电梯,简装,120.0,2003.0,480.0
通州,2室,南北,无电梯,简装,79.0,1995.0,320.0
通州,2室,南北,无电梯,精装,87.0,1999.0,380.0
通州,2室,东,有电梯,简装,114.0,2011.0,596.0
通州,1室,南,有电梯,其他,71.0,2002.0,198.0
通州,2室,东南,未知,精装,88.0,2015.0,370.0
通州,3室,南北,未知,精装,101.0,2002.0,320.0
通州,2室,南北,未知,简装,91.0,2012.0,470.0
通州,3室,南北,无电梯,精装,116.0,1998.0,550.0
通州,1室,南,有电梯,精装,47.0,2010.0,230.0
通州,2室,南,未知,精装,75.0,2014.0,285.0
通州,1室,东北,有电梯,精装,61.0,2003.0,295.0
通州,3室,南北,有电梯,简装,115.0,2014.0,450.0
通州,3室,南北,无电梯,精装,141.0,2003.0,648.0
通州,2室,南北,无电梯,毛坯,52.0,1976.0,237.0
通州,1室,南,有电梯,其他,65.0,2002.0,281.0
通州,1室,西北,有电梯,精装,66.0,2005.0,310.0
通州,2室,南北,无电梯,简装,88.0,1996.0,320.0
通州,2室,南北,无电梯,简装,97.0,2002.0,415.0
通州,其他,西北,有电梯,精装,55.0,2012.0,360.0
通州,3室,南北,无电梯,简装,104.0,1994.0,310.0
通州,3室,南北,有电梯,精装,121.0,2005.0,460.0
通州,2室,南北,无电梯,简装,98.0,2000.0,445.0
通州,2室,南北,有电梯,简装,94.0,2010.0,420.0
通州,2室,西南,有电梯,精装,63.0,2012.0,310.0
通州,3室,西北,有电梯,精装,130.0,2002.0,528.0
通州,1室,南北,有电梯,精装,102.0,2005.0,500.0
通州,2室,西,有电梯,简装,58.0,2012.0,395.0
通州,3室,南北,未知,精装,89.0,2014.0,345.0
通州,2室,南北,无电梯,精装,111.0,1998.0,380.0
通州,2室,南北,无电梯,简装,94.0,2003.0,357.0
通州,2室,南北,无电梯,其他,85.0,2002.0,375.0
通州,2室,南,有电梯,精装,91.0,2011.0,488.0
通州,2室,东西,未知,简装,82.0,2013.0,415.0
通州,2室,南,未知,精装,75.0,2014.0,285.0
通州,1室,北,有电梯,简装,63.0,2007.0,300.0
通州,2室,南北,有电梯,简装,84.0,2012.0,353.0
通州,2室,南北,有电梯,精装,95.0,2009.0,310.0
通州,2室,东,有电梯,精装,86.0,2009.0,270.0
通州,1室,西北,未知,简装,57.0,2001.0,235.0
通州,2室,南北,无电梯,简装,96.0,1995.0,388.0
通州,2室,南北,有电梯,精装,104.0,2010.0,499.0
通州,2室,南北,无电梯,其他,59.0,2001.0,283.0
通州,1室,东北,未知,精装,56.0,2012.0,288.0
通州,2室,南,有电梯,精装,98.0,2010.0,305.0
通州,2室,南北,未知,精装,89.0,2002.0,429.0
通州,2室,东西,未知,精装,103.0,1995.0,390.0
通州,3室,东北,无电梯,简装,89.0,1997.0,349.0
通州,1室,西北,无电梯,简装,63.0,2007.0,260.0
通州,3室,南北,未知,简装,125.0,1999.0,420.0
通州,2室,西北,有电梯,精装,76.0,2011.0,300.0
通州,2室,南北,有电梯,精装,105.0,2010.0,520.0
通州,2室,南,有电梯,精装,100.0,2004.0,425.0
通州,2室,南,有电梯,简装,67.0,2009.0,330.0
通州,3室,南北,有电梯,精装,138.0,2011.0,511.0
通州,2室,南,未知,精装,79.0,2014.0,293.0
通州,2室,南北,无电梯,简装,66.0,1997.0,244.0
通州,2室,南北,未知,其他,87.0,2013.0,405.0
通州,1室,南,有电梯,其他,54.0,2006.0,260.0
通州,1室,南,有电梯,其他,97.0,2002.0,420.0
通州,3室,南北,无电梯,精装,105.0,1994.0,335.0
通州,2室,南北,未知,简装,98.0,2004.0,429.0
通州,2室,南,有电梯,简装,99.0,2007.0,410.0
通州,2室,东北,未知,精装,134.0,2005.0,640.0
通州,3室,东南,无电梯,毛坯,80.0,1985.0,321.0
通州,其他,南北,未知,精装,260.07,2014.0,1050.0
通州,4室,南北,有电梯,毛坯,195.0,2014.0,830.0
通州,3室,南北,有电梯,简装,128.0,2008.0,590.0
通州,2室,南北,无电梯,精装,63.0,1989.0,260.0
通州,2室,西,有电梯,简装,54.0,2013.0,300.0
通州,2室,东南,未知,精装,96.0,2004.0,425.0
通州,3室,南北,无电梯,精装,185.0,2002.0,630.0
通州,1室,西北,未知,简装,56.0,2015.0,279.0
通州,3室,东南,有电梯,精装,108.0,2003.0,440.0
通州,2室,南,有电梯,精装,93.0,2011.0,310.0
通州,3室,南北,无电梯,简装,120.0,2002.0,498.0
通州,2室,南北,未知,简装,59.0,1991.0,260.0
通州,2室,南,有电梯,精装,100.0,2013.0,335.0
通州,2室,西南,有电梯,精装,100.0,2011.0,440.0
通州,2室,南北,无电梯,精装,92.0,2002.0,324.0
通州,2室,南北,无电梯,其他,77.0,1994.0,350.0
通州,2室,东南,未知,精装,90.0,2010.0,349.0
通州,3室,南北,未知,简装,85.0,2000.0,340.0
通州,2室,南北,未知,精装,119.0,2005.0,550.0
通州,1室,南西,有电梯,简装,62.0,2012.0,310.0
通州,3室,南北,未知,精装,104.0,2016.0,480.0
通州,1室,南,无电梯,简装,45.0,1985.0,251.0
通州,2室,东,有电梯,精装,85.0,2011.0,260.0
通州,3室,南北,无电梯,精装,125.0,1996.0,495.0
通州,2室,南北,有电梯,精装,94.0,2010.0,430.0
通州,2室,南,有电梯,精装,75.0,2013.0,325.0
通州,1室,南,有电梯,简装,58.0,2010.0,280.0
通州,2室,西北,有电梯,精装,76.0,2011.0,300.0
通州,3室,南北,未知,简装,125.0,1999.0,420.0
通州,1室,南北,未知,精装,64.0,2010.0,342.0
通州,2室,南北,无电梯,简装,74.0,1995.0,320.0
通州,2室,东西,有电梯,简装,57.0,2012.0,365.0
通州,3室,南北,有电梯,精装,98.0,2014.0,372.0
通州,2室,南,有电梯,精装,100.0,2004.0,425.0
通州,2室,南北,有电梯,精装,105.0,2010.0,520.0
通州,3室,东南,无电梯,简装,99.0,1995.0,390.0
通州,1室,东北,有电梯,简装,55.0,2013.0,246.0
通州,2室,西南,有电梯,简装,101.0,2004.0,455.0
通州,3室,南北,无电梯,精装,115.0,2001.0,450.0
通州,2室,南,有电梯,精装,74.0,2014.0,330.0
通州,2室,南北,有电梯,精装,94.0,2005.0,398.0
通州,2室,南北,无电梯,简装,74.0,1997.0,320.0
通州,2室,南北,无电梯,精装,65.0,2009.0,336.0
通州,2室,西北,有电梯,精装,89.0,2013.0,515.0
通州,2室,南北,无电梯,精装,67.0,1999.0,288.0
通州,2室,南北,无电梯,简装,94.0,2003.0,450.0
通州,2室,西,有电梯,精装,77.0,2010.0,294.0
通州,2室,南北,有电梯,简装,104.0,2002.0,449.0
通州,3室,东南,无电梯,简装,126.0,1999.0,456.0
通州,2室,南北,有电梯,精装,75.0,2010.0,370.0
通州,其他,南北,未知,毛坯,264.6,2014.0,1100.0
通州,5室,南北,有电梯,毛坯,197.0,2014.0,830.0
通州,1室,北,有电梯,其他,51.0,2009.0,245.0
通州,1室,西北,未知,简装,63.0,2011.0,350.0
通州,1室,南,未知,精装,74.0,2002.0,360.0
通州,1室,东,有电梯,精装,31.0,2012.0,207.0
通州,2室,南北,有电梯,精装,97.0,2010.0,460.0
通州,3室,南北,无电梯,简装,95.0,2001.0,479.0
通州,3室,南北,未知,精装,99.0,2015.0,420.0
通州,1室,南北,有电梯,精装,54.0,2013.0,255.0
通州,其他,南,未知,简装,47.0,2012.0,260.0
通州,4室,南北,无电梯,精装,171.0,2002.0,685.0
通州,2室,东南,无电梯,精装,105.0,2000.0,420.0
通州,3室,南北,无电梯,其他,92.0,1997.0,415.0
通州,2室,南北,无电梯,精装,86.0,1997.0,363.0
通州,2室,南北,无电梯,精装,72.0,2002.0,338.0
通州,3室,东南,有电梯,简装,132.0,2004.0,620.0
通州,2室,南北,无电梯,精装,98.0,2002.0,420.0
通州,2室,南北,无电梯,简装,91.0,2003.0,398.0
通州,2室,东西,有电梯,精装,91.0,2012.0,460.0
通州,2室,南北,有电梯,简装,88.0,2005.0,390.0
通州,2室,西北,有电梯,简装,83.0,2011.0,455.0
通州,5室,南北,无电梯,简装,196.0,1998.0,600.0
通州,2室,南,有电梯,简装,96.0,2004.0,410.0
通州,2室,南北,有电梯,精装,181.0,2008.0,900.0
通州,2室,南北,有电梯,精装,81.0,2011.0,450.0
通州,3室,南北,未知,简装,150.0,2004.0,480.0
通州,2室,南,未知,精装,73.0,2014.0,280.0
通州,1室,南,有电梯,简装,54.0,2004.0,270.0
通州,3室,南北,未知,精装,89.0,2013.0,420.0
通州,3室,南北,未知,其他,127.0,2016.0,1000.0
通州,其他,东北,有电梯,精装,85.0,2012.0,180.0
通州,2室,南北,有电梯,精装,93.0,2010.0,415.0
通州,3室,南北,无电梯,其他,136.0,1995.0,598.0
通州,2室,南北,有电梯,其他,87.0,2013.0,400.0
通州,2室,南北,无电梯,简装,100.0,1991.0,410.0
通州,2室,南北,无电梯,精装,87.0,2007.0,350.0
通州,2室,南北,有电梯,其他,85.0,2006.0,410.0
通州,2室,南,有电梯,精装,102.0,2011.0,388.0
通州,2室,南北,无电梯,精装,109.0,2003.0,493.0
通州,2室,南北,无电梯,其他,94.0,2002.0,420.0
通州,2室,西北,有电梯,精装,89.0,2013.0,515.0
通州,2室,南北,未知,简装,59.0,1987.0,269.0
通州,3室,南北,有电梯,毛坯,115.0,2014.0,450.0
通州,2室,南,有电梯,精装,99.0,2011.0,648.0
通州,2室,南北,无电梯,简装,74.0,1997.0,320.0
通州,2室,南北,无电梯,其他,88.0,2010.0,410.0
通州,2室,南北,无电梯,其他,88.0,2004.0,390.0
通州,2室,南北,有电梯,精装,82.0,2011.0,485.0
通州,3室,南北,无电梯,精装,118.0,2003.0,515.0
通州,2室,南北,有电梯,精装,107.0,2011.0,580.0
通州,3室,南北,未知,简装,71.0,1986.0,325.0
通州,2室,南北,未知,精装,88.0,2013.0,405.0
通州,2室,南,未知,精装,81.0,2015.0,340.0
通州,3室,南北,无电梯,精装,118.0,2002.0,485.0
通州,3室,东南,未知,精装,154.0,2012.0,660.0
通州,2室,南北,无电梯,其他,106.0,2004.0,460.0
通州,2室,南北,有电梯,精装,96.0,2010.0,470.0
通州,1室,西北,有电梯,其他,57.0,2009.0,250.0
通州,2室,南,无电梯,精装,85.0,1998.0,399.0
通州,2室,西,有电梯,精装,58.0,2012.0,375.0
通州,2室,南北,无电梯,精装,70.0,2010.0,290.0
通州,2室,北,未知,精装,73.0,2004.0,335.0
通州,1室,西,有电梯,精装,45.0,2006.0,230.0
通州,3室,南北,有电梯,精装,130.0,2014.0,490.0
通州,3室,南北,有电梯,其他,89.0,2010.0,350.0
通州,1室,北,有电梯,其他,53.0,2004.0,254.0
通州,1室,北,有电梯,精装,44.0,2007.0,220.0
通州,1室,北,未知,精装,44.0,2007.0,225.0
通州,1室,北,有电梯,简装,44.0,2007.0,220.0
通州,1室,南北,有电梯,精装,77.0,2014.0,330.0
通州,2室,南,有电梯,简装,89.0,2009.0,560.0
通州,1室,西北,未知,精装,62.0,2010.0,316.0
通州,1室,北,有电梯,简装,53.0,2005.0,256.0
通州,2室,南,未知,简装,67.0,1997.0,295.0
通州,1室,东,有电梯,精装,40.0,2012.0,248.0
通州,3室,南北,无电梯,精装,117.0,2002.0,510.0
通州,3室,南北,无电梯,其他,83.0,2004.0,420.0
通州,1室,西,未知,精装,68.0,2010.0,350.0
通州,2室,东西,无电梯,精装,71.0,1997.0,260.0
通州,3室,南北,未知,精装,120.0,2014.0,435.0
通州,3室,东南,无电梯,精装,139.0,2003.0,615.0
通州,4室,南北,无电梯,精装,150.0,2002.0,524.0
通州,3室,南北,无电梯,精装,207.0,2007.0,720.0
通州,2室,东西,有电梯,精装,84.0,2013.0,429.0
通州,3室,西北,有电梯,精装,131.0,2005.0,516.0
通州,1室,南北,无电梯,简装,57.0,1998.0,255.0
通州,4室,南北,未知,简装,165.0,2005.0,810.0
通州,3室,南北,未知,精装,149.0,2011.0,839.0
通州,3室,南北,无电梯,精装,145.0,2004.0,580.0
通州,4室,南北,有电梯,毛坯,168.0,2014.0,755.0
通州,2室,南北,无电梯,简装,84.0,2002.0,380.0
通州,2室,南北,未知,简装,61.0,1988.0,268.0
通州,2室,南北,未知,精装,81.0,2001.0,390.0
通州,2室,西南,未知,简装,91.0,2012.0,470.0
通州,1室,西北,无电梯,精装,57.0,2001.0,240.0
通州,2室,南北,有电梯,精装,93.0,2009.0,308.0
通州,4室,南北,有电梯,简装,260.0,2014.0,1059.0
通州,1室,南,有电梯,其他,67.0,2005.0,350.0
通州,2室,南北,未知,简装,56.0,1998.0,260.0
通州,3室,南北,无电梯,简装,98.0,1997.0,445.0
通州,1室,南北,有电梯,精装,102.0,2005.0,500.0
通州,1室,南,有电梯,其他,66.0,2005.0,350.0
通州,2室,南北,无电梯,简装,109.0,1997.0,450.0
通州,5室,西北,有电梯,简装,240.0,2002.0,720.0
通州,3室,南北,未知,简装,104.0,1994.0,355.0
通州,2室,南北,无电梯,其他,94.0,2003.0,360.0
通州,3室,南北,无电梯,精装,75.0,1983.0,379.0
通州,2室,东西,有电梯,简装,88.0,2008.0,285.0
通州,3室,南北,无电梯,简装,111.0,2005.0,490.0
通州,2室,南,未知,精装,100.0,2010.0,430.0
通州,2室,南北,无电梯,其他,103.0,2003.0,370.0
通州,3室,南北,有电梯,精装,128.0,2011.0,650.0
通州,3室,南北,无电梯,精装,77.0,2002.0,320.0
通州,2室,南北,无电梯,毛坯,80.0,1998.0,320.0
通州,3室,南北,无电梯,其他,97.0,1994.0,390.0
通州,2室,南北,未知,精装,89.0,2012.0,580.0
通州,2室,东,有电梯,精装,86.0,2009.0,270.0
通州,3室,南北,未知,精装,135.0,2015.0,470.0
通州,2室,东南,未知,简装,88.0,2001.0,325.0
通州,3室,西南,有电梯,简装,96.0,2003.0,400.0
通州,1室,西北,有电梯,简装,55.0,2012.0,250.0
通州,2室,南北,有电梯,简装,93.0,2010.0,385.0
通州,4室,南北,有电梯,精装,196.0,2010.0,750.0
通州,5室,西北,有电梯,其他,243.0,2002.0,850.0
通州,4室,南北,无电梯,精装,140.0,2002.0,560.0
通州,4室,南北,有电梯,精装,147.0,2012.0,950.0
通州,2室,南北,有电梯,简装,114.0,2004.0,457.0
通州,3室,南北,有电梯,其他,127.0,2012.0,600.0
通州,3室,南北,无电梯,精装,117.0,2002.0,510.0
通州,2室,南北,未知,精装,91.0,2011.0,492.0
通州,2室,西南,有电梯,简装,100.0,2009.0,503.0
通州,3室,南北,有电梯,精装,127.0,2002.0,630.0
通州,2室,南北,未知,精装,87.0,1996.0,349.0
通州,4室,南北,无电梯,简装,148.0,2001.0,626.0
通州,2室,南北,无电梯,精装,105.0,2004.0,585.0
通州,4室,南北,未知,精装,255.0,2012.0,1300.0
通州,2室,东北,有电梯,精装,95.0,2007.0,400.0
通州,3室,南北,有电梯,其他,98.0,2012.0,500.0
通州,3室,南北,有电梯,毛坯,120.0,2013.0,565.0
通州,1室,南北,无电梯,精装,58.0,1997.0,290.0
通州,2室,南北,无电梯,简装,105.0,2004.0,425.0
通州,1室,西,有电梯,精装,63.0,2009.0,285.0
通州,1室,南,无电梯,精装,62.0,1997.0,290.0
通州,2室,南北,有电梯,简装,115.0,2007.0,485.0
通州,1室,南北,无电梯,简装,70.0,2002.0,307.0
通州,1室,南北,无电梯,简装,57.0,1998.0,255.0
通州,1室,北,有电梯,其他,55.0,2008.0,250.0
通州,1室,东南,有电梯,简装,70.0,2004.0,330.0
通州,1室,北,有电梯,精装,58.0,2005.0,232.0
通州,1室,南北,有电梯,简装,77.0,2005.0,345.0
通州,1室,南北,无电梯,简装,67.0,2003.0,350.0
通州,1室,北,有电梯,精装,69.0,2004.0,311.0
通州,1室,南北,无电梯,精装,54.0,1998.0,258.0
通州,2室,南北,无电梯,简装,87.0,2005.0,360.0
通州,5室,东南,有电梯,其他,203.0,2003.0,850.0
通州,4室,南北,无电梯,精装,229.0,2002.0,1120.0
通州,4室,南北,有电梯,精装,101.0,2007.0,980.0
通州,3室,南北,未知,精装,88.0,2014.0,340.0
通州,3室,南北,无电梯,精装,182.0,2006.0,880.0
通州,1室,南,有电梯,其他,66.0,2006.0,310.0
通州,5室,南北,未知,其他,132.0,2005.0,480.0
通州,3室,西南,有电梯,精装,91.0,2009.0,810.0
通州,1室,南,未知,精装,58.0,2005.0,400.0
通州,3室,南北,无电梯,其他,98.0,1995.0,470.0
通州,3室,南北,无电梯,精装,116.0,2002.0,460.0
通州,2室,西南,有电梯,精装,90.0,2013.0,519.0
通州,3室,西北,有电梯,简装,89.0,2008.0,283.0
通州,2室,南北,无电梯,简装,71.0,1997.0,287.0
通州,3室,南北,无电梯,精装,122.0,2009.0,549.0
通州,2室,南,有电梯,其他,95.0,2010.0,428.0
通州,3室,南北,有电梯,精装,153.0,2010.0,768.0
通州,1室,北,有电梯,简装,73.0,2004.0,347.0
通州,4室,南北,无电梯,简装,190.0,2001.0,763.0
通州,2室,东,有电梯,简装,81.0,2007.0,330.0
通州,2室,南北,无电梯,精装,98.0,2002.0,436.0
通州,4室,南北,有电梯,毛坯,260.0,2014.0,950.0
通州,1室,东,有电梯,精装,49.0,2009.0,240.0
通州,1室,东北,有电梯,其他,58.0,2005.0,279.0
通州,2室,南北,无电梯,简装,94.0,1995.0,358.0
通州,2室,南北,未知,精装,91.0,2011.0,483.0
通州,3室,西,有电梯,简装,130.0,2002.0,520.0
通州,2室,南北,未知,毛坯,84.0,1998.0,380.0
通州,2室,南北,未知,精装,87.0,2013.0,405.0
通州,3室,南北,有电梯,精装,150.0,2006.0,638.0
通州,4室,南,有电梯,精装,191.0,2009.0,530.0
通州,2室,南,有电梯,精装,99.0,2011.0,580.0
通州,2室,南北,未知,简装,89.0,2004.0,358.0
通州,3室,南北,未知,简装,129.0,2005.0,430.0
通州,2室,南,未知,精装,98.0,2011.0,430.0
通州,3室,南北,有电梯,精装,126.0,2012.0,560.0
通州,4室,东南,有电梯,其他,223.0,2010.0,1450.0
通州,2室,南北,有电梯,精装,107.0,2011.0,580.0
通州,2室,东南,未知,简装,91.0,2011.0,480.0
通州,2室,南北,无电梯,简装,93.0,2004.0,398.0
通州,2室,西北,有电梯,简装,86.0,2010.0,390.0
通州,2室,南北,无电梯,简装,66.0,1999.0,325.0
通州,2室,南,有电梯,简装,97.0,2010.0,486.0
通州,2室,南北,无电梯,精装,111.0,2000.0,375.0
通州,2室,南北,未知,其他,102.0,2008.0,515.0
通州,2室,南北,无电梯,精装,101.0,2001.0,475.0
通州,2室,南北,有电梯,简装,94.0,2010.0,398.0
通州,3室,南北,有电梯,简装,130.0,2003.0,600.0
通州,2室,南,未知,精装,75.0,2014.0,288.0
通州,2室,东北,有电梯,精装,76.0,2011.0,310.0
通州,3室,南北,未知,精装,148.0,2010.0,850.0
通州,4室,南北,有电梯,精装,260.0,2014.0,1100.0
通州,2室,南北,无电梯,简装,100.0,2004.0,450.0
通州,4室,南北,有电梯,毛坯,198.0,2014.0,850.0
通州,1室,东北,有电梯,简装,73.0,2010.0,367.9
通州,2室,南西,有电梯,其他,147.0,2009.0,600.0
通州,3室,南北,无电梯,精装,110.0,2002.0,438.0
通州,2室,东南,有电梯,其他,97.0,2002.0,418.0
通州,2室,南,未知,简装,68.0,1995.0,280.0
通州,2室,南北,无电梯,精装,91.0,2003.0,400.0
通州,2室,南北,有电梯,精装,105.0,2009.0,529.0
通州,2室,南北,未知,精装,95.0,1999.0,415.0
通州,2室,南北,未知,精装,96.0,2006.0,410.0
通州,2室,东西,有电梯,精装,90.0,2011.0,279.0
通州,3室,南北,有电梯,精装,87.0,2010.0,419.0
通州,2室,南北,未知,精装,81.0,2009.0,265.0
通州,2室,南北,无电梯,简装,92.0,2001.0,369.0
通州,2室,南,无电梯,精装,80.0,1995.0,360.0
通州,2室,南北,无电梯,精装,90.0,2008.0,410.0
通州,3室,南北,无电梯,简装,137.0,1996.0,480.0
通州,2室,南北,无电梯,精装,65.0,1992.0,320.0
通州,3室,东西,无电梯,简装,101.0,2001.0,399.0
通州,2室,南,有电梯,其他,79.0,2014.0,293.0
通州,1室,南北,无电梯,精装,53.0,1997.0,246.0
通州,2室,南北,有电梯,精装,123.0,2003.0,408.0
通州,2室,南北,无电梯,简装,95.0,2002.0,402.0
通州,4室,西南,未知,精装,149.0,2012.0,880.0
通州,2室,南北,未知,精装,83.0,2011.0,480.0
通州,2室,南北,未知,精装,97.0,2005.0,460.0
通州,3室,南北,未知,其他,114.0,2003.0,420.0
通州,1室,西,有电梯,精装,78.0,2005.0,340.0
通州,1室,东,有电梯,精装,58.0,2005.0,299.0
通州,3室,南西,未知,简装,138.0,2009.0,700.0
通州,2室,西南,有电梯,简装,96.0,2004.0,408.0
通州,1室,南北,未知,简装,63.0,2003.0,320.0
通州,3室,南北,未知,其他,153.0,2002.0,610.0
通州,2室,东南,无电梯,简装,106.0,2003.0,340.0
通州,2室,南西,未知,精装,84.0,2015.0,340.0
通州,4室,南北,有电梯,精装,157.0,2009.0,700.0
通州,2室,西南,无电梯,简装,61.0,1986.0,240.0
通州,2室,南北,无电梯,精装,63.0,2002.0,305.0
通州,2室,西北,有电梯,简装,86.0,2010.0,390.0
通州,3室,南北,无电梯,简装,147.0,2000.0,555.0
通州,3室,南北,无电梯,简装,115.0,2000.0,438.0
通州,2室,南,未知,精装,73.0,2014.0,280.0
通州,2室,南北,有电梯,精装,95.0,2010.0,399.0
通州,2室,南北,无电梯,简装,66.0,1999.0,325.0
通州,2室,南北,无电梯,精装,109.0,2003.0,405.0
通州,2室,南北,无电梯,简装,93.0,2010.0,365.0
通州,3室,南北,无电梯,精装,90.0,2000.0,366.0
通州,3室,东北,有电梯,简装,140.0,2004.0,568.0
通州,2室,北,有电梯,简装,76.0,2005.0,360.0
通州,2室,南北,无电梯,简装,80.0,1995.0,350.0
通州,2室,南北,无电梯,精装,99.0,2002.0,295.0
通州,2室,东西,无电梯,简装,89.0,1999.0,390.0
通州,1室,北,未知,简装,43.0,2007.0,222.0
通州,2室,西南,有电梯,简装,94.0,2003.0,380.0
通州,3室,南北,无电梯,简装,125.0,1999.0,420.0
通州,1室,西,未知,精装,46.0,2011.0,258.0
通州,1室,南,未知,其他,58.0,2010.0,283.0
通州,5室,南北,有电梯,精装,227.0,2005.0,1050.0
通州,1室,南,有电梯,简装,79.0,2011.0,415.0
通州,1室,东南,有电梯,精装,70.0,2013.0,305.0
通州,4室,南北,有电梯,简装,143.0,2012.0,1500.0
通州,1室,南,未知,简装,74.0,2007.0,348.0
通州,4室,南北,有电梯,精装,192.0,2015.0,820.0
通州,3室,南北,未知,简装,99.0,2002.0,415.0
通州,1室,西南,有电梯,简装,70.0,2013.0,310.0
通州,1室,南,未知,简装,53.0,2013.0,215.0
通州,2室,南北,有电梯,简装,91.0,2005.0,385.0
通州,3室,南北,有电梯,精装,154.0,2014.0,840.0
通州,3室,南,有电梯,简装,92.0,2015.0,635.0
通州,3室,南北,有电梯,精装,152.0,2011.0,860.0
通州,2室,南北,有电梯,精装,117.0,2005.0,700.0
通州,3室,南北,有电梯,精装,121.0,2005.0,468.0
通州,3室,西南,无电梯,简装,78.0,2002.0,345.0
通州,2室,东西,无电梯,简装,80.0,1999.0,330.0
通州,5室,南北,有电梯,毛坯,254.0,2013.0,1395.0
通州,2室,南北,有电梯,精装,76.0,2010.0,358.0
通州,1室,南,有电梯,精装,55.0,2004.0,300.0
通州,2室,南,未知,精装,65.0,2014.0,272.0
通州,3室,南北,未知,简装,126.0,2009.0,730.0
通州,3室,东北,有电梯,精装,51.0,2013.0,305.0
通州,2室,南北,有电梯,精装,80.0,2012.0,385.0
通州,4室,南北,有电梯,精装,220.0,2011.0,1190.0
通州,2室,南北,未知,精装,84.0,2004.0,395.0
通州,2室,南北,有电梯,简装,89.0,2012.0,465.0
通州,2室,东南,有电梯,精装,94.0,2007.0,435.0
通州,2室,东西,有电梯,精装,84.0,2013.0,425.0
通州,2室,南,有电梯,简装,67.0,2008.0,309.0
通州,2室,南北,有电梯,其他,88.0,2006.0,423.0
通州,4室,南北,有电梯,毛坯,200.0,2011.0,800.0
通州,2室,南,未知,精装,74.0,2014.0,280.0
通州,3室,南北,有电梯,精装,116.0,2013.0,580.0
通州,3室,南,有电梯,精装,112.0,2014.0,625.0
通州,3室,南北,有电梯,精装,160.0,2011.0,520.0
通州,3室,南北,无电梯,简装,107.0,2000.0,495.0
通州,2室,东南,有电梯,精装,97.0,2010.0,420.0
通州,4室,南北,有电梯,精装,156.0,2013.0,640.0
通州,3室,南北,未知,简装,134.0,2004.0,600.0
通州,2室,南,未知,精装,74.0,2014.0,275.0
通州,3室,南北,有电梯,精装,176.0,2013.0,890.0
通州,2室,东南,未知,毛坯,94.0,2001.0,325.0
通州,1室,东南,有电梯,简装,72.0,2005.0,320.0
通州,1室,南北,未知,简装,65.0,2006.0,300.0
通州,2室,南北,无电梯,简装,118.0,2000.0,458.0
通州,3室,南北,未知,精装,126.0,2009.0,360.0
通州,1室,北,有电梯,简装,44.0,2005.0,247.0
通州,3室,南北,未知,简装,104.0,1994.0,350.0
通州,3室,西南,有电梯,精装,146.0,2002.0,570.0
通州,1室,南,无电梯,其他,49.0,2002.0,245.0
通州,1室,西,未知,精装,53.0,2011.0,230.0
通州,2室,南北,有电梯,简装,91.0,2011.0,310.0
通州,2室,西,有电梯,精装,78.0,2005.0,352.0
通州,4室,南北,未知,精装,177.0,2007.0,950.0
通州,3室,南北,有电梯,精装,140.0,2005.0,660.0
通州,3室,南北,有电梯,精装,134.0,2005.0,660.0
通州,1室,东北,有电梯,精装,73.0,2010.0,380.0
通州,2室,南北,未知,精装,88.0,2011.0,400.0
通州,3室,南,未知,精装,116.0,2012.0,540.0
通州,2室,南北,有电梯,精装,90.0,2011.0,300.0
通州,2室,东南,有电梯,其他,95.0,2005.0,410.0
通州,3室,南北,无电梯,精装,115.0,1995.0,505.0
通州,1室,南北,未知,精装,69.0,2009.0,320.0
通州,2室,南,未知,精装,92.0,2011.0,275.0
通州,3室,南北,有电梯,其他,89.0,2013.0,420.0
通州,2室,南北,未知,简装,98.0,2003.0,465.0
通州,3室,南北,未知,精装,126.0,2004.0,570.0
通州,2室,南北,无电梯,精装,90.0,2004.0,407.0
通州,1室,南北,有电梯,精装,54.0,2013.0,268.0
通州,2室,东西,未知,精装,88.0,2010.0,430.0
通州,3室,南北,无电梯,毛坯,99.0,1995.0,380.0
通州,2室,西,有电梯,简装,115.0,2002.0,480.0
通州,2室,南北,无电梯,精装,90.0,2002.0,480.0
通州,2室,南北,有电梯,精装,76.0,2010.0,358.0
通州,5室,南北,有电梯,毛坯,254.0,2013.0,1395.0
通州,1室,东北,有电梯,精装,66.0,2006.0,360.0
通州,2室,南,未知,其他,89.0,2010.0,376.0
通州,2室,南,未知,毛坯,87.0,2014.0,334.0
通州,3室,南北,未知,精装,97.0,2007.0,435.0
通州,2室,南,有电梯,精装,87.0,2014.0,350.0
通州,2室,南北,未知,简装,91.0,2010.0,459.0
通州,1室,东,未知,精装,74.0,2009.0,372.0
通州,1室,西北,有电梯,精装,56.0,2010.0,225.0
通州,2室,南北,无电梯,精装,95.0,2003.0,459.0
通州,3室,西北,未知,简装,80.0,2011.0,460.0
通州,3室,南北,无电梯,精装,131.0,2003.0,600.0
通州,2室,南北,无电梯,精装,91.0,2003.0,400.0
通州,1室,南北,有电梯,简装,167.0,2007.0,700.0
通州,3室,南北,无电梯,简装,124.0,2001.0,560.0
通州,2室,东西,无电梯,简装,94.0,2002.0,330.0
通州,2室,南北,有电梯,精装,103.0,2005.0,465.0
通州,2室,南北,无电梯,简装,101.0,2000.0,420.0
通州,3室,南北,无电梯,简装,105.0,1994.0,356.0
通州,2室,南北,有电梯,精装,93.0,2010.0,450.0
通州,2室,西北,未知,简装,90.0,2010.0,370.0
通州,3室,南北,有电梯,简装,140.0,2005.0,676.0
通州,3室,南北,无电梯,精装,90.0,2000.0,323.0
通州,3室,西北,未知,精装,106.0,2003.0,415.0
通州,2室,西,有电梯,精装,78.0,2005.0,352.0
通州,3室,南北,未知,简装,104.0,1994.0,350.0
通州,3室,西南,有电梯,精装,146.0,2002.0,570.0
通州,1室,北,有电梯,简装,44.0,2005.0,247.0
通州,1室,西,未知,精装,53.0,2011.0,230.0
通州,2室,南北,有电梯,简装,91.0,2011.0,310.0
通州,2室,南北,无电梯,简装,90.0,1998.0,353.0
通州,2室,东西,未知,简装,89.0,2003.0,270.0
通州,2室,南北,未知,精装,91.0,2009.0,520.0
通州,2室,西北,有电梯,简装,97.0,2004.0,465.0
通州,2室,南北,无电梯,精装,83.0,2004.0,355.0
通州,3室,南北,无电梯,精装,113.0,1998.0,510.0
通州,2室,南北,无电梯,精装,75.0,1997.0,344.0
通州,3室,东南,无电梯,简装,118.0,2001.0,490.0
通州,3室,南北,无电梯,简装,131.0,2002.0,615.0
通州,2室,南北,无电梯,精装,100.0,2006.0,400.0
通州,2室,南北,无电梯,简装,95.0,2004.0,415.0
通州,3室,南北,有电梯,简装,152.0,2009.0,760.0
通州,2室,南北,有电梯,精装,98.0,2009.0,500.0
通州,3室,南北,无电梯,简装,92.0,2001.0,445.0
通州,2室,南北,无电梯,精装,84.0,2002.0,370.0
通州,2室,西北,未知,精装,101.0,1997.0,559.0
通州,3室,东南,有电梯,简装,93.0,2003.0,419.0
通州,2室,南北,无电梯,精装,89.0,2005.0,430.0
通州,2室,西北,无电梯,精装,101.0,1999.0,400.0
通州,2室,南,有电梯,精装,84.0,2010.0,345.0
通州,2室,南北,有电梯,毛坯,88.0,2012.0,405.0
通州,1室,东南,未知,精装,57.0,2005.0,299.0
通州,3室,南北,无电梯,毛坯,56.0,1979.0,275.0
通州,2室,南北,无电梯,简装,57.0,1989.0,245.0
通州,3室,南北,无电梯,精装,151.0,2005.0,590.0
通州,3室,南北,无电梯,精装,118.0,2002.0,590.0
通州,3室,南北,未知,简装,87.0,2012.0,720.0
通州,2室,南北,有电梯,简装,90.0,2010.0,450.0
通州,2室,南,未知,精装,57.0,2012.0,330.0
通州,3室,南北,有电梯,简装,149.0,2004.0,629.0
通州,3室,南北,无电梯,精装,102.0,2002.0,420.0
通州,2室,南北,有电梯,精装,93.0,2010.0,395.0
通州,3室,南北,无电梯,简装,120.0,2004.0,602.0
通州,3室,南北,无电梯,简装,125.0,2002.0,628.0
通州,3室,南北,无电梯,简装,102.0,2000.0,490.0
通州,3室,东南,有电梯,精装,143.0,2004.0,560.0
通州,3室,南北,有电梯,简装,134.0,2005.0,647.0
通州,2室,南北,无电梯,精装,89.0,2004.0,415.0
通州,2室,南北,未知,简装,90.0,1989.0,407.0
通州,3室,南北,有电梯,精装,88.0,2010.0,340.0
通州,2室,东西,无电梯,精装,82.0,2001.0,355.0
通州,3室,南北,未知,精装,114.0,2014.0,460.0
通州,3室,南北,无电梯,精装,142.0,2000.0,520.0
通州,4室,南北,有电梯,简装,158.0,2009.0,770.0
通州,1室,南,无电梯,精装,73.0,2003.0,275.0
通州,1室,西北,有电梯,简装,66.0,2005.0,300.0
通州,1室,南,有电梯,简装,57.0,2005.0,302.0
通州,2室,西南,有电梯,简装,86.0,2008.0,290.0
通州,2室,南北,未知,简装,87.0,1996.0,349.0
通州,2室,南北,无电梯,简装,79.0,2001.0,325.0
通州,2室,南北,有电梯,简装,94.0,2005.0,412.0
通州,2室,南北,有电梯,毛坯,87.0,2013.0,390.0
通州,2室,南,有电梯,毛坯,91.0,2015.0,525.0
通州,2室,东北,有电梯,精装,89.0,2012.0,520.0
通州,3室,西南,无电梯,简装,93.0,1999.0,360.0
通州,2室,东,未知,精装,93.0,2012.0,390.0
通州,3室,东南,无电梯,简装,85.0,1995.0,380.0
通州,3室,西南,有电梯,简装,137.0,2003.0,620.0
通州,2室,南北,无电梯,精装,92.0,2003.0,400.0
通州,2室,南北,有电梯,简装,87.0,2008.0,395.0
通州,3室,南北,未知,精装,149.0,2012.0,848.0
通州,2室,南北,有电梯,精装,96.0,2007.0,445.0
通州,4室,南北,有电梯,精装,193.0,2010.0,998.0
通州,1室,东北,未知,简装,57.0,2003.0,243.0
通州,2室,南,有电梯,精装,100.0,2009.0,450.0
通州,3室,南北,有电梯,精装,174.0,2012.0,1025.0
通州,1室,西,未知,其他,57.0,2009.0,275.0
通州,1室,南,有电梯,精装,47.0,2009.0,260.0
通州,3室,南北,有电梯,简装,98.0,2012.0,490.0
通州,3室,南北,有电梯,其他,135.0,2004.0,645.0
通州,2室,南,有电梯,精装,75.0,2013.0,315.0
通州,2室,南北,未知,简装,86.0,2003.0,316.0
通州,2室,南北,未知,精装,65.0,1994.0,283.0
通州,2室,南北,有电梯,精装,90.0,2010.0,480.0
通州,2室,南,有电梯,精装,93.0,2015.0,435.0
通州,4室,南北,无电梯,简装,111.0,2001.0,435.0
通州,1室,东,未知,精装,60.0,2006.0,265.0
通州,3室,南北,无电梯,精装,117.0,1992.0,518.0
通州,3室,南北,无电梯,简装,103.0,1997.0,405.0
通州,2室,南北,有电梯,简装,94.0,2005.0,550.0
通州,2室,南,无电梯,简装,90.0,2000.0,410.0
通州,2室,南北,有电梯,精装,101.0,2005.0,480.0
通州,3室,南,有电梯,精装,98.0,2011.0,380.0
通州,2室,西南,有电梯,精装,77.0,2010.0,269.0
通州,2室,南,有电梯,简装,108.0,2005.0,433.0
通州,1室,东,有电梯,其他,42.0,2007.0,232.0
通州,3室,东南,有电梯,精装,93.0,2003.0,420.0
通州,2室,西南,有电梯,精装,96.0,2004.0,420.0
通州,1室,北,有电梯,精装,33.0,2007.0,326.0
通州,2室,南北,未知,简装,99.0,2005.0,568.0
通州,1室,西,有电梯,简装,46.0,2009.0,246.0
通州,3室,南北,未知,精装,88.0,2014.0,345.0
通州,1室,南西,有电梯,简装,57.0,2009.0,300.0
通州,2室,南北,未知,简装,83.0,2004.0,320.0
通州,2室,南北,未知,简装,87.0,2001.0,436.0
通州,2室,南,有电梯,精装,97.0,2009.0,310.0
通州,1室,东北,无电梯,简装,60.0,2007.0,259.0
通州,3室,南北,无电梯,其他,110.0,2009.0,515.0
通州,3室,南北,未知,简装,117.0,2007.0,425.0
通州,2室,东北,有电梯,精装,96.0,2002.0,435.0
通州,1室,东,未知,精装,53.0,2009.0,265.0
通州,1室,西,有电梯,精装,58.0,2009.0,273.0
通州,2室,南北,无电梯,精装,93.0,2001.0,450.0
通州,2室,南北,未知,简装,88.0,2010.0,355.0
通州,2室,南北,未知,精装,95.0,2010.0,385.0
通州,2室,南北,未知,精装,96.0,1996.0,419.0
通州,2室,西,有电梯,简装,58.0,2012.0,395.0
通州,2室,南北,未知,简装,60.0,1987.0,270.0
通州,1室,南,未知,简装,42.0,1988.0,220.0
通州,3室,南北,未知,精装,140.0,2011.0,730.0
通州,4室,南北,无电梯,精装,151.0,2004.0,568.0
通州,1室,东北,未知,简装,57.0,2003.0,243.0
通州,3室,南北,有电梯,简装,153.0,2009.0,730.0
通州,1室,南,无电梯,精装,61.0,1996.0,275.0
通州,3室,南北,有电梯,精装,204.0,2012.0,1520.0
通州,2室,南,有电梯,精装,100.0,2009.0,450.0
通州,3室,南北,有电梯,精装,174.0,2012.0,1025.0
通州,2室,南北,无电梯,简装,64.0,1998.0,305.0
通州,1室,南北,无电梯,简装,55.0,2000.0,252.0
通州,1室,东,未知,精装,40.0,2012.0,248.0
通州,1室,西北,未知,精装,73.0,2010.0,375.0
通州,4室,东西,无电梯,精装,112.0,2001.0,450.0
通州,4室,南北,有电梯,精装,173.0,2002.0,730.0
通州,4室,南北,有电梯,精装,204.0,2012.0,1580.0
通州,2室,南,未知,简装,107.0,2005.0,560.0
通州,3室,南北,未知,其他,140.0,2004.0,640.0
通州,2室,南北,无电梯,简装,56.0,2001.0,269.4
通州,3室,南北,无电梯,简装,112.0,2001.0,449.0
通州,2室,南北,未知,毛坯,60.0,1987.0,280.0
通州,2室,南北,无电梯,精装,101.0,2001.0,475.0
通州,2室,南北,无电梯,简装,101.0,2002.0,450.0
通州,2室,南北,无电梯,简装,98.0,2002.0,440.0
通州,2室,南北,有电梯,精装,85.0,2007.0,410.0
通州,2室,南北,未知,简装,67.0,2002.0,291.0
通州,3室,南北,有电梯,精装,147.0,2009.0,856.0
通州,1室,南西,有电梯,简装,57.0,2009.0,300.0
通州,3室,南北,未知,精装,88.0,2014.0,345.0
通州,1室,北,有电梯,精装,33.0,2007.0,326.0
通州,1室,南,有电梯,简装,75.0,2004.0,355.0
通州,2室,南北,无电梯,简装,86.0,2001.0,390.0
通州,2室,南北,无电梯,精装,66.0,1996.0,305.0
通州,1室,南北,无电梯,精装,73.0,2005.0,353.0
通州,3室,南北,无电梯,精装,106.0,1998.0,408.0
通州,2室,南北,无电梯,精装,85.0,2002.0,350.0
通州,2室,南北,有电梯,精装,95.0,2013.0,475.0
通州,2室,西北,有电梯,简装,84.0,2005.0,400.0
通州,2室,南北,无电梯,精装,93.0,2003.0,400.0
通州,2室,西南,未知,精装,79.0,2009.0,250.0
通州,4室,东西,无电梯,简装,132.0,1997.0,556.0
通州,2室,东西,有电梯,简装,90.0,2005.0,405.0
通州,2室,北,有电梯,精装,46.0,2007.0,340.0
通州,2室,东南,有电梯,简装,93.0,2004.0,395.0
通州,3室,南北,无电梯,精装,128.0,1998.0,610.0
通州,2室,南北,无电梯,精装,85.0,2003.0,420.0
通州,2室,南北,无电梯,精装,99.0,2002.0,445.0
通州,3室,南北,未知,精装,88.0,2014.0,340.0
通州,2室,南,有电梯,精装,77.0,2009.0,515.0
通州,3室,南北,未知,精装,117.0,2002.0,510.0
通州,1室,东,有电梯,精装,90.0,2002.0,361.0
通州,3室,南北,无电梯,精装,120.0,2005.0,500.0
通州,3室,南北,有电梯,精装,176.0,2004.0,880.0
通州,2室,南北,无电梯,简装,92.0,1999.0,430.0
通州,2室,西北,有电梯,精装,76.0,2011.0,315.0
通州,2室,南北,未知,简装,94.0,2001.0,398.0
通州,2室,南北,无电梯,精装,92.0,2004.0,369.0
通州,2室,东,有电梯,简装,71.0,2006.0,343.0
通州,6室,南北,未知,毛坯,139.0,2014.0,600.0
通州,1室,南,有电梯,精装,58.0,2005.0,400.0
通州,2室,南北,有电梯,精装,93.0,2009.0,295.0
通州,1室,南,未知,精装,66.0,2005.0,340.0
通州,1室,东,有电梯,精装,52.0,2012.0,296.0
通州,3室,南北,有电梯,精装,131.0,2012.0,710.0
通州,2室,南北,有电梯,其他,93.0,2005.0,401.0
通州,2室,南北,有电梯,精装,102.0,2007.0,510.0
通州,3室,南北,未知,简装,104.0,1994.0,350.0
通州,1室,西,有电梯,精装,58.0,2004.0,290.0
通州,3室,南北,未知,精装,154.0,2001.0,620.0
通州,4室,南北,无电梯,简装,168.0,1999.0,580.0
通州,4室,南北,无电梯,精装,177.0,2003.0,635.0
通州,1室,南,未知,精装,58.0,2010.0,350.0
通州,1室,东南,有电梯,简装,74.0,2004.0,350.0
通州,2室,东南,有电梯,简装,103.0,2004.0,434.0
通州,3室,南北,无电梯,简装,150.0,2003.0,530.0
通州,1室,东南,未知,精装,68.0,2005.0,340.0
通州,1室,北,有电梯,简装,46.0,2004.0,248.0
通州,2室,南北,无电梯,简装,85.0,2005.0,394.0
通州,2室,南北,有电梯,精装,96.0,2007.0,445.0
通州,3室,南北,无电梯,其他,137.0,2002.0,570.0
通州,2室,南,有电梯,精装,89.0,2009.0,538.0
通州,3室,南北,有电梯,精装,139.0,2011.0,834.0
通州,2室,南北,有电梯,精装,89.0,2012.0,580.0
通州,4室,南北,无电梯,简装,148.0,1994.0,520.0
通州,2室,南,有电梯,精装,101.0,2005.0,450.0
通州,2室,南北,无电梯,简装,89.0,2003.0,410.0
通州,2室,西北,未知,精装,87.0,2004.0,419.0
通州,2室,南北,有电梯,精装,91.0,2013.0,480.0
通州,2室,西南,有电梯,其他,96.0,2004.0,420.0
通州,2室,南,未知,简装,83.0,2012.0,365.0
通州,3室,南北,无电梯,简装,101.0,1998.0,405.0
通州,3室,南北,无电梯,简装,101.0,2002.0,420.0
通州,2室,南北,无电梯,精装,77.0,2004.0,430.0
通州,4室,南北,未知,精装,181.0,2002.0,680.0
通州,3室,南北,无电梯,精装,152.0,2001.0,680.0
通州,2室,东南,有电梯,精装,88.0,2004.0,412.0
通州,2室,东南,有电梯,简装,93.0,2004.0,395.0
通州,2室,南北,无电梯,精装,85.0,2001.0,427.0
通州,3室,南北,无电梯,精装,96.0,1998.0,408.0
通州,3室,东南,未知,简装,106.0,1995.0,420.0
通州,3室,南北,有电梯,精装,157.0,2009.0,700.0
通州,4室,南北,无电梯,精装,171.0,2002.0,680.0
通州,2室,东西,有电梯,精装,89.0,2012.0,445.0
通州,3室,南北,无电梯,简装,102.0,2003.0,440.0
通州,2室,南北,有电梯,简装,101.0,2005.0,495.0
通州,3室,东南,有电梯,精装,115.0,2007.0,540.0
通州,2室,南,有电梯,精装,106.0,2003.0,460.0
通州,3室,南,有电梯,精装,100.0,2010.0,430.0
通州,2室,西北,无电梯,精装,62.0,2005.0,285.0
通州,3室,西,有电梯,精装,121.0,2005.0,488.0
通州,2室,西南,有电梯,精装,72.0,2007.0,324.0
通州,2室,南北,未知,精装,90.0,2006.0,440.0
通州,5室,南北,有电梯,精装,172.0,2012.0,1560.0
通州,5室,南北,有电梯,精装,204.0,2012.0,1550.0
通州,2室,南北,无电梯,精装,63.0,2003.0,310.0
通州,3室,南北,有电梯,精装,152.0,2009.0,780.0
通州,3室,南北,无电梯,简装,74.0,2004.0,460.0
通州,2室,南北,无电梯,精装,80.0,2003.0,360.0
通州,3室,南,有电梯,精装,112.0,2014.0,610.0
通州,1室,东北,有电梯,精装,51.0,2005.0,310.0
通州,1室,东北,未知,精装,58.0,2005.0,275.0
通州,1室,北,有电梯,精装,65.0,2005.0,299.0
通州,1室,南,未知,简装,61.0,2009.0,215.0
通州,2室,西南,有电梯,精装,90.0,2015.0,524.0
通州,1室,西,未知,简装,60.0,2007.0,255.0
通州,3室,南北,无电梯,精装,182.0,2000.0,750.0
通州,4室,南北,无电梯,简装,171.0,2002.0,610.0
通州,3室,南北,无电梯,简装,179.0,2001.0,820.0
通州,2室,南,未知,简装,60.0,1985.0,289.0
通州,2室,西北,有电梯,精装,84.0,2007.0,379.0
通州,2室,南北,未知,精装,88.0,2009.0,510.0
通州,2室,东西,有电梯,精装,91.0,2009.0,310.0
通州,2室,东南,无电梯,简装,90.0,2002.0,445.0
通州,2室,南北,未知,精装,100.0,2002.0,370.0
通州,3室,南北,有电梯,简装,134.0,2004.0,603.0
通州,2室,东,有电梯,简装,87.0,2008.0,290.0
通州,3室,西北,无电梯,简装,77.0,1999.0,400.0
通州,4室,南北,无电梯,精装,177.0,2007.0,1066.0
通州,3室,南北,有电梯,精装,179.0,2012.0,1150.0
通州,2室,南北,未知,精装,120.0,2005.0,556.0
通州,2室,南北,无电梯,简装,95.0,1996.0,386.0
通州,2室,南北,无电梯,精装,98.0,2004.0,460.0
通州,2室,南北,无电梯,简装,93.0,2003.0,457.0
通州,2室,南北,无电梯,其他,87.0,2005.0,359.0
通州,3室,南北,未知,简装,104.0,1993.0,300.0
通州,1室,南西,无电梯,精装,62.0,2005.0,280.0
通州,3室,南北,无电梯,精装,118.0,2002.0,470.0
通州,6室,南北,有电梯,精装,244.0,2002.0,1150.0
通州,2室,南北,未知,简装,61.0,1994.0,269.0
通州,2室,南北,有电梯,精装,93.0,2009.0,310.0
通州,4室,南北,无电梯,精装,163.0,2002.0,635.0
通州,2室,南西,有电梯,简装,99.0,2005.0,448.0
通州,4室,南北,有电梯,简装,166.0,2003.0,780.0
通州,2室,西北,有电梯,简装,104.0,2005.0,573.0
通州,3室,南北,无电梯,精装,110.0,2000.0,435.0
通州,3室,南北,未知,精装,118.0,2002.0,500.0
通州,3室,南北,无电梯,简装,116.0,1999.0,500.0
通州,2室,南北,有电梯,精装,103.0,2009.0,520.0
通州,3室,南北,无电梯,精装,104.0,1994.0,330.0
通州,3室,南北,无电梯,简装,125.0,2004.0,518.0
通州,2室,西,有电梯,精装,89.0,2008.0,285.0
通州,2室,南北,无电梯,简装,86.0,2004.0,415.0
通州,2室,南,未知,简装,46.0,1984.0,240.0
通州,3室,西南,有电梯,精装,127.0,2004.0,580.0
通州,2室,南北,未知,精装,94.0,2010.0,460.0
通州,1室,东,有电梯,精装,61.0,2010.0,320.0
通州,2室,南北,无电梯,简装,91.0,2002.0,470.0
通州,2室,东西,未知,精装,63.0,1996.0,285.0
通州,2室,南北,无电梯,精装,86.0,1998.0,350.0
通州,3室,南北,未知,精装,141.0,2005.0,599.0
通州,1室,西南,有电梯,精装,70.0,2004.0,325.0
通州,2室,南北,有电梯,精装,99.0,2009.0,515.0
通州,2室,东南,有电梯,精装,71.0,2012.0,383.0
通州,2室,南,有电梯,精装,86.0,2011.0,550.0
通州,2室,南北,无电梯,精装,67.0,2002.0,425.0
通州,2室,西,有电梯,简装,71.0,2006.0,332.0
通州,3室,西,有电梯,精装,121.0,2004.0,510.0
通州,1室,南北,无电梯,精装,53.0,2004.0,254.0
通州,2室,南北,未知,简装,90.0,2004.0,405.0
通州,1室,北,有电梯,精装,63.0,2002.0,315.0
通州,2室,东西,有电梯,简装,87.0,2008.0,290.0
通州,3室,南北,无电梯,精装,132.0,2004.0,599.0
通州,2室,南北,未知,简装,83.0,2000.0,425.0
通州,2室,南北,未知,精装,106.0,2006.0,450.0
通州,3室,南北,有电梯,精装,126.0,2009.0,380.0
通州,3室,南北,无电梯,精装,125.0,2001.0,680.0
通州,2室,南,未知,简装,60.0,1985.0,289.0
通州,2室,南北,有电梯,精装,96.0,2003.0,498.0
通州,2室,南,未知,简装,85.0,2010.0,338.0
通州,2室,南北,无电梯,简装,76.0,2004.0,340.0
通州,2室,西,未知,精装,107.0,2012.0,485.0
通州,3室,南北,未知,精装,130.0,2016.0,745.0
通州,2室,南北,有电梯,简装,87.0,2013.0,405.0
通州,1室,南,未知,精装,58.0,2009.0,310.0
通州,1室,南,无电梯,简装,69.0,2005.0,280.0
通州,2室,南,有电梯,精装,86.0,2009.0,431.0
通州,2室,南北,无电梯,精装,81.0,1999.0,360.0
通州,2室,南北,无电梯,简装,91.0,2001.0,400.0
通州,1室,南北,未知,简装,63.0,2005.0,330.0
通州,2室,南北,有电梯,精装,99.0,2009.0,495.0
通州,2室,南北,未知,精装,86.0,1998.0,355.0
通州,2室,南北,无电梯,毛坯,88.0,1996.0,310.0
通州,3室,南北,无电梯,简装,62.0,1982.0,297.0
通州,3室,南北,无电梯,简装,116.0,2000.0,458.0
通州,3室,南北,未知,简装,126.0,1996.0,400.0
通州,3室,南北,无电梯,精装,150.0,2002.0,752.0
通州,3室,南北,未知,精装,115.0,2004.0,515.0
通州,3室,南北,无电梯,简装,72.0,1990.0,310.0
通州,2室,西北,有电梯,简装,75.0,2010.0,360.0
通州,2室,东西,无电梯,简装,78.0,2004.0,330.0
通州,3室,南北,无电梯,精装,143.0,2003.0,545.0
通州,2室,南北,未知,精装,77.0,2009.0,275.0
通州,2室,南北,无电梯,简装,96.0,2003.0,400.0
通州,2室,南北,有电梯,精装,108.0,2005.0,497.0
通州,2室,南,有电梯,精装,108.0,2004.0,468.0
通州,2室,东南,有电梯,精装,110.0,2006.0,520.0
通州,2室,南北,无电梯,简装,96.0,2003.0,399.0
通州,3室,东南,有电梯,简装,132.0,2004.0,619.0
通州,3室,南北,无电梯,简装,126.0,2001.0,610.0
通州,3室,南北,有电梯,精装,139.0,2011.0,750.0
通州,4室,南北,有电梯,精装,193.0,2010.0,998.0
通州,3室,南北,有电梯,精装,169.0,2012.0,1100.0
通州,2室,西,有电梯,精装,59.0,2012.0,363.0
通州,2室,东西,有电梯,其他,90.0,2008.0,285.0
通州,2室,东西,有电梯,其他,82.0,2013.0,403.0
通州,3室,南北,无电梯,精装,136.0,2002.0,560.0
通州,1室,南,未知,精装,76.0,2005.0,380.0
通州,3室,南北,无电梯,精装,183.0,2001.0,835.0
通州,2室,南北,无电梯,简装,89.0,2002.0,378.0
通州,1室,南,有电梯,精装,73.0,2004.0,382.0
通州,2室,南,无电梯,简装,79.0,2005.0,435.0
通州,2室,南,未知,毛坯,85.0,2010.0,398.0
通州,3室,南北,未知,精装,190.0,2012.0,1200.0
通州,2室,南北,无电梯,简装,87.0,2007.0,330.0
通州,2室,南北,有电梯,简装,91.0,2008.0,400.0
通州,2室,东南,有电梯,精装,87.0,2004.0,370.0
通州,2室,南,有电梯,其他,87.0,2014.0,330.0
通州,1室,南北,未知,精装,51.0,1999.0,240.0
通州,1室,南,有电梯,精装,53.0,2006.0,268.0
通州,2室,东西,未知,简装,86.0,2008.0,290.0
通州,3室,南北,有电梯,简装,88.0,2010.0,350.0
通州,2室,南北,有电梯,简装,106.0,2009.0,510.0
通州,2室,南北,无电梯,简装,70.0,2004.0,272.0
通州,3室,南北,有电梯,精装,88.0,2013.0,415.0
通州,3室,南北,未知,精装,162.0,2010.0,818.0
通州,2室,西北,有电梯,精装,93.0,2010.0,375.0
通州,2室,南北,有电梯,精装,96.0,2003.0,498.0
通州,2室,东南,未知,简装,79.0,1994.0,345.0
通州,1室,南,未知,简装,60.0,2006.0,340.0
通州,3室,南北,未知,简装,74.0,1991.0,326.0
通州,3室,南北,未知,精装,111.0,2009.0,518.0
通州,4室,南北,有电梯,简装,145.0,2003.0,740.0
通州,3室,南北,无电梯,简装,100.0,1999.0,432.8
通州,2室,南北,未知,精装,68.0,2002.0,389.0
通州,1室,南北,无电梯,其他,53.0,1997.0,248.0
通州,3室,南北,有电梯,精装,89.0,2013.0,420.0
通州,3室,南北,无电梯,毛坯,185.0,2005.0,980.0
通州,3室,南北,未知,精装,127.0,2004.0,620.0
通州,2室,南北,有电梯,简装,132.0,2003.0,620.0
通州,2室,南北,无电梯,简装,90.0,2001.0,360.0
通州,2室,南,未知,精装,81.0,2007.0,400.0
通州,2室,南北,无电梯,简装,91.0,2001.0,388.0
通州,3室,南北,有电梯,精装,113.0,2005.0,560.0
通州,3室,南北,未知,精装,130.0,2010.0,660.0
通州,4室,东南,未知,精装,231.0,2013.0,1250.0
通州,4室,南北,无电梯,精装,148.0,2004.0,610.0
通州,1室,南,未知,简装,75.0,2004.0,366.0
通州,2室,东南,未知,精装,80.0,1991.0,350.0
通州,2室,西南,有电梯,精装,99.0,2009.0,495.0
通州,2室,东,未知,精装,101.0,2005.0,427.0
通州,3室,南北,有电梯,精装,163.0,2005.0,895.0
通州,2室,南北,无电梯,精装,97.0,1999.0,436.0
通州,4室,南北,未知,精装,180.0,2006.0,866.0
通州,3室,东南,有电梯,简装,132.0,2004.0,619.0
通州,3室,南北,未知,简装,93.0,1998.0,385.0
通州,2室,南北,无电梯,精装,72.0,1998.0,310.0
通州,2室,南北,有电梯,精装,101.0,2002.0,520.0
通州,4室,南北,未知,精装,198.0,2002.0,1050.0
通州,1室,东,未知,精装,67.0,2005.0,338.0
通州,2室,南北,无电梯,精装,102.0,2003.0,365.0
通州,2室,南北,有电梯,精装,94.0,2009.0,309.0
通州,1室,南北,未知,精装,64.0,2010.0,359.0
通州,3室,南北,无电梯,精装,129.0,2002.0,498.0
通州,2室,南北,无电梯,精装,79.0,1995.0,350.0
通州,3室,南,有电梯,简装,106.0,2003.0,430.0
通州,3室,南北,无电梯,精装,118.0,2009.0,520.0
通州,2室,东南,无电梯,简装,82.0,2001.0,360.0
通州,3室,南北,无电梯,精装,126.0,2002.0,620.0
通州,2室,南北,有电梯,简装,104.0,2008.0,480.0
通州,1室,南,有电梯,精装,75.0,2004.0,360.0
通州,1室,南北,无电梯,简装,53.0,1997.0,246.0
通州,2室,南北,无电梯,精装,75.0,1997.0,343.0
通州,2室,南北,无电梯,简装,68.0,1993.0,285.0
通州,3室,南北,无电梯,精装,69.0,1984.0,299.0
通州,2室,南北,无电梯,简装,80.0,2003.0,420.0
通州,2室,西,有电梯,精装,95.0,2004.0,429.0
通州,2室,南北,未知,精装,89.0,2004.0,400.0
通州,2室,南,有电梯,精装,91.0,2010.0,463.0
通州,3室,南北,无电梯,其他,116.0,2002.0,580.0
通州,2室,南,未知,简装,81.0,2011.0,370.0
通州,3室,南北,未知,简装,100.0,2003.0,440.0
通州,1室,南,有电梯,简装,61.0,2004.0,310.0
通州,2室,南,未知,毛坯,151.0,2004.0,634.0
通州,2室,南,未知,精装,94.0,2007.0,450.0
通州,1室,西,未知,精装,63.0,2009.0,305.0
通州,2室,东西,未知,简装,82.0,2001.0,318.0
通州,4室,南北,有电梯,简装,145.0,2003.0,740.0
通州,1室,南,无电梯,精装,56.0,2000.0,240.0
通州,2室,南北,无电梯,简装,85.0,2002.0,358.0
通州,3室,东南,有电梯,精装,147.0,2012.0,900.0
通州,2室,南北,无电梯,毛坯,95.0,2003.0,410.0
通州,3室,西南,无电梯,其他,64.0,1985.0,340.0
通州,3室,南北,有电梯,精装,149.0,2011.0,860.0
通州,3室,西南,无电梯,精装,116.0,2002.0,560.0
通州,2室,南北,有电梯,毛坯,89.0,2012.0,470.0
通州,2室,南北,无电梯,简装,65.0,1994.0,305.0
通州,4室,南北,无电梯,精装,153.0,2004.0,566.0
通州,4室,南北,无电梯,精装,212.0,2006.0,920.0
通州,1室,西北,未知,简装,65.0,2005.0,275.0
通州,4室,南北,无电梯,精装,184.0,2010.0,970.0
通州,4室,南北,有电梯,简装,242.0,2004.0,900.0
通州,2室,南北,无电梯,简装,118.0,2000.0,415.0
通州,2室,南北,无电梯,简装,80.0,2000.0,350.0
通州,2室,南北,有电梯,精装,96.0,2007.0,450.0
通州,2室,南北,无电梯,精装,101.0,2000.0,485.0
通州,4室,南北,无电梯,精装,176.0,2005.0,730.0
通州,2室,南北,无电梯,精装,136.0,2009.0,615.0
通州,3室,南,有电梯,精装,100.0,2010.0,430.0
通州,2室,南北,有电梯,精装,96.0,2007.0,420.0
通州,2室,南北,未知,精装,102.0,2005.0,435.0
通州,2室,南北,无电梯,精装,100.0,2003.0,449.0
通州,3室,南北,无电梯,精装,128.0,2003.0,585.0
通州,1室,南北,未知,精装,80.0,2005.0,370.0
通州,5室,南北,无电梯,精装,154.0,2005.0,610.0
通州,2室,南,有电梯,精装,128.0,2009.0,538.0
通州,1室,西南,有电梯,简装,74.0,2004.0,350.0
通州,2室,南北,未知,简装,95.0,2003.0,400.0
通州,4室,南北,无电梯,精装,116.0,2007.0,465.0
通州,2室,南北,无电梯,简装,60.0,1987.0,275.0
通州,2室,南,无电梯,精装,88.0,2000.0,410.0
通州,2室,西北,有电梯,简装,80.0,2005.0,360.0
通州,2室,南北,未知,简装,87.0,2004.0,430.0
通州,2室,南北,有电梯,精装,91.0,2010.0,446.0
通州,2室,南北,无电梯,精装,92.0,1999.0,418.0
通州,2室,南北,未知,精装,93.0,2007.0,535.0
通州,2室,南北,有电梯,简装,98.0,2005.0,470.0
通州,2室,南北,无电梯,精装,85.0,1997.0,350.0
通州,2室,南北,无电梯,精装,96.0,2002.0,438.0
通州,2室,南北,无电梯,精装,90.0,2002.0,480.0
通州,1室,西,未知,简装,61.0,2003.0,260.0
通州,2室,东南,有电梯,精装,97.0,2002.0,410.0
通州,2室,东北,有电梯,毛坯,83.0,2011.0,445.0
通州,2室,南北,未知,其他,79.0,1994.0,349.0
通州,2室,南北,有电梯,精装,93.0,2010.0,425.0
通州,2室,南北,无电梯,简装,89.0,2004.0,388.0
通州,3室,南北,有电梯,毛坯,93.0,2012.0,510.0
通州,1室,西南,有电梯,精装,63.0,2012.0,310.0
通州,2室,南,有电梯,精装,97.0,2009.0,570.0
通州,3室,南北,有电梯,精装,88.0,2013.0,415.0
通州,2室,南,未知,精装,96.0,2010.0,430.0
通州,2室,南,未知,精装,95.0,2006.0,415.0
通州,2室,南,未知,精装,75.0,2014.0,265.0
通州,2室,南北,有电梯,简装,107.0,2009.0,536.0
通州,3室,西南,有电梯,简装,142.0,2004.0,600.0
通州,2室,南北,无电梯,精装,65.0,1995.0,298.0
通州,2室,南北,未知,精装,97.0,2010.0,460.0
通州,2室,南,未知,精装,71.0,2009.0,330.0
通州,4室,南北,有电梯,精装,177.0,2005.0,660.0
通州,2室,西北,无电梯,精装,61.0,2002.0,300.0
通州,3室,西南,未知,精装,115.0,2007.0,535.0
通州,4室,东南,未知,精装,91.0,2010.0,400.0
通州,3室,南北,有电梯,简装,128.0,2009.0,510.0
通州,2室,南北,未知,精装,92.0,2010.0,450.0
通州,2室,南北,有电梯,简装,76.0,2005.0,380.0
通州,2室,南北,有电梯,精装,121.0,2009.0,621.0
通州,1室,西南,有电梯,简装,74.0,2004.0,348.0
通州,1室,南北,有电梯,简装,69.0,2009.0,370.0
通州,2室,南北,无电梯,精装,91.0,2002.0,425.0
通州,2室,南北,无电梯,简装,94.0,2003.0,450.0
通州,2室,南北,未知,简装,67.0,2000.0,302.0
通州,4室,南北,无电梯,精装,145.0,2004.0,700.0
通州,3室,南北,无电梯,简装,208.0,2006.0,950.0
通州,3室,南北,未知,简装,143.0,2002.0,690.0
通州,2室,南北,未知,精装,102.0,2003.0,465.0
通州,2室,西南,未知,简装,98.0,2005.0,458.0
通州,3室,南北,无电梯,简装,113.0,1996.0,450.0
通州,2室,南北,未知,精装,76.0,2001.0,344.0
通州,2室,南北,未知,精装,112.0,2003.0,479.0
通州,3室,南北,无电梯,简装,110.0,2004.0,385.0
通州,3室,南北,无电梯,毛坯,78.0,1992.0,340.0
通州,2室,南北,无电梯,简装,98.0,2004.0,460.0
通州,2室,东南,未知,简装,71.0,2000.0,305.0
通州,3室,南北,无电梯,简装,140.0,2000.0,630.0
通州,2室,南北,有电梯,简装,97.0,2004.0,430.0
通州,3室,南北,未知,简装,133.0,2010.0,669.0
通州,2室,南北,无电梯,简装,85.0,2001.0,390.0
通州,2室,南北,未知,简装,90.0,2004.0,445.0
通州,2室,南北,无电梯,精装,85.0,2007.0,405.0
通州,1室,南,未知,精装,61.0,2006.0,338.0
通州,2室,南北,无电梯,简装,90.0,2003.0,360.0
通州,2室,东南,无电梯,精装,90.0,2004.0,390.0
通州,2室,东西,未知,简装,65.0,1988.0,270.0
通州,3室,南北,未知,精装,139.0,2002.0,730.0
通州,2室,南北,未知,简装,84.0,2004.0,420.0
通州,2室,南北,未知,精装,98.0,2002.0,470.0
通州,2室,南北,有电梯,精装,86.0,2005.0,430.0
通州,2室,西南,有电梯,精装,97.0,2006.0,440.0
通州,2室,南北,无电梯,精装,87.0,2003.0,360.0
通州,2室,南北,无电梯,精装,81.0,2000.0,325.0
通州,2室,南北,无电梯,精装,81.0,1998.0,335.0
通州,3室,南北,有电梯,精装,134.0,2005.0,718.0
通州,3室,南北,有电梯,简装,122.0,2010.0,620.0
通州,3室,南北,有电梯,精装,179.0,2012.0,1080.0
通州,2室,南,无电梯,简装,62.0,2004.0,305.0
通州,2室,南北,无电梯,简装,93.0,2002.0,325.0
通州,2室,南北,无电梯,精装,114.0,2004.0,515.0
通州,2室,南北,无电梯,简装,92.0,2003.0,350.0
通州,2室,南北,无电梯,精装,91.0,2004.0,450.0
通州,2室,东西,有电梯,精装,93.0,2004.0,420.0
通州,3室,南北,无电梯,精装,111.0,2005.0,470.0
通州,3室,南北,未知,简装,112.0,2005.0,548.0
通州,2室,南北,未知,精装,101.0,2003.0,385.0
通州,2室,南北,未知,简装,87.0,2003.0,316.0
通州,2室,南北,有电梯,简装,101.0,2006.0,455.0
通州,3室,南北,有电梯,精装,126.0,2007.0,652.0
通州,2室,南北,无电梯,简装,67.0,2007.0,335.0
通州,2室,南北,未知,精装,85.0,2004.0,510.0
通州,2室,南北,未知,简装,64.0,1983.0,278.0
通州,3室,南北,未知,精装,133.0,2011.0,850.0
通州,2室,南北,未知,简装,91.0,2007.0,346.0
通州,2室,西南,未知,精装,81.0,2012.0,399.0
通州,2室,南北,未知,简装,66.0,1999.0,340.0
通州,2室,西北,有电梯,精装,93.0,2007.0,391.0
通州,1室,西,有电梯,精装,58.0,2005.0,290.0
通州,1室,南北,无电梯,精装,53.0,1998.0,250.0
通州,2室,南北,有电梯,简装,68.0,2004.0,295.0
通州,3室,南北,无电梯,精装,107.0,1999.0,450.0
通州,3室,南北,未知,简装,82.0,1978.0,340.0
通州,2室,南北,未知,简装,97.0,2002.0,420.0
通州,3室,南北,无电梯,精装,104.0,1994.0,330.0
通州,1室,东,未知,简装,69.0,2005.0,313.0
通州,3室,南北,有电梯,简装,111.0,2005.0,459.0
通州,2室,西南,未知,简装,88.0,2001.0,465.0
通州,2室,东西,未知,精装,69.0,1996.0,310.0
通州,3室,南北,有电梯,精装,144.0,2009.0,700.0
通州,3室,南北,无电梯,简装,136.0,2004.0,690.0
通州,1室,西北,未知,简装,63.0,2005.0,288.0
通州,3室,南北,无电梯,其他,106.0,2001.0,565.0
通州,2室,南北,未知,简装,73.0,1998.0,320.0
通州,2室,东西,无电梯,简装,81.0,2000.0,325.0
通州,1室,西,有电梯,毛坯,53.0,2009.0,265.0
通州,3室,南北,有电梯,毛坯,139.0,2015.0,815.0
通州,2室,西南,有电梯,简装,102.0,2004.0,470.0
通州,2室,南北,未知,简装,69.0,1994.0,275.0
通州,2室,东南,未知,精装,80.0,2012.0,560.0
通州,2室,南北,有电梯,精装,96.0,2005.0,378.0
通州,3室,南北,未知,精装,101.0,2004.0,660.0
通州,2室,南北,未知,简装,79.0,2002.0,310.0
通州,3室,南北,有电梯,精装,121.0,2005.0,470.0
通州,2室,西南,有电梯,简装,100.0,2007.0,430.0
通州,2室,南北,未知,简装,97.0,2005.0,465.0
通州,2室,西北,有电梯,简装,77.0,2006.0,326.0
通州,1室,西,有电梯,其他,53.0,2009.0,265.0
通州,2室,南北,无电梯,简装,59.0,1995.0,265.0
通州,1室,东,未知,简装,51.0,2009.0,246.0
通州,2室,南北,无电梯,简装,98.0,2004.0,535.0
通州,3室,南北,有电梯,精装,134.0,2006.0,607.0
通州,3室,南北,有电梯,精装,127.0,2005.0,635.0
通州,3室,南北,有电梯,简装,141.0,2004.0,650.0
通州,3室,南北,未知,精装,110.0,2009.0,490.0
通州,3室,北,有电梯,简装,42.0,2007.0,336.0
通州,2室,南北,有电梯,精装,89.0,2009.0,399.0
通州,2室,南北,有电梯,简装,113.0,2004.0,508.0
通州,2室,南北,无电梯,精装,80.0,2003.0,368.0
通州,2室,北,有电梯,简装,43.0,2007.0,340.0
通州,4室,南,有电梯,精装,208.0,2010.0,720.0
通州,4室,西南,有电梯,毛坯,146.0,2012.0,900.0
通州,2室,南北,未知,精装,97.0,2000.0,420.0
通州,3室,东西,未知,简装,112.0,2001.0,470.0
通州,2室,南北,未知,简装,88.0,2004.0,428.0
通州,2室,南北,无电梯,精装,85.0,1998.0,352.0
通州,2室,南北,未知,精装,79.0,2012.0,390.0
通州,3室,东南,有电梯,简装,142.0,2004.0,580.0
通州,1室,西南,无电梯,简装,49.0,2002.0,275.0
通州,4室,南北,未知,精装,136.0,2005.0,520.0
通州,3室,南北,有电梯,精装,151.0,2010.0,780.0
通州,3室,南北,未知,简装,111.0,2002.0,430.0
通州,2室,东南,无电梯,精装,74.0,2001.0,350.0
通州,2室,南北,未知,精装,98.0,2005.0,432.0
通州,2室,南北,未知,简装,69.0,1990.0,306.0
通州,2室,南北,未知,简装,102.0,2005.0,610.0
通州,6室,南北,未知,精装,244.0,2006.0,1168.0
通州,1室,南,未知,简装,44.0,2004.0,245.0
通州,1室,西北,未知,精装,32.0,2005.0,206.0
通州,2室,南北,无电梯,简装,94.0,1999.0,390.0
通州,3室,西北,未知,精装,98.0,2010.0,310.0
通州,2室,南北,未知,简装,125.0,2002.0,480.0
通州,3室,南北,未知,精装,143.0,2012.0,745.0
通州,2室,东南,有电梯,精装,98.0,2009.0,515.0
通州,2室,南北,有电梯,精装,99.0,2006.0,435.0
通州,3室,南北,有电梯,简装,153.0,2008.0,830.0
通州,2室,南北,未知,精装,81.0,2001.0,348.0
通州,2室,南北,无电梯,精装,99.0,2005.0,470.0
通州,3室,南北,无电梯,精装,116.0,2002.0,585.0
通州,2室,南北,未知,精装,95.0,1999.0,435.0
通州,2室,南北,有电梯,精装,91.0,2005.0,375.0
通州,2室,南北,未知,简装,69.0,1994.0,275.0
通州,2室,南北,未知,精装,90.0,2009.0,445.0
通州,3室,南北,有电梯,精装,133.0,2009.0,750.0
通州,2室,南北,未知,简装,93.0,2002.0,430.0
通州,4室,南北,有电梯,精装,225.0,2010.0,1280.0
通州,3室,南北,无电梯,其他,116.0,2004.0,495.0
通州,2室,南北,无电梯,毛坯,76.0,1997.0,340.0
通州,1室,南北,有电梯,精装,64.0,2007.0,328.0
通州,2室,南北,无电梯,简装,100.0,2004.0,650.0
通州,3室,南北,有电梯,精装,127.0,2005.0,700.0
通州,2室,南北,未知,精装,86.0,2002.0,404.0
通州,2室,南北,未知,简装,110.0,2004.0,455.0
通州,1室,西北,未知,简装,62.0,2003.0,320.0
通州,2室,南,有电梯,精装,100.0,2008.0,460.0
通州,3室,南北,未知,简装,140.0,2009.0,530.0
通州,4室,南北,有电梯,精装,102.0,2009.0,790.0
通州,2室,西南,未知,精装,79.0,2009.0,245.0
通州,3室,南北,有电梯,毛坯,117.0,2007.0,550.0
通州,3室,南北,未知,简装,117.0,2009.0,623.0
通州,4室,南北,无电梯,精装,178.0,2006.0,1070.0
通州,1室,北,有电梯,精装,65.0,2005.0,300.0
通州,2室,南北,无电梯,精装,97.0,2003.0,430.0
通州,2室,东南,未知,精装,99.0,2009.0,495.0
通州,3室,南北,无电梯,简装,101.0,2005.0,389.0
通州,2室,南北,有电梯,简装,123.0,2003.0,390.0
通州,2室,南,未知,简装,93.0,2011.0,505.0
通州,2室,南北,无电梯,精装,94.0,2000.0,400.0
通州,2室,南北,未知,简装,81.0,1998.0,359.0
通州,2室,南北,无电梯,精装,81.0,2003.0,365.0
通州,2室,南北,有电梯,精装,104.0,2002.0,449.6
通州,2室,南北,未知,精装,81.0,1998.0,342.0
通州,2室,南北,无电梯,简装,84.0,2000.0,430.0
通州,3室,东南,有电梯,精装,145.0,2002.0,590.0
通州,3室,南北,未知,简装,120.0,2003.0,500.0
通州,1室,北,有电梯,简装,40.0,2007.0,315.0
通州,2室,南北,无电梯,精装,104.0,2004.0,500.0
通州,2室,南北,未知,简装,86.0,2001.0,315.0
通州,1室,东,未知,精装,61.0,2010.0,315.0
通州,1室,南北,未知,精装,59.0,2005.0,305.0
通州,2室,南北,未知,简装,55.0,1986.0,262.0
通州,2室,南北,有电梯,简装,104.0,2004.0,468.0
通州,2室,南北,未知,简装,88.0,1996.0,310.0
通州,3室,南北,未知,简装,114.0,1998.0,486.0
通州,2室,东,未知,精装,101.0,2005.0,425.0
通州,2室,南北,未知,其他,100.0,2005.0,418.0
通州,2室,南北,未知,简装,92.0,2011.0,485.0
通州,2室,东,未知,精装,90.0,2010.0,410.0
通州,2室,南北,有电梯,精装,83.0,2004.0,410.0
通州,3室,南北,未知,简装,119.0,2013.0,565.0
通州,2室,西,未知,精装,95.0,2004.0,408.0
通州,2室,南北,无电梯,精装,80.0,1996.0,340.0
通州,2室,南北,未知,精装,94.0,1999.0,420.0
通州,2室,南北,未知,简装,65.0,1999.0,310.0
通州,2室,南北,无电梯,简装,91.0,2004.0,430.0
通州,1室,西南,未知,精装,63.0,2012.0,305.0
通州,2室,东西,未知,简装,76.0,1996.0,285.0
通州,2室,东,未知,精装,96.0,2004.0,385.0
通州,2室,南,未知,简装,92.0,2012.0,470.0
通州,2室,西北,未知,简装,97.0,2004.0,415.0
通州,2室,东西,未知,简装,93.0,2005.0,415.0
通州,2室,南北,未知,简装,57.0,2002.0,270.0
通州,2室,南,有电梯,简装,74.0,2010.0,380.0
通州,2室,南北,未知,简装,87.0,2003.0,350.0
通州,1室,南北,未知,精装,69.0,2009.0,369.0
通州,3室,南北,无电梯,精装,98.0,2004.0,390.0
通州,2室,南北,无电梯,毛坯,76.0,1997.0,340.0
通州,2室,南北,未知,简装,91.0,2007.0,420.0
通州,3室,东南,未知,简装,114.0,2005.0,578.0
通州,2室,南北,未知,精装,86.0,2006.0,370.0
通州,1室,北,有电梯,简装,53.0,2005.0,318.0
通州,2室,南北,未知,精装,83.0,2001.0,410.0
通州,2室,东北,有电梯,精装,96.0,2002.0,418.0
通州,1室,东北,未知,精装,56.0,2010.0,230.0
通州,3室,南北,未知,简装,105.0,1994.0,356.0
通州,2室,南北,未知,简装,63.0,2001.0,298.0
通州,2室,东,未知,简装,93.0,2005.0,448.0
通州,3室,南北,未知,精装,116.0,2003.0,490.0
通州,2室,南北,未知,精装,94.0,2000.0,400.0
通州,3室,南北,未知,精装,140.0,2002.0,700.0
通州,2室,东南,未知,精装,92.0,2005.0,426.0
通州,2室,南北,未知,精装,63.0,1994.0,275.0
通州,2室,南北,未知,简装,99.0,2005.0,467.0
通州,3室,南北,未知,简装,108.0,2004.0,465.0
通州,2室,南,未知,精装,91.0,2011.0,494.0
通州,2室,南,未知,精装,93.0,2009.0,310.0
通州,2室,南,未知,精装,89.0,2009.0,550.0
通州,2室,西南,未知,精装,96.0,2004.0,420.0
通州,2室,南北,未知,精装,68.0,2005.0,344.0
通州,2室,南北,未知,其他,78.0,1999.0,306.0
通州,2室,南北,未知,简装,101.0,2009.0,475.0
通州,3室,南北,未知,简装,104.0,1994.0,330.0
通州,1室,南,有电梯,精装,75.0,2004.0,366.0
通州,2室,南北,未知,精装,93.0,2007.0,530.0
通州,2室,南北,未知,精装,104.0,2008.0,470.0
通州,1室,南北,未知,简装,78.0,2002.0,320.0
通州,1室,南,未知,精装,66.0,2010.0,354.0
石景山,3室,南北,未知,精装,116.0,2006.0,650.0
石景山,1室,北,未知,简装,61.0,2005.0,337.0
石景山,1室,西,有电梯,精装,69.0,2004.0,325.0
石景山,1室,南,有电梯,精装,68.0,2010.0,446.0
石景山,1室,北,无电梯,简装,52.0,1995.0,248.0
石景山,3室,南北,有电梯,精装,141.0,2007.0,970.0
石景山,3室,南北,无电梯,简装,94.0,1993.0,453.6
石景山,2室,东北,有电梯,毛坯,72.0,1995.0,360.0
石景山,2室,东南,有电梯,其他,85.0,1987.0,468.0
石景山,2室,南,有电梯,简装,116.0,2006.0,790.0
石景山,3室,南北,无电梯,其他,86.0,1997.0,475.0
石景山,1室,南,无电梯,简装,63.0,2003.0,345.0
石景山,3室,南北,无电梯,简装,68.0,1983.0,310.0
石景山,3室,南北,无电梯,精装,133.0,2002.0,1070.0
石景山,2室,南,有电梯,精装,71.0,2010.0,455.0
石景山,1室,西,无电梯,其他,41.0,1989.0,227.0
石景山,1室,南,有电梯,精装,60.0,2007.0,450.0
石景山,2室,南,有电梯,其他,111.0,2005.0,820.0
石景山,2室,东北,有电梯,其他,82.0,1996.0,468.0
石景山,2室,南北,未知,其他,63.0,1994.0,363.0
石景山,3室,东北,有电梯,精装,137.0,2003.0,660.0
石景山,2室,东西,未知,其他,90.0,2009.0,410.0
石景山,3室,南北,无电梯,其他,61.0,1979.0,285.0
石景山,2室,西南,未知,其他,83.0,2001.0,500.0
石景山,其他,西,未知,精装,50.0,2017.0,280.0
石景山,2室,西北,有电梯,简装,104.0,2007.0,535.0
石景山,2室,南,无电梯,简装,53.0,1980.0,296.0
石景山,其他,北,有电梯,精装,59.0,2010.0,280.0
石景山,其他,北,有电梯,精装,54.0,2009.0,240.0
石景山,2室,南北,无电梯,其他,67.0,1997.0,290.0
石景山,2室,南北,无电梯,简装,60.0,1991.0,255.0
石景山,1室,西北,无电梯,其他,52.0,1994.0,276.0
石景山,2室,西北,有电梯,简装,67.0,2010.0,310.0
石景山,2室,东西,无电梯,简装,96.0,1995.0,495.0
石景山,1室,南北,有电梯,精装,63.0,1996.0,320.0
石景山,3室,南北,无电梯,简装,61.0,1983.0,330.0
石景山,2室,南北,无电梯,简装,58.0,1979.0,380.0
石景山,2室,西南,有电梯,其他,92.0,2000.0,430.0
石景山,2室,东,无电梯,其他,51.0,1980.0,280.0
石景山,其他,南,未知,精装,60.0,2010.0,300.0
石景山,1室,南,无电梯,其他,58.0,1994.0,288.0
石景山,3室,东西,未知,其他,63.0,1984.0,290.0
石景山,其他,南,有电梯,其他,58.0,2010.0,350.0
石景山,其他,北,有电梯,简装,41.0,2008.0,155.0
石景山,3室,南北,未知,精装,116.0,2006.0,650.0
石景山,2室,西南,有电梯,精装,88.0,2003.0,440.0
石景山,其他,东北,有电梯,精装,63.0,2010.0,270.0
石景山,其他,北,有电梯,精装,48.0,2008.0,170.0
石景山,2室,西北,有电梯,精装,100.0,2008.0,700.0
石景山,4室,南北,有电梯,其他,134.0,2014.0,940.0
石景山,2室,南北,有电梯,精装,65.0,1996.0,330.0
石景山,2室,东西,未知,其他,60.0,1993.0,290.0
石景山,1室,西北,有电梯,简装,54.0,2007.0,370.0
石景山,2室,东北,未知,精装,95.0,2001.0,485.0
石景山,1室,西南,未知,精装,59.0,2001.0,290.0
石景山,1室,西北,无电梯,精装,41.0,1991.0,228.0
石景山,2室,南,有电梯,其他,95.0,1999.0,475.0
石景山,1室,东,有电梯,精装,56.0,2007.0,370.0
石景山,2室,南北,无电梯,精装,63.0,1994.0,340.0
石景山,2室,东南,无电梯,其他,58.0,1979.0,273.0
石景山,其他,南北,有电梯,精装,86.0,2010.0,460.0
石景山,3室,东南,有电梯,简装,85.0,1997.0,425.0
石景山,1室,南,未知,其他,45.0,1993.0,245.0
石景山,1室,东,有电梯,其他,53.0,2005.0,376.0
石景山,2室,南北,未知,简装,74.0,1994.0,330.0
石景山,4室,东西,有电梯,其他,145.0,2011.0,1250.0
石景山,2室,南,未知,精装,105.0,2007.0,670.0
石景山,2室,南,未知,精装,89.0,2009.0,430.0
石景山,2室,南,未知,其他,115.0,2007.0,740.0
石景山,3室,南北,有电梯,简装,89.0,1986.0,430.0
石景山,3室,南,有电梯,简装,92.0,1996.0,523.0
石景山,其他,东,有电梯,精装,35.0,2011.0,210.0
石景山,其他,南,有电梯,简装,54.0,2008.0,155.0
石景山,3室,南北,未知,其他,121.0,2005.0,420.0
石景山,2室,南北,无电梯,其他,49.0,1982.0,260.0
石景山,2室,南北,无电梯,精装,73.0,1976.0,338.0
石景山,2室,南北,有电梯,精装,116.0,2006.0,960.0
石景山,4室,南北,无电梯,简装,151.0,1999.0,660.0
石景山,2室,南北,无电梯,简装,59.0,1983.0,300.0
石景山,2室,南,有电梯,简装,85.0,2014.0,650.0
石景山,3室,南北,无电梯,其他,98.0,1998.0,640.0
石景山,2室,东西,无电梯,其他,77.0,1995.0,360.0
石景山,2室,南北,无电梯,简装,62.0,1993.0,320.0
石景山,3室,南北,无电梯,简装,59.0,1979.0,330.0
石景山,2室,南北,无电梯,其他,67.0,1995.0,392.0
石景山,3室,西北,无电梯,精装,65.0,1986.0,329.0
石景山,2室,南北,无电梯,简装,62.0,1995.0,355.0
石景山,2室,西,未知,精装,57.0,1988.0,290.0
石景山,2室,东西,未知,其他,89.0,2004.0,338.0
石景山,2室,西北,有电梯,其他,95.0,2006.0,450.0
石景山,2室,南,未知,其他,83.0,2005.0,390.0
石景山,1室,南,无电梯,精装,41.0,1986.0,289.0
石景山,1室,南,有电梯,精装,69.0,1994.0,315.0
石景山,3室,东西,无电梯,精装,85.0,1994.0,400.0
石景山,其他,南,有电梯,精装,57.0,2008.0,190.0
石景山,3室,东南,有电梯,简装,112.0,1998.0,595.0
石景山,2室,东西,无电梯,其他,65.0,1995.0,305.0
石景山,1室,北,未知,精装,46.0,2005.0,270.0
石景山,2室,西南,未知,简装,93.0,2000.0,448.0
石景山,1室,西北,无电梯,简装,54.0,2000.0,280.0
石景山,3室,东西,无电梯,精装,123.0,2001.0,560.0
石景山,4室,东西,未知,简装,121.0,2000.0,550.0
石景山,3室,南北,无电梯,精装,80.0,1986.0,385.0
石景山,1室,南,有电梯,精装,64.0,2011.0,510.0
石景山,2室,东南,有电梯,简装,55.0,1990.0,250.0
石景山,2室,东西,有电梯,其他,106.0,2011.0,880.0
石景山,2室,南北,无电梯,精装,47.0,1979.0,255.0
石景山,1室,南,有电梯,精装,56.0,2010.0,366.0
石景山,1室,南北,有电梯,精装,66.0,2004.0,340.0
石景山,3室,南北,无电梯,其他,70.0,1984.0,275.0
石景山,2室,西,有电梯,简装,102.0,2006.0,475.0
石景山,2室,南北,无电梯,精装,81.0,2003.0,428.0
石景山,2室,南北,无电梯,简装,58.0,1985.0,303.0
石景山,2室,西北,无电梯,简装,68.0,1995.0,330.0
石景山,2室,南北,无电梯,简装,73.0,1996.0,330.0
石景山,2室,南北,无电梯,其他,66.0,1994.0,340.0
石景山,3室,南北,无电梯,简装,97.0,1999.0,582.0
石景山,3室,东南,无电梯,毛坯,66.0,1983.0,349.0
石景山,2室,西,有电梯,精装,114.0,2008.0,730.0
石景山,3室,南北,有电梯,其他,91.0,2009.0,458.0
石景山,2室,南北,无电梯,简装,47.0,1975.0,218.0
石景山,1室,西南,有电梯,简装,62.0,2003.0,310.0
石景山,2室,南北,未知,其他,62.0,1999.0,285.0
石景山,其他,南,有电梯,其他,55.0,2011.0,370.0
石景山,2室,东,未知,精装,67.0,2007.0,465.0
石景山,4室,东西,无电梯,简装,80.0,1984.0,320.0
石景山,2室,南北,无电梯,简装,50.0,1982.0,266.0
石景山,2室,南北,未知,简装,58.0,1986.0,290.0
石景山,2室,南,有电梯,简装,69.0,2001.0,340.0
石景山,1室,东,未知,简装,63.0,2005.0,365.0
石景山,2室,东南,有电梯,精装,77.0,1995.0,400.0
石景山,2室,南北,无电梯,精装,56.0,1987.0,300.0
石景山,2室,东,有电梯,其他,83.0,2001.0,419.0
石景山,2室,南,有电梯,其他,72.0,1997.0,320.0
石景山,2室,南北,未知,简装,63.0,1994.0,310.0
石景山,2室,南北,未知,精装,54.0,1992.0,315.0
石景山,1室,西,有电梯,精装,57.0,2007.0,370.0
石景山,2室,南北,无电梯,简装,50.0,1982.0,275.0
石景山,1室,东,有电梯,精装,55.0,1996.0,285.0
石景山,1室,西,无电梯,精装,46.0,1994.0,249.0
石景山,2室,东西,有电梯,其他,90.0,2011.0,790.0
石景山,4室,南北,无电梯,精装,144.0,2002.0,1050.0
石景山,2室,南北,无电梯,精装,52.0,1988.0,258.0
石景山,2室,南北,未知,其他,91.0,2012.0,590.0
石景山,2室,西北,有电梯,简装,111.0,2005.0,590.0
石景山,2室,南,无电梯,精装,85.0,1998.0,430.0
石景山,2室,南,无电梯,精装,63.0,1999.0,310.0
石景山,其他,北,有电梯,简装,49.0,2011.0,320.0
石景山,2室,南北,无电梯,简装,58.0,1986.0,350.0
石景山,3室,南北,未知,简装,98.0,2000.0,539.0
石景山,1室,南,未知,其他,63.0,1999.0,300.0
石景山,1室,北,未知,其他,46.0,2005.0,265.0
石景山,3室,南北,无电梯,其他,55.0,1979.0,245.0
石景山,1室,东北,有电梯,其他,68.0,2006.0,350.0
石景山,1室,南,有电梯,简装,61.0,2004.0,392.0
石景山,2室,西南,未知,其他,79.0,1997.0,330.0
石景山,2室,东南,有电梯,简装,102.0,2000.0,435.0
石景山,3室,南北,未知,简装,59.0,1979.0,357.0
石景山,1室,东,无电梯,精装,49.0,2004.0,319.0
石景山,2室,南北,未知,简装,53.0,1984.0,315.0
石景山,1室,西北,未知,其他,70.0,2005.0,370.0
石景山,2室,南北,未知,简装,57.0,1990.0,240.0
石景山,2室,东北,有电梯,其他,86.0,2009.0,395.0
石景山,3室,南北,无电梯,精装,121.0,1994.0,585.0
石景山,1室,东,未知,其他,56.0,2007.0,350.0
石景山,3室,西南,有电梯,其他,147.0,2012.0,706.0
石景山,1室,北,未知,简装,41.0,2005.0,230.0
石景山,3室,南北,有电梯,简装,187.0,2006.0,1300.0
石景山,2室,南北,有电梯,简装,102.0,2007.0,509.0
石景山,2室,东南,未知,简装,75.0,2004.0,298.0
石景山,3室,南北,无电梯,简装,86.0,1994.0,451.0
石景山,3室,南北,有电梯,简装,117.0,2006.0,988.0
石景山,3室,南北,无电梯,精装,93.0,1999.0,500.0
石景山,2室,西南,有电梯,简装,68.0,1999.0,350.0
石景山,2室,南,无电梯,精装,63.0,1983.0,315.0
石景山,2室,南,有电梯,其他,74.0,1989.0,400.0
石景山,2室,南北,未知,简装,49.0,1982.0,280.0
石景山,1室,北,有电梯,精装,100.0,2005.0,500.0
石景山,2室,南北,未知,简装,55.0,1999.0,315.0
石景山,3室,南北,无电梯,简装,95.0,1988.0,459.0
石景山,2室,东西,未知,精装,57.0,1995.0,330.0
石景山,2室,西南,有电梯,其他,94.0,2001.0,485.0
石景山,2室,南北,有电梯,精装,117.0,2007.0,660.0
石景山,2室,南北,有电梯,简装,107.0,2007.0,720.0
石景山,2室,南北,无电梯,简装,62.0,1993.0,329.0
石景山,3室,南北,有电梯,简装,106.0,1994.0,540.0
石景山,2室,南,有电梯,精装,81.0,1997.0,370.0
石景山,2室,东南,有电梯,精装,77.0,1995.0,400.0
石景山,2室,南北,未知,精装,68.0,1994.0,301.0
石景山,2室,东南,有电梯,其他,130.0,2004.0,720.0
石景山,2室,南,有电梯,其他,79.0,1997.0,350.0
石景山,2室,南北,未知,精装,58.0,1990.0,323.0
石景山,2室,东北,有电梯,其他,96.0,2005.0,620.0
石景山,3室,西南,有电梯,精装,144.0,2006.0,793.0
石景山,2室,南西,有电梯,其他,60.0,1987.0,310.0
石景山,3室,南北,无电梯,精装,93.0,1999.0,480.0
石景山,2室,南北,无电梯,精装,67.0,1999.0,295.0
石景山,3室,南北,无电梯,其他,61.0,1983.0,326.0
石景山,2室,南北,无电梯,精装,49.0,1982.0,285.0
石景山,1室,南,有电梯,精装,61.0,2006.0,450.0
石景山,2室,南北,无电梯,其他,101.0,1993.0,395.0
石景山,3室,西,有电梯,简装,78.0,2007.0,350.0
石景山,3室,南北,有电梯,简装,127.0,2000.0,600.0
石景山,其他,西,有电梯,简装,62.0,2011.0,310.0
石景山,4室,南北,有电梯,简装,97.0,1983.0,480.0
石景山,3室,南北,无电梯,精装,79.0,1993.0,560.0
石景山,2室,南北,无电梯,简装,58.0,1987.0,340.0
石景山,2室,南北,有电梯,精装,101.0,2005.0,550.0
石景山,2室,西北,有电梯,精装,87.0,2005.0,460.0
石景山,2室,南,无电梯,简装,60.0,1991.0,330.0
石景山,1室,东,有电梯,其他,62.0,2007.0,438.0
石景山,3室,南北,无电梯,简装,68.0,1991.0,265.0
石景山,2室,南,未知,简装,72.0,2005.0,330.0
石景山,4室,南北,无电梯,简装,124.0,1995.0,450.0
石景山,3室,东西,无电梯,其他,83.0,1995.0,442.0
石景山,2室,南北,无电梯,其他,97.0,1994.0,472.0
石景山,3室,南北,有电梯,精装,147.0,2003.0,770.0
石景山,2室,东南,有电梯,精装,82.0,1999.0,440.0
石景山,3室,南北,无电梯,简装,68.0,1991.0,220.0
石景山,2室,南,无电梯,其他,55.0,1979.0,300.0
石景山,2室,南北,无电梯,其他,63.0,1990.0,317.0
石景山,2室,东西,有电梯,其他,92.0,2005.0,490.0
石景山,2室,西南,未知,简装,90.0,2000.0,433.0
石景山,2室,南北,无电梯,其他,54.0,1981.0,265.0
石景山,2室,东西,有电梯,精装,72.0,1997.0,350.0
石景山,1室,西,未知,精装,63.0,2007.0,430.0
石景山,3室,南北,无电梯,精装,82.0,1993.0,445.0
石景山,2室,西南,有电梯,简装,94.0,1999.0,493.0
石景山,2室,南西,未知,简装,76.0,2000.0,440.0
石景山,2室,南,有电梯,其他,88.0,2009.0,443.0
石景山,3室,南北,未知,其他,135.0,2014.0,1050.0
石景山,1室,南,未知,精装,72.0,2005.0,376.0
石景山,1室,东北,未知,精装,60.0,2006.0,398.0
石景山,3室,西南,未知,其他,86.0,1986.0,458.0
石景山,2室,东西,无电梯,简装,55.0,1987.0,310.0
石景山,1室,南北,无电梯,其他,42.0,1986.0,230.0
石景山,3室,西南,有电梯,其他,92.0,2000.0,464.0
石景山,3室,南北,无电梯,简装,68.0,1987.0,350.0
石景山,2室,南北,未知,其他,89.0,2005.0,360.0
石景山,2室,南,无电梯,精装,50.0,1985.0,252.0
石景山,2室,东西,无电梯,精装,68.0,1980.0,320.0
石景山,2室,南,未知,简装,55.0,1981.0,289.0
石景山,3室,西南,有电梯,精装,144.0,2006.0,793.0
石景山,2室,南西,有电梯,其他,60.0,1987.0,310.0
石景山,3室,南北,无电梯,精装,93.0,1999.0,480.0
石景山,2室,南北,无电梯,精装,67.0,1999.0,295.0
石景山,3室,南北,有电梯,简装,125.0,2006.0,660.0
石景山,2室,东北,无电梯,其他,65.0,1995.0,335.0
石景山,3室,南北,无电梯,简装,58.0,1983.0,360.0
石景山,1室,南,无电梯,精装,39.0,1991.0,215.0
石景山,2室,东南,有电梯,其他,102.0,2006.0,480.0
石景山,1室,东,有电梯,其他,65.0,1999.0,320.0
石景山,2室,西南,有电梯,简装,98.0,2007.0,455.0
石景山,2室,南,有电梯,其他,62.0,1988.0,245.0
石景山,1室,东北,有电梯,精装,60.0,2006.0,410.0
石景山,2室,南北,未知,简装,62.0,1991.0,310.0
石景山,2室,南,有电梯,简装,80.0,1994.0,350.0
石景山,2室,南北,无电梯,其他,84.0,2001.0,420.0
石景山,1室,西,有电梯,精装,64.0,2007.0,485.0
石景山,2室,南北,有电梯,精装,120.0,2008.0,660.0
石景山,4室,南北,有电梯,精装,167.0,2011.0,1658.0
石景山,2室,西南,无电梯,精装,62.0,1986.0,365.0
石景山,2室,南,无电梯,精装,54.0,1985.0,268.0
石景山,2室,南北,未知,其他,53.0,1979.0,233.0
石景山,3室,西南,有电梯,简装,85.0,1994.0,400.0
石景山,3室,东北,有电梯,其他,111.0,2000.0,480.0
石景山,2室,南,未知,其他,60.0,1987.0,330.0
石景山,2室,南,有电梯,精装,87.0,2009.0,790.0
石景山,2室,南,未知,其他,58.0,1986.0,308.0
石景山,1室,东南,有电梯,其他,59.0,2001.0,296.0
石景山,2室,北,有电梯,精装,112.0,2005.0,560.0
石景山,2室,南,有电梯,精装,90.0,2009.0,429.0
石景山,2室,南北,无电梯,其他,62.0,1994.0,310.0
石景山,2室,南北,无电梯,精装,56.0,1982.0,360.0
石景山,3室,南北,未知,精装,142.0,2011.0,1350.0
石景山,2室,南北,无电梯,简装,57.0,1992.0,310.0
石景山,3室,东南,无电梯,简装,58.0,1980.0,260.0
石景山,4室,南北,有电梯,其他,126.0,2005.0,670.0
石景山,2室,南,有电梯,简装,93.0,2002.0,445.0
石景山,3室,东西,有电梯,其他,107.0,2005.0,560.0
石景山,2室,南北,有电梯,精装,136.0,2006.0,1020.0
石景山,2室,东西,无电梯,精装,79.0,1993.0,365.0
石景山,2室,东西,无电梯,简装,56.0,1991.0,248.0
石景山,3室,东西,有电梯,其他,98.0,2001.0,460.0
石景山,3室,南北,无电梯,简装,69.0,1993.0,345.0
石景山,2室,南北,无电梯,简装,62.0,1988.0,340.0
石景山,1室,东,未知,其他,69.0,1997.0,380.0
石景山,2室,南北,无电梯,其他,101.0,1993.0,395.0
石景山,2室,南北,无电梯,精装,70.0,1998.0,340.0
石景山,3室,西南,有电梯,简装,82.0,2001.0,452.0
石景山,1室,西,有电梯,其他,60.0,2006.0,435.0
石景山,1室,东,有电梯,简装,68.0,2003.0,330.0
石景山,2室,南北,未知,其他,59.0,1987.0,245.0
石景山,2室,南,有电梯,其他,60.0,1988.0,262.0
石景山,3室,西南,未知,其他,138.0,2008.0,1160.0
石景山,2室,南北,未知,其他,54.0,1987.0,230.0
石景山,2室,东西,无电梯,其他,45.0,1982.0,280.0
石景山,2室,南北,无电梯,精装,87.0,2004.0,527.0
石景山,3室,南北,无电梯,简装,75.0,1983.0,413.0
石景山,2室,南,有电梯,简装,116.0,2006.0,690.0
石景山,2室,南北,无电梯,精装,63.0,1987.0,345.0
石景山,2室,西南,有电梯,其他,75.0,1999.0,390.0
石景山,1室,南,未知,其他,63.0,1996.0,315.0
石景山,2室,南北,无电梯,简装,57.0,1992.0,320.0
石景山,3室,南北,无电梯,其他,116.0,1994.0,495.0
石景山,2室,南北,无电梯,精装,86.0,2004.0,498.0
石景山,3室,南北,无电梯,毛坯,71.0,1979.0,350.0
石景山,1室,西,有电梯,精装,59.0,2007.0,440.0
石景山,1室,南北,未知,其他,62.0,1994.0,300.0
石景山,1室,北,未知,简装,62.0,2005.0,335.0
石景山,2室,南,未知,简装,63.0,1991.0,265.0
石景山,1室,南,未知,精装,57.0,2010.0,371.0
石景山,2室,南,未知,精装,117.0,2006.0,720.0
石景山,2室,东南,有电梯,精装,72.0,2007.0,480.0
石景山,2室,南北,未知,其他,53.0,1981.0,240.0
石景山,5室,南北,未知,精装,200.0,2004.0,743.3
石景山,4室,南北,无电梯,精装,154.0,2004.0,855.0
石景山,2室,南北,未知,精装,59.0,1993.0,328.0
石景山,4室,南北,未知,精装,143.0,2005.0,600.0
石景山,3室,南北,无电梯,精装,57.0,1977.0,278.0
石景山,3室,南,未知,精装,88.0,2001.0,410.0
石景山,3室,南北,无电梯,其他,81.0,1992.0,310.0
石景山,2室,东北,有电梯,精装,97.0,1995.0,508.0
石景山,2室,南北,未知,简装,66.0,2000.0,299.0
石景山,2室,南北,未知,其他,68.0,1994.0,340.0
石景山,2室,南北,未知,其他,47.0,1979.0,285.0
石景山,3室,南北,无电梯,其他,85.0,1992.0,480.0
石景山,2室,西,有电梯,精装,71.0,2007.0,345.0
石景山,2室,南北,无电梯,其他,50.0,1983.0,281.0
石景山,4室,南北,未知,其他,199.0,2004.0,668.0
石景山,3室,南北,无电梯,简装,56.0,1981.0,305.0
石景山,4室,南北,有电梯,其他,126.0,2005.0,670.0
石景山,3室,东南,无电梯,简装,58.0,1980.0,260.0
石景山,2室,南,有电梯,简装,93.0,2012.0,558.0
石景山,2室,南,有电梯,其他,87.0,2012.0,525.0
石景山,2室,西南,有电梯,其他,86.0,2009.0,780.0
石景山,3室,西北,有电梯,其他,103.0,2000.0,435.0
石景山,3室,东北,有电梯,简装,103.0,2000.0,490.0
石景山,1室,南,未知,简装,64.0,1999.0,300.0
石景山,2室,南,未知,其他,60.0,1985.0,322.0
石景山,2室,南北,无电梯,毛坯,56.0,1984.0,290.0
石景山,2室,南,有电梯,简装,75.0,1995.0,370.0
石景山,1室,南北,有电梯,精装,65.0,2005.0,361.0
石景山,1室,东北,有电梯,精装,59.0,2007.0,399.0
石景山,1室,西南,有电梯,简装,73.0,2005.0,488.0
石景山,3室,东南,无电梯,其他,57.0,1977.0,250.0
石景山,2室,南,有电梯,其他,74.0,1989.0,400.0
石景山,2室,南北,未知,精装,92.0,2004.0,578.0
石景山,2室,西南,未知,简装,93.0,2000.0,430.0
石景山,2室,南北,未知,其他,88.0,2009.0,760.0
石景山,3室,南北,未知,其他,81.0,2012.0,395.0
石景山,2室,南,有电梯,精装,87.0,2010.0,595.0
石景山,3室,南北,未知,简装,76.0,1987.0,340.0
石景山,4室,南北,无电梯,其他,125.0,2007.0,578.0
石景山,3室,西南,有电梯,精装,139.0,2007.0,1080.0
石景山,2室,南北,无电梯,简装,56.0,1985.0,289.0
石景山,1室,西,有电梯,简装,47.0,2005.0,360.0
石景山,3室,东西,有电梯,简装,98.0,2000.0,475.0
石景山,1室,东,未知,其他,45.0,2005.0,270.0
石景山,4室,东南,有电梯,精装,210.0,2007.0,1620.0
石景山,2室,北,有电梯,简装,108.0,2005.0,490.0
石景山,3室,东西,有电梯,简装,83.0,2000.0,400.0
石景山,2室,南北,未知,毛坯,62.0,1985.0,307.0
石景山,2室,东南,有电梯,简装,105.0,1995.0,460.0
石景山,3室,西北,无电梯,简装,90.0,1995.0,410.0
石景山,2室,南北,无电梯,简装,58.0,1993.0,320.0
石景山,1室,南,无电梯,简装,50.0,1992.0,270.0
石景山,1室,东南,有电梯,精装,59.0,2004.0,381.0
石景山,2室,西南,有电梯,精装,83.0,2001.0,500.0
石景山,2室,南北,无电梯,简装,68.0,1993.0,338.0
石景山,1室,南,无电梯,简装,56.0,2004.0,370.0
石景山,2室,南北,无电梯,简装,65.0,1992.0,318.0
石景山,2室,南北,无电梯,其他,63.0,1994.0,360.0
石景山,2室,西北,未知,其他,102.0,2007.0,700.0
石景山,2室,南北,未知,其他,57.0,1993.0,280.0
石景山,3室,南西,有电梯,精装,92.0,2000.0,550.0
石景山,3室,南北,有电梯,精装,126.0,2008.0,1075.0
石景山,2室,南北,有电梯,精装,91.0,2004.0,588.0
石景山,2室,东西,有电梯,其他,84.0,2005.0,430.0
石景山,6室,南北,无电梯,精装,204.0,2002.0,1400.0
石景山,3室,南,有电梯,简装,79.0,1987.0,410.0
石景山,2室,东,有电梯,精装,97.0,2007.0,700.0
石景山,3室,东南,有电梯,简装,85.0,1999.0,410.0
石景山,2室,南北,无电梯,简装,50.0,1982.0,242.0
石景山,3室,东西,未知,精装,144.0,2011.0,1250.0
石景山,3室,南北,未知,简装,101.0,1999.0,530.0
石景山,2室,南北,无电梯,简装,84.0,1998.0,400.0
石景山,2室,东南,未知,精装,104.0,2003.0,710.0
石景山,2室,南北,无电梯,其他,50.0,1983.0,285.0
石景山,3室,西南,有电梯,其他,133.0,2006.0,1040.0
石景山,3室,东南,有电梯,其他,132.0,2007.0,1000.0
石景山,2室,东西,未知,精装,95.0,2006.0,666.0
石景山,2室,南北,无电梯,其他,60.0,2000.0,385.0
石景山,2室,南西,未知,精装,113.0,2009.0,655.0
石景山,1室,南北,有电梯,简装,59.0,2006.0,380.0
石景山,1室,南,无电梯,简装,62.0,2000.0,310.0
石景山,2室,东西,未知,其他,89.0,2004.0,458.0
石景山,2室,南北,未知,简装,59.0,1993.0,329.0
石景山,2室,东西,未知,其他,59.0,1996.0,266.0
石景山,2室,南北,无电梯,简装,62.0,1994.0,313.0
石景山,2室,南,有电梯,精装,76.0,1995.0,430.0
石景山,2室,东南,有电梯,其他,131.0,2007.0,665.0
石景山,4室,南北,未知,精装,198.0,2003.0,750.0
石景山,3室,东西,无电梯,简装,102.0,1994.0,450.0
石景山,2室,南,有电梯,精装,88.0,2009.0,800.0
石景山,2室,东西,无电梯,其他,52.0,1991.0,251.0
石景山,1室,东,无电梯,精装,47.0,1994.0,262.0
石景山,1室,西北,有电梯,简装,60.0,2006.0,410.0
石景山,1室,东,无电梯,简装,50.0,1993.0,260.0
石景山,1室,南,无电梯,简装,40.0,1990.0,247.0
石景山,2室,南北,未知,精装,79.0,1986.0,378.0
石景山,4室,南北,有电梯,精装,210.0,2007.0,1550.0
石景山,2室,南北,未知,简装,61.0,1985.0,305.0
石景山,2室,东西,有电梯,精装,90.0,2011.0,700.0
石景山,2室,南,未知,简装,61.0,1984.0,309.6
石景山,2室,南北,无电梯,简装,61.0,1989.0,285.0
石景山,2室,西南,未知,精装,55.0,1983.0,305.0
石景山,2室,南北,无电梯,其他,62.0,1994.0,240.0
石景山,2室,南北,无电梯,其他,96.0,1993.0,407.0
石景山,2室,南北,无电梯,其他,62.0,1987.0,310.0
石景山,2室,东,未知,其他,98.0,2004.0,469.0
石景山,2室,南北,无电梯,精装,98.0,2004.0,560.0
石景山,3室,东西,未知,精装,126.0,2004.0,500.0
石景山,2室,南北,未知,精装,88.0,2004.0,500.0
石景山,3室,南北,有电梯,精装,148.0,2005.0,800.0
石景山,3室,东南,未知,其他,142.0,2003.0,745.0
石景山,2室,南,未知,精装,107.0,2007.0,690.0
石景山,1室,西,有电梯,精装,62.0,2005.0,430.0
石景山,2室,南,无电梯,精装,93.0,2004.0,540.0
石景山,2室,南北,有电梯,精装,121.0,2004.0,660.0
石景山,1室,西南,有电梯,其他,42.0,2004.0,272.0
石景山,3室,南北,未知,精装,129.0,2005.0,920.0
石景山,3室,南北,有电梯,其他,126.0,2008.0,1130.0
石景山,2室,南北,无电梯,精装,61.0,1994.0,300.0
石景山,2室,东,未知,精装,49.0,1981.0,242.0
石景山,2室,西北,有电梯,精装,111.0,2005.0,570.0
石景山,2室,南,有电梯,精装,85.0,2007.0,644.0
石景山,2室,南北,无电梯,简装,62.0,1994.0,322.4
石景山,2室,西,未知,其他,41.0,1991.0,225.0
石景山,2室,南北,未知,其他,74.0,1994.0,368.0
石景山,2室,南北,无电梯,其他,63.0,1995.0,325.0
石景山,3室,南北,无电梯,毛坯,61.0,1984.0,330.0
石景山,1室,南,未知,精装,62.0,2006.0,360.0
石景山,2室,南,未知,精装,90.0,2000.0,450.0
石景山,1室,南北,有电梯,其他,59.0,1995.0,318.0
石景山,2室,南北,无电梯,简装,77.0,1996.0,360.0
石景山,3室,西北,有电梯,精装,112.0,2001.0,456.0
石景山,3室,西南,有电梯,其他,133.0,2006.0,1040.0
石景山,2室,东,无电梯,简装,88.0,1995.0,468.0
石景山,2室,南北,无电梯,简装,77.0,2000.0,310.0
石景山,3室,南北,无电梯,其他,151.0,2004.0,815.0
石景山,2室,东南,无电梯,精装,87.0,2006.0,430.0
石景山,2室,南北,无电梯,简装,64.0,1987.0,350.0
石景山,2室,西北,有电梯,精装,91.0,2003.0,390.0
石景山,2室,南北,无电梯,精装,59.0,1979.0,400.0
石景山,2室,南北,无电梯,简装,94.0,1996.0,480.0
石景山,2室,西,有电梯,精装,110.0,2001.0,550.0
石景山,2室,南,有电梯,精装,117.0,2005.0,720.0
石景山,2室,南,无电梯,简装,54.0,1985.0,290.0
石景山,2室,东南,无电梯,简装,70.0,1991.0,319.0
石景山,3室,南北,有电梯,精装,87.0,1996.0,420.0
石景山,3室,南北,无电梯,其他,77.0,1986.0,520.0
石景山,1室,南,有电梯,精装,60.0,2008.0,445.0
石景山,1室,南,未知,精装,43.0,1988.0,257.0
石景山,2室,南北,未知,简装,55.0,1986.0,285.0
石景山,4室,南北,有电梯,精装,190.0,2007.0,1710.0
石景山,2室,东,有电梯,其他,76.0,2002.0,388.0
石景山,2室,东西,未知,其他,83.0,2000.0,420.0
石景山,2室,南,未知,简装,63.0,1984.0,320.0
石景山,2室,北,有电梯,其他,93.0,2003.0,490.0
石景山,3室,西南,有电梯,其他,125.0,2001.0,510.0
石景山,1室,南北,无电梯,其他,59.0,1994.0,325.0
石景山,3室,南北,无电梯,毛坯,68.0,1984.0,363.0
石景山,1室,北,有电梯,其他,46.0,2005.0,265.0
石景山,1室,南,有电梯,精装,71.0,2010.0,440.0
石景山,1室,东,有电梯,精装,60.0,2006.0,400.0
石景山,2室,东,未知,其他,98.0,2004.0,469.0
石景山,2室,南北,无电梯,简装,63.0,1995.0,310.0
石景山,3室,南北,无电梯,简装,62.0,1985.0,328.0
石景山,3室,南北,无电梯,其他,90.0,1997.0,450.0
石景山,2室,西,有电梯,简装,74.0,2001.0,375.0
石景山,2室,南,未知,简装,89.0,2009.0,430.0
石景山,5室,南北,有电梯,精装,154.0,2011.0,930.0
石景山,2室,南,有电梯,其他,55.0,1991.0,251.0
石景山,2室,南北,未知,其他,90.0,1996.0,432.0
石景山,2室,西南,有电梯,其他,84.0,2002.0,425.0
石景山,2室,南北,有电梯,简装,80.0,2005.0,438.0
石景山,2室,西,有电梯,简装,69.0,1996.0,360.0
石景山,4室,南北,无电梯,简装,124.0,2007.0,595.0
石景山,2室,东,无电梯,简装,56.0,1987.0,370.0
石景山,2室,南北,无电梯,简装,93.0,1995.0,460.0
石景山,2室,西,未知,精装,92.0,2005.0,660.0
石景山,2室,东西,未知,其他,54.0,1993.0,300.0
石景山,2室,东南,无电梯,精装,63.0,1993.0,308.0
石景山,3室,南北,有电梯,简装,134.0,2005.0,935.0
石景山,2室,西北,有电梯,精装,103.0,2004.0,529.0
石景山,1室,南,无电梯,简装,44.0,1992.0,250.0
石景山,2室,西南,有电梯,精装,80.0,2004.0,470.0
石景山,3室,南北,未知,简装,118.0,1999.0,650.0
石景山,2室,东北,有电梯,简装,71.0,1995.0,360.0
石景山,2室,东南,有电梯,简装,97.0,2003.0,445.0
石景山,2室,南北,无电梯,毛坯,53.0,1985.0,305.0
石景山,2室,南,有电梯,简装,101.0,2004.0,538.0
石景山,2室,南,有电梯,简装,110.0,2011.0,860.0
石景山,3室,南北,无电梯,毛坯,68.0,1984.0,330.0
石景山,3室,南北,无电梯,简装,110.0,1995.0,550.0
石景山,2室,东西,无电梯,简装,71.0,1998.0,342.0
石景山,1室,南,未知,简装,60.0,2001.0,365.0
石景山,3室,南北,有电梯,其他,131.0,2012.0,655.0
石景山,2室,南,有电梯,精装,110.0,2005.0,608.0
石景山,2室,南北,未知,其他,83.0,2012.0,550.0
石景山,1室,北,未知,精装,56.0,2005.0,385.0
石景山,2室,南,有电梯,精装,117.0,2004.0,720.0
石景山,2室,南北,无电梯,简装,64.0,1981.0,335.0
石景山,1室,西南,有电梯,简装,62.0,2003.0,309.0
石景山,2室,南北,未知,简装,68.0,1999.0,369.0
石景山,2室,东南,有电梯,精装,99.0,2004.0,515.0
石景山,2室,南北,无电梯,简装,76.0,2001.0,437.0
石景山,1室,南北,无电梯,精装,73.0,1994.0,335.0
石景山,2室,东西,无电梯,毛坯,96.0,1995.0,460.0
石景山,3室,西北,未知,精装,74.0,1984.0,370.0
石景山,3室,东南,有电梯,精装,138.0,2007.0,1076.0
石景山,2室,南,有电梯,其他,64.0,1989.0,320.0
石景山,2室,南北,未知,其他,133.0,2006.0,760.0
石景山,2室,南北,未知,简装,133.0,2006.0,760.0
石景山,2室,西北,有电梯,精装,107.0,2006.0,655.0
石景山,3室,南北,无电梯,简装,59.0,1985.0,290.0
石景山,1室,东西,有电梯,精装,67.0,2005.0,500.0
石景山,2室,东南,有电梯,简装,78.0,2004.0,469.0
石景山,2室,南北,未知,精装,91.0,2010.0,597.0
石景山,2室,东南,有电梯,简装,62.0,1992.0,330.0
石景山,3室,南北,无电梯,精装,77.0,1987.0,329.3
石景山,2室,南,有电梯,精装,82.0,1999.0,440.0
石景山,2室,南北,未知,精装,117.0,2004.0,650.0
石景山,2室,东西,无电梯,精装,68.0,1995.0,355.0
石景山,2室,西,未知,其他,86.0,2006.0,460.0
石景山,2室,西,有电梯,简装,74.0,2001.0,375.0
石景山,2室,南北,无电梯,精装,60.0,1989.0,308.0
石景山,2室,南,无电梯,简装,60.0,1988.0,310.0
石景山,2室,东西,有电梯,其他,73.0,1996.0,385.0
石景山,2室,南,有电梯,其他,89.0,2009.0,445.0
石景山,2室,东西,未知,精装,58.0,1976.0,262.0
石景山,2室,西北,有电梯,简装,102.0,2009.0,600.0
石景山,3室,南北,无电梯,简装,69.0,1986.0,310.0
石景山,2室,东南,未知,其他,74.0,1995.0,353.0
石景山,3室,西南,有电梯,精装,140.0,2009.0,1350.0
石景山,2室,东南,有电梯,其他,100.0,2006.0,820.0
石景山,2室,东西,无电梯,其他,59.0,1990.0,252.0
石景山,2室,东,有电梯,精装,54.0,2007.0,370.0
石景山,2室,南,有电梯,其他,112.0,2009.0,730.0
石景山,1室,南北,无电梯,其他,69.0,1993.0,335.0
石景山,2室,南北,无电梯,简装,79.0,1998.0,388.0
石景山,4室,西南,有电梯,精装,211.0,2009.0,1480.0
石景山,2室,东南,未知,精装,117.0,2004.0,719.0
石景山,2室,南,未知,其他,117.0,2004.0,760.0
石景山,2室,西,未知,简装,82.0,2003.0,430.0
石景山,2室,南,未知,精装,109.0,2005.0,583.0
石景山,2室,南北,有电梯,精装,128.0,2003.0,617.0
石景山,3室,西北,未知,其他,98.0,1998.0,589.0
石景山,2室,东,有电梯,其他,102.0,2006.0,510.0
石景山,2室,东南,有电梯,精装,111.0,2006.0,770.0
石景山,3室,南北,未知,精装,72.0,1982.0,510.0
石景山,3室,南,有电梯,其他,85.0,1989.0,375.0
石景山,1室,南,有电梯,精装,54.0,2004.0,290.0
石景山,2室,东南,无电梯,简装,81.0,1995.0,420.0
石景山,1室,东北,未知,精装,63.0,2002.0,325.0
石景山,1室,东,有电梯,精装,62.0,2007.0,490.0
石景山,2室,东西,未知,简装,53.0,1989.0,249.0
石景山,2室,南北,无电梯,精装,59.0,1990.0,268.0
石景山,3室,西南,无电梯,精装,74.0,1995.0,410.0
石景山,2室,南,有电梯,精装,62.0,1988.0,260.0
石景山,2室,南,未知,精装,110.0,2005.0,850.0
石景山,3室,南北,无电梯,简装,77.0,1983.0,405.0
石景山,2室,南,未知,精装,110.0,2009.0,630.0
石景山,2室,南北,有电梯,精装,114.0,2006.0,790.0
石景山,2室,南北,有电梯,精装,89.0,2011.0,700.0
石景山,5室,南北,未知,简装,200.0,2003.0,750.0
石景山,3室,南北,无电梯,其他,100.0,1995.0,556.0
石景山,2室,南北,未知,精装,71.0,1998.0,356.5
石景山,2室,东,有电梯,简装,98.0,2004.0,460.0
石景山,3室,东北,有电梯,其他,112.0,1998.0,588.0
石景山,2室,西南,有电梯,简装,91.0,1995.0,410.0
石景山,4室,西南,未知,精装,168.0,2006.0,1350.0
石景山,2室,南北,无电梯,毛坯,58.0,1989.0,270.0
石景山,2室,南北,无电梯,简装,64.0,1989.0,390.0
石景山,2室,东西,无电梯,简装,56.0,1986.0,260.0
石景山,1室,南,未知,简装,62.0,2004.0,400.0
石景山,1室,东,未知,简装,77.0,2004.0,385.0
石景山,1室,南,未知,其他,47.0,1987.0,240.0
石景山,1室,西,有电梯,精装,54.0,2007.0,380.0
石景山,1室,东,有电梯,精装,62.0,2007.0,430.0
石景山,2室,南北,无电梯,精装,60.0,1989.0,308.0
石景山,2室,东西,未知,简装,66.0,1995.0,377.0
石景山,3室,南北,无电梯,简装,113.0,1995.0,550.0
石景山,1室,北,有电梯,精装,56.0,2005.0,385.0
石景山,3室,南北,有电梯,简装,148.0,2005.0,810.0
石景山,2室,南,有电梯,简装,98.0,2004.0,540.0
石景山,3室,东西,未知,精装,157.0,2001.0,620.0
石景山,1室,南,无电梯,简装,54.0,1985.0,265.0
石景山,2室,东南,有电梯,简装,68.0,1999.0,355.0
石景山,2室,东南,未知,简装,99.0,2003.0,497.0
石景山,3室,南北,未知,精装,146.0,2007.0,1080.0
石景山,2室,南北,无电梯,简装,58.0,1987.0,270.0
石景山,2室,南,无电梯,精装,56.0,1987.0,293.0
石景山,3室,东南,未知,精装,85.0,1994.0,450.0
石景山,3室,南北,未知,精装,122.0,2002.0,640.0
石景山,2室,南北,无电梯,精装,63.0,1987.0,335.0
石景山,2室,西南,未知,简装,79.0,1997.0,330.0
石景山,2室,南北,无电梯,简装,88.0,2001.0,480.0
石景山,2室,西北,有电梯,精装,86.0,2005.0,478.0
石景山,1室,东南,未知,简装,76.0,2007.0,465.0
石景山,2室,南,未知,精装,62.0,1985.0,338.0
石景山,1室,南,有电梯,精装,57.0,2010.0,370.0
石景山,1室,西北,未知,其他,69.0,2005.0,350.0
石景山,3室,西北,有电梯,精装,112.0,2001.0,475.0
石景山,2室,南北,无电梯,简装,87.0,1996.0,410.0
石景山,1室,南,有电梯,简装,62.0,2006.0,360.0
石景山,2室,南北,未知,简装,63.0,1993.0,315.0
石景山,2室,东南,未知,精装,66.0,1993.0,340.0
石景山,2室,东西,无电梯,简装,58.0,1986.0,310.0
石景山,3室,西南,有电梯,简装,81.0,1996.0,430.0
石景山,2室,南北,未知,精装,102.0,2005.0,580.0
石景山,3室,南北,有电梯,简装,127.0,2000.0,600.0
石景山,3室,南北,无电梯,简装,62.0,1982.0,318.0
石景山,3室,南北,有电梯,毛坯,134.0,2014.0,1100.0
石景山,2室,西南,未知,精装,87.0,2001.0,430.0
石景山,3室,南北,有电梯,其他,143.0,2009.0,825.0
石景山,3室,南北,未知,精装,117.0,2011.0,765.0
石景山,2室,东南,有电梯,其他,70.0,1996.0,340.0
石景山,2室,西南,有电梯,其他,93.0,2003.0,466.0
石景山,2室,南北,有电梯,其他,90.0,2009.0,449.0
石景山,2室,东南,未知,其他,88.0,2009.0,430.0
石景山,2室,南北,无电梯,简装,62.0,1987.0,328.0
石景山,3室,南北,有电梯,精装,89.0,2009.0,849.0
石景山,2室,东南,有电梯,其他,89.0,2009.0,425.0
石景山,1室,南,有电梯,简装,68.0,2010.0,430.0
石景山,4室,南,未知,精装,128.0,2005.0,520.0
石景山,2室,东西,无电梯,简装,65.0,1988.0,325.0
石景山,2室,东西,有电梯,简装,82.0,2000.0,400.0
石景山,2室,南北,无电梯,简装,63.0,1993.0,310.0
石景山,2室,东西,未知,其他,88.0,2005.0,495.0
石景山,2室,东南,未知,精装,87.0,2001.0,425.0
石景山,1室,东,有电梯,精装,57.0,2007.0,360.0
石景山,2室,南,有电梯,精装,86.0,2009.0,760.0
石景山,2室,南,未知,简装,63.0,1984.0,310.0
石景山,2室,东西,有电梯,其他,105.0,2006.0,720.0
石景山,3室,北,无电梯,其他,121.0,1993.0,380.0
石景山,2室,南北,未知,简装,59.0,1990.0,248.0
石景山,2室,东西,有电梯,简装,112.0,2006.0,638.0
石景山,3室,南北,未知,精装,93.0,1992.0,595.0
石景山,2室,东南,无电梯,其他,55.0,2000.0,305.0
石景山,3室,西南,有电梯,精装,127.0,2007.0,958.0
石景山,3室,西北,有电梯,简装,105.0,1999.0,438.0
石景山,2室,南北,无电梯,简装,101.0,1993.0,398.0
石景山,3室,东南,有电梯,简装,85.0,1994.0,410.0
石景山,3室,东南,有电梯,简装,109.0,2003.0,550.0
石景山,3室,南北,有电梯,精装,98.0,2006.0,1300.0
石景山,2室,南北,无电梯,精装,61.0,1993.0,320.0
石景山,2室,南,有电梯,精装,64.0,1989.0,350.0
石景山,2室,南,有电梯,精装,89.0,2009.0,800.0
石景山,2室,东南,未知,简装,44.0,1977.0,217.0
石景山,2室,东西,无电梯,简装,66.0,2000.0,300.0
石景山,2室,南北,无电梯,精装,98.0,2004.0,588.0
石景山,2室,南北,未知,简装,58.0,1994.0,350.0
石景山,2室,南北,未知,精装,97.0,2004.0,587.0
石景山,3室,南北,有电梯,精装,86.0,2009.0,845.0
石景山,2室,东西,未知,精装,79.0,1993.0,380.0
石景山,1室,西,未知,精装,59.0,2001.0,360.0
石景山,2室,南北,无电梯,简装,55.0,1987.0,265.0
石景山,2室,南,有电梯,简装,88.0,2009.0,420.0
石景山,2室,南北,未知,精装,46.0,1982.0,366.0
石景山,2室,东南,有电梯,简装,97.0,2003.0,450.0
石景山,3室,东西,无电梯,简装,80.0,1994.0,420.0
石景山,2室,东南,未知,精装,88.0,2002.0,425.0
石景山,2室,南北,有电梯,精装,119.0,2007.0,860.0
石景山,2室,南,未知,精装,118.0,2006.0,760.0
石景山,2室,西北,有电梯,精装,111.0,2003.0,720.0
石景山,2室,东,未知,简装,75.0,2001.0,430.0
石景山,2室,南北,无电梯,简装,72.0,2000.0,392.0
石景山,2室,南北,有电梯,精装,81.0,1995.0,415.0
石景山,3室,东北,有电梯,精装,122.0,2003.0,580.0
石景山,3室,南北,无电梯,简装,62.0,1982.0,318.0
石景山,2室,东西,无电梯,简装,59.0,1992.0,245.0
石景山,4室,西南,有电梯,精装,124.0,1998.0,639.0
石景山,2室,南,有电梯,简装,111.0,2005.0,830.0
石景山,2室,南北,无电梯,精装,86.0,1998.0,420.0
石景山,2室,西南,未知,简装,64.0,2010.0,276.0
石景山,2室,南北,未知,简装,72.0,1995.0,340.0
石景山,3室,东西,无电梯,简装,95.0,1997.0,410.0
石景山,2室,南北,无电梯,精装,79.0,1998.0,388.0
石景山,2室,南,有电梯,其他,87.0,2009.0,780.0
石景山,3室,西南,有电梯,简装,135.0,2005.0,1000.0
石景山,3室,南北,有电梯,精装,135.0,2010.0,830.0
石景山,2室,西南,有电梯,精装,79.0,1994.0,375.0
石景山,2室,南,未知,其他,98.0,2005.0,540.7
石景山,1室,南,无电梯,简装,40.0,1993.0,215.0
石景山,2室,南,有电梯,其他,86.0,2011.0,690.0
石景山,3室,南北,有电梯,精装,125.0,2006.0,669.0
石景山,2室,南北,有电梯,其他,129.0,2008.0,950.0
石景山,2室,西南,未知,其他,73.0,1995.0,424.0
石景山,2室,南北,无电梯,其他,61.0,1987.0,270.0
石景山,2室,南北,有电梯,精装,110.0,2007.0,775.0
石景山,3室,南北,未知,简装,151.0,1999.0,680.0
石景山,1室,北,有电梯,精装,57.0,2007.0,425.0
石景山,2室,南北,未知,其他,76.0,1991.0,345.0
石景山,2室,南北,无电梯,其他,62.0,1987.0,255.0
石景山,2室,南北,无电梯,其他,64.0,1989.0,380.0
石景山,3室,南北,有电梯,简装,131.0,2004.0,710.0
石景山,3室,东西,有电梯,简装,110.0,1999.0,460.0
石景山,1室,南,有电梯,精装,52.0,2000.0,320.0
石景山,3室,南北,无电梯,简装,138.0,1996.0,720.0
石景山,1室,南,未知,其他,47.0,1991.0,278.0
石景山,2室,南,有电梯,精装,113.0,2009.0,745.0
石景山,3室,东南,未知,精装,130.0,2007.0,670.0
石景山,2室,南,未知,精装,95.0,1999.0,468.0
石景山,1室,南北,无电梯,其他,53.0,1997.0,285.0
石景山,2室,东南,有电梯,精装,87.0,1998.0,445.0
石景山,2室,南北,无电梯,其他,59.0,1987.0,265.0
石景山,2室,南北,无电梯,精装,61.0,1982.0,408.0
石景山,3室,南北,有电梯,简装,143.0,2006.0,1217.0
石景山,2室,南,有电梯,精装,97.0,2007.0,675.0
石景山,2室,南北,有电梯,精装,88.0,2006.0,576.0
石景山,1室,东南,无电梯,简装,74.0,2004.0,420.0
石景山,2室,东西,有电梯,简装,82.0,2000.0,400.0
石景山,2室,东西,有电梯,精装,86.0,2009.0,750.0
石景山,1室,西南,有电梯,精装,75.0,2004.0,360.0
石景山,2室,东西,无电梯,简装,89.0,1999.0,463.0
石景山,2室,南北,有电梯,简装,89.0,2009.0,425.0
石景山,2室,南北,未知,其他,86.0,2006.0,563.0
石景山,1室,南,有电梯,精装,65.0,2006.0,381.0
石景山,2室,南北,无电梯,精装,61.0,1985.0,330.0
石景山,2室,东北,有电梯,简装,84.0,1995.0,380.0
石景山,2室,东,有电梯,其他,67.0,2007.0,436.0
石景山,2室,南北,未知,其他,63.0,1998.0,320.0
石景山,2室,南,有电梯,精装,107.0,2005.0,565.0
石景山,2室,西南,未知,精装,102.0,2003.0,448.0
石景山,2室,南北,无电梯,简装,74.0,1999.0,410.0
石景山,2室,南北,未知,精装,81.0,2003.0,375.0
石景山,1室,西北,未知,简装,69.0,2004.0,330.0
石景山,2室,南北,有电梯,简装,114.0,2007.0,850.0
石景山,2室,西南,有电梯,简装,99.0,2003.0,465.0
石景山,1室,南北,有电梯,其他,61.0,1997.0,293.0
石景山,1室,南,有电梯,精装,52.0,2007.0,400.0
石景山,1室,南,有电梯,简装,69.0,2004.0,372.0
石景山,2室,南北,未知,简装,87.0,1996.0,440.0
石景山,1室,南北,有电梯,简装,75.0,2006.0,439.0
石景山,2室,南北,无电梯,简装,55.0,1986.0,325.0
石景山,2室,南,无电梯,简装,63.0,1989.0,265.0
石景山,2室,南,未知,简装,91.0,1996.0,398.0
石景山,3室,南北,有电梯,精装,142.0,2006.0,985.0
石景山,1室,东南,未知,精装,70.0,2005.0,530.0
石景山,3室,南北,有电梯,精装,129.0,2005.0,890.0
石景山,2室,南北,无电梯,精装,59.0,1983.0,305.0
石景山,2室,南,未知,精装,98.0,2005.0,539.0
石景山,2室,西南,无电梯,精装,85.0,1998.0,435.0
石景山,1室,南,有电梯,简装,60.0,2001.0,360.0
石景山,2室,南,无电梯,精装,60.0,1986.0,310.0
石景山,1室,西南,有电梯,简装,75.0,2004.0,340.0
石景山,3室,东南,无电梯,精装,79.0,1994.0,378.0
石景山,3室,南北,未知,其他,146.0,2007.0,968.0
石景山,2室,南北,无电梯,其他,49.0,1982.0,225.0
石景山,3室,南北,未知,简装,74.0,1982.0,355.0
石景山,2室,南西,有电梯,简装,79.0,2000.0,316.0
石景山,4室,南北,无电梯,简装,141.0,1994.0,550.0
石景山,4室,南北,未知,精装,245.0,1996.0,1097.0
石景山,2室,东西,无电梯,简装,43.0,1976.0,212.0
石景山,1室,南,有电梯,精装,68.0,2010.0,438.0
石景山,1室,西南,有电梯,其他,49.0,1992.0,279.0
石景山,1室,西,无电梯,简装,41.0,1991.0,228.0
石景山,2室,东南,未知,精装,70.0,2010.0,440.0
石景山,3室,东南,有电梯,简装,85.0,2005.0,470.0
石景山,3室,南北,有电梯,精装,85.0,1995.0,415.0
石景山,2室,南,未知,其他,95.0,2006.0,650.0
石景山,2室,南,无电梯,简装,55.0,1985.0,290.0
石景山,2室,南,无电梯,精装,60.0,1989.0,310.0
石景山,2室,南北,未知,其他,112.0,2007.0,750.0
石景山,2室,西南,有电梯,简装,88.0,2009.0,443.0
石景山,1室,东北,未知,精装,59.0,2007.0,370.0
石景山,1室,西北,未知,精装,65.0,2009.0,380.0
石景山,2室,南北,未知,其他,53.0,1981.0,251.0
石景山,3室,东南,有电梯,其他,118.0,2004.0,530.0
石景山,3室,西南,未知,简装,85.0,1999.0,405.0
石景山,2室,东西,有电梯,精装,104.0,2004.0,548.0
石景山,2室,南北,未知,简装,61.0,1994.0,339.0
石景山,3室,西南,有电梯,精装,112.0,1998.0,565.0
石景山,3室,东南,未知,简装,144.0,2006.0,850.0
石景山,2室,东北,未知,精装,100.0,2008.0,710.0
石景山,3室,南北,无电梯,简装,109.0,2007.0,550.0
石景山,3室,东南,未知,简装,59.0,1978.0,275.0
石景山,3室,南北,未知,精装,146.0,2008.0,1245.0
石景山,3室,东南,有电梯,简装,103.0,2000.0,463.0
石景山,2室,南北,未知,其他,61.0,1993.0,320.0
石景山,2室,南北,未知,精装,68.0,1999.0,370.0
石景山,3室,南北,无电梯,简装,103.0,1995.0,530.0
石景山,3室,南北,有电梯,其他,138.0,2009.0,833.0
石景山,3室,西南,有电梯,精装,125.0,2001.0,499.0
石景山,2室,南北,未知,精装,84.0,1998.0,377.0
石景山,1室,东,未知,简装,56.0,2007.0,368.0
石景山,2室,南北,未知,其他,93.0,2004.0,435.0
石景山,2室,南北,未知,精装,87.0,2003.0,420.0
石景山,2室,南北,未知,简装,115.0,2006.0,740.0
石景山,2室,东西,未知,精装,80.0,2001.0,408.0
石景山,3室,西南,未知,精装,82.0,1992.0,442.0
石景山,2室,南北,无电梯,简装,101.0,1993.0,420.0
石景山,2室,东南,无电梯,简装,62.0,1989.0,320.0
石景山,3室,东南,未知,精装,137.0,2005.0,1050.0
石景山,2室,南北,未知,精装,76.0,1998.0,390.0
石景山,3室,南北,未知,简装,117.0,2006.0,590.0
石景山,1室,南,未知,其他,62.0,2001.0,285.0
石景山,1室,南,有电梯,精装,61.0,2006.0,428.0
石景山,2室,东,未知,简装,110.0,2006.0,735.0
石景山,1室,北,未知,其他,47.0,2005.0,319.0
石景山,3室,南北,无电梯,简装,61.0,1982.0,345.0
石景山,3室,东西,未知,精装,110.0,1999.0,510.0
石景山,2室,南,未知,精装,60.0,1988.0,320.0
石景山,3室,西南,未知,简装,102.0,2001.0,500.0
石景山,3室,西南,未知,简装,114.0,2002.0,572.0
石景山,1室,西,未知,简装,55.0,1996.0,288.0
石景山,2室,南,未知,其他,83.0,1995.0,440.0
石景山,1室,东,有电梯,简装,53.0,2005.0,303.0
石景山,2室,南北,未知,简装,69.0,1997.0,360.0
石景山,2室,西南,未知,精装,89.0,2006.0,760.0
石景山,2室,东南,有电梯,精装,86.0,1994.0,446.0
石景山,2室,南北,有电梯,简装,107.0,2006.0,860.0
石景山,2室,东南,有电梯,精装,77.0,2004.0,450.0
石景山,2室,东南,有电梯,精装,91.0,1995.0,420.0
石景山,2室,南北,未知,简装,90.0,1994.0,440.0
石景山,2室,南,有电梯,简装,89.0,2009.0,410.0
石景山,2室,西南,未知,简装,92.0,2002.0,458.0
石景山,3室,南北,未知,精装,141.0,2011.0,1200.0
石景山,2室,东北,未知,精装,70.0,2004.0,382.0
石景山,2室,南,有电梯,简装,95.0,2006.0,435.0
石景山,2室,东南,未知,精装,62.0,1985.0,330.0
石景山,3室,南,未知,简装,63.0,1981.0,329.0
石景山,2室,南,有电梯,精装,115.0,2007.0,770.0
石景山,2室,西,未知,简装,88.0,2002.0,390.0
石景山,2室,南,未知,精装,110.0,2011.0,880.0
石景山,2室,西南,未知,精装,74.0,1995.0,365.0
石景山,2室,东北,未知,精装,95.0,2007.0,618.0
石景山,2室,西北,未知,精装,114.0,2007.0,670.0
石景山,3室,南北,未知,精装,144.0,2007.0,960.0
石景山,2室,南北,未知,简装,91.0,2004.0,587.0
石景山,3室,南北,未知,简装,77.0,1987.0,490.0
石景山,2室,南北,未知,精装,112.0,2009.0,657.0
石景山,1室,西,未知,精装,56.0,2007.0,365.0
石景山,2室,南北,未知,精装,91.0,2004.0,578.0
石景山,3室,南北,未知,精装,148.0,2007.0,741.0
石景山,3室,南北,未知,精装,87.0,2009.0,839.0
石景山,2室,南,未知,精装,98.0,2005.0,760.0
石景山,2室,南北,未知,精装,56.0,1981.0,232.0
石景山,3室,南北,未知,简装,131.0,2004.0,710.0
石景山,2室,西南,未知,简装,79.0,1994.0,330.0
石景山,1室,东,未知,精装,46.0,1996.0,230.0
石景山,2室,南,未知,其他,57.0,1984.0,295.0
石景山,1室,东,未知,精装,54.0,2005.0,365.0
石景山,2室,南北,未知,简装,57.0,1992.0,278.0
石景山,1室,东西,未知,简装,62.0,1995.0,290.0
石景山,2室,南北,未知,简装,59.0,1986.0,310.0
石景山,2室,西,未知,其他,66.0,1994.0,330.0
丰台,2室,东南,有电梯,精装,107.0,2005.0,727.0
丰台,2室,南,无电梯,简装,66.0,1980.0,390.0
丰台,2室,南,未知,简装,101.0,2007.0,606.0
丰台,2室,南北,有电梯,精装,108.0,2007.0,710.0
丰台,3室,东南,未知,精装,71.0,1996.0,449.0
丰台,1室,北,有电梯,精装,64.0,2007.0,435.0
丰台,3室,东南,有电梯,简装,79.0,1998.0,550.0
丰台,2室,南北,无电梯,精装,59.0,1990.0,299.0
丰台,3室,东南,有电梯,简装,85.0,1996.0,428.0
丰台,5室,东南,有电梯,毛坯,163.0,1996.0,600.0
丰台,2室,南,有电梯,简装,92.0,1995.0,490.0
丰台,其他,东南,未知,精装,35.0,2011.0,180.0
丰台,1室,南,有电梯,其他,60.0,2013.0,320.0
丰台,3室,西南,有电梯,精装,139.0,1990.0,810.0
丰台,1室,南北,有电梯,精装,42.0,1998.0,310.0
丰台,1室,东,有电梯,简装,67.0,2007.0,355.0
丰台,2室,东,有电梯,精装,126.0,1998.0,680.0
丰台,3室,南北,无电梯,简装,58.0,1993.0,258.0
丰台,2室,南北,未知,简装,84.0,2002.0,309.0
丰台,3室,东南,未知,简装,165.0,1996.0,820.0
丰台,1室,西,有电梯,简装,59.0,2000.0,270.0
丰台,2室,南北,未知,简装,77.0,1999.0,265.0
丰台,2室,东,有电梯,其他,76.0,1999.0,495.0
丰台,1室,东,未知,精装,39.0,1990.0,185.0
丰台,1室,西,有电梯,简装,67.0,2006.0,439.0
丰台,1室,东北,有电梯,其他,48.0,2004.0,290.0
丰台,其他,南,有电梯,精装,77.0,2013.0,330.0
丰台,2室,南北,未知,精装,87.0,2014.0,440.0
丰台,3室,南北,未知,简装,96.0,2005.0,365.0
丰台,3室,南北,未知,简装,80.0,1993.0,438.0
丰台,1室,东南,有电梯,毛坯,59.0,2005.0,280.0
丰台,3室,南北,无电梯,简装,101.0,1999.0,550.0
丰台,1室,西北,有电梯,精装,41.0,2012.0,260.0
丰台,4室,东北,有电梯,其他,208.0,2006.0,773.0
丰台,2室,东,有电梯,其他,130.0,2006.0,483.0
丰台,3室,东南,有电梯,其他,175.0,2006.0,650.0
丰台,2室,南,有电梯,其他,112.0,2006.0,417.0
丰台,2室,西,有电梯,其他,130.0,2006.0,483.0
丰台,4室,西北,有电梯,其他,206.0,2006.0,766.0
丰台,1室,西南,有电梯,简装,47.0,1988.0,330.0
丰台,1室,东南,有电梯,简装,59.0,2008.0,258.0
丰台,3室,南北,未知,毛坯,64.0,1988.0,248.0
丰台,2室,南北,未知,简装,57.0,1988.0,215.0
丰台,2室,南,未知,简装,63.0,2002.0,318.0
丰台,2室,南北,未知,精装,53.0,1990.0,235.0
丰台,4室,南北,未知,精装,140.0,2014.0,720.0
丰台,4室,南北,未知,精装,159.0,2015.0,660.0
丰台,1室,西,有电梯,毛坯,71.0,2000.0,357.0
丰台,2室,南北,无电梯,精装,57.0,1990.0,330.0
丰台,5室,南,未知,毛坯,229.0,2007.0,1200.0
丰台,1室,南北,无电梯,其他,49.0,1999.0,240.0
丰台,2室,西南,有电梯,简装,92.0,2009.0,630.0
丰台,其他,西南,有电梯,简装,41.0,2012.0,180.0
丰台,其他,南北,未知,精装,47.0,2010.0,230.0
丰台,2室,南,有电梯,精装,108.0,2006.0,830.0
丰台,3室,东西,未知,简装,68.0,1990.0,458.0
丰台,2室,南北,未知,简装,53.0,1980.0,247.0
丰台,2室,南北,未知,精装,58.0,1995.0,288.0
丰台,1室,西,无电梯,简装,43.0,1995.0,303.0
丰台,1室,西,有电梯,简装,49.0,2012.0,230.0
丰台,2室,南北,未知,其他,77.0,2015.0,370.0
丰台,3室,南北,无电梯,简装,128.0,2004.0,580.0
丰台,3室,东西,无电梯,精装,88.0,2006.0,1000.0
丰台,1室,西,无电梯,简装,75.0,2010.0,350.0
丰台,2室,西南,有电梯,精装,85.0,2008.0,370.0
丰台,4室,南北,无电梯,简装,173.0,2001.0,660.0
丰台,1室,西,未知,精装,53.0,1999.0,249.0
丰台,2室,南北,未知,其他,86.0,2014.0,439.0
丰台,2室,北,有电梯,精装,63.0,1992.0,330.0
丰台,3室,东南,有电梯,精装,118.0,2005.0,880.0
丰台,1室,东,有电梯,其他,50.0,2004.0,350.0
丰台,1室,南,有电梯,精装,23.0,2003.0,210.0
丰台,其他,东西,未知,简装,45.0,2010.0,202.0
丰台,3室,南北,未知,精装,234.0,2010.0,1760.0
丰台,1室,南,无电梯,其他,48.0,1998.0,258.0
丰台,1室,东,未知,简装,46.0,1994.0,245.0
丰台,2室,南北,未知,简装,60.0,1990.0,276.0
丰台,2室,东西,无电梯,精装,73.0,1999.0,350.0
丰台,4室,东南,有电梯,精装,187.0,1996.0,955.0
丰台,3室,西南,未知,简装,141.0,2004.0,790.0
丰台,2室,东南,有电梯,简装,108.0,2000.0,650.0
丰台,3室,南北,未知,简装,68.0,1990.0,260.0
丰台,2室,西南,有电梯,简装,89.0,2001.0,530.0
丰台,3室,南北,未知,精装,119.0,2015.0,750.0
丰台,3室,东南,无电梯,简装,56.0,1987.0,340.0
丰台,2室,东西,无电梯,简装,67.0,1998.0,380.0
丰台,2室,西南,有电梯,简装,71.0,1997.0,570.0
丰台,1室,西,未知,精装,45.0,2007.0,286.0
丰台,1室,西,未知,其他,51.0,1997.0,249.0
丰台,1室,西南,有电梯,简装,72.0,2001.0,400.0
丰台,1室,北,有电梯,简装,55.0,2005.0,290.0
丰台,2室,南,有电梯,简装,85.0,2003.0,335.0
丰台,1室,南,有电梯,精装,44.0,2004.0,333.0
丰台,1室,东,有电梯,其他,60.0,2005.0,390.0
丰台,1室,南北,无电梯,简装,58.0,1992.0,338.0
丰台,2室,东北,未知,简装,117.0,2000.0,650.0
丰台,2室,东西,未知,精装,77.0,2000.0,450.0
丰台,3室,东南,未知,简装,77.0,1996.0,410.0
丰台,1室,西,有电梯,精装,54.0,2005.0,303.0
丰台,1室,东,有电梯,精装,76.0,2010.0,365.0
丰台,2室,南,有电梯,精装,89.0,2009.0,390.0
丰台,2室,东北,未知,简装,101.0,2001.0,700.0
丰台,2室,南西,未知,简装,83.0,2002.0,535.0
丰台,1室,北,有电梯,简装,61.0,2004.0,400.0
丰台,2室,南,有电梯,其他,80.0,2013.0,435.0
丰台,2室,南北,无电梯,简装,63.0,1989.0,358.0
丰台,3室,东南,有电梯,简装,148.0,2002.0,930.0
丰台,2室,南,有电梯,其他,95.0,2008.0,470.0
丰台,2室,东南,无电梯,简装,55.0,1980.0,400.0
丰台,1室,南,未知,精装,47.0,1992.0,299.0
丰台,2室,南,有电梯,其他,76.0,1995.0,400.0
丰台,2室,南,未知,简装,53.0,1996.0,215.0
丰台,3室,东南,有电梯,简装,143.0,2006.0,1080.0
丰台,2室,东西,无电梯,简装,62.0,1996.0,360.0
丰台,1室,西南,有电梯,简装,45.0,2005.0,280.0
丰台,2室,南,无电梯,简装,78.0,1998.0,450.0
丰台,3室,南北,无电梯,毛坯,74.0,1980.0,440.0
丰台,4室,南北,未知,简装,155.0,2007.0,1280.0
丰台,2室,东南,无电梯,其他,47.0,1980.0,283.0
丰台,2室,东西,无电梯,简装,59.0,1995.0,334.0
丰台,4室,南北,有电梯,精装,183.0,2001.0,1100.0
丰台,3室,西南,有电梯,精装,141.0,2002.0,600.0
丰台,3室,东南,有电梯,其他,129.0,2002.0,750.0
丰台,3室,南,未知,精装,116.0,2005.0,676.0
丰台,3室,南北,未知,简装,56.0,1985.0,275.0
丰台,2室,南北,无电梯,精装,80.0,2004.0,507.0
丰台,4室,东南,未知,其他,171.0,2009.0,650.0
丰台,2室,西北,未知,简装,100.0,2005.0,495.0
丰台,2室,南北,未知,毛坯,96.0,2013.0,400.0
丰台,2室,西,未知,简装,113.0,2000.0,624.0
丰台,2室,南北,未知,简装,61.0,1984.0,238.0
丰台,2室,南北,未知,简装,122.0,2000.0,400.0
丰台,3室,东南,未知,精装,119.0,2015.0,750.0
丰台,1室,西南,有电梯,简装,58.0,2004.0,340.0
丰台,1室,南北,无电梯,简装,60.0,1994.0,258.0
丰台,2室,南,有电梯,精装,104.0,2008.0,460.0
丰台,2室,西北,有电梯,其他,73.0,1995.0,390.0
丰台,1室,西,有电梯,精装,49.0,2008.0,335.0
丰台,2室,南,有电梯,简装,89.0,2007.0,380.0
丰台,1室,北,有电梯,简装,59.0,2000.0,329.8
丰台,1室,南,有电梯,简装,61.0,2011.0,420.0
丰台,1室,东西,无电梯,简装,58.0,2002.0,375.0
丰台,2室,南北,未知,精装,103.0,2007.0,450.0
丰台,1室,西,未知,其他,51.0,1997.0,249.0
丰台,1室,西,未知,精装,45.0,2007.0,286.0
丰台,1室,南,无电梯,其他,31.0,1990.0,197.0
丰台,2室,西南,有电梯,简装,118.0,2005.0,655.0
丰台,2室,南北,无电梯,其他,70.0,1997.0,280.0
丰台,2室,东西,未知,简装,86.0,2008.0,586.0
丰台,1室,东西,无电梯,其他,72.0,2002.0,328.0
丰台,3室,南北,无电梯,其他,84.0,1998.0,370.0
丰台,2室,南北,未知,简装,81.0,2015.0,390.0
丰台,5室,南北,未知,精装,263.0,2009.0,1200.0
丰台,3室,南北,未知,精装,160.0,2007.0,610.0
丰台,3室,东北,有电梯,精装,90.0,1986.0,542.0
丰台,3室,北,未知,简装,176.0,1999.0,971.0
丰台,4室,南北,未知,精装,250.0,2009.0,1075.0
丰台,2室,北,有电梯,精装,57.0,2007.0,490.0
丰台,3室,南北,有电梯,简装,106.0,2013.0,535.0
丰台,2室,南北,未知,简装,80.0,2000.0,460.0
丰台,1室,北,有电梯,简装,80.0,2001.0,409.0
丰台,2室,东,有电梯,其他,88.0,2012.0,385.0
丰台,1室,西,无电梯,简装,64.0,2010.0,320.0
丰台,3室,南北,未知,简装,57.0,1995.0,210.0
丰台,2室,东西,无电梯,简装,54.0,1992.0,320.0
丰台,1室,南,有电梯,精装,57.0,2004.0,300.0
丰台,2室,东西,无电梯,简装,61.0,1993.0,360.0
丰台,1室,北,有电梯,简装,59.0,2003.0,415.0
丰台,1室,西,有电梯,简装,66.0,2006.0,388.0
丰台,2室,西南,有电梯,简装,65.0,2000.0,470.0
丰台,1室,西,有电梯,精装,56.0,2011.0,420.0
丰台,2室,东南,有电梯,精装,68.0,1992.0,430.0
丰台,2室,东北,有电梯,精装,73.0,2007.0,500.0
丰台,1室,南,有电梯,其他,60.0,2013.0,328.0
丰台,3室,东北,有电梯,简装,93.0,2002.0,600.0
丰台,4室,南北,未知,简装,155.0,2007.0,1280.0
丰台,2室,南北,有电梯,简装,116.0,2001.0,730.0
丰台,1室,西南,有电梯,简装,72.0,2001.0,395.0
丰台,1室,南,有电梯,简装,59.0,1999.0,320.0
丰台,1室,西北,有电梯,精装,47.0,2004.0,278.0
丰台,2室,东西,无电梯,简装,56.0,1992.0,309.0
丰台,2室,东北,有电梯,其他,83.0,2000.0,475.0
丰台,2室,南北,无电梯,精装,62.0,1990.0,351.0
丰台,1室,南,未知,简装,67.0,2001.0,365.0
丰台,1室,东,有电梯,其他,48.0,1991.0,300.0
丰台,1室,东北,未知,简装,57.0,2008.0,260.0
丰台,1室,南,无电梯,其他,36.0,1985.0,290.0
丰台,3室,南北,无电梯,其他,69.0,1988.0,390.0
丰台,2室,东南,有电梯,简装,142.0,2004.0,750.0
丰台,3室,西,未知,简装,83.0,2001.0,520.0
丰台,1室,东南,有电梯,其他,49.0,1995.0,315.0
丰台,1室,西,有电梯,其他,38.0,2011.0,251.0
丰台,1室,南北,无电梯,精装,56.0,1999.0,375.0
丰台,1室,西南,有电梯,其他,46.0,1995.0,260.0
丰台,2室,南北,未知,简装,54.0,1992.0,215.0
丰台,4室,南北,未知,精装,139.0,2006.0,625.0
丰台,2室,西南,有电梯,精装,71.0,1992.0,464.0
丰台,2室,南,无电梯,简装,64.0,1998.0,389.0
丰台,2室,南北,无电梯,精装,55.0,1983.0,305.0
丰台,1室,东,未知,精装,49.0,2012.0,255.0
丰台,1室,南,有电梯,简装,68.0,2008.0,280.0
丰台,1室,东,有电梯,简装,50.0,2012.0,229.0
丰台,1室,南,未知,简装,48.0,1996.0,305.0
丰台,1室,东南,未知,简装,43.0,1990.0,280.0
丰台,1室,南,无电梯,其他,40.0,1990.0,270.0
丰台,2室,西,无电梯,简装,54.0,1997.0,252.0
丰台,2室,南北,未知,精装,54.0,1987.0,320.0
丰台,2室,南北,无电梯,精装,58.0,1990.0,361.0
丰台,1室,西,有电梯,精装,71.0,2009.0,485.0
丰台,1室,西,有电梯,简装,76.0,2009.0,505.0
丰台,1室,东北,有电梯,其他,60.0,2008.0,500.0
丰台,1室,东,有电梯,其他,57.0,2012.0,430.0
丰台,1室,北,有电梯,精装,57.0,2004.0,320.0
丰台,2室,东北,有电梯,简装,55.0,1991.0,350.0
丰台,1室,南,有电梯,简装,57.0,2012.0,315.0
丰台,1室,东,有电梯,精装,37.0,2012.0,260.0
丰台,2室,南北,有电梯,精装,55.0,1984.0,331.0
丰台,1室,西,有电梯,精装,58.0,1990.0,301.0
丰台,1室,南,无电梯,其他,38.0,1984.0,278.0
丰台,2室,南北,无电梯,简装,55.0,2012.0,220.0
丰台,2室,南,未知,精装,67.0,1994.0,400.0
丰台,1室,西,有电梯,简装,45.0,2007.0,216.0
丰台,1室,南,有电梯,精装,60.0,2013.0,320.0
丰台,1室,南北,无电梯,其他,68.0,2000.0,442.0
丰台,1室,西,无电梯,其他,44.0,1995.0,299.2
丰台,1室,南,有电梯,简装,80.0,2010.0,400.0
丰台,1室,南,未知,精装,69.0,2010.0,498.0
丰台,1室,西,有电梯,简装,61.0,2007.0,289.0
丰台,2室,东西,无电梯,精装,58.0,1991.0,365.0
丰台,1室,东南,有电梯,简装,71.0,2003.0,410.0
丰台,1室,西,未知,简装,52.0,2004.0,317.0
丰台,1室,南,有电梯,简装,59.0,1999.0,320.0
丰台,1室,西北,有电梯,精装,47.0,2004.0,278.0
丰台,3室,西南,未知,简装,143.0,2004.0,780.0
丰台,2室,东南,有电梯,精装,99.0,2006.0,480.0
丰台,1室,北,有电梯,简装,33.0,2003.0,239.0
丰台,3室,南,无电梯,其他,107.0,2004.0,500.0
丰台,3室,东南,有电梯,精装,86.0,2013.0,435.0
丰台,3室,南北,无电梯,其他,69.0,1990.0,499.0
丰台,3室,西南,未知,简装,142.0,2000.0,660.0
丰台,其他,东西,有电梯,精装,44.0,2010.0,220.0
丰台,3室,西南,未知,精装,143.0,2004.0,800.0
丰台,2室,东北,有电梯,精装,97.0,2008.0,380.0
丰台,1室,东,未知,简装,63.0,2004.0,340.0
丰台,1室,东南,有电梯,简装,57.0,1998.0,325.0
丰台,5室,东南,有电梯,简装,100.0,2007.0,800.0
丰台,5室,南北,未知,简装,172.0,2007.0,1150.0
丰台,2室,东西,有电梯,精装,109.0,2002.0,520.0
丰台,2室,南北,无电梯,精装,78.0,1997.0,420.0
丰台,3室,西北,未知,精装,177.0,2010.0,1097.0
丰台,3室,南西,有电梯,精装,135.0,2008.0,600.0
丰台,2室,南北,无电梯,简装,128.0,2000.0,485.0
丰台,2室,南北,无电梯,精装,59.0,1980.0,323.0
丰台,2室,南北,未知,简装,53.0,1990.0,255.0
丰台,1室,东南,未知,精装,41.0,1992.0,285.0
丰台,其他,北,有电梯,精装,64.0,2012.0,350.0
丰台,2室,南,有电梯,简装,94.0,2007.0,385.0
丰台,3室,南北,有电梯,精装,148.0,2008.0,1000.0
丰台,1室,东北,有电梯,其他,60.0,2008.0,500.0
丰台,2室,南北,未知,其他,53.0,1990.0,245.0
丰台,2室,西南,未知,简装,89.0,2000.0,450.0
丰台,3室,南,未知,精装,116.0,2004.0,668.0
丰台,3室,西北,未知,其他,94.0,1998.0,490.0
丰台,4室,南北,无电梯,简装,145.0,1996.0,718.0
丰台,3室,南北,未知,简装,96.0,2011.0,385.0
丰台,2室,南北,有电梯,精装,114.0,2007.0,700.0
丰台,2室,南,有电梯,精装,105.0,2007.0,660.0
丰台,2室,南北,无电梯,简装,62.0,1996.0,335.0
丰台,2室,南北,未知,简装,71.0,1991.0,380.0
丰台,1室,北,有电梯,精装,74.0,2008.0,460.0
丰台,1室,南,无电梯,精装,45.0,1996.0,310.0
丰台,1室,南,有电梯,简装,59.0,2000.0,280.0
丰台,2室,南北,无电梯,简装,60.0,1992.0,340.0
丰台,其他,东西,有电梯,精装,47.0,2010.0,210.0
丰台,1室,东,未知,简装,54.0,1997.0,290.0
丰台,1室,西北,有电梯,简装,48.0,2008.0,390.0
丰台,1室,东南,有电梯,其他,65.0,2005.0,420.0
丰台,1室,西,有电梯,精装,49.0,2012.0,300.0
丰台,2室,东南,有电梯,精装,99.0,2006.0,480.0
丰台,1室,南,未知,精装,51.0,1999.0,288.0
丰台,1室,北,有电梯,简装,33.0,2003.0,239.0
丰台,1室,东北,有电梯,其他,48.0,2004.0,335.0
丰台,1室,东,有电梯,精装,48.0,2010.0,350.0
丰台,1室,南,有电梯,精装,48.0,2004.0,300.0
丰台,1室,北,未知,精装,62.0,2008.0,520.0
丰台,1室,南,未知,其他,42.0,1993.0,320.0
丰台,1室,西,有电梯,其他,48.0,1991.0,300.0
丰台,1室,北,未知,精装,63.0,2003.0,460.0
丰台,1室,西南,未知,精装,67.0,2007.0,610.0
丰台,3室,南北,未知,简装,179.0,2004.0,820.0
丰台,3室,东西,未知,其他,55.0,1985.0,320.0
丰台,2室,东南,未知,精装,83.0,2015.0,524.0
丰台,2室,南,有电梯,简装,71.0,1998.0,393.0
丰台,2室,东南,有电梯,简装,81.0,1998.0,420.0
丰台,3室,西南,有电梯,精装,117.0,2000.0,620.0
丰台,3室,南北,未知,简装,68.0,1985.0,440.0
丰台,3室,南北,有电梯,简装,109.0,2012.0,500.0
丰台,2室,南北,无电梯,简装,76.0,1999.0,440.0
丰台,4室,东南,有电梯,简装,140.0,1996.0,880.0
丰台,2室,东南,有电梯,简装,86.0,2005.0,390.0
丰台,3室,南北,无电梯,简装,107.0,1998.0,610.0
丰台,3室,东南,有电梯,其他,88.0,1992.0,560.0
丰台,2室,南北,未知,简装,53.0,2000.0,241.0
丰台,2室,东,有电梯,简装,83.0,2002.0,456.0
丰台,1室,西,有电梯,精装,49.0,2012.0,320.0
丰台,其他,西,未知,精装,73.0,2010.0,260.0
丰台,2室,东西,有电梯,其他,113.0,2007.0,650.0
丰台,其他,东,有电梯,精装,36.0,2000.0,150.0
丰台,3室,南北,未知,简装,112.0,2007.0,584.0
丰台,其他,北,有电梯,精装,27.0,2012.0,145.0
丰台,其他,南,有电梯,其他,27.0,2012.0,155.0
丰台,2室,南,未知,简装,50.0,1989.0,380.0
丰台,3室,南北,未知,其他,134.0,2012.0,1020.0
丰台,2室,南北,未知,精装,112.0,1995.0,600.0
丰台,2室,南北,未知,简装,81.0,2004.0,390.0
丰台,2室,西北,未知,简装,115.0,2002.0,632.0
丰台,2室,南,未知,精装,85.0,2009.0,430.0
丰台,3室,东北,有电梯,精装,136.0,2001.0,750.0
丰台,3室,东南,无电梯,精装,76.0,1990.0,532.0
丰台,2室,南北,无电梯,其他,54.0,1980.0,360.0
丰台,3室,南北,无电梯,精装,77.0,1983.0,460.0
丰台,3室,南西,有电梯,简装,114.0,1999.0,653.0
丰台,2室,东西,无电梯,简装,57.0,1998.0,311.0
丰台,1室,西,有电梯,简装,66.0,2003.0,400.0
丰台,1室,西,无电梯,其他,39.0,1992.0,255.0
丰台,2室,南北,无电梯,简装,85.0,2005.0,510.0
丰台,1室,东,无电梯,简装,43.0,1992.0,280.0
丰台,2室,西北,有电梯,精装,99.0,2007.0,510.0
丰台,2室,东南,无电梯,其他,96.0,2005.0,450.0
丰台,2室,南北,无电梯,精装,62.0,1994.0,350.0
丰台,2室,东北,无电梯,简装,57.0,1988.0,300.0
丰台,1室,西,有电梯,精装,56.0,1998.0,294.0
丰台,2室,南北,无电梯,其他,91.0,1999.0,435.0
丰台,1室,北,有电梯,其他,63.0,2003.0,480.0
丰台,2室,南北,无电梯,简装,79.0,1986.0,416.0
丰台,2室,东,有电梯,精装,91.0,2008.0,370.0
丰台,2室,东西,有电梯,简装,77.0,2004.0,382.0
丰台,1室,东,无电梯,简装,60.0,1996.0,305.0
丰台,3室,东西,无电梯,其他,96.0,1996.0,510.0
丰台,1室,西南,未知,简装,56.0,2005.0,384.0
丰台,1室,南,有电梯,精装,36.0,2012.0,266.0
丰台,2室,西南,未知,精装,109.0,2004.0,750.0
丰台,2室,东北,无电梯,简装,78.0,1997.0,336.0
丰台,1室,南,有电梯,简装,50.0,1998.0,380.0
丰台,3室,东西,未知,其他,55.0,1985.0,320.0
丰台,2室,东南,有电梯,精装,65.0,1994.0,430.0
丰台,3室,南北,无电梯,简装,109.0,2003.0,450.0
丰台,2室,南北,无电梯,精装,58.0,1990.0,355.0
丰台,1室,北,有电梯,精装,74.0,2008.0,480.0
丰台,4室,南北,有电梯,简装,167.0,2005.0,1000.0
丰台,2室,南北,有电梯,其他,132.0,2003.0,950.0
丰台,3室,西,有电梯,其他,131.0,2003.0,950.0
丰台,2室,西北,有电梯,其他,123.0,2003.0,886.0
丰台,2室,西南,有电梯,精装,121.0,2002.0,780.0
丰台,2室,东西,无电梯,精装,78.0,2002.0,509.0
丰台,2室,东北,无电梯,其他,102.0,2001.0,410.0
丰台,2室,南北,无电梯,其他,74.0,2000.0,305.0
丰台,2室,南北,无电梯,简装,75.0,1993.0,525.0
丰台,3室,南北,无电梯,简装,122.0,1999.0,850.0
丰台,4室,西南,有电梯,精装,208.0,2000.0,1080.0
丰台,2室,南,有电梯,其他,58.0,2010.0,315.0
丰台,4室,西北,无电梯,简装,126.0,2005.0,680.0
丰台,1室,东西,无电梯,其他,44.0,1988.0,251.0
丰台,2室,南北,无电梯,精装,97.0,1999.0,420.0
丰台,2室,东北,有电梯,简装,96.0,2003.0,560.0
丰台,1室,东北,有电梯,其他,64.0,2010.0,452.0
丰台,3室,南北,未知,简装,66.0,1990.0,369.0
丰台,2室,南,无电梯,简装,61.0,1987.0,410.0
丰台,1室,南,有电梯,精装,63.0,1995.0,360.0
丰台,3室,南北,无电梯,简装,98.0,1995.0,535.0
丰台,2室,东西,无电梯,简装,57.0,1998.0,311.0
丰台,3室,西南,有电梯,简装,118.0,2005.0,508.0
丰台,3室,东北,有电梯,精装,136.0,2001.0,750.0
丰台,3室,东南,无电梯,精装,76.0,1990.0,532.0
丰台,2室,南北,无电梯,其他,54.0,1980.0,360.0
丰台,3室,南北,无电梯,精装,77.0,1983.0,460.0
丰台,2室,南西,有电梯,简装,67.0,1990.0,430.0
丰台,2室,南,无电梯,简装,58.0,1990.0,326.0
丰台,3室,西南,无电梯,其他,58.0,1990.0,345.0
丰台,2室,东,未知,其他,85.0,2009.0,530.0
丰台,2室,南,未知,其他,57.0,1980.0,290.0
丰台,1室,西,有电梯,简装,46.0,2005.0,290.0
丰台,1室,西,有电梯,其他,51.0,2006.0,350.0
丰台,1室,南,有电梯,精装,36.0,2012.0,267.0
丰台,2室,东西,有电梯,简装,97.0,2006.0,600.0
丰台,2室,东西,有电梯,精装,100.0,2006.0,630.0
丰台,2室,东南,有电梯,简装,109.0,2002.0,688.0
丰台,3室,南北,未知,精装,132.0,2006.0,530.0
丰台,2室,东西,有电梯,精装,118.0,2006.0,850.0
丰台,1室,东,未知,其他,45.0,1996.0,258.0
丰台,3室,南北,无电梯,精装,184.0,1997.0,990.0
丰台,2室,南北,未知,简装,77.0,2001.0,453.0
丰台,2室,东北,有电梯,精装,65.0,2006.0,498.0
丰台,2室,南,未知,精装,48.0,1984.0,325.0
丰台,1室,西,未知,简装,46.0,1998.0,268.0
丰台,3室,南北,有电梯,简装,90.0,1980.0,486.0
丰台,1室,东西,未知,简装,60.0,2015.0,265.0
丰台,1室,南,未知,简装,55.0,2015.0,265.0
丰台,2室,东,有电梯,精装,67.0,2000.0,319.0
丰台,3室,南北,有电梯,精装,136.0,2006.0,931.0
丰台,2室,西,未知,简装,87.0,2006.0,480.0
丰台,3室,南北,有电梯,毛坯,119.0,2003.0,460.0
丰台,1室,南,无电梯,精装,64.0,2002.0,380.0
丰台,其他,东,有电梯,精装,96.0,2010.0,280.0
丰台,2室,南北,无电梯,精装,62.0,1990.0,320.0
丰台,4室,南北,无电梯,其他,137.0,2006.0,931.0
丰台,3室,南北,无电梯,精装,123.0,2001.0,679.0
丰台,3室,西南,有电梯,精装,141.0,1998.0,860.0
丰台,3室,东南,未知,精装,71.0,1990.0,300.0
丰台,3室,东,有电梯,精装,115.0,2002.0,700.0
丰台,3室,南北,无电梯,简装,149.0,2002.0,500.0
丰台,3室,南北,无电梯,其他,113.0,2005.0,698.0
丰台,3室,南北,有电梯,精装,168.0,2004.0,830.0
丰台,2室,南北,未知,精装,94.0,2005.0,530.0
丰台,2室,西南,有电梯,其他,129.0,2002.0,680.0
丰台,3室,南北,未知,精装,150.0,2011.0,1400.0
丰台,2室,东南,有电梯,简装,144.0,1999.0,670.0
丰台,2室,西南,有电梯,简装,91.0,2001.0,470.0
丰台,1室,北,有电梯,精装,52.0,2005.0,285.0
丰台,2室,东南,未知,简装,82.0,1999.0,460.0
丰台,2室,南北,无电梯,简装,63.0,1999.0,270.0
丰台,1室,东,有电梯,精装,61.0,2006.0,405.0
丰台,1室,东,有电梯,简装,59.0,2000.0,285.0
丰台,2室,东南,有电梯,简装,146.0,2004.0,760.0
丰台,1室,西南,有电梯,简装,41.0,2006.0,230.0
丰台,1室,南,未知,精装,40.0,1988.0,240.0
丰台,2室,南北,无电梯,简装,63.0,1989.0,335.0
丰台,4室,东南,未知,简装,204.0,2000.0,1170.0
丰台,2室,西南,未知,简装,89.0,2002.0,500.0
丰台,2室,南北,有电梯,精装,116.0,2009.0,735.0
丰台,1室,北,有电梯,精装,59.0,2008.0,400.0
丰台,3室,南北,有电梯,精装,134.0,2012.0,1070.0
丰台,2室,南北,未知,精装,85.0,2003.0,330.0
丰台,2室,东北,有电梯,精装,97.0,2007.0,500.0
丰台,3室,南北,未知,精装,132.0,2007.0,870.0
丰台,2室,东西,无电梯,其他,51.0,1992.0,300.0
丰台,1室,西,未知,精装,80.0,2010.0,384.0
丰台,2室,东北,未知,精装,95.0,2006.0,550.0
丰台,2室,南北,无电梯,精装,57.0,1984.0,370.0
丰台,2室,南北,无电梯,其他,67.0,1999.0,339.0
丰台,3室,南北,无电梯,精装,68.0,1990.0,439.0
丰台,2室,南北,未知,其他,73.0,2015.0,345.0
丰台,2室,南,未知,简装,72.0,2015.0,338.0
丰台,2室,南,有电梯,其他,88.0,2004.0,490.0
丰台,1室,南,有电梯,其他,61.0,2011.0,410.0
丰台,2室,南北,未知,简装,113.0,1997.0,550.0
丰台,1室,南,有电梯,其他,57.0,2002.0,288.5
丰台,3室,西南,未知,简装,77.0,1996.0,370.0
丰台,2室,南北,无电梯,简装,81.0,2006.0,485.0
丰台,2室,南北,无电梯,精装,54.0,1989.0,373.0
丰台,3室,东南,无电梯,精装,103.0,2001.0,575.0
丰台,2室,南北,有电梯,精装,112.0,2004.0,620.0
丰台,2室,南北,无电梯,其他,67.0,1988.0,390.0
丰台,2室,东南,有电梯,简装,83.0,1999.0,458.0
丰台,2室,南北,未知,简装,68.0,2010.0,280.0
丰台,3室,南北,有电梯,精装,124.0,2006.0,848.0
丰台,2室,南北,无电梯,简装,57.0,1996.0,303.0
丰台,2室,南北,未知,简装,76.0,2000.0,455.0
丰台,2室,西北,有电梯,精装,82.0,2003.0,505.0
丰台,2室,南北,无电梯,其他,51.0,1989.0,320.0
丰台,2室,东西,未知,简装,61.0,1986.0,290.0
丰台,3室,南,有电梯,简装,116.0,2005.0,630.0
丰台,2室,西,有电梯,精装,101.0,2000.0,530.0
丰台,1室,北,有电梯,精装,54.0,2005.0,300.0
丰台,2室,西北,有电梯,精装,98.0,2005.0,550.0
丰台,1室,北,有电梯,其他,55.0,2005.0,286.0
丰台,3室,南北,未知,简装,95.0,1998.0,477.0
丰台,2室,南,有电梯,其他,72.0,2001.0,280.0
丰台,3室,南北,无电梯,其他,146.0,1995.0,680.0
丰台,1室,东南,有电梯,其他,65.0,1993.0,300.0
丰台,2室,南北,未知,其他,63.0,1990.0,445.0
丰台,3室,南北,无电梯,精装,103.0,1999.0,495.0
丰台,2室,西北,有电梯,简装,73.0,2006.0,485.0
丰台,3室,南,有电梯,简装,118.0,2005.0,660.0
丰台,2室,东南,有电梯,简装,85.0,1990.0,425.0
丰台,2室,东西,无电梯,简装,60.0,1996.0,275.0
丰台,2室,南北,有电梯,简装,87.0,2011.0,633.0
丰台,3室,西北,有电梯,精装,104.0,2009.0,620.0
丰台,2室,西北,无电梯,简装,57.0,1992.0,255.0
丰台,3室,南北,有电梯,简装,120.0,2005.0,550.0
丰台,1室,南,未知,精装,72.0,2009.0,498.0
丰台,2室,南北,无电梯,简装,69.0,2000.0,438.0
丰台,1室,南,有电梯,其他,61.0,2011.0,410.0
丰台,2室,南北,未知,简装,113.0,1997.0,550.0
丰台,2室,南,有电梯,其他,88.0,2004.0,490.0
丰台,2室,西南,有电梯,其他,105.0,2005.0,739.0
丰台,2室,西北,未知,简装,87.0,2008.0,575.0
丰台,2室,东西,无电梯,其他,51.0,1992.0,300.0
丰台,1室,西,未知,精装,80.0,2010.0,384.0
丰台,2室,东北,未知,精装,95.0,2006.0,550.0
丰台,1室,南北,无电梯,其他,51.0,1996.0,269.0
丰台,2室,南北,无电梯,精装,57.0,1984.0,370.0
丰台,2室,南北,无电梯,其他,67.0,1999.0,339.0
丰台,3室,南北,无电梯,精装,68.0,1990.0,439.0
丰台,2室,西南,未知,其他,94.0,2002.0,490.0
丰台,2室,西南,有电梯,其他,90.0,2002.0,720.0
丰台,2室,西北,有电梯,简装,142.0,1999.0,582.0
丰台,2室,南,有电梯,简装,76.0,2001.0,458.0
丰台,3室,西南,未知,精装,140.0,2002.0,650.0
丰台,2室,西北,有电梯,简装,87.0,2007.0,462.0
丰台,2室,西南,未知,其他,72.0,2006.0,328.0
丰台,2室,南北,无电梯,简装,77.0,1995.0,426.0
丰台,1室,南,有电梯,精装,56.0,2005.0,355.0
丰台,2室,南北,无电梯,其他,68.0,1996.0,469.0
丰台,2室,西南,有电梯,精装,113.0,2006.0,600.0
丰台,2室,西南,有电梯,其他,98.0,2003.0,660.0
丰台,2室,东南,有电梯,简装,101.0,2002.0,600.0
丰台,2室,西北,有电梯,简装,127.0,1999.0,590.0
丰台,2室,东南,有电梯,精装,80.0,2002.0,520.0
丰台,2室,西北,有电梯,简装,106.0,2007.0,690.0
丰台,3室,南北,有电梯,其他,161.0,2002.0,920.0
丰台,2室,南北,无电梯,简装,56.0,1988.0,370.0
丰台,2室,东西,无电梯,简装,59.0,1994.0,335.0
丰台,1室,西,有电梯,其他,61.0,2002.0,400.0
丰台,2室,南北,无电梯,精装,76.0,1989.0,520.0
丰台,2室,南北,未知,其他,53.0,1986.0,269.0
丰台,3室,东南,未知,简装,167.0,1999.0,900.0
丰台,3室,南北,未知,简装,74.0,2009.0,355.0
丰台,2室,西南,无电梯,其他,76.0,2000.0,455.0
丰台,2室,西北,有电梯,简装,73.0,2006.0,485.0
丰台,2室,东南,有电梯,简装,85.0,1990.0,425.0
丰台,2室,东西,无电梯,简装,60.0,1996.0,275.0
丰台,2室,东西,有电梯,其他,98.0,2003.0,370.0
丰台,1室,北,有电梯,其他,55.0,2005.0,286.0
丰台,2室,西北,有电梯,简装,184.0,2000.0,1000.0
丰台,2室,西北,有电梯,简装,117.0,2000.0,615.0
丰台,2室,南北,有电梯,精装,88.0,2011.0,615.0
丰台,3室,西南,有电梯,简装,81.0,2009.0,389.0
丰台,2室,南北,无电梯,其他,68.0,2001.0,445.0
丰台,2室,西南,有电梯,简装,83.0,2001.0,419.0
丰台,1室,西,无电梯,其他,75.0,2010.0,335.0
丰台,2室,西,有电梯,简装,98.0,2001.0,480.0
丰台,2室,西南,有电梯,精装,116.0,2007.0,620.0
丰台,2室,西南,有电梯,简装,112.0,2000.0,520.0
丰台,2室,东北,有电梯,其他,108.0,2007.0,750.0
丰台,3室,南北,有电梯,精装,164.0,2002.0,820.0
丰台,1室,东南,有电梯,简装,68.0,2007.0,290.0
丰台,3室,东南,有电梯,简装,120.0,2009.0,515.0
丰台,2室,南西,有电梯,简装,80.0,2000.0,450.0
丰台,2室,西北,有电梯,简装,127.0,1999.0,590.0
丰台,2室,东西,无电梯,简装,59.0,1994.0,335.0
丰台,2室,西南,未知,其他,72.0,2006.0,328.0
丰台,1室,南,有电梯,精装,56.0,2005.0,355.0
丰台,2室,南北,无电梯,简装,77.0,1995.0,426.0
丰台,3室,南北,有电梯,其他,161.0,2002.0,920.0
丰台,2室,南北,无电梯,简装,56.0,1988.0,370.0
丰台,3室,东南,有电梯,其他,89.0,1997.0,700.0
丰台,2室,西北,有电梯,简装,106.0,2007.0,690.0
丰台,2室,东南,有电梯,精装,80.0,2002.0,520.0
丰台,2室,东南,有电梯,简装,101.0,2002.0,600.0
丰台,2室,西北,有电梯,简装,142.0,1999.0,582.0
丰台,2室,西北,有电梯,简装,87.0,2007.0,462.0
丰台,2室,南,有电梯,简装,76.0,2001.0,458.0
丰台,1室,东,未知,其他,46.0,1997.0,370.0
丰台,1室,西南,有电梯,其他,52.0,2012.0,230.0
丰台,1室,南,未知,简装,63.0,2004.0,440.0
丰台,2室,东,有电梯,其他,84.0,2010.0,402.0
丰台,2室,南北,有电梯,其他,92.0,2010.0,468.0
丰台,4室,南北,无电梯,简装,130.0,2000.0,480.0
丰台,2室,东南,有电梯,简装,108.0,2002.0,650.0
丰台,2室,南北,未知,其他,60.0,1992.0,335.0
丰台,2室,东西,无电梯,毛坯,62.0,1988.0,315.0
丰台,3室,南北,有电梯,精装,108.0,1995.0,850.0
丰台,1室,南,无电梯,简装,64.0,2002.0,317.0
丰台,1室,东南,未知,精装,66.0,2000.0,355.0
丰台,1室,西南,未知,精装,53.0,2007.0,298.0
丰台,1室,西,未知,其他,49.0,2012.0,225.0
丰台,3室,南北,未知,其他,94.0,2014.0,670.0
丰台,1室,南,有电梯,其他,49.0,1996.0,285.0
丰台,2室,南北,未知,简装,77.0,2013.0,368.0
丰台,2室,南,有电梯,精装,74.0,2013.0,350.0
丰台,3室,南北,无电梯,精装,135.0,2007.0,880.0
丰台,3室,南北,无电梯,其他,113.0,2002.0,500.0
丰台,1室,西,无电梯,其他,75.0,2010.0,335.0
丰台,2室,西南,有电梯,简装,125.0,2002.0,750.0
丰台,3室,东北,未知,精装,130.0,1997.0,730.0
丰台,3室,西南,有电梯,精装,114.0,2000.0,800.0
丰台,3室,西北,有电梯,简装,148.0,2002.0,900.0
丰台,4室,南北,无电梯,其他,119.0,2000.0,755.0
丰台,2室,东,无电梯,精装,49.0,1990.0,310.0
丰台,2室,西北,有电梯,简装,184.0,2000.0,1000.0
丰台,2室,西北,有电梯,简装,117.0,2000.0,615.0
丰台,2室,南,有电梯,精装,109.0,2008.0,980.0
丰台,3室,东南,有电梯,简装,143.0,2002.0,1000.0
丰台,2室,南北,无电梯,简装,75.0,2002.0,490.0
丰台,2室,南北,有电梯,精装,112.0,2004.0,575.0
丰台,3室,南北,未知,简装,119.0,2011.0,858.0
丰台,2室,东南,有电梯,其他,100.0,2004.0,600.0
丰台,3室,南北,无电梯,简装,166.0,2002.0,960.0
丰台,2室,北,有电梯,其他,75.0,2006.0,420.0
丰台,3室,西南,有电梯,简装,118.0,2005.0,510.0
丰台,3室,南北,有电梯,精装,150.0,2006.0,980.0
丰台,2室,东西,无电梯,其他,84.0,1996.0,424.0
丰台,3室,东北,有电梯,精装,116.0,2000.0,650.0
丰台,2室,南北,有电梯,简装,72.0,1992.0,490.0
丰台,2室,西南,有电梯,精装,75.0,1999.0,420.0
丰台,3室,南北,未知,简装,89.0,2011.0,638.0
丰台,2室,南北,无电梯,精装,56.0,1992.0,325.0
丰台,2室,南北,未知,精装,113.0,2011.0,720.0
丰台,2室,南北,无电梯,简装,108.0,2002.0,680.0
丰台,2室,南北,有电梯,简装,97.0,2000.0,535.0
丰台,2室,东西,无电梯,精装,80.0,2010.0,508.0
丰台,4室,南北,无电梯,简装,121.0,2000.0,505.0
丰台,3室,东南,有电梯,简装,132.0,2003.0,650.0
丰台,2室,东西,无电梯,简装,64.0,1995.0,385.0
丰台,3室,南北,未知,精装,126.0,2014.0,998.0
丰台,4室,南北,有电梯,简装,165.0,2002.0,1020.0
丰台,1室,东,未知,其他,46.0,1997.0,370.0
丰台,1室,东,有电梯,精装,46.0,2005.0,280.0
丰台,2室,西南,有电梯,精装,97.0,2006.0,490.0
丰台,5室,南北,无电梯,简装,201.0,1995.0,730.0
丰台,2室,东,有电梯,简装,92.0,2005.0,480.0
丰台,2室,东南,有电梯,简装,96.0,2003.0,579.0
丰台,2室,北,有电梯,其他,113.0,1999.0,600.0
丰台,1室,东南,有电梯,精装,65.0,2000.0,360.0
丰台,1室,东北,有电梯,简装,53.0,2000.0,350.0
丰台,2室,南北,未知,简装,53.0,1986.0,240.0
丰台,1室,北,有电梯,毛坯,62.0,2007.0,555.0
丰台,1室,南,未知,其他,44.0,2004.0,320.0
丰台,3室,东南,有电梯,精装,89.0,1992.0,560.0
丰台,其他,北,未知,精装,43.0,2012.0,145.0
丰台,3室,南北,有电梯,简装,122.0,2004.0,720.0
丰台,1室,西北,有电梯,简装,48.0,2008.0,385.0
丰台,3室,西北,有电梯,简装,114.0,2008.0,550.0
丰台,3室,南北,无电梯,精装,106.0,1999.0,650.0
丰台,2室,西,有电梯,其他,93.0,2003.0,720.0
丰台,3室,南北,有电梯,简装,187.0,1999.0,850.0
丰台,3室,南北,未知,精装,68.0,1990.0,308.0
丰台,2室,东南,无电梯,简装,81.0,1996.0,410.0
丰台,3室,西南,有电梯,简装,128.0,2000.0,745.0
丰台,2室,南北,有电梯,精装,88.0,2011.0,610.0
丰台,3室,南北,有电梯,其他,98.0,2004.0,650.0
丰台,3室,南北,有电梯,简装,117.0,2001.0,565.0
丰台,3室,南北,无电梯,简装,166.0,2002.0,960.0
丰台,2室,东南,有电梯,其他,100.0,2004.0,600.0
丰台,2室,南北,有电梯,精装,112.0,2004.0,575.0
丰台,3室,南北,未知,简装,119.0,2011.0,858.0
丰台,2室,南北,无电梯,精装,88.0,1997.0,385.0
丰台,2室,南,未知,毛坯,87.0,2000.0,428.0
丰台,1室,南,有电梯,精装,75.0,2007.0,400.0
丰台,2室,东南,有电梯,精装,83.0,2002.0,570.0
丰台,1室,西南,有电梯,简装,69.0,2004.0,390.0
丰台,1室,南西,有电梯,精装,66.0,2002.0,389.0
丰台,3室,南北,有电梯,简装,99.0,1999.0,659.0
丰台,3室,西南,有电梯,其他,81.0,1992.0,525.0
丰台,3室,东,有电梯,简装,117.0,2003.0,690.0
丰台,1室,西南,有电梯,简装,53.0,1998.0,284.0
丰台,2室,西,有电梯,简装,105.0,2000.0,581.0
丰台,2室,南北,无电梯,简装,54.0,1992.0,320.0
丰台,2室,东西,未知,精装,78.0,2005.0,455.0
丰台,2室,东西,有电梯,其他,90.0,2006.0,600.0
丰台,2室,西南,有电梯,其他,58.0,1993.0,340.0
丰台,2室,南北,无电梯,其他,57.0,1992.0,372.0
丰台,2室,西南,有电梯,精装,73.0,1995.0,420.0
丰台,2室,南北,有电梯,简装,94.0,2010.0,440.0
丰台,2室,南,未知,简装,91.0,2010.0,395.0
丰台,2室,南,有电梯,简装,86.0,2006.0,555.0
丰台,3室,东南,有电梯,精装,156.0,1998.0,910.0
丰台,2室,西北,有电梯,简装,93.0,2000.0,410.0
丰台,3室,东,未知,精装,102.0,2002.0,600.0
丰台,2室,西,有电梯,简装,74.0,2005.0,380.0
丰台,1室,北,有电梯,简装,55.0,2005.0,340.0
丰台,2室,东西,未知,简装,76.0,2013.0,338.0
丰台,2室,东南,有电梯,简装,96.0,2003.0,579.0
丰台,2室,西南,未知,精装,60.0,2010.0,308.0
丰台,2室,北,有电梯,其他,113.0,1999.0,600.0
丰台,2室,南,未知,精装,94.0,2007.0,390.0
丰台,1室,西南,有电梯,简装,47.0,1995.0,305.0
丰台,1室,西,有电梯,简装,52.0,2000.0,358.0
丰台,1室,西,有电梯,其他,36.0,2011.0,246.0
丰台,2室,南西,有电梯,精装,106.0,2002.0,545.0
丰台,3室,南北,有电梯,精装,164.0,2004.0,830.0
丰台,2室,东,未知,简装,66.0,2001.0,370.0
丰台,2室,南北,未知,简装,61.0,1992.0,235.0
丰台,2室,北,有电梯,简装,70.0,1995.0,438.0
丰台,2室,南北,无电梯,精装,64.0,1994.0,310.0
丰台,1室,东,有电梯,简装,53.0,1999.0,256.0
丰台,4室,南北,未知,精装,204.0,2004.0,1150.0
丰台,1室,南,未知,简装,46.0,1993.0,250.0
丰台,2室,南北,有电梯,其他,89.0,2004.0,472.0
丰台,2室,西南,有电梯,简装,88.0,2001.0,570.0
丰台,4室,南北,无电梯,精装,193.0,2002.0,520.0
丰台,1室,东北,有电梯,精装,59.0,2008.0,509.0
丰台,3室,西北,有电梯,精装,139.0,2007.0,980.0
丰台,2室,西,有电梯,简装,105.0,2000.0,581.0
丰台,2室,南北,无电梯,精装,73.0,1997.0,445.0
丰台,1室,南,有电梯,精装,46.0,2006.0,345.0
丰台,1室,西南,有电梯,简装,69.0,2004.0,390.0
丰台,1室,南西,有电梯,精装,66.0,2002.0,389.0
丰台,3室,南北,有电梯,简装,99.0,1999.0,659.0
丰台,3室,西南,有电梯,其他,81.0,1992.0,525.0
丰台,3室,东,有电梯,简装,117.0,2003.0,690.0
丰台,2室,东南,有电梯,精装,83.0,2002.0,570.0
丰台,1室,西南,有电梯,简装,53.0,1998.0,284.0
丰台,3室,西北,有电梯,简装,120.0,2002.0,678.0
丰台,3室,南北,有电梯,精装,171.0,2006.0,1300.0
丰台,3室,南北,有电梯,简装,128.0,2008.0,530.0
丰台,2室,西北,有电梯,简装,60.0,1998.0,331.8
丰台,2室,南,有电梯,简装,115.0,2007.0,1010.0
丰台,2室,南北,无电梯,精装,57.0,1992.0,410.0
丰台,1室,西,未知,精装,39.0,2012.0,255.0
丰台,1室,东,未知,其他,64.0,2007.0,430.0
丰台,1室,西北,有电梯,精装,34.0,2008.0,216.0
丰台,3室,东南,有电梯,其他,125.0,2012.0,525.0
丰台,1室,北,有电梯,简装,46.0,2006.0,290.0
丰台,1室,东西,无电梯,简装,60.0,1998.0,320.0
丰台,2室,东南,有电梯,简装,108.0,2002.0,550.0
丰台,2室,东南,未知,简装,84.0,2012.0,420.0
丰台,2室,东,未知,简装,62.0,2009.0,360.0
丰台,1室,东南,有电梯,精装,52.0,2012.0,428.0
丰台,3室,东南,有电梯,简装,92.0,2014.0,435.0
丰台,2室,南北,无电梯,简装,54.0,1980.0,295.0
丰台,3室,东,未知,简装,84.0,2005.0,350.0
丰台,3室,南北,无电梯,简装,121.0,1998.0,730.0
丰台,1室,南,有电梯,简装,57.0,2012.0,295.0
丰台,1室,南,有电梯,简装,69.0,2004.0,430.0
丰台,2室,东西,未知,简装,68.0,2010.0,285.0
丰台,2室,东南,未知,简装,75.0,2004.0,465.0
丰台,2室,西,未知,精装,83.0,2003.0,500.0
丰台,1室,南,无电梯,简装,42.0,1995.0,210.0
丰台,1室,东,有电梯,其他,43.0,1992.0,299.0
丰台,2室,南北,无电梯,简装,59.0,1990.0,357.0
丰台,1室,西南,有电梯,其他,57.0,1992.0,380.0
丰台,2室,西,未知,其他,75.0,1990.0,415.0
丰台,1室,西南,有电梯,简装,47.0,1995.0,305.0
丰台,1室,西,有电梯,简装,52.0,2000.0,358.0
丰台,1室,东南,有电梯,精装,39.0,1993.0,240.0
丰台,3室,西南,有电梯,其他,76.0,1993.0,530.0
丰台,1室,南,未知,精装,51.0,2006.0,310.0
丰台,2室,南北,无电梯,精装,56.0,1987.0,320.0
丰台,3室,南西,无电梯,简装,89.0,1997.0,470.0
丰台,3室,东南,有电梯,其他,85.0,1993.0,570.0
丰台,2室,西南,有电梯,其他,76.0,1990.0,410.0
丰台,1室,南北,无电梯,精装,45.0,1984.0,270.0
丰台,2室,东西,无电梯,其他,91.0,2010.0,375.0
丰台,2室,南北,无电梯,简装,70.0,1994.0,287.0
丰台,2室,南,有电梯,简装,113.0,2006.0,610.0
丰台,1室,南,未知,其他,66.0,1996.0,320.0
丰台,2室,东南,有电梯,精装,99.0,2003.0,559.0
丰台,1室,西南,未知,其他,84.0,2010.0,370.0
丰台,2室,南,无电梯,简装,50.0,1985.0,280.0
丰台,1室,西北,未知,其他,43.0,1992.0,285.0
丰台,2室,南北,无电梯,简装,60.0,1994.0,320.0
丰台,1室,东,未知,精装,72.0,2008.0,379.0
丰台,2室,东南,有电梯,其他,87.0,2004.0,399.0
丰台,1室,北,有电梯,其他,56.0,2004.0,299.0
丰台,2室,西北,有电梯,简装,76.0,1998.0,425.0
丰台,2室,西南,未知,精装,83.0,2001.0,495.0
丰台,2室,南北,未知,简装,89.0,2002.0,476.0
丰台,3室,西南,有电梯,简装,143.0,2000.0,690.0
丰台,2室,西,未知,精装,63.0,2006.0,365.0
丰台,2室,南北,无电梯,精装,55.0,1988.0,278.0
丰台,1室,西南,有电梯,精装,47.0,1996.0,279.0
丰台,3室,东南,有电梯,其他,94.0,1990.0,635.0
丰台,3室,南北,有电梯,简装,128.0,2008.0,530.0
丰台,1室,西,未知,精装,40.0,2012.0,261.0
丰台,1室,南,有电梯,简装,58.0,2004.0,400.0
丰台,1室,西,有电梯,精装,64.0,2004.0,405.0
丰台,3室,南北,有电梯,其他,144.0,2009.0,620.0
丰台,1室,南北,有电梯,简装,66.0,2004.0,435.0
丰台,1室,南,未知,简装,60.0,1998.0,327.0
丰台,2室,南西,有电梯,简装,86.0,2006.0,389.0
丰台,2室,西,有电梯,精装,104.0,2005.0,425.0
丰台,3室,南北,有电梯,精装,123.0,2006.0,842.0
丰台,3室,东,有电梯,简装,102.0,2002.0,610.0
丰台,3室,南北,有电梯,精装,134.0,2012.0,1050.0
丰台,1室,东南,有电梯,简装,58.0,1990.0,365.0
丰台,2室,东北,有电梯,其他,97.0,2009.0,430.0
丰台,2室,南北,未知,精装,72.0,1997.0,384.0
丰台,2室,南,有电梯,精装,69.0,2008.0,310.0
丰台,3室,东西,无电梯,精装,78.0,1991.0,431.0
丰台,3室,东南,有电梯,其他,81.0,1992.0,550.0
丰台,2室,西南,未知,其他,97.0,2002.0,560.0
丰台,2室,南北,无电梯,精装,57.0,1985.0,320.0
丰台,2室,南北,无电梯,简装,59.0,1982.0,330.0
丰台,1室,西北,未知,简装,60.0,2007.0,402.0
丰台,1室,东,无电梯,其他,62.0,2000.0,375.0
丰台,3室,东南,有电梯,精装,127.0,2004.0,825.0
丰台,1室,南,无电梯,简装,57.0,1998.0,310.0
丰台,1室,西,未知,简装,67.0,2005.0,440.0
丰台,2室,南北,无电梯,简装,57.0,1993.0,350.0
丰台,2室,南北,无电梯,简装,70.0,1994.0,287.0
丰台,3室,西南,有电梯,其他,76.0,1993.0,530.0
丰台,2室,南,有电梯,简装,113.0,2006.0,610.0
丰台,1室,南,未知,其他,66.0,1996.0,320.0
丰台,2室,南北,有电梯,其他,108.0,2005.0,626.0
丰台,2室,南北,有电梯,精装,118.0,2009.0,920.0
丰台,2室,西,无电梯,简装,71.0,1995.0,376.0
丰台,2室,南北,未知,精装,80.0,2013.0,420.0
丰台,2室,西南,无电梯,其他,67.0,1997.0,330.0
丰台,3室,西南,未知,精装,148.0,2006.0,1036.0
丰台,2室,南,有电梯,精装,139.0,2002.0,670.0
丰台,2室,南,无电梯,其他,57.0,1992.0,249.0
丰台,2室,东西,未知,精装,64.0,1996.0,230.0
丰台,2室,东西,未知,毛坯,63.0,1990.0,310.0
丰台,3室,南北,有电梯,其他,228.0,2000.0,1260.0
丰台,2室,东西,未知,其他,90.0,2010.0,430.0
丰台,2室,南北,无电梯,精装,54.0,1988.0,342.0
丰台,3室,西南,有电梯,简装,193.0,2004.0,880.0
丰台,3室,东南,有电梯,精装,142.0,2000.0,710.0
丰台,2室,西南,有电梯,简装,124.0,2000.0,620.0
丰台,3室,南北,未知,简装,76.0,1992.0,400.0
丰台,2室,南北,未知,精装,84.0,2014.0,563.0
丰台,1室,南,无电梯,精装,42.0,1990.0,270.0
丰台,3室,南北,无电梯,精装,75.0,1995.0,365.0
丰台,1室,东,有电梯,精装,85.0,2010.0,408.0
丰台,2室,南,未知,毛坯,87.0,2000.0,458.0
丰台,2室,东西,有电梯,简装,86.0,2010.0,438.0
丰台,1室,西,有电梯,简装,59.0,2005.0,265.0
丰台,2室,南北,无电梯,其他,53.0,1984.0,268.0
丰台,2室,南北,未知,简装,72.0,1997.0,320.0
丰台,2室,西,未知,精装,73.0,2007.0,420.0
丰台,2室,西南,有电梯,其他,86.0,2003.0,346.0
丰台,1室,南北,有电梯,精装,68.0,2007.0,408.0
丰台,2室,南北,未知,其他,57.0,1988.0,315.0
丰台,3室,西南,有电梯,简装,109.0,1998.0,595.0
丰台,1室,东西,未知,精装,47.0,1998.0,268.0
丰台,2室,南,有电梯,简装,87.0,2010.0,735.0
丰台,2室,东北,有电梯,简装,95.0,2005.0,560.0
丰台,3室,北,有电梯,简装,124.0,2005.0,669.0
丰台,2室,西南,有电梯,简装,74.0,1998.0,418.0
丰台,2室,东西,有电梯,其他,57.0,1992.0,360.0
丰台,3室,西南,有电梯,精装,122.0,2001.0,671.0
丰台,3室,东西,有电梯,精装,118.0,2005.0,699.0
丰台,3室,西,有电梯,简装,119.0,2001.0,747.9
丰台,4室,南北,有电梯,精装,212.0,2012.0,1738.0
丰台,6室,南北,未知,简装,241.0,2004.0,780.0
丰台,2室,东南,有电梯,其他,73.0,2006.0,330.0
丰台,2室,西南,有电梯,简装,65.0,1991.0,390.0
丰台,2室,南北,未知,简装,76.0,1995.0,422.0
丰台,2室,东南,有电梯,简装,85.0,2006.0,530.0
丰台,3室,南北,无电梯,其他,107.0,2002.0,440.0
丰台,3室,西南,有电梯,其他,129.0,2003.0,775.0
丰台,2室,南,有电梯,精装,108.0,2000.0,680.0
丰台,3室,东南,未知,精装,66.0,2005.0,520.0
丰台,2室,东南,有电梯,简装,87.0,1995.0,463.0
丰台,2室,南北,有电梯,精装,106.0,2005.0,630.0
丰台,2室,南,未知,简装,73.0,1995.0,330.0
丰台,3室,南北,无电梯,简装,118.0,2002.0,620.0
丰台,2室,东南,有电梯,其他,97.0,2006.0,635.0
丰台,3室,西北,有电梯,其他,120.0,2002.0,688.0
丰台,3室,南北,未知,精装,103.0,2001.0,660.0
丰台,2室,西南,有电梯,简装,103.0,2001.0,580.0
丰台,2室,南北,有电梯,精装,101.0,2014.0,660.0
丰台,3室,南,未知,精装,94.0,2002.0,555.0
丰台,2室,东南,无电梯,简装,49.0,1993.0,228.0
丰台,1室,东,未知,简装,56.0,1996.0,259.0
丰台,3室,南北,未知,简装,134.0,2002.0,670.0
丰台,2室,东南,未知,精装,95.0,2007.0,390.0
丰台,2室,南北,有电梯,精装,90.0,2012.0,650.0
丰台,3室,南北,未知,简装,120.0,2011.0,840.0
丰台,3室,南北,有电梯,简装,164.0,2006.0,1450.0
丰台,2室,南北,有电梯,其他,66.0,1995.0,385.0
丰台,2室,东西,无电梯,简装,63.0,1985.0,335.0
丰台,3室,东南,未知,简装,114.0,2005.0,678.0
丰台,2室,南北,未知,其他,80.0,2013.0,400.0
丰台,2室,西南,有电梯,精装,93.0,1993.0,585.0
丰台,2室,南,有电梯,精装,97.0,2008.0,648.0
丰台,1室,东,无电梯,简装,38.0,1990.0,210.0
丰台,1室,东,有电梯,简装,84.0,2010.0,406.8
丰台,3室,西南,有电梯,精装,137.0,2006.0,900.0
丰台,3室,南北,无电梯,精装,148.0,2000.0,678.0
丰台,2室,西北,有电梯,精装,62.0,1993.0,430.0
丰台,1室,西南,未知,简装,70.0,2006.0,388.0
丰台,2室,东西,无电梯,精装,49.0,1979.0,249.0
丰台,2室,西南,有电梯,简装,95.0,2000.0,530.0
丰台,3室,西南,未知,其他,89.0,1997.0,680.0
丰台,3室,南北,有电梯,其他,147.0,2000.0,780.0
丰台,2室,东南,无电梯,简装,54.0,1985.0,289.0
丰台,1室,西,未知,精装,71.0,2011.0,471.0
丰台,1室,北,有电梯,精装,55.0,2005.0,335.0
丰台,1室,东,无电梯,其他,43.0,1996.0,228.0
丰台,3室,西南,有电梯,简装,109.0,1998.0,595.0
丰台,3室,南北,无电梯,其他,130.0,2002.0,430.0
丰台,1室,东北,未知,精装,46.0,1992.0,260.0
丰台,1室,北,有电梯,精装,68.0,2006.0,455.0
丰台,1室,东北,未知,精装,67.0,2007.0,429.0
丰台,3室,西南,有电梯,简装,148.0,2002.0,790.0
丰台,1室,西南,有电梯,精装,65.0,2005.0,425.0
丰台,2室,西北,有电梯,简装,70.0,1990.0,430.0
丰台,4室,西南,有电梯,精装,147.0,2006.0,850.0
丰台,1室,南,有电梯,精装,56.0,2005.0,370.0
丰台,1室,南,有电梯,简装,51.0,2006.0,320.0
丰台,1室,北,有电梯,简装,51.0,2008.0,383.0
丰台,1室,东,未知,精装,41.0,2012.0,286.0
丰台,1室,南,未知,简装,49.0,2000.0,257.0
丰台,1室,南,有电梯,简装,62.0,2006.0,379.0
丰台,1室,南北,无电梯,简装,49.0,1994.0,239.0
丰台,1室,南北,无电梯,其他,44.0,1984.0,271.4
丰台,2室,南北,无电梯,简装,53.0,1990.0,282.0
丰台,1室,东,有电梯,简装,52.0,2000.0,350.0
丰台,2室,东北,未知,精装,84.0,1999.0,510.0
丰台,2室,东西,有电梯,其他,69.0,1997.0,420.0
丰台,2室,西南,有电梯,其他,94.0,2007.0,380.0
丰台,2室,南北,有电梯,精装,90.0,2012.0,655.0
丰台,2室,南北,无电梯,简装,59.0,1998.0,320.0
丰台,2室,南北,无电梯,其他,58.0,1992.0,380.0
丰台,2室,东南,有电梯,精装,94.0,2005.0,660.0
丰台,2室,南北,无电梯,简装,54.0,1992.0,260.0
丰台,2室,西北,有电梯,精装,61.0,2000.0,305.0
丰台,2室,东南,无电梯,简装,49.0,1993.0,228.0
丰台,1室,东,未知,简装,56.0,1996.0,259.0
丰台,2室,东北,有电梯,简装,86.0,2007.0,500.0
丰台,2室,南北,有电梯,简装,94.0,2010.0,450.0
丰台,1室,北,有电梯,简装,34.0,1994.0,228.0
丰台,1室,东,有电梯,毛坯,57.0,1998.0,305.0
丰台,1室,北,有电梯,精装,62.0,2008.0,535.0
丰台,2室,东西,未知,简装,63.0,1986.0,390.0
丰台,1室,南北,有电梯,其他,69.0,2010.0,315.0
丰台,2室,北,未知,精装,69.0,2003.0,350.0
丰台,3室,东南,有电梯,简装,83.0,2000.0,420.0
丰台,1室,南,未知,精装,62.0,2004.0,390.0
丰台,2室,东,有电梯,简装,77.0,1998.0,400.0
丰台,1室,东北,有电梯,简装,65.0,2003.0,455.0
丰台,1室,南,未知,精装,45.0,1995.0,249.0
丰台,1室,西,未知,精装,53.0,2008.0,360.0
丰台,1室,南,有电梯,精装,60.0,2004.0,365.0
丰台,1室,南,有电梯,简装,60.0,2004.0,365.0
丰台,1室,南,有电梯,简装,68.0,1999.0,432.0
丰台,1室,西,无电梯,精装,47.0,1990.0,270.0
丰台,1室,东南,有电梯,精装,54.0,2004.0,315.0
丰台,1室,东西,未知,简装,73.0,2002.0,310.0
丰台,1室,东,未知,精装,52.0,2002.0,350.0
丰台,2室,东南,未知,简装,108.0,2000.0,410.0
丰台,1室,东北,未知,精装,46.0,1992.0,260.0
丰台,1室,北,有电梯,精装,68.0,2006.0,455.0
丰台,1室,南北,无电梯,简装,56.0,2000.0,285.0
丰台,3室,南北,未知,简装,55.0,1981.0,330.0
丰台,1室,南北,有电梯,精装,65.0,2001.0,410.0
丰台,1室,南,无电梯,简装,56.0,1998.0,310.0
丰台,2室,南北,无电梯,其他,57.0,1991.0,400.0
丰台,1室,东北,未知,精装,67.0,2007.0,429.0
丰台,3室,南北,有电梯,其他,111.0,2005.0,666.0
丰台,1室,西,无电梯,其他,76.0,2010.0,355.0
丰台,2室,西南,有电梯,简装,97.0,2003.0,460.0
丰台,2室,南,有电梯,精装,103.0,2006.0,599.9
丰台,3室,南北,无电梯,简装,69.0,1990.0,387.0
丰台,3室,南,有电梯,简装,147.0,2001.0,750.0
丰台,2室,南北,无电梯,简装,76.0,1990.0,430.0
丰台,2室,南北,无电梯,精装,66.0,1997.0,397.0
丰台,2室,东南,无电梯,简装,80.0,1995.0,420.0
丰台,1室,西,未知,精装,54.0,2004.0,367.0
丰台,2室,东南,未知,简装,108.0,1999.0,540.0
丰台,2室,南,有电梯,简装,58.0,2012.0,324.0
丰台,1室,东南,有电梯,简装,49.0,1995.0,312.0
丰台,1室,北,有电梯,其他,45.0,1998.0,300.0
丰台,3室,南北,无电梯,其他,56.0,1992.0,350.0
丰台,1室,西,有电梯,简装,53.0,1999.0,355.0
丰台,5室,东南,无电梯,简装,196.0,2001.0,690.0
丰台,1室,东,有电梯,精装,84.0,2010.0,400.0
丰台,2室,西,未知,精装,108.0,2010.0,720.0
丰台,1室,南,有电梯,精装,49.0,2006.0,345.0
丰台,2室,东南,有电梯,简装,83.0,2001.0,500.0
丰台,1室,东北,有电梯,精装,48.0,2008.0,249.0
丰台,1室,北,未知,简装,72.0,2000.0,335.0
丰台,2室,北,未知,精装,69.0,2003.0,350.0
丰台,1室,东南,有电梯,精装,55.0,2007.0,248.0
丰台,1室,西,未知,简装,66.0,2006.0,330.0
丰台,1室,西北,有电梯,简装,64.0,2007.0,430.0
丰台,2室,东北,有电梯,简装,100.0,2000.0,470.0
丰台,1室,北,未知,简装,54.0,2004.0,340.0
丰台,1室,西,有电梯,简装,58.0,2009.0,295.0
丰台,1室,东,有电梯,精装,53.0,2004.0,425.0
丰台,2室,南北,无电梯,简装,80.0,2000.0,380.0
丰台,1室,南北,有电梯,简装,63.0,1999.0,395.0
丰台,2室,东西,未知,简装,94.0,2006.0,570.0
丰台,2室,南北,未知,精装,78.0,1996.0,560.0
丰台,1室,东南,有电梯,简装,61.0,2008.0,458.0
丰台,3室,东南,有电梯,精装,126.0,1998.0,708.0
丰台,1室,西南,有电梯,精装,65.0,2005.0,360.0
丰台,3室,南北,无电梯,其他,114.0,1996.0,630.0
丰台,3室,西南,有电梯,简装,173.0,2000.0,780.0
丰台,1室,西南,有电梯,其他,56.0,2008.0,290.0
丰台,1室,西,有电梯,简装,66.0,2006.0,330.0
丰台,2室,南,无电梯,简装,74.0,2001.0,400.0
丰台,3室,东北,有电梯,简装,150.0,2002.0,946.0
丰台,3室,北,有电梯,简装,103.0,1999.0,470.0
丰台,4室,西南,有电梯,其他,161.0,2000.0,880.0
丰台,2室,西南,有电梯,简装,66.0,1993.0,410.0
丰台,2室,东南,有电梯,简装,96.0,1993.0,586.0
丰台,4室,东,有电梯,简装,166.0,2000.0,900.0
丰台,3室,东南,有电梯,精装,183.0,2005.0,1550.0
丰台,2室,东北,有电梯,简装,94.0,1999.0,470.0
丰台,2室,南北,无电梯,精装,97.0,2005.0,450.0
丰台,3室,南北,无电梯,精装,146.0,2002.0,660.0
丰台,2室,东西,无电梯,精装,82.0,2006.0,540.0
丰台,3室,南北,未知,其他,195.0,2003.0,1000.0
丰台,2室,西北,无电梯,简装,79.0,1999.0,278.0
丰台,2室,西南,有电梯,简装,88.0,2001.0,540.0
丰台,4室,南北,有电梯,精装,169.0,2005.0,1000.0
丰台,2室,南北,无电梯,精装,58.0,1993.0,304.0
丰台,2室,东南,有电梯,精装,82.0,2000.0,452.0
丰台,2室,西南,有电梯,精装,99.0,2005.0,555.0
丰台,3室,东南,无电梯,简装,88.0,1997.0,535.0
丰台,2室,东南,有电梯,精装,129.0,2002.0,730.0
丰台,3室,南北,未知,简装,101.0,2005.0,410.0
丰台,2室,南,未知,其他,100.0,2005.0,560.0
丰台,3室,南北,未知,其他,102.0,2004.0,441.0
丰台,3室,南北,无电梯,其他,91.0,2005.0,400.0
丰台,2室,西南,未知,其他,90.0,2004.0,530.0
丰台,1室,西北,有电梯,精装,44.0,2008.0,235.0
丰台,3室,南北,无电梯,简装,98.0,1996.0,540.0
丰台,2室,南北,无电梯,精装,55.0,1980.0,278.0
丰台,3室,南,未知,简装,120.0,2005.0,690.0
丰台,2室,南北,有电梯,精装,69.0,1990.0,408.0
丰台,3室,南,未知,其他,152.0,2002.0,836.0
丰台,2室,东,未知,精装,101.0,2001.0,700.0
丰台,2室,东南,无电梯,其他,73.0,1998.0,410.0
丰台,2室,南北,未知,其他,59.0,1980.0,370.0
丰台,2室,南北,未知,精装,88.0,2009.0,430.0
丰台,2室,南北,未知,精装,97.0,2005.0,550.0
丰台,1室,东南,有电梯,精装,70.0,2007.0,295.0
丰台,2室,南,有电梯,简装,100.0,2005.0,539.0
丰台,2室,南北,无电梯,简装,58.0,1995.0,260.0
丰台,1室,南,有电梯,精装,49.0,2006.0,270.0
丰台,1室,东北,有电梯,精装,62.0,2006.0,350.0
丰台,2室,东南,有电梯,精装,111.0,2002.0,590.0
丰台,2室,南北,无电梯,简装,80.0,2000.0,380.0
丰台,2室,南北,无电梯,其他,65.0,1996.0,305.0
丰台,2室,南北,无电梯,毛坯,72.0,1995.0,350.0
丰台,1室,北,有电梯,精装,59.0,2003.0,440.0
丰台,2室,南,未知,简装,78.0,1993.0,475.0
丰台,2室,南北,无电梯,其他,104.0,2006.0,510.0
丰台,2室,东西,无电梯,简装,68.0,2001.0,340.0
丰台,4室,南北,有电梯,精装,212.0,2012.0,1700.0
丰台,2室,西南,未知,精装,112.0,2004.0,610.0
丰台,2室,南北,有电梯,精装,75.0,2006.0,510.0
丰台,1室,南北,未知,简装,69.0,2004.0,380.0
丰台,1室,南北,无电梯,其他,56.0,1999.0,361.0
丰台,2室,东南,未知,精装,90.0,2002.0,540.0
丰台,4室,西南,有电梯,其他,136.0,2001.0,850.0
丰台,2室,南,无电梯,精装,78.0,2001.0,410.0
丰台,2室,南北,无电梯,简装,99.0,2000.0,400.0
丰台,2室,东西,无电梯,其他,76.0,2000.0,355.0
丰台,4室,东南,未知,简装,197.0,2000.0,1380.0
丰台,2室,南,有电梯,简装,73.0,2002.0,436.0
丰台,2室,东南,有电梯,精装,129.0,2002.0,730.0
丰台,3室,东西,有电梯,精装,76.0,1989.0,530.0
丰台,3室,东南,未知,其他,74.0,2000.0,550.0
丰台,3室,南北,有电梯,精装,131.0,2000.0,670.0
丰台,2室,东西,未知,毛坯,68.0,1998.0,295.0
丰台,2室,南北,无电梯,其他,60.0,1990.0,248.0
丰台,2室,西北,有电梯,其他,71.0,2004.0,360.0
丰台,3室,南北,无电梯,简装,80.0,1994.0,470.0
丰台,2室,南北,无电梯,其他,55.0,1987.0,248.0
丰台,3室,南北,有电梯,精装,88.0,2010.0,460.0
丰台,2室,南北,无电梯,其他,76.0,2000.0,360.0
丰台,3室,南北,未知,其他,102.0,2004.0,441.0
丰台,2室,南,未知,精装,128.0,2009.0,829.0
丰台,2室,南,未知,其他,100.0,2005.0,560.0
丰台,2室,西南,有电梯,精装,99.0,2005.0,555.0
丰台,2室,南北,无电梯,精装,55.0,1987.0,288.0
丰台,2室,东南,有电梯,精装,86.0,2007.0,645.0
丰台,3室,东南,无电梯,精装,78.0,1989.0,552.0
丰台,3室,西南,未知,精装,148.0,2002.0,850.0
丰台,3室,西南,有电梯,其他,135.0,1998.0,915.0
丰台,3室,西北,有电梯,简装,96.0,1999.0,490.0
丰台,2室,南北,未知,其他,56.0,1990.0,255.0
丰台,2室,东南,无电梯,简装,81.0,2003.0,423.0
丰台,2室,南北,未知,简装,72.0,1986.0,430.0
丰台,2室,东,有电梯,其他,87.0,2006.0,570.0
丰台,2室,南北,未知,简装,92.0,2011.0,663.0
丰台,3室,南北,有电梯,精装,95.0,1990.0,520.0
丰台,2室,南北,无电梯,精装,86.0,2002.0,473.0
丰台,2室,南,有电梯,精装,105.0,2007.0,650.0
丰台,2室,东,无电梯,精装,62.0,2000.0,332.0
丰台,2室,南北,未知,精装,63.0,1988.0,390.0
丰台,2室,南北,未知,简装,58.0,1990.0,258.0
丰台,3室,南北,有电梯,精装,99.0,2012.0,1200.0
丰台,2室,南北,无电梯,精装,57.0,2000.0,325.0
丰台,2室,南北,有电梯,精装,86.0,2010.0,615.0
丰台,2室,南,未知,其他,58.0,2009.0,325.0
丰台,1室,东,有电梯,精装,84.0,2010.0,404.0
丰台,2室,西南,未知,其他,88.0,2002.0,430.0
丰台,2室,北,有电梯,精装,79.0,2002.0,478.0
丰台,2室,南北,无电梯,简装,61.0,1992.0,400.0
丰台,2室,西南,有电梯,简装,75.0,2000.0,420.0
丰台,2室,南北,有电梯,精装,96.0,2006.0,620.0
丰台,3室,南西,有电梯,精装,147.0,2003.0,1150.0
丰台,2室,东西,未知,其他,67.0,1998.0,388.0
丰台,2室,南,未知,其他,127.0,2005.0,830.0
丰台,2室,南北,无电梯,其他,104.0,2006.0,510.0
丰台,2室,东西,有电梯,精装,92.0,2006.0,600.0
丰台,1室,西北,未知,简装,68.0,2006.0,410.0
丰台,1室,南,有电梯,其他,79.0,2010.0,400.0
丰台,2室,东北,有电梯,其他,81.0,2010.0,568.0
丰台,2室,南北,未知,简装,63.0,1986.0,376.0
丰台,1室,西,未知,精装,54.0,2004.0,350.0
丰台,3室,东南,有电梯,其他,144.0,1998.0,780.0
丰台,2室,南北,有电梯,简装,91.0,2000.0,540.0
丰台,2室,南,有电梯,精装,94.0,2002.0,546.0
丰台,1室,北,有电梯,简装,57.0,2007.0,433.0
丰台,3室,东南,未知,精装,84.0,2002.0,420.0
丰台,2室,西北,未知,精装,49.0,1990.0,210.0
丰台,3室,南北,无电梯,精装,178.0,2000.0,800.0
丰台,3室,东北,有电梯,简装,104.0,2003.0,390.0
丰台,3室,南北,未知,其他,68.0,1988.0,505.0
丰台,2室,东北,未知,精装,85.0,2013.0,443.0
丰台,2室,东北,有电梯,简装,88.0,2008.0,580.0
丰台,4室,东北,有电梯,精装,173.0,2008.0,1450.0
丰台,2室,南北,有电梯,精装,71.0,1997.0,355.0
丰台,2室,南北,有电梯,精装,111.0,2011.0,960.0
丰台,2室,南北,无电梯,精装,55.0,1987.0,288.0
丰台,2室,南北,无电梯,精装,58.0,1990.0,380.0
丰台,3室,东南,无电梯,精装,78.0,1989.0,552.0
丰台,3室,南北,有电梯,精装,138.0,2004.0,790.0
丰台,3室,西南,未知,精装,148.0,2002.0,850.0
丰台,2室,东南,有电梯,精装,86.0,2007.0,645.0
丰台,3室,西南,有电梯,其他,135.0,1998.0,915.0
丰台,2室,南北,未知,精装,63.0,1988.0,390.0
丰台,3室,南北,无电梯,简装,88.0,1998.0,620.0
丰台,3室,南北,无电梯,其他,72.0,1988.0,383.0
丰台,2室,东,有电梯,简装,90.0,2000.0,500.0
丰台,2室,西南,有电梯,简装,97.0,1999.0,540.0
丰台,3室,南西,未知,精装,176.0,2002.0,820.0
丰台,1室,东南,有电梯,精装,66.0,2003.0,383.0
丰台,2室,东北,有电梯,精装,65.0,1993.0,450.0
丰台,2室,南北,未知,其他,72.0,1996.0,490.0
丰台,2室,东西,有电梯,简装,106.0,2007.0,445.0
丰台,3室,东西,未知,其他,79.0,1995.0,445.0
丰台,2室,西北,有电梯,精装,97.0,2008.0,470.0
丰台,2室,东北,未知,精装,101.0,2008.0,670.0
丰台,2室,南,未知,简装,72.0,1994.0,425.0
丰台,3室,西北,有电梯,精装,122.0,1998.0,630.0
丰台,3室,南北,有电梯,精装,129.0,2007.0,560.0
丰台,1室,南,有电梯,精装,67.0,2004.0,395.0
丰台,2室,东南,未知,精装,84.0,1998.0,464.0
丰台,3室,西北,未知,其他,164.0,2000.0,620.0
丰台,2室,南,未知,精装,102.0,2004.0,575.0
丰台,3室,西,有电梯,简装,125.0,1996.0,610.0
丰台,1室,西南,无电梯,其他,46.0,1990.0,280.0
丰台,1室,东南,有电梯,精装,68.0,1992.0,470.0
丰台,1室,西,未知,精装,76.0,2007.0,396.0
丰台,1室,西南,有电梯,简装,65.0,2006.0,368.0
丰台,1室,东,有电梯,简装,76.0,2006.0,455.0
丰台,2室,南北,未知,其他,92.0,2001.0,445.0
丰台,3室,南北,无电梯,其他,66.0,1990.0,400.0
丰台,3室,东西,有电梯,其他,78.0,1989.0,550.0
丰台,2室,东南,有电梯,简装,142.0,2004.0,720.0
丰台,1室,西,未知,精装,54.0,2004.0,350.0
丰台,1室,东北,未知,简装,53.0,2006.0,250.0
丰台,3室,东南,未知,简装,179.0,1990.0,1000.0
丰台,3室,东,有电梯,简装,127.0,2001.0,738.0
丰台,2室,南北,无电梯,精装,65.0,2000.0,465.0
丰台,1室,东,有电梯,简装,57.0,1998.0,300.0
丰台,1室,东,有电梯,简装,57.0,1998.0,305.0
丰台,1室,东,有电梯,简装,49.0,2012.0,239.0
丰台,1室,东,有电梯,精装,76.0,2009.0,365.0
丰台,3室,西南,有电梯,简装,85.0,1995.0,420.0
丰台,2室,东西,未知,简装,68.0,2010.0,285.0
丰台,3室,南北,有电梯,简装,115.0,2009.0,595.0
丰台,1室,南,有电梯,精装,66.0,2004.0,350.0
丰台,2室,东南,未知,简装,73.0,1999.0,370.0
丰台,2室,西南,有电梯,简装,91.0,2005.0,530.0
丰台,2室,西南,有电梯,精装,92.0,2005.0,520.0
丰台,2室,东南,未知,简装,111.0,2007.0,566.0
丰台,3室,东,未知,精装,107.0,2000.0,640.0
丰台,3室,南北,无电梯,精装,125.0,2000.0,850.0
丰台,3室,东北,有电梯,简装,150.0,2002.0,947.0
丰台,3室,西南,有电梯,精装,146.0,2003.0,1260.0
丰台,2室,南北,无电梯,简装,60.0,1995.0,330.0
丰台,3室,西南,有电梯,简装,156.0,2001.0,950.0
丰台,2室,西南,有电梯,简装,120.0,2001.0,740.0
丰台,2室,西北,有电梯,简装,92.0,2000.0,518.0
丰台,3室,东南,无电梯,简装,124.0,1999.0,469.0
丰台,2室,西,有电梯,简装,70.0,2010.0,360.0
丰台,2室,南西,无电梯,简装,89.0,2001.0,430.0
丰台,1室,南北,无电梯,简装,61.0,2002.0,420.0
丰台,2室,东西,无电梯,简装,56.0,1990.0,325.0
丰台,2室,东南,无电梯,精装,64.0,1996.0,320.0
丰台,1室,东,有电梯,精装,63.0,2006.0,338.0
丰台,2室,东,有电梯,简装,50.0,1990.0,345.0
丰台,1室,北,有电梯,简装,57.0,2006.0,325.0
丰台,2室,南北,无电梯,简装,57.0,1995.0,300.0
丰台,1室,东,有电梯,简装,69.0,2007.0,420.0
丰台,2室,东南,有电梯,简装,93.0,2006.0,630.0
丰台,2室,南北,未知,简装,100.0,2006.0,650.0
丰台,2室,东南,有电梯,精装,75.0,1999.0,451.0
丰台,2室,南北,未知,精装,106.0,2005.0,534.0
丰台,2室,西北,有电梯,简装,122.0,1996.0,520.0
丰台,2室,西南,有电梯,简装,123.0,2002.0,750.0
丰台,1室,南,有电梯,精装,68.0,2005.0,280.0
丰台,1室,西,无电梯,毛坯,76.0,2010.0,340.0
丰台,1室,东,有电梯,精装,86.0,2006.0,398.0
丰台,1室,西,未知,简装,66.0,2006.0,310.0
丰台,1室,西,未知,精装,62.0,2005.0,318.0
丰台,4室,南北,无电梯,简装,117.0,2003.0,670.0
丰台,2室,南,有电梯,精装,102.0,2005.0,595.0
丰台,3室,南北,未知,简装,95.0,1990.0,550.0
丰台,1室,东西,无电梯,简装,74.0,2001.0,370.0
丰台,3室,南北,无电梯,简装,72.0,1980.0,485.0
丰台,2室,南,有电梯,简装,104.0,2008.0,450.0
丰台,4室,西,有电梯,简装,184.0,2002.0,920.0
丰台,1室,北,有电梯,精装,49.0,2005.0,268.0
丰台,3室,东南,有电梯,简装,213.0,2004.0,980.0
丰台,1室,东,有电梯,精装,67.0,2006.0,389.0
丰台,2室,南北,无电梯,简装,57.0,1993.0,288.0
丰台,2室,南北,无电梯,简装,57.0,1989.0,330.0
丰台,1室,东北,未知,简装,53.0,2006.0,250.0
丰台,3室,东南,有电梯,简装,155.0,2002.0,920.0
丰台,4室,南,有电梯,简装,175.0,2004.0,650.0
丰台,2室,东南,有电梯,精装,86.0,2007.0,385.0
丰台,3室,东南,有电梯,其他,168.0,2000.0,790.0
丰台,2室,东南,有电梯,简装,90.0,2005.0,520.0
丰台,2室,南北,无电梯,简装,79.0,1996.0,440.0
丰台,2室,南北,无电梯,精装,98.0,2001.0,472.0
丰台,3室,东北,有电梯,精装,123.0,1999.0,738.0
丰台,1室,东,未知,简装,66.0,2006.0,378.0
丰台,3室,西南,有电梯,精装,166.0,2001.0,960.0
丰台,2室,南北,无电梯,毛坯,60.0,1996.0,379.0
丰台,1室,北,有电梯,精装,56.0,2005.0,320.0
丰台,2室,西南,有电梯,其他,91.0,2008.0,388.0
丰台,1室,南,未知,简装,46.0,2006.0,345.0
丰台,2室,东北,有电梯,简装,91.0,2007.0,400.0
丰台,1室,南,未知,简装,56.0,2005.0,360.0
丰台,1室,东,有电梯,简装,66.0,2006.0,382.0
丰台,2室,东南,无电梯,简装,99.0,2002.0,546.0
丰台,2室,东南,有电梯,精装,91.0,2008.0,400.0
丰台,2室,西南,有电梯,简装,95.0,2001.0,595.0
丰台,2室,东南,未知,精装,132.0,2005.0,811.0
丰台,2室,南北,未知,精装,52.0,1987.0,420.0
丰台,1室,西南,未知,精装,72.0,2001.0,398.0
丰台,1室,西南,有电梯,简装,72.0,2001.0,396.0
丰台,2室,南北,无电梯,简装,59.0,1992.0,350.0
丰台,2室,东北,有电梯,精装,94.0,2004.0,565.0
丰台,1室,西,有电梯,精装,46.0,2007.0,281.5
丰台,1室,南,未知,其他,51.0,1997.0,256.0
丰台,2室,南北,未知,精装,97.0,2003.0,460.0
丰台,2室,东西,无电梯,精装,76.0,2000.0,370.0
丰台,2室,南北,无电梯,简装,72.0,1997.0,384.0
丰台,3室,南北,无电梯,精装,78.0,1990.0,522.0
丰台,2室,东南,无电梯,精装,58.0,1983.0,338.0
丰台,2室,南,有电梯,其他,58.0,2012.0,330.0
丰台,2室,西北,无电梯,精装,51.0,1986.0,228.0
丰台,2室,东南,有电梯,精装,83.0,1999.0,525.0
丰台,2室,南,有电梯,精装,100.0,2005.0,680.0
丰台,2室,西南,有电梯,精装,107.0,2002.0,535.0
丰台,2室,南北,无电梯,简装,67.0,1999.0,305.0
丰台,2室,南北,有电梯,精装,88.0,2011.0,560.0
丰台,3室,南北,有电梯,简装,136.0,2006.0,885.0
丰台,3室,东南,有电梯,其他,91.0,1998.0,560.0
丰台,3室,南北,有电梯,精装,156.0,2008.0,1360.0
丰台,2室,南北,有电梯,精装,112.0,2009.0,730.0
丰台,2室,南北,无电梯,简装,55.0,1989.0,360.0
丰台,2室,西南,有电梯,简装,111.0,2001.0,579.0
丰台,3室,南北,有电梯,精装,150.0,2005.0,1350.0
丰台,2室,东南,未知,精装,65.0,1998.0,365.0
丰台,2室,东南,有电梯,精装,77.0,2004.0,515.0
丰台,2室,南,有电梯,精装,91.0,2002.0,499.0
丰台,1室,西南,未知,精装,56.0,2008.0,295.0
丰台,1室,南北,无电梯,其他,74.0,2000.0,380.0
丰台,1室,西,未知,精装,71.0,2009.0,470.0
丰台,3室,东南,有电梯,其他,168.0,2000.0,790.0
丰台,2室,东南,有电梯,简装,90.0,2005.0,520.0
丰台,4室,南北,无电梯,简装,133.0,2001.0,495.0
丰台,2室,南北,无电梯,简装,101.0,2007.0,490.0
丰台,2室,东北,有电梯,简装,88.0,2008.0,598.0
丰台,3室,南北,无电梯,简装,125.0,1998.0,790.0
丰台,3室,南,有电梯,精装,121.0,2006.0,706.0
丰台,1室,西,有电梯,其他,48.0,1991.0,275.0
丰台,2室,南北,未知,精装,118.0,2002.0,594.0
丰台,1室,北,有电梯,简装,67.0,2007.0,435.0
丰台,2室,南北,有电梯,简装,124.0,2001.0,830.0
丰台,2室,南北,无电梯,精装,86.0,2002.0,486.0
丰台,3室,南北,有电梯,精装,106.0,2012.0,860.0
丰台,2室,南,有电梯,简装,77.0,2009.0,650.0
丰台,2室,东南,有电梯,其他,81.0,1991.0,500.0
丰台,3室,东南,有电梯,精装,122.0,2012.0,525.0
丰台,2室,南北,未知,精装,102.0,2002.0,630.0
丰台,2室,南北,无电梯,简装,63.0,1993.0,340.0
丰台,3室,南北,有电梯,简装,106.0,2006.0,512.0
丰台,2室,西南,无电梯,简装,102.0,1998.0,500.0
丰台,3室,南北,无电梯,精装,78.0,1990.0,522.0
丰台,2室,东南,无电梯,精装,58.0,1983.0,338.0
丰台,2室,南,有电梯,其他,58.0,2012.0,330.0
丰台,2室,东南,有电梯,精装,83.0,1999.0,525.0
丰台,2室,南北,无电梯,精装,54.0,1988.0,325.0
丰台,2室,南北,有电梯,精装,88.0,2011.0,560.0
丰台,3室,南,未知,精装,117.0,2004.0,780.0
丰台,3室,南北,有电梯,精装,81.0,1993.0,460.0
丰台,2室,南北,无电梯,简装,72.0,1997.0,384.0
丰台,2室,南北,有电梯,精装,107.0,2010.0,921.0
丰台,3室,东南,有电梯,简装,158.0,2002.0,898.0
丰台,2室,南北,无电梯,其他,80.0,1999.0,420.0
丰台,2室,北,有电梯,简装,68.0,2005.0,398.0
丰台,4室,南北,有电梯,简装,182.0,2003.0,1260.0
丰台,3室,西南,有电梯,精装,86.0,1989.0,559.0
丰台,2室,西北,无电梯,精装,51.0,1986.0,228.0
丰台,2室,南北,有电梯,精装,132.0,2005.0,785.0
丰台,3室,南北,无电梯,简装,97.0,1996.0,510.0
丰台,2室,东西,无电梯,精装,64.0,1996.0,235.0
丰台,3室,南北,未知,其他,120.0,2005.0,590.0
丰台,3室,东西,未知,简装,78.0,1996.0,376.0
丰台,1室,北,有电梯,简装,67.0,2007.0,435.0
丰台,2室,南北,未知,精装,118.0,2002.0,594.0
丰台,2室,南西,有电梯,其他,111.0,2005.0,780.0
丰台,3室,西南,有电梯,精装,118.0,1995.0,520.0
丰台,3室,东北,有电梯,简装,118.0,1995.0,485.0
丰台,3室,西北,未知,精装,185.0,2010.0,1080.0
丰台,1室,西,未知,简装,51.0,2006.0,351.0
丰台,2室,南北,无电梯,其他,59.0,1992.0,350.0
丰台,2室,西南,无电梯,其他,66.0,1993.0,370.0
丰台,2室,南,有电梯,简装,105.0,2006.0,600.0
丰台,3室,南,有电梯,精装,121.0,2006.0,706.0
丰台,1室,西,有电梯,其他,48.0,1991.0,275.0
丰台,3室,南北,无电梯,简装,106.0,2001.0,450.0
丰台,2室,南北,有电梯,简装,152.0,2004.0,780.0
丰台,2室,东南,有电梯,精装,55.0,2004.0,360.0
丰台,2室,南北,无电梯,精装,86.0,2002.0,486.0
丰台,2室,南北,无电梯,简装,99.0,2003.0,420.0
丰台,2室,西北,未知,简装,50.0,1990.0,230.0
丰台,2室,西北,有电梯,简装,90.0,1995.0,415.0
丰台,4室,南北,有电梯,简装,198.0,2006.0,1020.0
丰台,2室,南,无电梯,其他,60.0,1990.0,335.0
丰台,3室,南北,有电梯,精装,102.0,2000.0,573.0
丰台,2室,南北,未知,其他,81.0,1997.0,328.0
丰台,3室,西南,有电梯,精装,158.0,2002.0,1050.0
丰台,3室,南北,有电梯,其他,142.0,2008.0,840.0
丰台,3室,西南,有电梯,精装,150.0,2001.0,850.0
丰台,3室,东南,无电梯,简装,105.0,2001.0,595.0
丰台,1室,东南,未知,精装,70.0,2009.0,320.0
丰台,1室,西北,未知,其他,61.0,2000.0,358.0
丰台,2室,东南,有电梯,精装,91.0,2005.0,597.0
丰台,3室,西南,未知,精装,91.0,1998.0,570.0
丰台,1室,东南,未知,简装,53.0,1998.0,280.0
丰台,2室,西,有电梯,精装,62.0,2009.0,400.0
丰台,2室,南北,未知,其他,56.0,1980.0,390.0
丰台,1室,北,有电梯,精装,63.0,2003.0,439.0
丰台,2室,西南,有电梯,精装,96.0,2003.0,390.0
丰台,2室,南北,有电梯,精装,132.0,2005.0,785.0
丰台,3室,南北,无电梯,简装,97.0,1996.0,510.0
丰台,2室,东西,无电梯,精装,64.0,1996.0,235.0
丰台,1室,西,有电梯,精装,80.0,2010.0,384.0
丰台,3室,东南,有电梯,简装,120.0,2008.0,520.0
丰台,2室,南北,无电梯,其他,60.0,1983.0,370.0
丰台,2室,南北,未知,其他,72.0,2000.0,319.0
丰台,2室,南,有电梯,其他,83.0,2001.0,480.0
丰台,2室,南,有电梯,精装,123.0,2008.0,548.0
丰台,2室,西南,未知,简装,112.0,2006.0,620.0
丰台,3室,东西,无电梯,简装,85.0,2003.0,530.0
丰台,2室,东西,无电梯,精装,70.0,1995.0,350.0
丰台,2室,南北,无电梯,简装,63.0,1980.0,310.0
丰台,1室,东北,有电梯,简装,65.0,2003.0,450.0
丰台,2室,西北,有电梯,简装,90.0,1995.0,415.0
丰台,3室,南北,无电梯,简装,106.0,2001.0,450.0
丰台,4室,南北,有电梯,简装,198.0,2006.0,1020.0
丰台,2室,南,无电梯,其他,60.0,1990.0,335.0
丰台,3室,南北,有电梯,精装,102.0,2000.0,573.0
丰台,2室,东南,有电梯,简装,104.0,2003.0,615.0
丰台,2室,西,有电梯,简装,91.0,2006.0,520.0
丰台,2室,东南,有电梯,精装,70.0,2007.0,350.0
丰台,2室,东西,有电梯,其他,81.0,2002.0,460.0
丰台,4室,东南,有电梯,精装,197.0,2002.0,1100.0
丰台,2室,南北,未知,精装,68.0,1993.0,330.0
丰台,1室,南,有电梯,精装,68.0,2004.0,400.0
丰台,3室,东南,有电梯,简装,129.0,2003.0,775.0
丰台,2室,南北,无电梯,简装,79.0,2000.0,528.0
丰台,2室,南北,无电梯,精装,89.0,2009.0,415.0
丰台,2室,南北,未知,精装,96.0,2005.0,552.0
丰台,2室,东北,有电梯,简装,73.0,2006.0,480.0
丰台,1室,北,有电梯,精装,39.0,2003.0,270.0
丰台,2室,西南,有电梯,简装,92.0,1998.0,430.0
丰台,3室,南北,无电梯,简装,89.0,1995.0,380.0
丰台,2室,南北,无电梯,精装,77.0,1986.0,390.0
丰台,3室,南北,有电梯,精装,138.0,2008.0,540.0
丰台,1室,南,有电梯,简装,65.0,2011.0,445.0
丰台,3室,东北,未知,精装,93.0,2002.0,610.0
丰台,3室,东南,有电梯,简装,120.0,2008.0,520.0
丰台,2室,南北,无电梯,其他,60.0,1983.0,370.0
丰台,2室,南北,未知,其他,72.0,2000.0,319.0
丰台,2室,南,有电梯,其他,83.0,2001.0,480.0
丰台,2室,南,有电梯,简装,106.0,2004.0,625.0
丰台,3室,南北,无电梯,简装,139.0,2001.0,699.0
丰台,3室,南北,未知,简装,64.0,1983.0,368.0
丰台,3室,西南,无电梯,简装,66.0,1986.0,380.0
丰台,3室,西北,未知,简装,132.0,2001.0,850.0
丰台,1室,东西,无电梯,其他,56.0,1998.0,340.0
丰台,2室,东北,有电梯,简装,120.0,2001.0,610.0
丰台,2室,东北,有电梯,精装,94.0,2002.0,485.0
丰台,2室,西南,未知,精装,87.0,2004.0,650.0
丰台,3室,南北,无电梯,精装,105.0,2006.0,610.0
丰台,3室,东北,有电梯,精装,116.0,2000.0,645.0
丰台,3室,西南,有电梯,精装,91.0,1990.0,590.0
丰台,2室,西南,有电梯,精装,89.0,1997.0,590.0
丰台,3室,南北,未知,精装,140.0,2006.0,899.0
丰台,2室,南,有电梯,精装,63.0,1988.0,348.0
丰台,3室,东南,有电梯,精装,132.0,2005.0,800.0
丰台,2室,东南,有电梯,精装,101.0,2003.0,600.0
丰台,2室,南北,有电梯,其他,109.0,2004.0,730.0
丰台,2室,西,有电梯,其他,108.0,2003.0,650.0
丰台,2室,南北,未知,精装,116.0,2007.0,793.0
丰台,3室,南北,无电梯,精装,112.0,1998.0,475.0
丰台,2室,南北,未知,精装,101.0,2010.0,489.0
丰台,2室,西北,有电梯,精装,87.0,2005.0,450.0
丰台,2室,西北,有电梯,精装,87.0,2010.0,430.0
丰台,1室,南,有电梯,精装,68.0,2004.0,400.0
丰台,1室,南,有电梯,简装,57.0,2003.0,255.0
丰台,2室,东南,有电梯,简装,77.0,2006.0,470.0
丰台,2室,西,有电梯,其他,102.0,2005.0,620.0
丰台,2室,东南,有电梯,简装,104.0,2003.0,615.0
丰台,2室,西,有电梯,简装,91.0,2006.0,520.0
丰台,2室,东北,无电梯,精装,49.0,1990.0,340.0
丰台,2室,东北,有电梯,其他,89.0,1997.0,680.0
丰台,2室,南北,无电梯,精装,89.0,2009.0,415.0
丰台,4室,东南,有电梯,精装,197.0,2002.0,1100.0
丰台,2室,东西,未知,简装,59.0,1992.0,340.0
丰台,2室,东南,有电梯,精装,70.0,2007.0,350.0
丰台,2室,东西,有电梯,其他,81.0,2002.0,460.0
丰台,2室,南,有电梯,简装,72.0,2000.0,420.0
丰台,2室,西南,有电梯,简装,100.0,1998.0,490.0
丰台,2室,东北,无电梯,精装,75.0,2000.0,515.0
丰台,2室,西南,有电梯,其他,84.0,2010.0,399.0
丰台,3室,南北,有电梯,精装,119.0,2003.0,600.0
丰台,2室,南西,未知,其他,86.0,2006.0,378.0
丰台,2室,南,有电梯,精装,85.0,2009.0,383.0
丰台,2室,西南,未知,其他,93.0,2012.0,360.0
丰台,1室,东,未知,精装,56.0,2003.0,340.0
丰台,3室,东南,有电梯,简装,127.0,2000.0,725.0
丰台,3室,南北,未知,精装,98.0,1999.0,415.0
丰台,1室,南北,未知,精装,54.0,2000.0,338.0
丰台,2室,东北,未知,简装,88.0,2005.0,399.0
丰台,2室,南,未知,简装,52.0,1985.0,270.0
丰台,2室,南北,未知,精装,52.0,1985.0,320.0
丰台,1室,北,无电梯,简装,58.0,2004.0,339.0
丰台,3室,东南,有电梯,精装,103.0,1996.0,550.0
丰台,3室,南北,有电梯,简装,150.0,2009.0,950.0
丰台,3室,南北,有电梯,精装,100.0,1998.0,543.0
丰台,3室,西南,有电梯,精装,139.0,2000.0,850.0
丰台,3室,南北,有电梯,简装,128.0,2007.0,574.0
丰台,3室,西北,有电梯,简装,94.0,1998.0,480.0
丰台,3室,西南,有电梯,精装,134.0,2004.0,725.0
丰台,4室,西北,有电梯,简装,130.0,2001.0,678.0
丰台,3室,东南,有电梯,精装,136.0,2007.0,700.0
丰台,1室,南北,有电梯,精装,58.0,1993.0,308.0
丰台,2室,南,无电梯,简装,53.0,1983.0,330.0
丰台,3室,西南,有电梯,简装,213.0,2004.0,950.0
丰台,2室,东西,有电梯,简装,80.0,2005.0,460.0
丰台,2室,南北,有电梯,精装,132.0,2003.0,930.0
丰台,2室,西南,有电梯,简装,110.0,2008.0,950.0
丰台,2室,东西,未知,简装,58.0,1986.0,410.0
丰台,4室,南北,有电梯,精装,155.0,2008.0,640.0
丰台,3室,南北,未知,简装,132.0,2000.0,630.0
丰台,2室,西南,有电梯,简装,65.0,2005.0,465.0
丰台,3室,南北,无电梯,精装,73.0,1980.0,430.0
丰台,3室,南北,无电梯,其他,130.0,2002.0,800.0
丰台,1室,南北,无电梯,简装,59.0,1994.0,320.0
丰台,3室,南北,无电梯,简装,66.0,1980.0,370.0
丰台,3室,南北,无电梯,简装,74.0,1993.0,400.0
丰台,3室,南北,有电梯,简装,98.0,2010.0,430.0
丰台,1室,南,未知,简装,62.0,2013.0,290.0
丰台,2室,西南,未知,简装,96.0,2006.0,512.0
丰台,2室,南,有电梯,简装,121.0,2004.0,535.0
丰台,1室,东,未知,精装,41.0,2012.0,290.0
丰台,1室,南,未知,精装,69.0,1995.0,380.0
丰台,3室,南北,有电梯,简装,116.0,2002.0,650.0
丰台,2室,东北,有电梯,简装,127.0,1999.0,610.0
丰台,3室,南北,未知,其他,108.0,1997.0,426.0
丰台,2室,西南,有电梯,其他,125.0,2002.0,600.0
丰台,3室,南北,无电梯,简装,80.0,1998.0,499.0
丰台,1室,东北,有电梯,精装,48.0,2004.0,300.0
丰台,3室,南,未知,精装,116.0,2001.0,699.0
丰台,1室,北,未知,精装,55.0,2007.0,265.0
丰台,2室,东南,无电梯,其他,101.0,1998.0,585.0
丰台,2室,南,有电梯,精装,98.0,2010.0,650.0
丰台,2室,南北,有电梯,精装,113.0,2004.0,590.0
丰台,3室,南北,有电梯,其他,102.0,2007.0,580.0
丰台,1室,东南,有电梯,其他,47.0,1993.0,300.0
丰台,2室,东,有电梯,简装,74.0,1998.0,420.0
丰台,3室,南北,有电梯,精装,151.0,2009.0,1025.0
丰台,3室,南北,无电梯,简装,133.0,2004.0,580.0
丰台,3室,西北,有电梯,精装,138.0,2001.0,772.0
丰台,2室,南北,无电梯,简装,85.0,2005.0,548.0
丰台,2室,东西,无电梯,简装,78.0,2000.0,446.0
丰台,3室,东南,有电梯,精装,148.0,2001.0,900.0
丰台,3室,东北,有电梯,精装,116.0,2000.0,580.0
丰台,3室,东南,有电梯,简装,171.0,2001.0,960.0
丰台,2室,东西,无电梯,简装,79.0,1999.0,450.0
丰台,1室,东,未知,其他,64.0,2010.0,299.0
丰台,2室,南北,无电梯,简装,93.0,2001.0,440.0
丰台,3室,西北,未知,简装,114.0,2000.0,635.0
丰台,2室,西南,无电梯,简装,74.0,2002.0,325.0
丰台,3室,西南,无电梯,精装,104.0,1998.0,550.0
丰台,2室,南北,无电梯,精装,92.0,2002.0,460.0
丰台,3室,西南,有电梯,简装,137.0,2003.0,800.0
丰台,2室,西,有电梯,精装,92.0,2003.0,750.0
丰台,3室,西南,有电梯,简装,135.0,2002.0,745.0
丰台,3室,东南,有电梯,精装,130.0,2003.0,1100.0
丰台,3室,东南,无电梯,精装,143.0,2002.0,900.0
丰台,2室,南北,无电梯,简装,89.0,1995.0,380.0
丰台,2室,东南,有电梯,简装,90.0,1995.0,435.0
丰台,2室,南北,有电梯,简装,133.0,2002.0,733.0
丰台,3室,东北,有电梯,精装,150.0,2002.0,820.0
丰台,2室,南,有电梯,精装,145.0,2002.0,729.0
丰台,3室,东南,有电梯,简装,145.0,2001.0,880.0
丰台,3室,东南,有电梯,简装,126.0,1998.0,600.0
丰台,2室,南北,无电梯,精装,56.0,1996.0,355.0
丰台,3室,南北,未知,简装,81.0,1993.0,450.0
丰台,2室,东南,无电梯,简装,87.0,1990.0,395.0
丰台,2室,南北,无电梯,精装,68.0,1995.0,445.0
丰台,2室,西南,有电梯,简装,95.0,2005.0,510.0
丰台,2室,南北,无电梯,简装,98.0,2008.0,530.0
丰台,2室,南,有电梯,精装,88.0,2007.0,400.0
丰台,2室,北,未知,简装,90.0,2005.0,510.0
丰台,3室,东南,有电梯,其他,135.0,1999.0,635.0
丰台,2室,南北,未知,简装,67.0,1990.0,370.0
丰台,3室,东北,未知,精装,150.0,2002.0,850.0
丰台,2室,西南,有电梯,精装,109.0,2000.0,680.0
丰台,2室,南北,无电梯,简装,65.0,1980.0,273.0
丰台,2室,东西,有电梯,精装,121.0,2003.0,610.0
丰台,2室,西南,未知,简装,91.0,2003.0,485.0
丰台,2室,东西,无电梯,简装,77.0,2000.0,430.0
丰台,2室,西南,有电梯,简装,94.0,2007.0,390.0
丰台,2室,东西,有电梯,精装,106.0,2007.0,425.0
丰台,3室,南北,无电梯,简装,119.0,2000.0,500.0
丰台,2室,东南,有电梯,简装,85.0,2007.0,370.0
丰台,3室,南西,有电梯,简装,150.0,2002.0,827.0
丰台,3室,西南,有电梯,简装,69.0,1993.0,480.0
丰台,3室,东南,有电梯,简装,133.0,2005.0,780.0
丰台,2室,东西,无电梯,精装,66.0,1997.0,420.0
丰台,2室,南北,有电梯,其他,90.0,2005.0,471.0
丰台,3室,西北,有电梯,精装,113.0,2000.0,755.0
丰台,2室,东南,有电梯,其他,89.0,2001.0,500.0
丰台,2室,东北,有电梯,精装,102.0,2007.0,560.0
丰台,2室,南北,无电梯,简装,69.0,2000.0,450.0
丰台,2室,东南,有电梯,简装,104.0,2004.0,550.0
丰台,2室,西南,有电梯,精装,91.0,2006.0,540.0
丰台,3室,南北,有电梯,精装,151.0,2009.0,1025.0
丰台,3室,东北,有电梯,简装,131.0,2003.0,488.0
丰台,2室,东南,未知,精装,89.0,2010.0,590.0
丰台,2室,南,未知,简装,69.0,2008.0,305.0
丰台,1室,东北,有电梯,精装,67.0,2007.0,435.0
丰台,3室,东北,未知,简装,120.0,1995.0,490.0
丰台,6室,南北,无电梯,其他,179.0,2000.0,805.0
丰台,1室,西,有电梯,精装,54.0,2011.0,408.0
丰台,1室,南北,有电梯,简装,67.0,2005.0,360.0
丰台,2室,南北,无电梯,简装,56.0,1993.0,390.0
丰台,1室,东,未知,简装,49.0,2004.0,246.0
丰台,3室,东西,无电梯,精装,163.0,1997.0,980.0
丰台,1室,西北,有电梯,其他,64.0,2004.0,425.0
丰台,1室,南,有电梯,精装,41.0,2001.0,307.0
丰台,1室,东,有电梯,简装,66.0,2000.0,359.0
丰台,1室,东南,有电梯,其他,59.0,2001.0,420.0
丰台,2室,南,有电梯,精装,118.0,2008.0,1000.0
丰台,3室,东西,无电梯,简装,64.0,1988.0,387.0
丰台,3室,南北,未知,简装,87.0,2010.0,370.0
丰台,3室,南,有电梯,其他,115.0,2002.0,630.0
丰台,2室,南北,未知,精装,89.0,2017.0,595.0
丰台,2室,东南,未知,精装,87.0,2014.0,557.0
丰台,3室,东南,有电梯,简装,74.0,1990.0,439.0
丰台,3室,南北,未知,简装,68.0,1992.0,278.0
丰台,2室,西南,有电梯,精装,91.0,2005.0,547.0
丰台,3室,南北,无电梯,精装,140.0,2006.0,925.0
丰台,2室,东南,未知,简装,62.0,1992.0,360.0
丰台,2室,西南,有电梯,简装,107.0,2002.0,550.0
丰台,3室,东南,未知,精装,159.0,2007.0,1150.0
丰台,3室,西,有电梯,精装,117.0,2003.0,710.0
丰台,2室,南北,无电梯,精装,68.0,1995.0,445.0
丰台,3室,西南,有电梯,精装,158.0,2002.0,948.0
丰台,2室,东南,有电梯,其他,114.0,2001.0,540.0
丰台,2室,南,无电梯,简装,60.0,1999.0,363.0
丰台,2室,东南,未知,简装,93.0,1998.0,447.0
丰台,3室,西南,有电梯,精装,130.0,2003.0,915.0
丰台,2室,南北,有电梯,精装,59.0,1996.0,450.0
丰台,3室,西南,有电梯,简装,136.0,2001.0,816.0
丰台,3室,东南,有电梯,精装,176.0,2002.0,850.0
丰台,2室,南,有电梯,简装,88.0,2004.0,423.0
丰台,3室,西南,有电梯,精装,156.0,2001.0,950.0
丰台,3室,南北,无电梯,简装,82.0,1998.0,478.0
丰台,2室,东南,有电梯,简装,92.0,2002.0,688.0
丰台,3室,南,无电梯,精装,122.0,2001.0,628.0
丰台,3室,东南,有电梯,简装,139.0,2002.0,660.0
丰台,3室,东西,有电梯,精装,123.0,2001.0,790.0
丰台,3室,东南,有电梯,简装,163.0,2002.0,825.0
丰台,1室,东南,有电梯,其他,51.0,2012.0,245.0
丰台,1室,西南,有电梯,其他,52.0,2012.0,245.0
丰台,2室,南北,有电梯,精装,87.0,2005.0,504.0
丰台,2室,西北,有电梯,其他,98.0,2005.0,530.0
丰台,2室,东南,有电梯,简装,86.0,2003.0,338.0
丰台,3室,南北,无电梯,精装,88.0,1996.0,570.0
丰台,2室,南北,未知,精装,91.0,2001.0,430.0
丰台,2室,西,有电梯,简装,82.0,2000.0,432.0
丰台,3室,西北,未知,其他,115.0,2009.0,510.0
丰台,2室,南北,无电梯,精装,76.0,1999.0,430.0
丰台,2室,东南,有电梯,简装,97.0,2006.0,635.0
丰台,2室,东西,有电梯,简装,73.0,1996.0,366.0
丰台,3室,西南,有电梯,简装,103.0,1995.0,467.0
丰台,2室,西南,有电梯,精装,112.0,2004.0,616.0
丰台,2室,东南,未知,精装,89.0,2010.0,590.0
丰台,3室,南北,有电梯,简装,151.0,2008.0,1220.0
丰台,2室,南北,有电梯,简装,129.0,2006.0,760.0
丰台,3室,南北,有电梯,精装,119.0,2004.0,580.0
丰台,3室,东北,有电梯,简装,81.0,1990.0,435.0
丰台,2室,南,无电梯,简装,78.0,1990.0,416.0
丰台,3室,南北,有电梯,简装,112.0,1998.0,630.0
丰台,2室,南北,无电梯,精装,63.0,1990.0,330.0
丰台,2室,西北,有电梯,精装,61.0,1990.0,342.0
丰台,2室,南北,无电梯,简装,54.0,1991.0,273.0
丰台,3室,西南,有电梯,精装,86.0,1989.0,570.0
丰台,1室,北,未知,简装,55.0,2003.0,290.0
丰台,1室,西南,未知,精装,43.0,1995.0,255.0
丰台,2室,南北,未知,简装,60.0,1992.0,258.0
丰台,3室,东南,有电梯,精装,119.0,2015.0,748.0
丰台,2室,南北,无电梯,简装,56.0,1990.0,365.0
丰台,1室,东北,有电梯,精装,82.0,2007.0,560.0
丰台,2室,东南,无电梯,精装,60.0,1993.0,335.0
丰台,2室,南,有电梯,精装,95.0,2002.0,520.0
丰台,2室,南北,有电梯,毛坯,90.0,2011.0,515.0
丰台,2室,南北,无电梯,精装,58.0,1993.0,318.0
丰台,3室,东南,未知,其他,93.0,2015.0,450.0
丰台,2室,南北,未知,精装,88.0,2014.0,550.0
丰台,3室,东西,有电梯,精装,112.0,2006.0,780.0
丰台,1室,东,未知,简装,50.0,1996.0,265.0
丰台,1室,南,未知,毛坯,44.0,1995.0,260.0
丰台,1室,北,未知,精装,68.0,2008.0,560.0
丰台,1室,西南,未知,简装,101.0,2002.0,600.0
丰台,2室,南,有电梯,简装,104.0,2008.0,460.0
丰台,3室,南北,无电梯,简装,68.0,1990.0,320.0
丰台,3室,南北,有电梯,简装,131.0,2002.0,749.0
丰台,3室,东北,无电梯,简装,91.0,1996.0,460.0
丰台,2室,西北,有电梯,简装,127.0,1999.0,598.0
丰台,4室,西北,有电梯,简装,178.0,2001.0,670.0
丰台,1室,南,有电梯,精装,55.0,2005.0,358.0
丰台,3室,南北,有电梯,精装,134.0,2012.0,960.0
丰台,3室,西北,有电梯,简装,92.0,1996.0,425.0
丰台,2室,东北,有电梯,精装,81.0,2010.0,540.0
丰台,1室,东,有电梯,精装,84.0,2010.0,400.0
丰台,2室,南北,无电梯,精装,54.0,1993.0,360.0
丰台,1室,东,无电梯,简装,46.0,1994.0,242.0
丰台,2室,南北,有电梯,简装,75.0,1999.0,500.0
丰台,2室,南北,未知,精装,115.0,2009.0,750.0
丰台,3室,西南,未知,精装,93.0,2015.0,439.0
丰台,2室,西南,有电梯,简装,74.0,1980.0,481.0
丰台,3室,东南,未知,简装,73.0,1998.0,385.0
丰台,1室,东南,有电梯,精装,75.0,2007.0,397.0
丰台,2室,东西,未知,精装,70.0,2000.0,420.0
丰台,3室,南,有电梯,简装,78.0,1992.0,505.0
丰台,2室,南北,未知,毛坯,50.0,1995.0,320.0
丰台,2室,南北,无电梯,简装,54.0,1991.0,273.0
丰台,3室,东北,有电梯,简装,81.0,1990.0,435.0
丰台,3室,南北,有电梯,精装,119.0,2004.0,580.0
丰台,2室,南,无电梯,简装,78.0,1990.0,416.0
丰台,2室,南北,无电梯,精装,63.0,1990.0,330.0
丰台,2室,南北,有电梯,精装,113.0,2004.0,717.0
丰台,3室,南北,未知,精装,148.0,2006.0,1060.0
丰台,2室,西北,有电梯,精装,61.0,1990.0,342.0
丰台,3室,东北,有电梯,简装,81.0,1998.0,440.0
丰台,2室,南北,未知,其他,62.0,1998.0,348.0
丰台,1室,北,有电梯,简装,55.0,2005.0,335.0
丰台,2室,南北,无电梯,简装,58.0,1992.0,328.0
丰台,2室,南北,未知,精装,90.0,2005.0,515.0
丰台,3室,东南,有电梯,其他,92.0,1990.0,593.0
丰台,2室,西,未知,简装,68.0,1998.0,408.0
丰台,2室,南北,有电梯,简装,95.0,2003.0,390.0
丰台,3室,东北,有电梯,精装,120.0,2002.0,660.0
丰台,2室,西,未知,简装,91.0,2001.0,480.0
丰台,3室,南北,未知,简装,121.0,1998.0,680.0
丰台,1室,东,未知,精装,56.0,2005.0,305.0
丰台,2室,南北,有电梯,简装,101.0,2005.0,560.0
丰台,1室,南,有电梯,简装,69.0,2010.0,500.0
丰台,2室,南北,无电梯,简装,76.0,1999.0,430.0
丰台,1室,南,有电梯,简装,87.0,2003.0,415.0
丰台,2室,西北,未知,简装,66.0,2005.0,301.0
丰台,3室,南北,未知,简装,75.0,1995.0,520.0
丰台,2室,西北,未知,简装,90.0,2009.0,445.0
丰台,3室,南北,无电梯,精装,108.0,2006.0,615.0
丰台,2室,南,未知,精装,65.0,1993.0,450.0
丰台,2室,西南,未知,简装,110.0,2001.0,540.0
丰台,2室,东,有电梯,精装,62.0,2009.0,380.0
丰台,2室,西北,有电梯,其他,92.0,2002.0,550.0
丰台,2室,南,有电梯,简装,107.0,2005.0,610.0
丰台,2室,西南,有电梯,其他,97.0,2005.0,590.0
丰台,2室,西南,有电梯,精装,108.0,2002.0,545.0
丰台,3室,南北,有电梯,简装,115.0,2001.0,790.0
丰台,3室,西南,有电梯,简装,85.0,1997.0,375.0
丰台,3室,南北,未知,精装,90.0,2000.0,508.0
丰台,1室,北,有电梯,精装,48.0,2002.0,330.0
丰台,3室,西北,有电梯,简装,123.0,2005.0,555.0
丰台,3室,南,有电梯,精装,117.0,2005.0,660.0
丰台,2室,东西,无电梯,精装,104.0,2001.0,533.0
丰台,3室,南北,无电梯,简装,118.0,2005.0,698.0
丰台,2室,南,有电梯,精装,100.0,2007.0,830.0
丰台,3室,南北,有电梯,简装,115.0,1997.0,680.0
丰台,3室,东南,无电梯,简装,129.0,2000.0,680.0
丰台,2室,南,未知,精装,92.0,2009.0,783.0
丰台,3室,南西,未知,简装,120.0,2009.0,535.0
丰台,1室,东北,有电梯,其他,61.0,2004.0,245.0
丰台,2室,南,有电梯,精装,99.0,2006.0,670.0
丰台,1室,西南,未知,简装,61.0,2006.0,390.0
丰台,3室,南北,无电梯,简装,68.0,1983.0,310.0
丰台,2室,西南,有电梯,简装,104.0,2003.0,590.0
丰台,3室,东西,有电梯,精装,89.0,1990.0,425.0
丰台,2室,南,有电梯,简装,103.0,2008.0,930.0
丰台,3室,南北,有电梯,精装,121.0,2007.0,889.0
丰台,2室,南北,无电梯,简装,97.0,2009.0,468.0
丰台,1室,南,无电梯,精装,45.0,1987.0,305.0
丰台,2室,南北,未知,其他,62.0,1998.0,348.0
丰台,2室,南北,无电梯,简装,58.0,1992.0,328.0
丰台,2室,南北,未知,精装,90.0,2005.0,515.0
丰台,2室,西南,未知,其他,93.0,1998.0,447.0
丰台,2室,南北,有电梯,精装,89.0,2009.0,610.0
丰台,2室,西南,无电梯,精装,69.0,1990.0,380.0
丰台,2室,南北,有电梯,简装,95.0,2003.0,390.0
丰台,2室,南北,有电梯,精装,116.0,2001.0,700.0
丰台,3室,西北,有电梯,简装,118.0,2005.0,530.0
丰台,3室,东南,有电梯,其他,92.0,1990.0,593.0
丰台,2室,西,未知,简装,68.0,1998.0,408.0
丰台,2室,西南,有电梯,简装,96.0,2003.0,510.0
丰台,3室,南北,未知,精装,94.0,2012.0,670.0
丰台,2室,东南,未知,精装,109.0,2002.0,700.0
丰台,1室,南,未知,其他,63.0,2004.0,440.0
丰台,2室,南北,未知,精装,100.0,2002.0,600.0
丰台,1室,东南,有电梯,精装,44.0,2008.0,235.0
丰台,1室,北,有电梯,精装,31.0,2005.0,240.0
丰台,1室,南,有电梯,其他,60.0,2013.0,328.0
丰台,2室,南北,未知,简装,58.0,1994.0,270.0
丰台,3室,南北,无电梯,简装,91.0,1994.0,560.0
丰台,1室,北,有电梯,精装,57.0,2004.0,335.0
丰台,4室,南北,有电梯,精装,142.0,2011.0,1380.0
丰台,1室,西北,有电梯,精装,60.0,2008.0,510.0
丰台,1室,东,未知,精装,46.0,2012.0,295.0
丰台,1室,北,未知,精装,59.0,2003.0,438.0
丰台,1室,北,未知,精装,67.0,2007.0,425.0
丰台,2室,南北,无电梯,简装,97.0,2003.0,465.0
丰台,3室,南北,无电梯,简装,139.0,2001.0,700.0
丰台,2室,东,有电梯,精装,101.0,2004.0,485.0
丰台,2室,东,有电梯,精装,84.0,1998.0,463.0
丰台,3室,南北,无电梯,简装,76.0,1986.0,400.0
丰台,2室,西北,有电梯,其他,94.0,2005.0,540.0
丰台,2室,南北,无电梯,其他,91.0,2001.0,410.0
丰台,3室,南北,有电梯,精装,150.0,2009.0,950.0
丰台,1室,东,有电梯,精装,50.0,2004.0,350.0
丰台,2室,南北,无电梯,简装,57.0,1992.0,385.0
丰台,3室,东南,有电梯,精装,156.0,2005.0,1000.0
丰台,1室,北,有电梯,简装,61.0,2008.0,498.0
丰台,2室,东西,无电梯,精装,104.0,2001.0,533.0
丰台,1室,北,有电梯,精装,44.0,2004.0,316.0
丰台,1室,西,有电梯,精装,76.0,2006.0,464.0
丰台,2室,西北,未知,其他,88.0,2007.0,349.0
丰台,3室,南北,无电梯,简装,129.0,2000.0,710.0
丰台,2室,西南,有电梯,简装,106.0,2001.0,550.0
丰台,4室,南北,无电梯,精装,181.0,2002.0,650.0
丰台,3室,西北,有电梯,简装,97.0,1997.0,580.0
丰台,2室,南北,未知,其他,59.0,1996.0,415.0
丰台,2室,西北,有电梯,简装,89.0,2004.0,495.0
丰台,3室,南北,无电梯,精装,75.0,1990.0,490.0
丰台,3室,南北,有电梯,简装,136.0,2004.0,820.0
丰台,2室,南北,未知,简装,85.0,2011.0,600.0
丰台,2室,南北,无电梯,简装,57.0,1980.0,338.0
丰台,3室,东南,有电梯,精装,116.0,2006.0,600.0
丰台,2室,东南,有电梯,简装,101.0,2000.0,578.0
丰台,2室,南北,有电梯,精装,90.0,2004.0,440.0
丰台,2室,西北,未知,其他,13.0,2004.0,385.0
丰台,2室,南北,无电梯,简装,68.0,1997.0,385.0
丰台,2室,西南,未知,精装,97.0,2006.0,630.0
丰台,3室,南北,未知,精装,135.0,2006.0,900.0
丰台,2室,南北,有电梯,简装,91.0,2005.0,619.0
丰台,2室,南北,无电梯,精装,93.0,2005.0,590.0
丰台,3室,西南,无电梯,精装,74.0,1995.0,412.0
丰台,2室,南北,无电梯,精装,92.0,2002.0,420.0
丰台,2室,东西,无电梯,精装,79.0,1999.0,435.0
丰台,3室,南北,无电梯,简装,120.0,2000.0,485.0
丰台,3室,南北,无电梯,简装,126.0,2000.0,780.0
丰台,2室,南,未知,简装,88.0,2000.0,510.0
丰台,2室,东南,未知,精装,109.0,2002.0,700.0
丰台,3室,南北,未知,精装,94.0,2012.0,670.0
丰台,2室,南,有电梯,简装,91.0,2005.0,390.0
丰台,2室,东南,未知,其他,98.0,2003.0,499.0
丰台,3室,南北,未知,精装,150.0,2007.0,1037.0
丰台,2室,南北,无电梯,精装,80.0,1999.0,560.0
丰台,2室,东西,有电梯,精装,84.0,1998.0,440.0
丰台,2室,西,有电梯,其他,108.0,2003.0,650.0
丰台,3室,东南,无电梯,简装,147.0,2001.0,735.0
丰台,2室,西南,有电梯,简装,106.0,2001.0,550.0
丰台,1室,北,有电梯,精装,44.0,2004.0,316.0
丰台,3室,南北,无电梯,简装,123.0,1998.0,650.0
丰台,2室,西南,有电梯,精装,99.0,2003.0,518.0
丰台,2室,东西,未知,精装,91.0,2003.0,450.0
丰台,3室,南北,无电梯,简装,129.0,2000.0,710.0
丰台,1室,西,有电梯,精装,76.0,2006.0,464.0
丰台,2室,西北,未知,其他,88.0,2007.0,349.0
丰台,4室,南北,无电梯,精装,181.0,2002.0,650.0
丰台,2室,西南,有电梯,简装,101.0,2004.0,610.0
丰台,2室,西北,未知,精装,87.0,1995.0,355.0
丰台,2室,南北,未知,其他,59.0,1996.0,415.0
丰台,3室,南北,有电梯,简装,136.0,2004.0,820.0
丰台,3室,西北,有电梯,简装,97.0,1997.0,580.0
丰台,2室,西南,有电梯,精装,112.0,2002.0,596.0
丰台,3室,东南,无电梯,简装,106.0,2001.0,570.0
丰台,2室,东南,有电梯,其他,103.0,1998.0,535.0
丰台,2室,东西,有电梯,简装,78.0,1999.0,315.0
丰台,1室,南,无电梯,其他,42.0,1992.0,265.0
丰台,2室,南,无电梯,精装,59.0,1992.0,385.0
丰台,2室,东北,有电梯,精装,100.0,2007.0,500.0
丰台,2室,南,无电梯,简装,112.0,2004.0,560.0
丰台,3室,西北,有电梯,简装,94.0,1998.0,510.0
丰台,3室,东北,未知,精装,143.0,2003.0,566.0
丰台,2室,西北,有电梯,精装,118.0,2000.0,630.0
丰台,3室,南北,未知,精装,90.0,2010.0,680.0
丰台,3室,南,未知,精装,121.0,2006.0,695.0
丰台,2室,西南,有电梯,简装,61.0,1993.0,350.0
丰台,1室,南,有电梯,简装,40.0,2004.0,300.0
丰台,2室,南北,有电梯,简装,100.0,2005.0,480.0
丰台,3室,南北,无电梯,其他,69.0,1988.0,299.0
丰台,2室,东南,有电梯,简装,102.0,2004.0,550.0
丰台,2室,南北,有电梯,精装,93.0,2004.0,525.0
丰台,2室,东北,有电梯,精装,93.0,2000.0,410.0
丰台,2室,南,有电梯,精装,89.0,2010.0,435.0
丰台,2室,南北,有电梯,毛坯,74.0,1995.0,399.0
丰台,2室,东西,无电梯,其他,59.0,1999.0,300.0
丰台,2室,西南,未知,其他,72.0,1997.0,317.0
丰台,2室,南,有电梯,其他,100.0,2002.0,620.0
丰台,3室,南北,未知,其他,66.0,1980.0,350.0
丰台,2室,南北,未知,精装,59.0,1991.0,290.0
丰台,2室,西,有电梯,其他,90.0,2000.0,495.0
丰台,2室,西南,未知,其他,74.0,1995.0,450.0
丰台,3室,南北,无电梯,精装,93.0,1998.0,539.0
丰台,2室,南北,有电梯,简装,68.0,2009.0,375.0
丰台,2室,南北,无电梯,简装,54.0,1993.0,375.0
丰台,3室,南北,未知,精装,173.0,2006.0,1250.0
丰台,2室,南北,无电梯,精装,58.0,1993.0,323.0
丰台,2室,南北,未知,精装,90.0,2012.0,650.0
丰台,2室,西北,未知,简装,95.0,2006.0,530.0
丰台,2室,南,有电梯,简装,91.0,2005.0,390.0
丰台,2室,南北,无电梯,精装,75.0,2000.0,380.0
丰台,3室,南北,无电梯,精装,110.0,1999.0,548.0
丰台,1室,东北,有电梯,简装,53.0,2008.0,400.0
丰台,4室,南北,有电梯,简装,248.0,2001.0,1500.0
丰台,1室,南北,无电梯,简装,65.0,1998.0,375.0
丰台,2室,东,有电梯,简装,96.0,2002.0,598.0
丰台,2室,南北,无电梯,精装,52.0,1989.0,350.0
丰台,1室,西北,有电梯,精装,52.0,2002.0,325.0
丰台,2室,西北,有电梯,简装,88.0,2001.0,415.0
丰台,1室,西北,有电梯,精装,68.0,2007.0,335.0
丰台,2室,东南,有电梯,简装,80.0,2001.0,530.0
丰台,3室,南北,无电梯,其他,136.0,2000.0,730.0
丰台,1室,西,有电梯,简装,57.0,1998.0,305.0
丰台,1室,西,有电梯,简装,53.0,2006.0,275.0
丰台,2室,南北,无电梯,简装,58.0,1990.0,379.0
丰台,2室,东西,未知,简装,65.0,1992.0,330.0
丰台,1室,东西,无电梯,精装,54.0,1995.0,265.0
丰台,1室,南北,有电梯,简装,76.0,2007.0,310.0
丰台,1室,北,无电梯,其他,38.0,1996.0,255.0
丰台,2室,西南,有电梯,简装,89.0,2002.0,405.0
丰台,3室,西南,无电梯,简装,77.0,1998.0,320.0
丰台,2室,西南,有电梯,精装,173.0,2006.0,625.0
丰台,2室,东南,无电梯,其他,60.0,1996.0,425.0
丰台,2室,东南,有电梯,其他,94.0,2006.0,590.0
丰台,2室,西南,有电梯,简装,100.0,2006.0,570.0
丰台,3室,东南,无电梯,精装,95.0,1994.0,460.0
丰台,2室,东西,未知,简装,61.0,1998.0,350.0
丰台,3室,东西,有电梯,其他,95.0,2000.0,510.0
丰台,3室,南北,未知,精装,90.0,2010.0,680.0
丰台,2室,西,有电梯,简装,80.0,2003.0,430.0
丰台,3室,西南,未知,精装,115.0,2004.0,655.0
丰台,3室,西南,有电梯,精装,124.0,2003.0,580.0
丰台,1室,北,有电梯,精装,71.0,2008.0,460.0
丰台,3室,东南,未知,简装,140.0,2004.0,820.0
丰台,2室,南,有电梯,其他,88.0,2004.0,486.0
丰台,2室,东西,有电梯,简装,117.0,2007.0,850.0
丰台,2室,南,有电梯,简装,100.0,2007.0,800.0
丰台,2室,东西,无电梯,简装,58.0,1996.0,258.0
丰台,2室,南北,无电梯,简装,57.0,1990.0,270.0
丰台,2室,东南,有电梯,其他,99.0,2000.0,628.0
丰台,3室,南北,无电梯,简装,68.0,1990.0,439.0
丰台,1室,西,有电梯,精装,64.0,1999.0,325.0
丰台,1室,西,有电梯,精装,66.0,2004.0,329.0
丰台,2室,南,未知,其他,92.0,2006.0,639.0
丰台,1室,东,未知,简装,64.0,2000.0,366.0
丰台,1室,东南,有电梯,简装,66.0,2002.0,390.0
丰台,1室,南,未知,简装,39.0,1980.0,241.0
丰台,1室,南北,无电梯,精装,44.0,1995.0,240.0
丰台,1室,东北,有电梯,精装,68.0,2006.0,436.0
丰台,1室,东,有电梯,精装,48.0,2006.0,327.0
丰台,1室,南,未知,精装,43.0,1996.0,255.0
丰台,1室,西,有电梯,精装,44.0,2012.0,315.0
丰台,1室,东,有电梯,简装,59.0,2003.0,310.0
丰台,1室,东南,未知,精装,74.0,2007.0,425.0
丰台,1室,北,未知,精装,62.0,2004.0,395.0
丰台,2室,东南,未知,简装,89.0,2005.0,502.0
丰台,1室,西北,未知,简装,52.0,2004.0,353.0
丰台,1室,南,未知,精装,68.0,2005.0,308.0
丰台,1室,西,未知,精装,70.0,2010.0,380.0
丰台,1室,南,无电梯,精装,43.0,1996.0,262.0
丰台,3室,南北,无电梯,简装,140.0,2002.0,770.0
丰台,2室,南北,无电梯,精装,58.0,1985.0,320.0
丰台,2室,南,无电梯,精装,122.0,2000.0,545.0
丰台,3室,东北,有电梯,精装,96.0,1999.0,565.0
丰台,3室,南北,未知,简装,88.0,2010.0,458.0
丰台,2室,西南,有电梯,精装,65.0,1990.0,453.0
丰台,2室,东南,有电梯,简装,88.0,2006.0,598.0
丰台,3室,西南,未知,简装,154.0,2001.0,898.0
丰台,2室,南北,有电梯,精装,92.0,2005.0,538.0
丰台,2室,东西,无电梯,简装,58.0,1990.0,262.0
丰台,3室,东西,无电梯,简装,80.0,2006.0,1200.0
丰台,3室,南北,无电梯,精装,182.0,2006.0,900.0
丰台,3室,南北,未知,简装,123.0,2003.0,660.0
丰台,2室,东南,有电梯,精装,101.0,2000.0,580.0
丰台,2室,西南,有电梯,精装,89.0,1990.0,446.0
丰台,2室,北,有电梯,简装,109.0,2000.0,510.0
丰台,3室,南北,未知,精装,161.0,2007.0,1300.0
丰台,5室,南北,无电梯,简装,216.0,2002.0,1190.0
丰台,2室,南北,未知,简装,97.0,2005.0,530.0
丰台,3室,西南,有电梯,精装,144.0,2004.0,830.0
丰台,2室,南北,无电梯,简装,97.0,2004.0,500.0
丰台,2室,南,无电梯,精装,78.0,2006.0,390.0
丰台,3室,东南,有电梯,简装,158.0,2002.0,900.0
丰台,3室,西南,有电梯,简装,120.0,2005.0,610.0
丰台,2室,南北,无电梯,简装,57.0,1990.0,270.0
丰台,3室,东南,未知,简装,140.0,2004.0,820.0
丰台,2室,南,有电梯,其他,88.0,2004.0,486.0
丰台,3室,西南,有电梯,精装,124.0,2003.0,580.0
丰台,1室,北,有电梯,精装,71.0,2008.0,460.0
丰台,1室,东,有电梯,其他,46.0,1991.0,290.0
丰台,1室,东南,未知,简装,49.0,1993.0,305.0
丰台,1室,东,未知,简装,63.0,1995.0,360.0
丰台,1室,西,有电梯,精装,76.0,2003.0,410.0
丰台,1室,西南,有电梯,精装,47.0,1989.0,320.0
丰台,1室,西南,有电梯,简装,72.0,2001.0,400.0
丰台,1室,东南,未知,简装,62.0,2003.0,388.0
丰台,3室,南北,未知,简装,117.0,2005.0,697.0
丰台,2室,南北,未知,精装,80.0,2013.0,388.0
丰台,3室,南北,有电梯,简装,237.0,2004.0,1100.0
丰台,3室,南北,有电梯,精装,121.0,2010.0,1056.0
丰台,4室,东南,有电梯,简装,208.0,2000.0,1120.0
丰台,2室,东西,有电梯,简装,77.0,2005.0,430.0
丰台,3室,南北,无电梯,精装,130.0,2001.0,650.0
丰台,2室,西南,有电梯,简装,80.0,2000.0,495.0
丰台,1室,北,有电梯,简装,80.0,2001.0,468.0
丰台,2室,南,有电梯,精装,94.0,2005.0,460.0
丰台,3室,南北,有电梯,简装,90.0,1999.0,550.0
丰台,3室,南北,无电梯,简装,71.0,1998.0,440.0
丰台,2室,西南,有电梯,精装,104.0,2002.0,620.0
丰台,3室,南,未知,精装,203.0,2008.0,1450.0
丰台,2室,东西,有电梯,精装,108.0,2004.0,560.0
丰台,3室,西南,有电梯,简装,130.0,2002.0,990.0
丰台,2室,南,无电梯,精装,122.0,2000.0,545.0
丰台,3室,南北,未知,精装,128.0,2002.0,630.0
丰台,4室,东南,有电梯,精装,183.0,2003.0,1000.0
丰台,3室,东,有电梯,精装,117.0,2001.0,760.0
丰台,3室,南北,无电梯,简装,173.0,2002.0,655.0
丰台,2室,南北,无电梯,简装,79.0,1986.0,420.0
丰台,3室,南北,有电梯,简装,163.0,2005.0,1100.0
丰台,1室,南北,无电梯,简装,69.0,2004.0,420.0
丰台,3室,东北,未知,简装,129.0,2003.0,770.0
丰台,2室,东西,有电梯,简装,72.0,2003.0,355.0
丰台,2室,西南,有电梯,精装,102.0,2004.0,580.0
丰台,2室,东北,未知,精装,91.0,2006.0,550.0
丰台,2室,西南,有电梯,简装,123.0,2002.0,680.0
丰台,3室,西南,有电梯,精装,114.0,2000.0,800.0
丰台,2室,南,有电梯,精装,65.0,2011.0,430.0
丰台,2室,东,未知,简装,92.0,2002.0,560.0
丰台,2室,东,有电梯,精装,103.0,2005.0,630.0
丰台,3室,西南,有电梯,简装,119.0,2005.0,608.0
丰台,3室,东北,未知,精装,82.0,1998.0,450.0
丰台,3室,南北,有电梯,简装,124.0,2006.0,650.0
丰台,3室,东南,有电梯,精装,145.0,2002.0,840.0
丰台,3室,东北,有电梯,精装,126.0,2000.0,750.0
丰台,3室,南北,有电梯,精装,143.0,2005.0,1000.0
丰台,2室,西北,有电梯,精装,118.0,2000.0,638.0
丰台,2室,南,有电梯,其他,93.0,2004.0,369.0
丰台,2室,东南,有电梯,其他,98.0,2004.0,380.0
丰台,3室,南北,有电梯,简装,169.0,2005.0,950.0
丰台,2室,南北,无电梯,简装,88.0,2000.0,510.0
丰台,2室,南北,未知,简装,59.0,1993.0,335.0
丰台,3室,东西,未知,精装,95.0,1999.0,530.0
丰台,2室,南北,未知,简装,87.0,2002.0,454.0
丰台,2室,南,有电梯,简装,103.0,2004.0,510.0
丰台,1室,东南,有电梯,精装,43.0,2008.0,239.0
丰台,3室,南北,无电梯,简装,183.0,2006.0,940.0
丰台,3室,东南,未知,精装,108.0,2006.0,595.0
丰台,3室,南北,未知,精装,151.0,2006.0,1380.0
丰台,2室,南,未知,其他,89.0,2010.0,450.0
丰台,2室,东西,有电梯,精装,94.0,2006.0,620.0
丰台,2室,西南,有电梯,简装,94.0,2002.0,475.0
丰台,4室,南北,无电梯,简装,133.0,2000.0,510.0
丰台,3室,东西,有电梯,精装,145.0,2007.0,750.0
丰台,2室,北,有电梯,精装,74.0,2008.0,470.0
丰台,4室,南北,有电梯,毛坯,155.0,2008.0,610.0
丰台,2室,东北,无电梯,精装,50.0,1989.0,257.0
丰台,1室,东北,有电梯,精装,60.0,2008.0,510.0
丰台,1室,南,无电梯,精装,63.0,1996.0,320.0
丰台,3室,东北,未知,精装,142.0,2000.0,620.0
丰台,4室,南,有电梯,精装,258.0,2003.0,1800.0
丰台,1室,南,有电梯,简装,58.0,2008.0,405.0
丰台,1室,东南,有电梯,简装,65.0,1990.0,286.0
丰台,1室,北,有电梯,其他,49.0,2004.0,300.0
丰台,1室,南,有电梯,简装,76.0,2008.0,645.0
丰台,1室,西,有电梯,简装,47.0,2004.0,305.0
丰台,2室,东南,有电梯,精装,94.0,2008.0,425.0
丰台,3室,南北,无电梯,简装,88.0,1996.0,453.0
丰台,1室,南,有电梯,简装,70.0,2004.0,337.0
丰台,2室,南北,无电梯,精装,96.0,2005.0,500.0
丰台,3室,南北,有电梯,精装,130.0,2006.0,872.0
丰台,1室,东,无电梯,简装,57.0,2001.0,360.0
丰台,3室,南北,有电梯,精装,131.0,2006.0,790.0
丰台,2室,西北,有电梯,简装,81.0,2005.0,550.0
丰台,3室,南北,未知,精装,144.0,2002.0,650.0
丰台,1室,南北,无电梯,其他,75.0,2002.0,370.0
丰台,3室,南北,未知,毛坯,56.0,1985.0,336.0
丰台,3室,西南,有电梯,精装,101.0,2003.0,620.0
丰台,2室,南北,无电梯,简装,78.0,2000.0,500.0
丰台,3室,东南,有电梯,其他,129.0,2004.0,850.0
丰台,2室,西南,有电梯,其他,97.0,1994.0,585.0
丰台,3室,南北,有电梯,精装,117.0,2005.0,800.0
丰台,2室,南北,有电梯,精装,95.0,2005.0,730.0
丰台,3室,南北,无电梯,精装,68.0,1990.0,444.0
丰台,2室,南北,无电梯,精装,71.0,1993.0,403.0
丰台,2室,西北,无电梯,简装,53.0,1999.0,237.0
丰台,3室,南北,有电梯,精装,130.0,2006.0,698.0
丰台,3室,南北,无电梯,简装,65.0,1995.0,410.0
丰台,2室,南北,无电梯,简装,101.0,2000.0,478.0
丰台,2室,西南,有电梯,精装,104.0,2003.0,540.0
丰台,2室,东西,有电梯,精装,108.0,2004.0,540.0
丰台,2室,南北,无电梯,简装,56.0,1996.0,358.0
丰台,3室,东北,有电梯,简装,139.0,2000.0,720.0
丰台,2室,南,有电梯,精装,135.0,2005.0,780.0
丰台,3室,南北,有电梯,简装,81.0,2000.0,405.0
丰台,3室,南,有电梯,简装,91.0,1998.0,470.0
丰台,2室,西南,有电梯,简装,74.0,2006.0,480.0
丰台,2室,东西,无电梯,简装,103.0,2002.0,480.0
丰台,2室,西南,有电梯,精装,95.0,2001.0,570.0
丰台,3室,南北,有电梯,简装,112.0,2002.0,640.0
丰台,3室,东南,无电梯,精装,75.0,1989.0,499.9
丰台,3室,西北,有电梯,精装,115.0,1997.0,670.0
丰台,3室,西北,有电梯,精装,114.0,2008.0,565.0
丰台,2室,西南,未知,其他,61.0,1991.0,348.0
丰台,2室,东西,未知,简装,127.0,2005.0,650.0
丰台,2室,南北,有电梯,其他,60.0,1995.0,395.0
丰台,3室,东南,未知,精装,139.0,2005.0,876.0
丰台,2室,东西,有电梯,其他,89.0,2010.0,425.0
丰台,2室,南,未知,其他,89.0,2010.0,450.0
丰台,1室,西北,有电梯,简装,56.0,2007.0,273.0
丰台,2室,东西,无电梯,精装,85.0,2002.0,385.0
丰台,2室,南北,未知,简装,94.0,2006.0,425.9
丰台,3室,南北,无电梯,其他,98.0,1995.0,570.0
丰台,4室,东南,有电梯,精装,147.0,2006.0,850.0
丰台,3室,东南,无电梯,简装,104.0,1998.0,530.0
丰台,4室,南北,有电梯,简装,144.0,2004.0,610.0
丰台,2室,南,有电梯,精装,79.0,2009.0,670.0
丰台,3室,南北,有电梯,简装,116.0,1998.0,582.0
丰台,2室,南北,有电梯,精装,112.0,2004.0,730.0
丰台,2室,东南,未知,简装,81.0,1998.0,450.0
丰台,2室,西南,未知,简装,94.0,2005.0,559.0
丰台,2室,东南,无电梯,简装,79.0,2000.0,510.0
丰台,3室,南北,无电梯,精装,71.0,1990.0,465.0
丰台,2室,东西,有电梯,简装,77.0,2000.0,430.0
丰台,3室,南北,有电梯,简装,112.0,2005.0,700.0
丰台,3室,东北,有电梯,简装,117.0,2000.0,700.0
丰台,1室,西,未知,简装,68.0,2006.0,385.0
丰台,4室,东西,有电梯,简装,234.0,1997.0,900.0
丰台,3室,东南,有电梯,精装,99.0,1999.0,605.0
丰台,2室,东,有电梯,简装,98.0,2003.0,636.0
丰台,3室,西南,有电梯,精装,96.0,2000.0,580.0
丰台,2室,西南,未知,精装,104.0,2003.0,610.0
丰台,2室,东,有电梯,简装,91.0,2001.0,600.0
丰台,3室,南北,有电梯,精装,139.0,2008.0,1260.0
丰台,2室,东,有电梯,简装,127.0,2000.0,670.0
丰台,3室,西南,有电梯,精装,150.0,2006.0,1130.0
丰台,2室,南北,无电梯,简装,72.0,1997.0,300.0
丰台,3室,南北,有电梯,精装,142.0,2000.0,697.0
丰台,2室,南北,无电梯,简装,101.0,2000.0,478.0
丰台,2室,东,未知,简装,65.0,1992.0,345.0
丰台,2室,南北,无电梯,其他,55.0,1988.0,240.0
丰台,3室,东西,无电梯,精装,108.0,2010.0,696.0
丰台,2室,东,有电梯,简装,106.0,2002.0,460.0
丰台,2室,西南,有电梯,其他,91.0,2000.0,580.0
丰台,3室,南北,未知,精装,159.0,2003.0,1100.0
丰台,2室,南北,无电梯,简装,53.0,1992.0,295.0
丰台,2室,东西,无电梯,其他,59.0,1980.0,326.0
丰台,2室,南,有电梯,简装,85.0,1998.0,360.0
丰台,2室,南北,无电梯,毛坯,68.0,1998.0,412.0
丰台,3室,南北,未知,简装,108.0,2005.0,553.0
丰台,3室,东南,未知,简装,101.0,1999.0,490.0
丰台,2室,南北,未知,毛坯,55.0,1990.0,266.0
丰台,2室,南,有电梯,简装,90.0,2010.0,613.0
丰台,3室,南北,未知,简装,90.0,2011.0,652.0
丰台,2室,南北,未知,精装,74.0,2007.0,375.0
丰台,3室,东南,未知,其他,96.0,1995.0,550.0
丰台,2室,南,有电梯,简装,76.0,2001.0,420.0
丰台,2室,南,有电梯,精装,102.0,2002.0,660.0
丰台,2室,西南,有电梯,简装,70.0,1990.0,465.0
丰台,2室,西北,有电梯,精装,115.0,2000.0,633.0
丰台,2室,南北,未知,简装,100.0,2003.0,600.0
丰台,3室,南,未知,简装,147.0,2008.0,970.0
丰台,2室,南北,无电梯,其他,92.0,2002.0,440.0
丰台,2室,西南,有电梯,简装,69.0,2010.0,320.0
丰台,3室,东南,未知,精装,122.0,2005.0,540.0
丰台,2室,南北,有电梯,精装,58.0,1995.0,375.0
丰台,1室,南北,未知,简装,63.0,1999.0,378.0
丰台,1室,西,有电梯,简装,59.0,2003.0,295.0
丰台,1室,南,未知,简装,64.0,2008.0,480.0
丰台,2室,南,无电梯,精装,55.0,1988.0,293.0
丰台,1室,南,有电梯,精装,63.0,1995.0,385.0
丰台,2室,南,未知,其他,204.0,2002.0,1050.0
丰台,1室,南,有电梯,简装,54.0,2006.0,360.0
丰台,1室,西,有电梯,简装,60.0,2004.0,290.0
丰台,1室,西南,有电梯,精装,61.0,2008.0,445.0
丰台,1室,南北,未知,简装,58.0,2006.0,275.0
丰台,1室,东,未知,简装,48.0,2012.0,229.0
丰台,2室,南,未知,精装,50.0,1985.0,298.0
丰台,2室,南北,有电梯,其他,77.0,2000.0,410.0
丰台,1室,北,有电梯,简装,62.0,2004.0,381.0
丰台,1室,北,有电梯,简装,59.0,2004.0,380.0
丰台,3室,南北,无电梯,其他,74.0,1998.0,420.0
丰台,2室,南北,无电梯,简装,63.0,1988.0,390.0
丰台,3室,西南,有电梯,简装,136.0,1998.0,660.0
丰台,2室,西,有电梯,精装,123.0,2005.0,730.0
丰台,1室,北,未知,其他,47.0,2006.0,319.0
丰台,2室,南北,无电梯,简装,65.0,1997.0,368.0
丰台,1室,北,有电梯,简装,39.0,2003.0,260.0
丰台,1室,南,未知,精装,43.0,1989.0,299.0
丰台,2室,西南,未知,简装,100.0,1998.0,500.0
丰台,2室,南北,无电梯,简装,53.0,1980.0,275.0
丰台,1室,东南,有电梯,简装,64.0,2006.0,330.0
丰台,1室,南北,无电梯,简装,55.0,1997.0,288.0
丰台,1室,西,未知,简装,48.0,2012.0,238.0
丰台,1室,南,有电梯,其他,69.0,2002.0,330.0
丰台,2室,南,无电梯,简装,54.0,1992.0,310.0
丰台,1室,西北,有电梯,简装,60.0,2007.0,496.0
丰台,1室,东,有电梯,其他,48.0,1991.0,275.0
丰台,1室,西,有电梯,精装,50.0,2003.0,285.0
丰台,2室,东南,有电梯,简装,75.0,2007.0,397.0
丰台,3室,南北,未知,简装,68.0,1990.0,288.0
丰台,3室,东南,有电梯,简装,80.0,1992.0,538.0
丰台,2室,西南,未知,精装,83.0,2002.0,560.0
丰台,3室,东南,未知,简装,146.0,2001.0,690.0
丰台,2室,东南,有电梯,简装,71.0,1996.0,355.0
丰台,2室,南,未知,其他,84.0,2006.0,568.0
丰台,2室,北,未知,其他,56.0,2007.0,308.0
丰台,2室,南,有电梯,简装,91.0,2003.0,549.0
丰台,3室,南北,有电梯,其他,95.0,2011.0,695.0
丰台,2室,东南,有电梯,简装,89.0,2006.0,520.0
丰台,2室,南,有电梯,精装,50.0,1991.0,380.0
丰台,2室,东南,未知,简装,56.0,1990.0,317.0
丰台,2室,南北,未知,简装,67.0,1998.0,388.0
丰台,2室,南北,未知,其他,55.0,1987.0,400.0
丰台,2室,东西,有电梯,精装,80.0,2005.0,453.0
丰台,2室,东西,有电梯,精装,69.0,1993.0,375.0
丰台,2室,南,有电梯,精装,87.0,2008.0,385.0
丰台,3室,南北,有电梯,其他,127.0,1999.0,720.0
丰台,5室,南北,无电梯,简装,198.0,2004.0,750.0
丰台,1室,北,未知,其他,46.0,2004.0,255.0
丰台,1室,西北,未知,精装,52.0,2008.0,290.0
丰台,1室,南,未知,简装,66.0,2005.0,370.0
丰台,1室,西,有电梯,简装,64.0,2004.0,310.0
丰台,2室,东北,有电梯,简装,84.0,1998.0,430.0
丰台,3室,东西,无电梯,精装,126.0,2001.0,560.0
丰台,5室,南北,有电梯,简装,178.0,2003.0,589.0
丰台,2室,南,未知,其他,204.0,2002.0,1050.0
丰台,1室,南,有电梯,精装,63.0,1995.0,385.0
丰台,4室,东,有电梯,精装,184.0,2003.0,1000.0
丰台,2室,南,有电梯,精装,113.0,2006.0,890.0
丰台,5室,南北,未知,简装,194.0,2002.0,600.0
丰台,3室,西南,有电梯,精装,123.0,2008.0,760.0
丰台,3室,西北,有电梯,精装,119.0,2008.0,838.0
丰台,2室,南北,无电梯,简装,64.0,1995.0,305.0
丰台,1室,南,有电梯,精装,67.0,2001.0,365.0
丰台,2室,南北,未知,简装,66.0,1998.0,410.0
丰台,2室,东西,有电梯,精装,89.0,2010.0,450.0
丰台,2室,南,有电梯,精装,86.0,2007.0,386.0
丰台,3室,南北,未知,精装,132.0,2007.0,875.0
丰台,2室,南,无电梯,精装,59.0,1991.0,370.0
丰台,3室,南北,有电梯,精装,118.0,2005.0,900.0
丰台,2室,南北,有电梯,精装,94.0,2004.0,535.0
丰台,2室,东南,有电梯,精装,93.0,2006.0,530.0
丰台,2室,西北,有电梯,精装,80.0,2004.0,485.0
丰台,2室,东西,未知,精装,81.0,2002.0,460.0
丰台,2室,东南,有电梯,精装,75.0,1997.0,580.0
丰台,2室,西,有电梯,简装,80.0,2004.0,420.0
丰台,2室,东,未知,简装,98.0,2003.0,500.0
丰台,3室,西南,有电梯,精装,120.0,2003.0,620.0
丰台,2室,南,有电梯,精装,95.0,2002.0,490.0
丰台,4室,南,有电梯,简装,172.0,2003.0,590.0
丰台,2室,东南,未知,简装,88.0,2005.0,500.0
丰台,3室,南北,未知,精装,130.0,2005.0,620.0
丰台,3室,南北,有电梯,简装,148.0,2006.0,935.0
丰台,3室,东南,未知,其他,120.0,2000.0,620.0
丰台,2室,南北,有电梯,简装,88.0,2011.0,585.0
丰台,3室,东南,有电梯,精装,106.0,2001.0,730.0
丰台,2室,东南,未知,简装,73.0,2000.0,395.0
丰台,3室,东北,有电梯,精装,115.0,2008.0,780.0
丰台,3室,南北,有电梯,精装,136.0,2007.0,1200.0
丰台,2室,东南,有电梯,精装,78.0,1999.0,550.0
丰台,1室,东西,无电梯,简装,54.0,1995.0,245.0
丰台,3室,南北,无电梯,简装,100.0,2005.0,598.0
丰台,2室,南,无电梯,简装,59.0,1991.0,380.0
丰台,2室,西北,有电梯,简装,102.0,2003.0,490.0
丰台,3室,南北,有电梯,简装,116.0,1998.0,697.0
丰台,2室,南,有电梯,精装,86.0,2007.0,386.0
丰台,3室,南北,未知,精装,132.0,2007.0,875.0
丰台,3室,南北,有电梯,精装,118.0,2005.0,900.0
丰台,2室,南,无电梯,精装,59.0,1991.0,370.0
丰台,2室,东西,未知,精装,81.0,2002.0,460.0
丰台,2室,南北,有电梯,精装,94.0,2004.0,535.0
丰台,3室,南北,未知,简装,152.0,2003.0,820.0
丰台,2室,南,有电梯,精装,95.0,2003.0,750.0
丰台,2室,东南,有电梯,精装,75.0,1997.0,580.0
丰台,2室,东南,有电梯,精装,93.0,2006.0,530.0
丰台,3室,东南,有电梯,精装,148.0,2000.0,1080.0
丰台,2室,西,有电梯,简装,80.0,2004.0,420.0
丰台,2室,东北,未知,精装,97.0,2012.0,465.0
丰台,3室,西南,无电梯,简装,76.0,1985.0,450.0
丰台,2室,西北,无电梯,其他,54.0,1982.0,280.0
丰台,3室,南北,无电梯,精装,78.0,1995.0,385.0
丰台,4室,南北,无电梯,其他,145.0,2005.0,1250.0
丰台,2室,南北,未知,简装,49.0,1984.0,275.0
丰台,2室,东南,有电梯,精装,74.0,2006.0,400.0
丰台,3室,西南,有电梯,精装,124.0,2007.0,590.0
丰台,3室,南,未知,精装,141.0,2001.0,736.5
丰台,3室,西南,有电梯,精装,120.0,2003.0,620.0
丰台,2室,南北,未知,精装,71.0,1992.0,430.0
丰台,2室,西北,有电梯,精装,89.0,2004.0,480.0
丰台,3室,西南,有电梯,简装,122.0,2008.0,759.0
丰台,2室,西北,有电梯,简装,77.0,2007.0,340.0
丰台,1室,南北,有电梯,精装,74.0,2000.0,380.0
丰台,2室,南北,未知,简装,98.0,2003.0,413.0
丰台,2室,东西,未知,精装,63.0,1990.0,300.0
丰台,2室,南北,有电梯,精装,119.0,2002.0,590.0
丰台,3室,南,未知,简装,179.0,1990.0,1000.0
丰台,3室,西南,有电梯,精装,145.0,2002.0,950.0
丰台,2室,南北,未知,精装,57.0,1998.0,345.0
丰台,2室,南北,无电梯,精装,61.0,1988.0,360.0
丰台,2室,东西,未知,简装,59.0,1988.0,330.0
丰台,3室,西南,未知,其他,124.0,2007.0,575.0
丰台,2室,南北,未知,精装,91.0,2009.0,655.0
丰台,3室,西南,未知,简装,127.0,2005.0,660.0
丰台,2室,南北,未知,简装,80.0,1998.0,398.0
丰台,2室,西南,有电梯,精装,126.0,1997.0,820.0
丰台,2室,西南,未知,简装,71.0,2001.0,430.0
丰台,2室,南,未知,精装,59.0,1989.0,408.0
丰台,2室,南北,有电梯,其他,64.0,1995.0,370.0
丰台,3室,南北,无电梯,简装,91.0,1997.0,368.0
丰台,2室,南北,有电梯,简装,112.0,2005.0,720.0
丰台,2室,东北,有电梯,精装,77.0,2004.0,520.0
丰台,2室,西南,有电梯,其他,65.0,1992.0,408.0
丰台,2室,南,有电梯,精装,93.0,2004.0,493.0
丰台,1室,东,有电梯,精装,68.0,2009.0,471.0
丰台,2室,东北,未知,精装,97.0,2012.0,465.0
丰台,2室,南北,未知,简装,49.0,1984.0,275.0
丰台,2室,东南,有电梯,精装,74.0,2006.0,400.0
丰台,3室,东南,有电梯,简装,114.0,2005.0,668.0
丰台,2室,南北,有电梯,简装,95.0,2004.0,528.0
丰台,3室,南北,无电梯,精装,105.0,2005.0,645.0
丰台,2室,东南,有电梯,简装,72.0,2008.0,328.0
丰台,2室,东北,未知,简装,52.0,1990.0,310.0
丰台,1室,东西,无电梯,简装,54.0,2003.0,310.0
丰台,2室,西,有电梯,简装,89.0,2010.0,450.0
丰台,2室,西北,未知,精装,92.0,2005.0,400.0
丰台,3室,东南,无电梯,毛坯,91.0,1996.0,467.0
丰台,2室,南北,未知,其他,53.0,1983.0,320.0
丰台,2室,南北,未知,精装,60.0,1989.0,319.0
丰台,2室,南,有电梯,精装,121.0,2004.0,618.0
丰台,1室,东北,有电梯,简装,58.0,2007.0,282.0
丰台,3室,西南,未知,简装,121.0,2005.0,720.0
丰台,3室,南北,有电梯,精装,116.0,2004.0,860.0
丰台,3室,西南,无电梯,精装,117.0,2002.0,595.0
丰台,3室,东北,未知,其他,104.0,2001.0,715.0
丰台,1室,南,未知,精装,74.0,2007.0,390.0
丰台,2室,南,有电梯,简装,102.0,2004.0,530.0
丰台,2室,东南,有电梯,精装,65.0,1998.0,355.0
丰台,2室,南北,无电梯,简装,69.0,1992.0,350.0
丰台,2室,南北,无电梯,简装,81.0,1996.0,430.0
丰台,2室,南北,无电梯,简装,68.0,2000.0,440.0
丰台,2室,西南,未知,精装,85.0,2004.0,410.0
丰台,2室,西北,未知,精装,94.0,2005.0,549.0
丰台,3室,西南,无电梯,简装,85.0,2001.0,427.0
丰台,2室,东北,未知,简装,95.0,2001.0,568.0
丰台,2室,东西,未知,其他,63.0,1980.0,330.0
丰台,2室,南北,未知,精装,71.0,1992.0,430.0
丰台,2室,西北,无电梯,简装,51.0,1993.0,290.0
丰台,2室,东西,无电梯,简装,63.0,1990.0,275.0
丰台,2室,南,有电梯,简装,104.0,2008.0,440.0
丰台,2室,南北,有电梯,精装,83.0,2012.0,728.0
丰台,2室,东西,未知,精装,115.0,2006.0,620.0
丰台,3室,西,未知,简装,115.0,2007.0,610.0
丰台,3室,南北,未知,精装,84.0,1990.0,497.0
丰台,2室,东南,有电梯,简装,51.0,1990.0,365.0
丰台,3室,东北,有电梯,简装,111.0,2001.0,630.0
丰台,4室,南北,有电梯,精装,235.0,2002.0,1100.0
丰台,1室,南北,无电梯,简装,61.0,2000.0,340.0
丰台,2室,南北,未知,精装,66.0,1998.0,360.0
丰台,1室,西南,有电梯,简装,58.0,2001.0,330.0
丰台,1室,南北,无电梯,简装,70.0,2003.0,330.0
丰台,1室,北,有电梯,简装,63.0,2003.0,340.0
丰台,3室,东南,有电梯,简装,93.0,1998.0,510.0
丰台,4室,东南,有电梯,精装,152.0,2002.0,950.0
丰台,2室,南,未知,精装,76.0,2009.0,650.0
丰台,2室,西北,有电梯,精装,86.0,2001.0,508.0
丰台,3室,西南,有电梯,其他,140.0,2000.0,820.0
丰台,2室,东北,无电梯,简装,79.0,1998.0,308.0
丰台,2室,南,有电梯,精装,89.0,2006.0,590.0
丰台,2室,西南,有电梯,简装,83.0,2001.0,417.0
丰台,2室,南北,未知,其他,76.0,2001.0,465.0
丰台,3室,南北,无电梯,精装,105.0,2005.0,645.0
丰台,2室,东南,有电梯,简装,72.0,2008.0,328.0
丰台,2室,东北,未知,简装,52.0,1990.0,310.0
丰台,2室,东北,有电梯,简装,91.0,2001.0,513.0
丰台,1室,西,未知,简装,49.0,2012.0,235.0
丰台,2室,南北,无电梯,简装,94.0,2005.0,480.0
丰台,3室,东南,无电梯,简装,75.0,1988.0,460.0
丰台,1室,东南,有电梯,精装,44.0,1998.0,255.0
丰台,2室,东北,有电梯,简装,76.0,2005.0,375.0
丰台,6室,南北,有电梯,其他,191.0,2001.0,730.0
丰台,3室,西北,有电梯,精装,100.0,1997.0,650.0
丰台,3室,西南,有电梯,简装,120.0,2000.0,826.0
丰台,2室,南北,无电梯,简装,55.0,1980.0,299.0
丰台,2室,南,有电梯,精装,88.0,2000.0,482.0
丰台,3室,南北,有电梯,精装,168.0,2006.0,1300.0
丰台,2室,西,有电梯,毛坯,88.0,2012.0,382.0
丰台,2室,西南,有电梯,简装,94.0,2006.0,600.0
丰台,3室,西南,有电梯,简装,83.0,1998.0,395.0
丰台,2室,西南,有电梯,简装,63.0,1996.0,350.0
丰台,2室,东西,有电梯,精装,100.0,2006.0,610.0
丰台,4室,南北,有电梯,毛坯,183.0,2009.0,1300.0
丰台,3室,东南,有电梯,精装,161.0,2002.0,919.0
丰台,2室,南北,未知,精装,57.0,1989.0,310.0
丰台,2室,南北,未知,精装,100.0,2007.0,568.0
丰台,4室,南北,有电梯,其他,208.0,2004.0,1230.0
丰台,1室,西北,有电梯,精装,47.0,2008.0,238.0
丰台,1室,南,未知,其他,84.0,2003.0,430.0
丰台,1室,南,有电梯,精装,68.0,2000.0,428.0
丰台,1室,北,有电梯,其他,34.0,1990.0,225.0
丰台,2室,东南,未知,其他,92.0,1994.0,578.0
丰台,3室,西南,有电梯,简装,118.0,2008.0,930.0
丰台,2室,南,有电梯,简装,111.0,2002.0,480.0
丰台,3室,东南,有电梯,其他,145.0,2001.0,870.0
丰台,2室,西北,未知,简装,94.0,2003.0,565.0
丰台,2室,东西,无电梯,简装,63.0,1990.0,275.0
丰台,2室,西,未知,简装,88.0,2006.0,530.0
丰台,2室,西,有电梯,简装,70.0,1996.0,423.0
丰台,2室,南北,有电梯,精装,89.0,2011.0,641.0
丰台,3室,西南,有电梯,精装,159.0,2007.0,1050.0
丰台,3室,南北,有电梯,精装,163.0,2009.0,1075.0
丰台,2室,南,有电梯,简装,92.0,2006.0,630.0
丰台,2室,西北,无电梯,简装,50.0,1986.0,285.0
丰台,1室,东,有电梯,精装,84.0,2010.0,400.0
丰台,3室,西南,无电梯,简装,54.0,1990.0,450.0
丰台,3室,东北,未知,简装,99.0,1997.0,680.0
丰台,1室,南,有电梯,其他,44.0,1995.0,275.0
丰台,2室,西,有电梯,精装,94.0,2004.0,575.0
丰台,3室,南北,有电梯,简装,127.0,2006.0,780.0
丰台,3室,南北,有电梯,精装,134.0,2010.0,1200.0
丰台,3室,南北,未知,简装,112.0,2000.0,440.0
丰台,3室,南北,有电梯,精装,135.0,2007.0,940.0
丰台,2室,南北,未知,简装,87.0,2007.0,550.0
丰台,2室,南,未知,精装,54.0,1989.0,315.0
丰台,2室,南北,有电梯,精装,112.0,2007.0,725.0
丰台,2室,南,未知,简装,58.0,2010.0,325.0
丰台,2室,东西,无电梯,其他,52.0,1989.0,315.0
丰台,2室,东南,有电梯,其他,69.0,1990.0,455.4
丰台,3室,南北,有电梯,精装,89.0,2011.0,610.0
丰台,3室,西北,有电梯,简装,68.0,1992.0,378.0
丰台,4室,南北,未知,简装,166.0,2002.0,1100.0
丰台,3室,西南,未知,简装,176.0,2002.0,850.0
丰台,2室,东,未知,精装,50.0,1989.0,283.0
丰台,3室,东南,未知,简装,89.0,1998.0,660.0
丰台,3室,南北,有电梯,精装,125.0,2008.0,855.0
丰台,2室,东南,未知,精装,66.0,1992.0,365.0
丰台,3室,南北,有电梯,简装,83.0,2000.0,408.0
丰台,2室,西南,未知,精装,123.0,2004.0,750.0
丰台,2室,东,未知,简装,105.0,2002.0,490.0
丰台,3室,南北,有电梯,精装,115.0,2004.0,660.0
丰台,2室,东北,有电梯,精装,82.0,2004.0,575.0
丰台,2室,西南,有电梯,精装,63.0,1994.0,378.0
丰台,3室,南北,未知,简装,133.0,2006.0,690.0
丰台,2室,西北,有电梯,简装,90.0,2001.0,500.0
丰台,2室,南,未知,精装,78.0,2009.0,650.0
丰台,2室,东南,无电梯,简装,100.0,1998.0,575.0
丰台,3室,西南,有电梯,精装,87.0,1998.0,509.0
丰台,2室,南北,有电梯,精装,112.0,2005.0,719.0
丰台,2室,南北,未知,精装,59.0,1983.0,325.0
丰台,3室,西南,有电梯,精装,118.0,2008.0,850.0
丰台,2室,东西,无电梯,简装,77.0,2002.0,475.0
丰台,3室,东北,有电梯,简装,89.0,2002.0,485.0
丰台,2室,南,未知,精装,79.0,2009.0,674.0
丰台,2室,南北,有电梯,简装,107.0,2005.0,755.0
丰台,2室,南,未知,简装,61.0,1988.0,350.0
丰台,3室,东南,有电梯,精装,119.0,2005.0,690.0
丰台,3室,南北,有电梯,精装,158.0,2006.0,1180.0
丰台,2室,西南,有电梯,简装,68.0,2010.0,380.0
丰台,2室,南,有电梯,简装,109.0,2002.0,590.0
丰台,2室,南北,有电梯,精装,89.0,2011.0,641.0
丰台,2室,北,有电梯,简装,61.0,2003.0,330.0
丰台,2室,南北,无电梯,精装,73.0,1997.0,430.0
丰台,3室,西南,有电梯,精装,159.0,2007.0,1050.0
丰台,3室,南北,有电梯,精装,163.0,2009.0,1075.0
丰台,3室,南北,有电梯,其他,119.0,2007.0,950.0
丰台,2室,南北,无电梯,简装,100.0,2002.0,465.0
丰台,2室,东南,有电梯,简装,110.0,2000.0,575.0
丰台,3室,东西,未知,简装,119.0,2004.0,445.0
丰台,2室,西南,未知,简装,87.0,2001.0,425.0
丰台,3室,南北,无电梯,简装,117.0,2000.0,659.0
丰台,5室,西南,有电梯,精装,224.0,2000.0,1030.0
丰台,2室,西南,有电梯,简装,86.0,2002.0,540.0
丰台,2室,东南,有电梯,精装,86.0,2001.0,540.0
丰台,2室,南北,无电梯,毛坯,48.0,1985.0,266.0
丰台,3室,南北,有电梯,简装,145.0,2002.0,720.0
丰台,2室,南北,未知,简装,92.0,2004.0,550.0
丰台,3室,南北,有电梯,其他,140.0,2007.0,925.0
丰台,3室,东西,有电梯,精装,130.0,2005.0,950.0
丰台,3室,东西,有电梯,简装,111.0,1998.0,570.0
丰台,3室,东南,有电梯,其他,113.0,2004.0,680.0
丰台,2室,西南,有电梯,精装,95.0,2007.0,619.0
丰台,3室,南北,有电梯,简装,155.0,2007.0,800.0
丰台,3室,南,有电梯,简装,78.0,1992.0,489.0
丰台,3室,南北,有电梯,精装,88.0,1994.0,500.0
丰台,2室,南,无电梯,简装,67.0,1995.0,368.0
丰台,1室,西南,有电梯,精装,76.0,2006.0,464.0
丰台,1室,东南,有电梯,简装,68.0,2004.0,395.0
丰台,3室,西南,有电梯,其他,112.0,2004.0,530.0
丰台,4室,东南,有电梯,精装,151.0,2004.0,1060.0
丰台,2室,西南,有电梯,简装,86.0,2003.0,338.0
丰台,2室,南北,有电梯,精装,114.0,2006.0,670.0
丰台,2室,东北,未知,简装,48.0,1990.0,218.0
丰台,2室,东,有电梯,简装,64.0,2001.0,395.0
丰台,2室,西北,有电梯,精装,92.0,2001.0,635.0
丰台,2室,南北,未知,简装,97.0,2001.0,455.0
丰台,3室,南北,无电梯,简装,132.0,1996.0,600.0
丰台,4室,南北,未知,精装,169.0,2004.0,1100.0
丰台,3室,西南,未知,简装,123.0,2004.0,850.0
丰台,2室,西北,未知,精装,95.0,2001.0,580.0
丰台,1室,北,有电梯,简装,42.0,2004.0,256.0
丰台,1室,南,未知,其他,49.0,2007.0,225.0
丰台,3室,南北,未知,简装,138.0,2001.0,920.0
丰台,2室,南,有电梯,精装,81.0,2004.0,530.0
丰台,3室,南北,未知,精装,138.0,2005.0,942.0
丰台,2室,东南,未知,简装,105.0,2006.0,550.0
丰台,2室,东西,未知,简装,72.0,2003.0,349.0
丰台,3室,南北,有电梯,精装,147.0,2009.0,1150.0
丰台,3室,东南,无电梯,简装,72.0,2002.0,365.0
丰台,3室,南北,未知,其他,87.0,1996.0,450.0
丰台,2室,东南,未知,简装,96.0,1998.0,520.0
丰台,3室,南北,无电梯,其他,114.0,1995.0,565.0
丰台,3室,南西,未知,精装,87.0,1993.0,480.0
丰台,1室,南,未知,精装,74.0,2007.0,410.0
丰台,2室,南北,未知,精装,112.0,2004.0,559.0
丰台,1室,北,未知,简装,65.0,2002.0,380.0
丰台,1室,西,未知,简装,45.0,1995.0,247.0
丰台,1室,东北,未知,简装,66.0,2004.0,420.0
丰台,2室,西北,未知,简装,92.0,2001.0,639.0
丰台,3室,南北,未知,其他,122.0,1994.0,685.0
丰台,1室,东西,未知,简装,63.0,2004.0,360.0
丰台,2室,南北,未知,精装,89.0,2003.0,535.0
丰台,3室,南北,无电梯,简装,82.0,1998.0,450.0
丰台,3室,南北,有电梯,精装,155.0,2007.0,840.0
丰台,2室,西南,未知,简装,87.0,2001.0,425.0
丰台,3室,东西,未知,精装,105.0,2001.0,577.0
丰台,3室,西北,未知,精装,114.0,2000.0,610.0
丰台,2室,东南,未知,简装,106.0,2005.0,649.0
丰台,3室,东南,未知,简装,139.0,2008.0,1180.0
丰台,2室,南北,未知,简装,81.0,1997.0,328.0
丰台,2室,南北,未知,精装,87.0,1998.0,470.0
丰台,2室,南,未知,简装,83.0,2001.0,461.5
丰台,2室,东南,有电梯,简装,65.0,1994.0,435.0
丰台,2室,南北,无电梯,简装,56.0,1990.0,330.0
丰台,3室,西南,未知,精装,134.0,2003.0,644.0
丰台,3室,南北,未知,精装,118.0,2002.0,697.0
丰台,2室,南北,未知,简装,80.0,1998.0,410.0
丰台,2室,南北,无电梯,简装,53.0,1990.0,278.0
丰台,2室,东南,有电梯,精装,65.0,1990.0,425.0
丰台,2室,南,有电梯,精装,101.0,2001.0,620.0
丰台,3室,东南,未知,简装,122.0,2007.0,578.0
丰台,1室,北,未知,精装,47.0,2003.0,278.0
丰台,1室,西,未知,精装,67.0,2005.0,449.0
丰台,1室,东,有电梯,精装,66.0,2006.0,380.0
丰台,4室,南北,无电梯,精装,151.0,1999.0,562.0
丰台,1室,南,有电梯,简装,57.0,2003.0,350.0
丰台,5室,南北,有电梯,精装,199.0,2008.0,1750.0
丰台,1室,南北,未知,精装,68.0,2008.0,600.0
丰台,1室,西,有电梯,精装,77.0,2008.0,430.0
丰台,1室,西,有电梯,简装,81.0,2002.0,388.0
丰台,2室,南北,未知,简装,88.0,2011.0,590.0
丰台,1室,西南,有电梯,简装,71.0,2003.0,406.0
丰台,2室,南北,有电梯,精装,90.0,2007.0,645.0
丰台,3室,南北,无电梯,精装,141.0,2002.0,770.0
丰台,2室,西,有电梯,简装,67.0,2006.0,366.0
丰台,2室,西北,未知,简装,89.0,2005.0,410.0
丰台,2室,西北,未知,简装,77.0,1998.0,385.0
丰台,3室,东南,有电梯,简装,91.0,1998.0,490.0
丰台,2室,东北,有电梯,精装,84.0,2006.0,570.0
丰台,1室,南,有电梯,简装,72.0,2005.0,365.0
丰台,3室,南北,无电梯,简装,114.0,1995.0,580.0
丰台,2室,南北,未知,简装,67.0,1993.0,360.0
丰台,2室,东北,有电梯,简装,93.0,2007.0,465.0
丰台,3室,南北,未知,精装,119.0,2004.0,670.0
丰台,2室,南北,未知,简装,89.0,2004.0,450.0
丰台,2室,东西,有电梯,简装,98.0,2007.0,510.0
丰台,2室,南,无电梯,精装,96.0,2004.0,575.0
丰台,3室,南北,无电梯,简装,83.0,1999.0,415.0
丰台,1室,东南,有电梯,简装,65.0,2001.0,430.0
丰台,2室,东南,有电梯,精装,114.0,2004.0,850.0
丰台,3室,南北,未知,简装,65.0,1990.0,340.0
丰台,3室,东南,无电梯,精装,75.0,1992.0,378.0
丰台,3室,南北,无电梯,简装,120.0,1998.0,700.0
丰台,2室,南,未知,简装,62.0,1988.0,372.0
丰台,3室,东南,未知,精装,111.0,2006.0,550.0
丰台,2室,东西,未知,精装,80.0,1998.0,430.0
丰台,3室,东南,未知,精装,139.0,2008.0,1255.0
丰台,3室,南西,未知,简装,118.0,2001.0,696.0
丰台,2室,南,未知,简装,70.0,2015.0,337.0
丰台,2室,南北,有电梯,简装,66.0,1998.0,390.0
丰台,2室,西南,有电梯,精装,72.0,2000.0,518.0
丰台,3室,南北,无电梯,简装,111.0,2002.0,450.0
丰台,2室,东南,有电梯,精装,86.0,2000.0,530.0
丰台,3室,东西,未知,精装,105.0,2001.0,577.0
丰台,2室,南,有电梯,简装,99.0,2008.0,570.0
丰台,2室,东南,有电梯,简装,98.0,2000.0,535.0
丰台,2室,西北,未知,精装,82.0,2011.0,430.0
丰台,2室,南北,有电梯,简装,124.0,2001.0,850.0
丰台,1室,东,有电梯,精装,71.0,2005.0,428.0
丰台,2室,东,有电梯,简装,89.0,2006.0,566.0
丰台,2室,西南,有电梯,精装,91.0,2004.0,528.0
丰台,2室,南北,未知,精装,57.0,1988.0,354.0
丰台,2室,南北,无电梯,简装,75.0,2002.0,530.0
丰台,3室,西北,有电梯,精装,121.0,2002.0,700.0
丰台,1室,西,有电梯,精装,45.0,2007.0,275.9
丰台,2室,西南,未知,简装,80.0,1999.0,460.0
丰台,2室,南北,无电梯,简装,54.0,1992.0,255.0
丰台,2室,东北,有电梯,精装,82.0,2004.0,580.0
丰台,2室,东南,未知,简装,79.0,1997.0,308.0
丰台,2室,南北,未知,简装,52.0,1989.0,350.0
丰台,2室,南,未知,精装,89.0,2011.0,472.0
丰台,3室,南,有电梯,精装,91.0,2005.0,700.0
丰台,2室,南北,未知,精装,98.0,2007.0,685.0
丰台,1室,东,有电梯,精装,36.0,2011.0,248.0
丰台,1室,东南,未知,简装,72.0,2001.0,390.0
丰台,1室,南,未知,其他,50.0,2004.0,251.0
丰台,3室,南北,有电梯,简装,132.0,2004.0,650.0
丰台,2室,西南,有电梯,简装,104.0,2004.0,600.0
丰台,3室,西南,有电梯,简装,111.0,2002.0,650.0
丰台,1室,西北,有电梯,简装,53.0,2005.0,325.0
丰台,3室,东南,未知,简装,121.0,2004.0,850.0
丰台,3室,南北,无电梯,精装,141.0,1996.0,598.0
丰台,2室,东南,有电梯,精装,106.0,2001.0,610.0
丰台,2室,南,有电梯,简装,98.0,2005.0,570.0
丰台,1室,西,未知,简装,72.0,2010.0,468.0
丰台,2室,南北,无电梯,精装,100.0,2003.0,590.0
丰台,2室,南北,未知,精装,96.0,2005.0,538.0
丰台,2室,南,有电梯,精装,93.0,2011.0,880.0
丰台,5室,南北,无电梯,简装,176.0,1996.0,698.0
丰台,2室,南,有电梯,精装,83.0,2004.0,585.0
丰台,2室,南,有电梯,精装,99.0,2005.0,565.0
丰台,3室,南北,未知,精装,125.0,2007.0,880.0
丰台,2室,西,有电梯,精装,91.0,2008.0,390.0
丰台,3室,南北,无电梯,简装,113.0,2005.0,650.0
丰台,3室,南北,无电梯,简装,122.0,2002.0,530.0
丰台,2室,南北,有电梯,简装,100.0,2006.0,580.0
丰台,3室,东南,有电梯,简装,82.0,1995.0,530.0
丰台,2室,东西,有电梯,精装,107.0,2007.0,400.0
丰台,3室,东西,无电梯,简装,93.0,1998.0,360.0
丰台,2室,南北,有电梯,简装,113.0,2007.0,795.0
丰台,2室,东南,有电梯,简装,107.0,2005.0,625.0
丰台,3室,南北,未知,精装,91.0,1997.0,380.0
丰台,2室,南北,有电梯,精装,85.0,2005.0,445.0
丰台,4室,南北,未知,简装,179.0,2002.0,1168.0
丰台,4室,南北,有电梯,精装,179.0,2003.0,720.0
丰台,1室,南,未知,其他,68.0,2003.0,355.0
丰台,3室,南西,有电梯,精装,115.0,2004.0,630.0
丰台,2室,东南,未知,其他,47.0,1980.0,280.0
丰台,3室,南,未知,其他,126.0,2006.0,740.0
丰台,1室,南,无电梯,简装,57.0,2010.0,310.0
丰台,2室,南北,未知,简装,58.0,1995.0,305.0
丰台,2室,东南,有电梯,精装,70.0,1988.0,417.0
丰台,2室,南,有电梯,简装,99.0,2008.0,570.0
丰台,3室,西,未知,简装,101.0,2004.0,510.0
丰台,3室,西南,未知,简装,99.0,1999.0,627.0
丰台,2室,西南,有电梯,精装,92.0,2008.0,629.0
丰台,2室,南北,有电梯,简装,93.0,2010.0,465.0
丰台,2室,东北,未知,简装,79.0,2008.0,695.0
丰台,2室,南,未知,精装,104.0,2008.0,937.0
丰台,2室,东南,有电梯,简装,97.0,2006.0,626.0
丰台,2室,南北,有电梯,简装,110.0,2001.0,720.0
丰台,2室,东北,有电梯,简装,65.0,1999.0,334.0
丰台,2室,东,未知,简装,72.0,2001.0,410.0
丰台,3室,南北,无电梯,简装,64.0,1990.0,310.0
丰台,1室,东,未知,精装,77.0,2009.0,510.0
丰台,3室,西南,未知,其他,67.0,1995.0,380.0
丰台,2室,东北,无电梯,简装,56.0,1990.0,305.0
丰台,3室,南北,有电梯,精装,120.0,2005.0,790.0
丰台,2室,南北,未知,简装,80.0,2015.0,378.0
丰台,2室,南,未知,简装,98.0,2004.0,595.0
丰台,2室,西,有电梯,简装,92.0,2000.0,518.0
丰台,2室,南北,有电梯,精装,81.0,2000.0,400.0
丰台,2室,东西,未知,简装,55.0,1980.0,320.0
丰台,3室,南北,未知,简装,68.0,1987.0,430.0
丰台,2室,东南,有电梯,精装,93.0,2006.0,550.0
丰台,3室,南,有电梯,简装,122.0,2005.0,690.0
丰台,4室,南北,无电梯,简装,163.0,2002.0,630.0
丰台,2室,东南,有电梯,其他,68.0,1992.0,470.0
丰台,1室,东南,有电梯,精装,70.0,2003.0,400.0
丰台,2室,东北,未知,精装,102.0,2001.0,650.0
丰台,4室,东西,未知,简装,130.0,2000.0,720.0
丰台,3室,东南,未知,简装,88.0,1993.0,515.0
丰台,2室,西南,有电梯,精装,99.0,2007.0,680.0
丰台,2室,东,有电梯,简装,64.0,1996.0,335.0
丰台,2室,南北,未知,精装,97.0,2004.0,549.0
丰台,2室,南,有电梯,精装,105.0,2006.0,495.0
丰台,2室,南北,有电梯,简装,110.0,2003.0,770.0
丰台,2室,南北,未知,精装,90.0,2011.0,528.0
丰台,3室,南北,未知,精装,142.0,2002.0,718.0
丰台,3室,西南,有电梯,精装,104.0,2001.0,720.0
丰台,3室,南北,有电梯,简装,137.0,2002.0,636.0
丰台,2室,南北,有电梯,简装,124.0,2005.0,637.0
丰台,2室,东南,有电梯,毛坯,84.0,2000.0,470.0
丰台,2室,南,未知,简装,99.0,2006.0,655.0
丰台,2室,南北,无电梯,其他,67.0,1993.0,372.0
丰台,2室,东西,无电梯,简装,61.0,1992.0,310.0
丰台,3室,东北,有电梯,简装,78.0,1998.0,405.0
丰台,2室,东西,有电梯,简装,80.0,2005.0,418.0
丰台,3室,西南,未知,精装,167.0,2009.0,980.0
丰台,2室,南,有电梯,精装,94.0,2010.0,640.0
丰台,2室,东,有电梯,精装,97.0,2005.0,590.0
丰台,2室,西南,未知,精装,85.0,2003.0,450.0
丰台,2室,东南,未知,精装,93.0,2000.0,580.0
丰台,2室,南北,有电梯,精装,101.0,2010.0,690.0
丰台,2室,东南,有电梯,精装,77.0,2008.0,660.0
丰台,2室,南北,有电梯,精装,90.0,2005.0,615.0
丰台,2室,南北,有电梯,简装,88.0,2003.0,424.0
丰台,3室,南北,未知,简装,89.0,2011.0,450.0
丰台,2室,南北,无电梯,简装,100.0,1999.0,530.0
丰台,3室,西北,有电梯,简装,103.0,1999.0,550.0
丰台,1室,西,未知,精装,51.0,2009.0,330.0
丰台,1室,西,有电梯,其他,46.0,2004.0,228.0
丰台,2室,南,未知,精装,84.0,2006.0,570.0
丰台,2室,南北,有电梯,简装,61.0,1993.0,350.0
丰台,2室,东南,有电梯,精装,78.0,2010.0,410.0
丰台,1室,西,有电梯,精装,86.0,2009.0,520.0
丰台,3室,西南,有电梯,简装,143.0,2004.0,780.0
丰台,3室,东北,有电梯,简装,122.0,2000.0,760.0
丰台,1室,南,有电梯,简装,66.0,2007.0,460.0
丰台,2室,南北,未知,精装,72.0,1997.0,380.0
丰台,3室,东北,有电梯,简装,152.0,1999.0,800.0
丰台,2室,西,有电梯,简装,67.0,2000.0,300.0
丰台,2室,南北,无电梯,精装,56.0,1986.0,260.0
丰台,2室,西南,有电梯,简装,74.0,1980.0,495.0
丰台,1室,北,有电梯,简装,52.0,2005.0,285.0
丰台,2室,南,有电梯,精装,84.0,2009.0,379.0
丰台,2室,南北,无电梯,简装,57.0,1993.0,370.0
丰台,2室,南北,有电梯,简装,87.0,2007.0,520.0
丰台,2室,南北,未知,简装,72.0,2015.0,348.0
丰台,1室,西南,有电梯,简装,42.0,1996.0,262.0
丰台,1室,西北,有电梯,简装,49.0,2008.0,260.0
丰台,1室,西北,未知,简装,58.0,2007.0,278.0
丰台,1室,东,有电梯,精装,46.0,2005.0,295.0
丰台,2室,西南,无电梯,简装,57.0,1990.0,305.0
丰台,2室,西南,未知,精装,69.0,1998.0,379.0
丰台,1室,西,未知,精装,71.0,2005.0,429.0
丰台,3室,东南,未知,精装,120.0,2009.0,515.0
丰台,2室,东,有电梯,精装,94.0,2004.0,630.0
丰台,2室,南北,有电梯,简装,94.0,2005.0,534.0
丰台,4室,西南,有电梯,精装,144.0,2004.0,890.0
丰台,2室,西南,未知,精装,85.0,2003.0,450.0
丰台,2室,东西,无电梯,简装,88.0,2007.0,515.0
丰台,2室,东,有电梯,简装,95.0,2002.0,496.0
丰台,2室,西,有电梯,精装,91.0,2000.0,520.0
丰台,2室,东,未知,精装,103.0,2002.0,615.0
丰台,3室,南北,有电梯,简装,123.0,2004.0,760.0
丰台,2室,南,有电梯,精装,103.0,2004.0,659.0
丰台,3室,南北,有电梯,精装,114.0,2006.0,699.0
丰台,2室,南北,无电梯,简装,81.0,1998.0,399.0
丰台,2室,西南,有电梯,精装,69.0,1995.0,458.0
丰台,2室,南北,未知,精装,116.0,2007.0,766.0
丰台,2室,东西,未知,简装,57.0,1996.0,335.0
丰台,2室,东,有电梯,简装,62.0,2011.0,406.0
丰台,2室,东南,有电梯,简装,96.0,2001.0,540.0
丰台,2室,东南,有电梯,简装,92.0,2006.0,550.0
丰台,2室,东南,有电梯,精装,107.0,2005.0,695.5
丰台,2室,西南,未知,精装,90.0,2005.0,550.0
丰台,2室,南北,有电梯,简装,96.0,2006.0,635.0
丰台,2室,南,有电梯,精装,92.0,2005.0,628.0
丰台,3室,南北,有电梯,简装,112.0,2005.0,760.0
丰台,2室,南北,未知,精装,77.0,1998.0,510.0
丰台,2室,西北,未知,简装,63.0,1995.0,358.0
丰台,3室,东南,未知,简装,81.0,1998.0,435.0
丰台,2室,西,无电梯,精装,54.0,1988.0,310.0
丰台,1室,南,有电梯,简装,51.0,1990.0,295.0
丰台,2室,南北,有电梯,其他,60.0,1980.0,345.0
丰台,2室,南北,无电梯,简装,60.0,1995.0,370.0
丰台,2室,南北,有电梯,精装,90.0,1988.0,535.0
丰台,2室,南北,有电梯,精装,107.0,2005.0,740.0
丰台,3室,南北,无电梯,简装,89.0,1998.0,495.0
丰台,2室,南北,有电梯,简装,87.0,2006.0,580.0
丰台,2室,南,未知,精装,84.0,2006.0,570.0
丰台,2室,西南,有电梯,精装,88.0,2010.0,578.0
丰台,2室,东南,未知,精装,81.0,2009.0,696.0
丰台,2室,西南,未知,简装,91.0,2007.0,600.0
丰台,2室,东西,未知,简装,67.0,1998.0,410.0
丰台,2室,东北,有电梯,精装,93.0,2008.0,620.0
丰台,1室,南,有电梯,简装,66.0,2004.0,320.0
丰台,2室,西南,有电梯,精装,96.0,2006.0,528.0
丰台,3室,东南,有电梯,精装,101.0,2005.0,450.0
丰台,3室,南,有电梯,简装,138.0,2005.0,900.0
丰台,2室,西北,未知,简装,90.0,2009.0,435.0
丰台,2室,东南,有电梯,精装,113.0,2006.0,600.0
丰台,3室,南北,未知,简装,114.0,1998.0,585.0
丰台,3室,南北,无电梯,简装,98.0,1998.0,530.0
丰台,2室,南北,无电梯,简装,63.0,1991.0,389.0
丰台,1室,西,未知,简装,66.0,2002.0,385.0
丰台,4室,南北,有电梯,简装,184.0,2003.0,1200.0
丰台,3室,西南,未知,精装,167.0,2009.0,960.0
丰台,2室,南,未知,精装,118.0,2008.0,1066.0
丰台,2室,南北,无电梯,简装,57.0,1995.0,310.0
丰台,2室,西南,有电梯,精装,81.0,2006.0,440.0
丰台,2室,东南,有电梯,精装,100.0,2001.0,530.0
丰台,2室,东北,未知,简装,73.0,1994.0,415.0
丰台,2室,东西,无电梯,简装,59.0,1992.0,330.0
丰台,2室,南北,无电梯,精装,101.0,2004.0,470.0
丰台,1室,西南,未知,简装,86.0,2010.0,425.0
丰台,1室,东南,未知,精装,49.0,1993.0,316.0
丰台,2室,南北,未知,精装,103.0,2004.0,466.0
丰台,3室,南北,未知,简装,128.0,2007.0,525.0
丰台,3室,东北,有电梯,精装,94.0,1998.0,460.0
丰台,2室,东,有电梯,简装,95.0,2002.0,496.0
丰台,2室,南北,无电梯,精装,62.0,1990.0,336.0
丰台,3室,南北,有电梯,精装,140.0,2007.0,968.8
丰台,3室,南北,有电梯,简装,138.0,2006.0,940.0
丰台,2室,东北,未知,精装,100.0,2001.0,670.0
丰台,3室,东南,未知,简装,95.0,1994.0,535.0
丰台,2室,南北,有电梯,精装,96.0,2010.0,460.0
丰台,2室,南,有电梯,精装,103.0,2006.0,800.0
丰台,2室,南北,未知,简装,60.0,1995.0,385.0
丰台,1室,北,有电梯,简装,80.0,2001.0,410.0
丰台,3室,东南,有电梯,简装,88.0,1994.0,470.0
丰台,3室,西南,有电梯,毛坯,127.0,2006.0,710.0
丰台,2室,南,未知,精装,106.0,2006.0,590.0
丰台,3室,东北,有电梯,精装,104.0,2003.0,510.0
丰台,2室,南北,未知,简装,68.0,1992.0,360.0
丰台,2室,南北,有电梯,简装,110.0,2002.0,665.0
丰台,2室,南北,有电梯,简装,118.0,2002.0,580.0
丰台,2室,东,有电梯,简装,83.0,2002.0,448.0
丰台,2室,南北,未知,其他,96.0,2004.0,558.0
丰台,3室,南北,未知,简装,108.0,1999.0,610.0
丰台,2室,南北,无电梯,简装,58.0,1993.0,322.0
丰台,2室,南北,未知,简装,83.0,2005.0,440.0
丰台,2室,西,有电梯,简装,82.0,2000.0,400.0
丰台,2室,南北,无电梯,精装,55.0,1994.0,306.0
丰台,3室,南北,无电梯,简装,86.0,1997.0,460.0
丰台,2室,东西,未知,简装,67.0,1998.0,410.0
丰台,2室,西南,未知,简装,91.0,2007.0,600.0
丰台,3室,南北,未知,精装,156.0,2009.0,990.0
丰台,1室,北,有电梯,精装,66.0,2004.0,350.0
丰台,2室,西南,有电梯,精装,88.0,2010.0,578.0
丰台,2室,东南,未知,精装,81.0,2009.0,696.0
丰台,1室,南,未知,精装,63.0,2008.0,560.0
丰台,3室,南北,未知,简装,88.0,1997.0,360.0
丰台,1室,南,未知,其他,62.0,2007.0,285.0
丰台,2室,南,未知,简装,94.0,2007.0,366.0
丰台,2室,东南,未知,精装,92.0,2007.0,520.0
丰台,3室,东南,有电梯,精装,143.0,2006.0,990.0
丰台,3室,南,有电梯,精装,147.0,2008.0,970.0
丰台,2室,西南,未知,其他,84.0,2005.0,437.0
丰台,3室,南北,有电梯,简装,112.0,2003.0,670.0
丰台,2室,西南,有电梯,精装,77.0,1999.0,440.0
丰台,1室,北,有电梯,精装,61.0,2004.0,355.0
丰台,2室,西,有电梯,简装,101.0,2003.0,560.0
丰台,2室,南北,有电梯,简装,104.0,2000.0,510.0
丰台,2室,南北,未知,其他,67.0,1998.0,270.0
丰台,2室,西南,有电梯,简装,110.0,2001.0,565.0
丰台,2室,西北,有电梯,简装,89.0,2006.0,483.0
丰台,2室,南北,有电梯,精装,96.0,2004.0,540.0
丰台,2室,南,未知,其他,64.0,1990.0,405.0
丰台,2室,南,有电梯,精装,79.0,2007.0,528.0
丰台,2室,南北,无电梯,精装,62.0,1990.0,336.0
丰台,2室,东北,未知,精装,100.0,2001.0,670.0
丰台,3室,南北,有电梯,精装,140.0,2007.0,968.8
丰台,3室,南北,有电梯,简装,138.0,2006.0,940.0
丰台,2室,西,有电梯,精装,104.0,2003.0,546.0
丰台,3室,西南,有电梯,精装,109.0,2006.0,680.0
丰台,2室,西南,有电梯,简装,101.0,2002.0,610.0
丰台,3室,南北,未知,其他,84.0,1998.0,448.0
丰台,2室,东南,未知,简装,104.0,2004.0,518.0
丰台,2室,西北,有电梯,简装,62.0,1988.0,374.3
丰台,2室,东南,有电梯,简装,101.0,2000.0,550.0
丰台,2室,南,未知,简装,98.0,2012.0,720.0
丰台,2室,西南,未知,精装,87.0,2002.0,510.0
丰台,3室,西南,未知,简装,99.0,2000.0,710.0
丰台,2室,西南,未知,简装,101.0,2003.0,600.0
丰台,2室,南北,未知,精装,57.0,1980.0,318.0
丰台,2室,南北,无电梯,简装,62.0,1991.0,322.0
丰台,2室,西北,未知,精装,59.0,1994.0,360.0
丰台,2室,南,有电梯,精装,90.0,2005.0,550.0
丰台,2室,南,有电梯,精装,87.0,2005.0,540.0
丰台,2室,南北,无电梯,简装,57.0,1993.0,330.0
丰台,1室,西,未知,简装,61.0,2007.0,280.0
丰台,2室,南,有电梯,精装,72.0,1989.0,400.0
丰台,2室,东南,未知,精装,86.0,2009.0,430.0
丰台,2室,东南,未知,毛坯,99.0,2002.0,525.0
丰台,1室,北,有电梯,简装,57.0,2007.0,302.0
丰台,2室,西南,有电梯,简装,76.0,2002.0,440.0
丰台,3室,西南,未知,精装,118.0,2000.0,690.0
丰台,2室,西,未知,精装,83.0,2002.0,450.0
丰台,2室,东西,未知,精装,90.0,2010.0,630.0
丰台,2室,东西,未知,精装,79.0,2007.0,509.0
丰台,2室,南西,有电梯,简装,60.0,1992.0,392.0
丰台,2室,南西,有电梯,其他,87.0,2007.0,378.0
丰台,3室,南,未知,简装,138.0,2004.0,788.0
丰台,1室,南,未知,简装,49.0,1996.0,279.0
丰台,2室,南北,未知,精装,60.0,1979.0,253.0
丰台,1室,东,未知,其他,34.0,1998.0,220.0
丰台,2室,南北,未知,简装,93.0,1996.0,589.0
丰台,2室,东南,未知,精装,88.0,1994.0,540.0
丰台,1室,西南,未知,精装,68.0,2006.0,419.8
丰台,1室,南北,未知,简装,57.0,2000.0,270.0
丰台,3室,东南,未知,简装,80.0,1990.0,440.0
丰台,3室,南北,未知,简装,56.0,1985.0,276.0
丰台,2室,南北,未知,精装,60.0,1988.0,420.0
丰台,4室,西南,有电梯,精装,142.0,2006.0,980.0
丰台,3室,南,未知,其他,94.0,1995.0,580.0
丰台,2室,西南,未知,其他,58.0,1993.0,347.0
丰台,3室,南北,未知,简装,78.0,1992.0,480.0
丰台,3室,南北,未知,精装,147.0,2007.0,1000.0
丰台,1室,南,未知,精装,62.0,2004.0,471.0
丰台,2室,南北,未知,精装,56.0,1992.0,300.0
丰台,3室,南北,未知,精装,173.0,2006.0,1300.0
丰台,2室,南北,未知,简装,93.0,2005.0,730.0
丰台,2室,南北,无电梯,毛坯,99.0,2002.0,510.0
丰台,2室,西,有电梯,简装,70.0,2001.0,425.0
丰台,2室,南北,有电梯,精装,104.0,2009.0,635.0
丰台,2室,南,未知,简装,103.0,2004.0,539.0
丰台,3室,南北,未知,精装,113.0,2014.0,750.0
丰台,2室,东西,有电梯,精装,116.0,2006.0,618.0
丰台,3室,南北,未知,精装,106.0,1996.0,530.0
丰台,3室,西南,未知,精装,125.0,2006.0,825.0
丰台,3室,南西,未知,精装,105.0,2007.0,692.0
丰台,2室,南北,未知,精装,73.0,1998.0,520.0
丰台,2室,南,未知,其他,91.0,2004.0,547.0
丰台,2室,南北,有电梯,简装,118.0,2002.0,672.0
丰台,3室,南北,未知,精装,117.0,2002.0,880.0
丰台,2室,西,未知,精装,93.0,2005.0,450.0
丰台,3室,南北,未知,精装,151.0,2006.0,920.0
丰台,1室,东南,未知,精装,72.0,2006.0,523.0
丰台,2室,西南,未知,精装,71.0,1998.0,572.0
丰台,1室,东,未知,精装,41.0,2012.0,285.0
丰台,3室,南,未知,简装,124.0,2006.0,669.0
丰台,2室,南北,未知,简装,68.0,2010.0,370.0
丰台,1室,西北,未知,简装,60.0,2006.0,380.0
丰台,2室,西南,未知,精装,87.0,2009.0,720.0
丰台,2室,东西,未知,简装,63.0,1996.0,351.7
丰台,1室,西,未知,简装,75.0,2003.0,450.0
丰台,2室,南北,未知,精装,70.0,1990.0,370.0
丰台,2室,南北,未知,简装,49.0,1990.0,335.0
丰台,2室,西南,未知,简装,107.0,2002.0,540.0
丰台,3室,西,未知,精装,117.0,2001.0,635.0
丰台,2室,南,有电梯,精装,128.0,2009.0,830.0
丰台,2室,东西,未知,精装,81.0,2002.0,440.0
丰台,3室,南北,未知,精装,90.0,2011.0,652.0
丰台,2室,南,未知,精装,56.0,1983.0,308.0
丰台,2室,西南,未知,精装,82.0,1999.0,550.0
丰台,3室,南北,未知,精装,99.0,2007.0,500.0
丰台,4室,南,未知,其他,144.0,2003.0,830.0
丰台,2室,西南,未知,简装,90.0,2004.0,510.0
丰台,3室,南北,未知,简装,123.0,2005.0,850.0
丰台,3室,东南,未知,精装,84.0,1991.0,580.0
丰台,2室,南北,未知,简装,69.0,1986.0,383.0
丰台,2室,南,未知,简装,103.0,2004.0,580.0
丰台,2室,西南,未知,其他,63.0,1992.0,418.0
丰台,2室,南,未知,精装,89.0,2011.0,598.0
丰台,3室,南北,未知,精装,95.0,2011.0,655.0
丰台,1室,东,未知,简装,50.0,2004.0,348.0
丰台,2室,南北,未知,简装,72.0,2000.0,315.0
丰台,2室,东,未知,简装,65.0,2001.0,420.0
丰台,2室,西南,未知,简装,61.0,2010.0,320.0
丰台,2室,西南,有电梯,精装,68.0,2010.0,315.0
丰台,2室,南北,未知,精装,77.0,1989.0,399.0
丰台,2室,南北,未知,简装,54.0,1989.0,320.0
丰台,2室,西北,未知,简装,65.0,1999.0,334.0
丰台,2室,东,未知,精装,91.0,2003.0,578.0
丰台,2室,南北,未知,简装,56.0,1992.0,310.0
丰台,2室,西南,未知,精装,98.0,2006.0,638.0
丰台,2室,南,未知,简装,91.0,2001.0,510.0
丰台,2室,南北,未知,精装,93.0,2005.0,580.0
丰台,3室,东西,未知,简装,73.0,1990.0,410.0
丰台,1室,西北,未知,精装,82.0,2007.0,555.0
丰台,1室,北,有电梯,精装,61.0,2005.0,340.0
丰台,3室,东,未知,简装,121.0,2005.0,767.0
丰台,2室,南北,未知,简装,57.0,1991.0,305.0
丰台,2室,南,未知,精装,78.0,2002.0,529.0
丰台,1室,东北,未知,精装,60.0,2004.0,415.0
丰台,2室,南,未知,精装,79.0,2009.0,655.0
丰台,2室,东南,未知,精装,91.0,2006.0,550.0
丰台,2室,南北,未知,简装,95.0,2004.0,450.0
丰台,3室,南北,未知,简装,84.0,2000.0,520.0
丰台,2室,东南,未知,简装,86.0,1992.0,558.0
丰台,2室,南北,未知,精装,66.0,2010.0,528.0
丰台,2室,东西,未知,简装,59.0,1995.0,360.0
丰台,3室,南北,未知,精装,141.0,2007.0,980.0
丰台,3室,南北,未知,精装,131.0,2002.0,699.0
丰台,2室,南北,有电梯,精装,88.0,2006.0,555.0
丰台,2室,南北,未知,简装,95.0,2004.0,448.0
丰台,2室,南北,未知,精装,88.0,2000.0,496.0
丰台,2室,西南,未知,简装,58.0,1992.0,380.0
海淀,3室,东西,未知,简装,97.0,1997.0,630.0
海淀,3室,南北,无电梯,其他,73.0,1988.0,910.0
海淀,2室,南北,未知,简装,50.0,1980.0,385.0
海淀,2室,东南,有电梯,精装,85.0,2011.0,830.0
海淀,2室,西北,有电梯,精装,124.0,2003.0,1400.0
海淀,2室,南,无电梯,简装,50.0,1991.0,450.0
海淀,2室,北,有电梯,简装,71.0,2003.0,502.0
海淀,2室,东南,有电梯,简装,86.0,1999.0,649.0
海淀,1室,南,无电梯,简装,37.0,1983.0,400.0
海淀,2室,南北,无电梯,简装,64.0,1980.0,550.0
海淀,2室,东西,无电梯,精装,66.0,1985.0,430.0
海淀,1室,东,有电梯,毛坯,38.0,2004.0,353.0
海淀,2室,南北,无电梯,毛坯,66.0,1975.0,820.0
海淀,1室,东,有电梯,简装,66.0,2002.0,450.0
海淀,1室,南北,有电梯,简装,47.0,1985.0,395.0
海淀,2室,西北,有电梯,简装,108.0,2004.0,600.0
海淀,2室,西北,有电梯,简装,72.0,2002.0,680.0
海淀,2室,东西,无电梯,精装,64.0,1992.0,550.0
海淀,1室,南,有电梯,精装,76.0,2000.0,1100.0
海淀,2室,东西,有电梯,简装,63.0,1997.0,412.0
海淀,1室,西,无电梯,精装,49.0,1995.0,402.0
海淀,2室,东南,未知,简装,93.0,1997.0,550.0
海淀,2室,西南,有电梯,精装,65.0,1987.0,540.0
海淀,1室,东北,有电梯,简装,54.0,2005.0,380.0
海淀,3室,南北,未知,简装,88.0,1985.0,790.0
海淀,1室,南,未知,精装,44.0,2011.0,380.0
海淀,2室,西南,有电梯,精装,89.0,2001.0,600.0
海淀,1室,东,有电梯,精装,58.0,2003.0,750.0
海淀,3室,南北,有电梯,简装,132.0,2004.0,1020.0
海淀,2室,西南,有电梯,其他,105.0,2001.0,1250.0
海淀,3室,南北,有电梯,精装,137.0,2005.0,900.0
海淀,3室,东南,未知,精装,112.0,1998.0,1005.0
海淀,2室,西南,有电梯,其他,88.0,2007.0,820.0
海淀,3室,西,有电梯,其他,198.0,2001.0,1487.0
海淀,4室,南北,无电梯,其他,127.0,1996.0,1200.0
海淀,2室,南北,无电梯,精装,91.0,2011.0,696.0
海淀,3室,西南,未知,其他,124.0,2001.0,868.0
海淀,2室,南北,无电梯,其他,57.0,1989.0,442.0
海淀,2室,东西,无电梯,精装,62.0,1989.0,740.0
海淀,2室,东西,无电梯,毛坯,73.0,2000.0,500.0
海淀,2室,东南,有电梯,精装,74.0,1998.0,540.0
海淀,3室,东北,未知,精装,131.0,2000.0,1500.0
海淀,2室,南,无电梯,精装,62.0,1986.0,588.0
海淀,3室,东西,未知,简装,57.0,1976.0,530.0
海淀,2室,南北,无电梯,简装,75.0,2002.0,730.0
海淀,3室,南北,未知,精装,87.0,2000.0,836.0
海淀,1室,东,未知,其他,90.0,2002.0,900.0
海淀,3室,西南,未知,精装,76.0,1995.0,528.0
海淀,4室,东南,无电梯,简装,192.0,1996.0,1300.0
海淀,2室,东南,无电梯,简装,77.0,2000.0,550.0
海淀,3室,西南,有电梯,精装,146.0,2008.0,1100.0
海淀,2室,东西,未知,简装,54.0,1982.0,411.0
海淀,4室,南北,无电梯,简装,107.0,1983.0,1020.0
海淀,2室,南北,未知,其他,47.0,1976.0,620.0
海淀,2室,东西,有电梯,简装,58.0,1993.0,473.0
海淀,2室,南北,无电梯,精装,49.0,2005.0,290.0
海淀,2室,南北,未知,精装,63.0,1987.0,626.0
海淀,2室,南,未知,其他,52.0,1992.0,360.0
海淀,1室,南,无电梯,其他,40.0,1988.0,335.0
海淀,2室,南北,有电梯,简装,54.0,1991.0,525.0
海淀,2室,南北,无电梯,精装,57.0,1987.0,545.0
海淀,1室,西北,有电梯,精装,60.0,2010.0,380.0
海淀,2室,南北,无电梯,简装,52.0,1990.0,545.0
海淀,2室,东南,无电梯,精装,52.0,1990.0,495.0
海淀,1室,东南,无电梯,精装,58.0,2000.0,358.0
海淀,2室,南北,无电梯,简装,71.0,1997.0,410.0
海淀,2室,东北,有电梯,简装,91.0,1999.0,850.0
海淀,2室,南北,无电梯,精装,52.0,1978.0,355.0
海淀,2室,南,有电梯,精装,49.0,1987.0,435.0
海淀,2室,南北,未知,精装,91.0,2011.0,678.0
海淀,1室,西,无电梯,精装,48.0,1997.0,300.0
海淀,1室,西,有电梯,精装,85.0,2001.0,550.0
海淀,2室,南北,未知,简装,60.0,1995.0,430.0
海淀,1室,东南,有电梯,精装,61.0,2004.0,650.0
海淀,2室,西南,有电梯,简装,60.0,1988.0,585.0
海淀,1室,南,有电梯,简装,47.0,1989.0,458.0
海淀,1室,南,无电梯,简装,36.0,1985.0,345.0
海淀,3室,南北,无电梯,其他,74.0,1983.0,704.0
海淀,1室,南北,无电梯,其他,44.0,1997.0,630.0
海淀,2室,南北,无电梯,简装,54.0,1986.0,490.0
海淀,2室,南北,无电梯,精装,61.0,1992.0,616.0
海淀,2室,南北,未知,其他,56.0,1982.0,530.0
海淀,1室,南,无电梯,简装,49.0,1994.0,425.0
海淀,1室,南北,无电梯,精装,51.0,1998.0,383.8
海淀,1室,南北,有电梯,简装,50.0,1990.0,458.0
海淀,2室,西南,有电梯,其他,105.0,2001.0,1250.0
海淀,2室,西南,有电梯,其他,88.0,2007.0,820.0
海淀,1室,东南,未知,简装,47.0,1992.0,385.0
海淀,1室,南西,有电梯,精装,73.0,2003.0,430.0
海淀,1室,东南,有电梯,精装,65.0,2000.0,510.0
海淀,1室,南,有电梯,精装,64.0,1996.0,577.0
海淀,2室,南北,未知,精装,63.0,1988.0,399.0
海淀,1室,东,有电梯,简装,62.0,2001.0,625.0
海淀,2室,南,未知,简装,101.0,2005.0,680.0
海淀,3室,东西,未知,精装,54.0,1986.0,498.0
海淀,1室,东,未知,精装,58.0,2003.0,760.0
海淀,2室,东南,未知,简装,60.0,1990.0,630.0
海淀,1室,南,未知,其他,62.0,2002.0,435.0
海淀,2室,南北,无电梯,精装,86.0,2004.0,580.0
海淀,1室,西,有电梯,精装,58.0,2004.0,390.0
海淀,2室,东南,有电梯,简装,69.0,1998.0,630.0
海淀,2室,东西,无电梯,其他,65.0,1996.0,413.0
海淀,2室,南北,无电梯,简装,74.0,1996.0,660.0
海淀,2室,南北,无电梯,简装,58.0,1990.0,535.0
海淀,其他,北,有电梯,简装,63.0,2007.0,191.0
海淀,2室,南北,未知,简装,62.0,1992.0,570.0
海淀,6室,南北,无电梯,其他,226.0,1998.0,1580.0
海淀,4室,南北,无电梯,其他,201.0,1997.0,1480.0
海淀,4室,南北,无电梯,简装,151.0,1998.0,930.0
海淀,6室,南北,无电梯,精装,191.0,2000.0,1150.0
海淀,2室,西南,有电梯,简装,65.0,1985.0,560.0
海淀,3室,东南,无电梯,简装,81.0,1990.0,773.0
海淀,5室,东西,无电梯,其他,230.0,2005.0,820.0
海淀,3室,南北,无电梯,简装,171.0,2001.0,870.0
海淀,2室,南,无电梯,简装,52.0,1994.0,340.0
海淀,1室,南,有电梯,其他,44.0,1999.0,420.0
海淀,2室,南北,无电梯,简装,58.0,1990.0,586.0
海淀,2室,南北,无电梯,精装,58.0,1997.0,440.0
海淀,1室,南,有电梯,精装,62.0,2002.0,455.0
海淀,2室,南北,未知,简装,84.0,2004.0,540.0
海淀,2室,东,未知,简装,85.0,2003.0,770.0
海淀,1室,南北,有电梯,精装,69.0,2007.0,480.0
海淀,2室,南西,有电梯,简装,123.0,1998.0,1100.0
海淀,2室,南北,未知,简装,57.0,1984.0,480.0
海淀,1室,北,有电梯,其他,58.0,2006.0,445.0
海淀,2室,东西,未知,精装,56.0,1995.0,510.0
海淀,1室,西南,有电梯,简装,32.0,2007.0,295.0
海淀,1室,西南,有电梯,精装,65.0,2001.0,515.0
海淀,2室,东西,无电梯,简装,70.0,1997.0,439.0
海淀,2室,东北,有电梯,精装,74.0,2003.0,480.0
海淀,2室,南北,无电梯,精装,57.0,1985.0,480.0
海淀,2室,东南,有电梯,精装,112.0,1999.0,750.0
海淀,2室,南,有电梯,精装,63.0,1986.0,540.0
海淀,1室,东南,有电梯,精装,42.0,1992.0,450.0
海淀,2室,南北,无电梯,其他,61.0,1983.0,640.0
海淀,3室,南北,无电梯,简装,57.0,1982.0,700.0
海淀,1室,东,有电梯,简装,59.0,2000.0,490.0
海淀,1室,南,无电梯,简装,42.0,1993.0,410.0
海淀,2室,南,有电梯,精装,87.0,2004.0,610.0
海淀,2室,东南,有电梯,简装,60.0,1991.0,630.0
海淀,2室,南,无电梯,精装,57.0,1987.0,573.0
海淀,1室,北,未知,精装,60.0,2006.0,470.0
海淀,2室,南,无电梯,简装,54.0,1983.0,460.0
海淀,2室,西南,有电梯,简装,97.0,2005.0,630.0
海淀,1室,南,无电梯,精装,42.0,1989.0,360.0
海淀,1室,西南,有电梯,简装,62.0,2001.0,520.0
海淀,1室,东,有电梯,其他,51.0,2006.0,430.0
海淀,1室,南,未知,其他,43.0,1993.0,500.0
海淀,4室,南北,有电梯,其他,192.0,2014.0,1750.0
海淀,其他,南北,未知,精装,266.61,2007.0,1350.0
海淀,3室,南北,无电梯,简装,76.0,1993.0,650.0
海淀,2室,西北,未知,精装,69.0,2014.0,435.0
海淀,1室,东,未知,精装,36.0,1996.0,330.0
海淀,2室,东西,无电梯,精装,72.0,1996.0,830.0
海淀,2室,西,有电梯,简装,81.0,2002.0,817.5
海淀,1室,北,有电梯,精装,73.0,2003.0,720.0
海淀,2室,南北,无电梯,简装,65.0,1983.0,627.0
海淀,2室,南,未知,精装,62.0,2004.0,590.0
海淀,2室,南北,无电梯,简装,59.0,1998.0,260.0
海淀,2室,南北,无电梯,简装,56.0,1979.0,518.0
海淀,2室,南,无电梯,精装,61.0,1990.0,550.0
海淀,2室,东北,有电梯,简装,64.0,1994.0,515.0
海淀,2室,南北,无电梯,简装,63.0,1984.0,580.0
海淀,2室,东,有电梯,简装,80.0,2005.0,460.0
海淀,1室,西,未知,简装,48.0,1992.0,430.0
海淀,1室,西南,有电梯,精装,76.0,2001.0,740.0
海淀,1室,南,有电梯,精装,48.0,2004.0,730.0
海淀,1室,南,无电梯,简装,38.0,1985.0,340.0
海淀,1室,南北,有电梯,精装,66.0,2009.0,430.0
海淀,2室,南北,有电梯,精装,90.0,2003.0,650.0
海淀,1室,东,未知,简装,57.0,1996.0,520.0
海淀,3室,东南,有电梯,精装,88.0,2003.0,775.0
海淀,1室,南,有电梯,其他,44.0,1999.0,420.0
海淀,3室,东南,有电梯,简装,114.0,1999.0,1200.0
海淀,2室,西南,有电梯,其他,74.0,1988.0,680.0
海淀,2室,东南,有电梯,精装,87.0,2009.0,560.0
海淀,3室,南北,无电梯,简装,142.0,2001.0,820.0
海淀,2室,东南,有电梯,其他,90.0,1999.0,800.0
海淀,3室,南北,有电梯,其他,133.0,2005.0,1200.0
海淀,2室,南北,无电梯,精装,54.0,1987.0,488.0
海淀,3室,南北,无电梯,简装,56.0,1982.0,510.0
海淀,2室,南北,有电梯,简装,111.0,2001.0,1250.0
海淀,2室,南北,无电梯,精装,104.0,2004.0,630.0
海淀,2室,南,未知,简装,72.0,2009.0,540.0
海淀,2室,南西,有电梯,精装,81.0,2007.0,860.0
海淀,3室,南北,无电梯,精装,112.0,1993.0,980.0
海淀,3室,东南,有电梯,精装,116.0,2006.0,1365.0
海淀,2室,南北,有电梯,简装,77.0,1998.0,505.0
海淀,2室,东北,未知,精装,75.0,1994.0,575.0
海淀,2室,东西,无电梯,其他,57.0,1984.0,470.0
海淀,3室,东南,有电梯,简装,205.0,2000.0,1810.0
海淀,4室,南北,有电梯,毛坯,240.0,2009.0,1180.0
海淀,3室,东西,未知,精装,123.0,1997.0,1168.0
海淀,1室,东西,无电梯,简装,38.0,1988.0,347.0
海淀,1室,北,有电梯,简装,31.0,1984.0,378.0
海淀,2室,东南,有电梯,精装,62.0,1986.0,600.0
海淀,3室,东西,无电梯,精装,78.0,1995.0,555.0
海淀,1室,南,未知,其他,43.0,1993.0,500.0
海淀,2室,南北,未知,简装,57.0,1978.0,355.0
海淀,2室,南,未知,简装,53.0,1986.0,350.0
海淀,1室,东,无电梯,简装,43.0,1995.0,300.0
海淀,2室,西南,无电梯,简装,45.0,1985.0,403.0
海淀,2室,南北,无电梯,其他,54.0,1981.0,325.0
海淀,3室,东北,有电梯,精装,152.0,2006.0,1450.0
海淀,2室,西北,有电梯,精装,64.0,1988.0,650.0
海淀,4室,南北,无电梯,其他,180.0,2000.0,1700.0
海淀,2室,东北,有电梯,其他,91.0,1999.0,890.0
海淀,2室,东西,有电梯,精装,97.0,2002.0,1250.0
海淀,3室,东北,有电梯,简装,127.0,1998.0,930.0
海淀,6室,南北,无电梯,其他,217.0,1998.0,1300.0
海淀,2室,西北,有电梯,精装,102.0,2006.0,770.0
海淀,3室,南北,无电梯,精装,77.0,1984.0,645.0
海淀,2室,南北,未知,简装,127.0,2004.0,1350.0
海淀,3室,东北,未知,精装,90.0,2000.0,1100.0
海淀,3室,东南,有电梯,简装,114.0,1999.0,1200.0
海淀,5室,南北,无电梯,精装,210.0,2000.0,1420.0
海淀,2室,南北,无电梯,精装,54.0,1987.0,488.0
海淀,3室,南北,有电梯,其他,133.0,2005.0,1200.0
海淀,2室,西南,有电梯,其他,74.0,1988.0,680.0
海淀,2室,东南,有电梯,精装,87.0,2009.0,560.0
海淀,3室,南北,无电梯,简装,142.0,2001.0,820.0
海淀,2室,东南,有电梯,其他,90.0,1999.0,800.0
海淀,2室,东,有电梯,简装,59.0,2001.0,480.0
海淀,1室,东,有电梯,精装,69.0,2011.0,650.0
海淀,2室,东南,有电梯,精装,75.0,2003.0,646.0
海淀,2室,东,有电梯,精装,59.0,1990.0,498.0
海淀,2室,南,无电梯,简装,53.0,1985.0,503.0
海淀,2室,南,有电梯,简装,61.0,1992.0,558.0
海淀,2室,南北,无电梯,简装,73.0,2001.0,468.0
海淀,3室,东西,未知,精装,77.0,1988.0,740.0
海淀,2室,南北,未知,其他,61.0,1980.0,540.0
海淀,2室,南,未知,精装,50.0,1988.0,460.0
海淀,3室,西北,有电梯,精装,103.0,1988.0,980.0
海淀,1室,南西,有电梯,精装,64.0,2005.0,580.0
海淀,1室,东西,未知,简装,70.0,1998.0,530.0
海淀,3室,东南,有电梯,简装,127.0,1998.0,1280.0
海淀,2室,东西,未知,精装,64.0,1985.0,515.0
海淀,1室,南,有电梯,精装,41.0,1992.0,420.0
海淀,2室,东,未知,精装,121.0,2002.0,1600.0
海淀,2室,东南,有电梯,简装,76.0,1999.0,580.0
海淀,1室,北,有电梯,精装,44.0,2005.0,310.0
海淀,2室,南北,无电梯,精装,93.0,2008.0,998.0
海淀,2室,东南,未知,简装,62.0,1987.0,550.0
海淀,1室,西北,有电梯,精装,59.0,1997.0,400.0
海淀,1室,东北,有电梯,简装,74.0,2001.0,550.0
海淀,2室,南北,无电梯,简装,60.0,1981.0,770.0
海淀,1室,东南,未知,精装,57.0,2004.0,505.0
海淀,1室,东,有电梯,精装,53.0,2006.0,507.0
海淀,2室,西,有电梯,精装,74.0,2000.0,830.0
海淀,2室,东西,无电梯,精装,57.0,1997.0,485.0
海淀,2室,南,有电梯,精装,73.0,1996.0,730.0
海淀,2室,南北,无电梯,简装,61.0,1994.0,350.0
海淀,3室,东西,有电梯,简装,75.0,1990.0,743.0
海淀,3室,东西,有电梯,简装,136.0,2010.0,1080.0
海淀,2室,西南,有电梯,其他,83.0,2005.0,872.0
海淀,1室,南,有电梯,精装,42.0,1988.0,375.0
海淀,2室,南北,有电梯,精装,114.0,2001.0,1200.0
海淀,2室,东南,有电梯,简装,61.0,1988.0,520.0
海淀,2室,南,有电梯,其他,55.0,1992.0,456.0
海淀,2室,南北,无电梯,其他,114.0,1998.0,1100.0
海淀,3室,南北,未知,精装,132.0,2001.0,990.0
海淀,1室,南,有电梯,其他,57.0,2007.0,600.0
海淀,2室,南北,未知,简装,57.0,1997.0,516.0
海淀,2室,西,未知,简装,74.0,2001.0,680.0
海淀,2室,东西,未知,精装,104.0,2001.0,700.0
海淀,2室,东南,未知,其他,92.0,2000.0,800.0
海淀,2室,东西,无电梯,精装,50.0,1980.0,430.0
海淀,2室,西南,未知,精装,66.0,2005.0,880.0
海淀,2室,西,有电梯,简装,91.0,2005.0,840.0
海淀,2室,西,有电梯,其他,86.0,2002.0,498.0
海淀,3室,东南,有电梯,精装,115.0,1995.0,985.0
海淀,2室,南,有电梯,其他,54.0,2005.0,435.0
海淀,2室,南北,有电梯,精装,89.0,2008.0,540.0
海淀,2室,南北,无电梯,简装,71.0,1997.0,460.0
海淀,3室,东西,无电梯,精装,109.0,2003.0,630.0
海淀,1室,南北,未知,其他,48.0,1996.0,720.0
海淀,3室,东北,有电梯,精装,67.0,1987.0,620.0
海淀,2室,南北,未知,简装,55.0,1992.0,328.0
海淀,2室,南,有电梯,精装,66.0,2012.0,490.0
海淀,4室,西南,有电梯,精装,221.0,2000.0,1700.0
海淀,2室,南,有电梯,简装,61.0,1992.0,558.0
海淀,1室,南北,无电梯,简装,46.0,1995.0,378.0
海淀,1室,南,有电梯,简装,44.0,1985.0,400.0
海淀,1室,南,有电梯,精装,45.0,1989.0,450.0
海淀,1室,南,无电梯,简装,42.0,1989.0,375.0
海淀,2室,南北,无电梯,其他,63.0,1986.0,610.0
海淀,2室,南北,未知,精装,59.0,1996.0,790.0
海淀,2室,南北,无电梯,简装,64.0,1980.0,641.0
海淀,2室,南,无电梯,精装,52.0,1980.0,435.0
海淀,2室,南北,有电梯,其他,90.0,2008.0,600.0
海淀,3室,东西,未知,其他,98.0,1990.0,989.0
海淀,3室,南北,无电梯,精装,68.0,1985.0,377.0
海淀,3室,东北,有电梯,精装,131.0,1999.0,1500.0
海淀,2室,南北,无电梯,简装,77.0,1998.0,600.0
海淀,3室,南北,未知,其他,133.0,2000.0,1100.0
海淀,2室,西,有电梯,简装,123.0,2000.0,990.0
海淀,3室,西,未知,精装,155.0,2005.0,1300.0
海淀,2室,南北,有电梯,其他,73.0,1998.0,745.0
海淀,2室,东西,未知,其他,99.0,2005.0,625.0
海淀,2室,西北,未知,其他,100.0,2004.0,1200.0
海淀,2室,东南,未知,其他,81.0,1999.0,587.5
海淀,3室,南北,未知,其他,69.0,1981.0,434.0
海淀,3室,南北,未知,精装,140.0,2010.0,1300.0
海淀,2室,南,有电梯,精装,98.0,2004.0,690.0
海淀,2室,东西,未知,简装,99.0,2006.0,550.0
海淀,1室,南,无电梯,简装,42.0,1994.0,318.0
海淀,3室,南北,无电梯,简装,131.0,1998.0,1146.0
海淀,3室,南北,无电梯,简装,80.0,1994.0,560.0
海淀,2室,南北,未知,精装,86.0,1999.0,950.0
海淀,2室,南北,未知,其他,65.0,1987.0,560.0
海淀,2室,南北,无电梯,其他,55.0,1989.0,558.0
海淀,3室,西南,有电梯,简装,126.0,1998.0,1380.0
海淀,3室,西南,有电梯,简装,85.0,1988.0,838.0
海淀,3室,南,有电梯,简装,151.0,2002.0,1290.0
海淀,2室,南北,无电梯,其他,108.0,2002.0,680.0
海淀,3室,南北,无电梯,其他,82.0,1980.0,1050.0
海淀,2室,南,无电梯,其他,53.0,1998.0,350.0
海淀,1室,西北,未知,精装,48.0,2010.0,329.0
海淀,3室,南北,有电梯,精装,157.0,2005.0,1750.0
海淀,2室,南北,有电梯,精装,81.0,2004.0,1200.0
海淀,3室,西北,未知,其他,141.0,2001.0,790.0
海淀,3室,南北,有电梯,简装,93.0,1997.0,795.0
海淀,2室,南北,有电梯,其他,83.0,2010.0,690.0
海淀,2室,西南,未知,精装,77.0,1998.0,598.0
海淀,2室,东南,有电梯,简装,99.0,1999.0,718.0
海淀,2室,东北,未知,其他,61.0,1989.0,725.0
海淀,4室,南西,未知,其他,165.0,2000.0,1280.0
海淀,2室,南北,未知,精装,61.0,1995.0,510.0
海淀,3室,南西,有电梯,精装,101.0,1998.0,980.0
海淀,4室,西南,有电梯,精装,158.0,1995.0,1188.0
海淀,4室,东南,有电梯,精装,170.0,2007.0,1280.0
海淀,2室,南北,有电梯,精装,114.0,2008.0,960.0
海淀,2室,南北,无电梯,精装,57.0,1988.0,490.0
海淀,3室,南北,未知,简装,165.0,2002.0,1750.0
海淀,4室,南北,无电梯,精装,161.0,1995.0,1350.0
海淀,3室,南,有电梯,精装,130.0,2003.0,1290.0
海淀,2室,东,有电梯,其他,89.0,2000.0,700.0
海淀,2室,南北,未知,精装,118.0,1990.0,830.0
海淀,2室,南北,无电梯,精装,95.0,1998.0,850.0
海淀,2室,南,有电梯,精装,89.0,2008.0,560.0
海淀,2室,南北,无电梯,简装,67.0,1996.0,590.0
海淀,1室,东南,未知,精装,59.0,1999.0,540.0
海淀,3室,南北,有电梯,其他,81.0,1990.0,720.0
海淀,3室,南北,无电梯,简装,86.0,1996.0,815.0
海淀,3室,南北,未知,精装,126.0,2004.0,1050.0
海淀,2室,南北,无电梯,简装,57.0,1990.0,490.0
海淀,4室,东南,有电梯,精装,106.0,1996.0,1250.0
海淀,2室,南,有电梯,精装,86.0,2009.0,590.0
海淀,3室,西南,有电梯,其他,97.0,1998.0,940.0
海淀,4室,东西,有电梯,精装,254.0,1998.0,1450.0
海淀,3室,南北,无电梯,其他,146.0,1997.0,1280.0
海淀,3室,南北,无电梯,简装,82.0,1994.0,535.0
海淀,2室,南北,无电梯,简装,59.0,1992.0,388.0
海淀,2室,南北,无电梯,其他,94.0,2000.0,860.0
海淀,2室,南,无电梯,简装,50.0,1976.0,460.0
海淀,2室,南北,未知,其他,96.0,1999.0,920.0
海淀,3室,东南,有电梯,精装,111.0,2000.0,1580.0
海淀,4室,南北,未知,精装,217.0,2008.0,1370.0
海淀,1室,西北,未知,精装,48.0,2010.0,329.0
海淀,3室,南北,有电梯,精装,157.0,2005.0,1750.0
海淀,2室,南北,无电梯,其他,108.0,2002.0,680.0
海淀,3室,南北,无电梯,其他,82.0,1980.0,1050.0
海淀,3室,南,有电梯,简装,151.0,2002.0,1290.0
海淀,2室,南北,有电梯,精装,84.0,2010.0,650.0
海淀,3室,东西,有电梯,精装,75.0,1987.0,710.0
海淀,1室,南,有电梯,其他,43.0,2004.0,340.0
海淀,2室,南,有电梯,简装,65.0,1987.0,630.0
海淀,2室,南北,无电梯,其他,94.0,2007.0,950.0
海淀,3室,南北,未知,简装,83.0,1992.0,750.0
海淀,2室,东南,有电梯,精装,142.0,1999.0,980.0
海淀,3室,东南,有电梯,精装,75.0,1988.0,830.0
海淀,3室,东西,有电梯,简装,132.0,2010.0,1020.0
海淀,3室,西南,无电梯,简装,58.0,1981.0,560.0
海淀,3室,南北,无电梯,精装,136.0,1998.0,1150.0
海淀,4室,南北,有电梯,其他,131.0,1997.0,750.0
海淀,2室,南北,无电梯,精装,95.0,2003.0,750.0
海淀,3室,南北,有电梯,精装,126.0,2008.0,1150.0
海淀,2室,南北,无电梯,简装,67.0,1996.0,590.0
海淀,2室,南,有电梯,精装,89.0,2008.0,560.0
海淀,3室,西南,有电梯,简装,177.0,1999.0,1200.0
海淀,3室,东西,有电梯,简装,87.0,2001.0,580.0
海淀,2室,南北,未知,精装,118.0,1990.0,830.0
海淀,1室,东南,未知,精装,59.0,1999.0,540.0
海淀,2室,南北,无电梯,精装,95.0,1998.0,850.0
海淀,3室,南北,未知,精装,211.0,2001.0,1650.0
海淀,2室,南北,无电梯,简装,57.0,1990.0,490.0
海淀,3室,西南,有电梯,其他,111.0,2002.0,758.0
海淀,2室,东南,有电梯,简装,57.0,1988.0,530.0
海淀,3室,东南,无电梯,简装,61.0,1986.0,490.0
海淀,2室,东西,无电梯,简装,58.0,1988.0,480.0
海淀,2室,南北,有电梯,精装,99.0,2006.0,670.0
海淀,2室,南,未知,精装,57.0,1986.0,500.0
海淀,2室,西北,未知,其他,85.0,2002.0,800.0
海淀,2室,东西,未知,简装,63.0,1992.0,383.0
海淀,2室,西,有电梯,精装,106.0,2000.0,639.0
海淀,1室,东,未知,精装,63.0,2004.0,598.0
海淀,2室,南北,未知,精装,99.0,1999.0,580.0
海淀,2室,东南,有电梯,简装,87.0,2005.0,768.0
海淀,1室,北,未知,精装,53.0,2003.0,689.0
海淀,3室,西北,有电梯,精装,77.0,1990.0,698.0
海淀,2室,西北,无电梯,其他,80.0,2000.0,605.0
海淀,3室,南北,未知,精装,122.0,2004.0,1200.0
海淀,1室,南,有电梯,简装,68.0,2009.0,480.0
海淀,1室,东北,未知,精装,48.0,2002.0,428.0
海淀,2室,南北,未知,毛坯,107.0,2016.0,800.0
海淀,2室,东西,无电梯,简装,56.0,1985.0,375.0
海淀,2室,东,有电梯,简装,98.0,2009.0,650.0
海淀,1室,北,未知,精装,74.0,1998.0,800.0
海淀,2室,南北,无电梯,简装,60.0,1985.0,540.0
海淀,2室,东西,有电梯,简装,116.0,2003.0,1060.0
海淀,2室,东西,无电梯,简装,80.0,2000.0,735.0
海淀,3室,南北,未知,简装,70.0,1984.0,600.0
海淀,1室,西,未知,其他,55.0,2005.0,540.0
海淀,2室,南北,无电梯,精装,58.0,1993.0,480.0
海淀,3室,东北,未知,其他,119.0,2001.0,580.0
海淀,2室,南北,未知,简装,68.0,1996.0,590.0
海淀,1室,东,无电梯,简装,46.0,1995.0,368.0
海淀,2室,南北,未知,简装,65.0,1992.0,520.0
海淀,2室,南北,无电梯,精装,60.0,1996.0,565.0
海淀,2室,西南,有电梯,简装,85.0,2002.0,950.0
海淀,2室,西北,有电梯,简装,84.0,2005.0,790.0
海淀,2室,西北,无电梯,简装,54.0,1980.0,460.0
海淀,1室,南,无电梯,简装,57.0,1998.0,540.0
海淀,1室,南,未知,简装,46.0,1992.0,416.0
海淀,3室,南北,未知,简装,95.0,1996.0,670.0
海淀,1室,南,无电梯,精装,43.0,1995.0,295.0
海淀,2室,东南,有电梯,精装,86.0,2002.0,1200.0
海淀,3室,南北,未知,其他,80.0,1992.0,1050.0
海淀,1室,南北,未知,简装,42.0,1986.0,270.0
海淀,1室,南,有电梯,精装,57.0,2002.0,450.0
海淀,1室,南,无电梯,简装,40.0,1985.0,463.0
海淀,2室,东南,有电梯,精装,86.0,1998.0,660.0
海淀,3室,东西,无电梯,简装,73.0,1997.0,700.0
海淀,3室,西北,有电梯,精装,90.0,2000.0,1100.0
海淀,2室,东北,未知,精装,65.0,2009.0,530.0
海淀,3室,西北,有电梯,精装,131.0,2000.0,1350.0
海淀,2室,西,未知,精装,110.0,2002.0,1350.0
海淀,2室,东西,未知,简装,85.0,1997.0,550.0
海淀,1室,东南,有电梯,其他,57.0,1995.0,470.0
海淀,1室,东,有电梯,精装,43.0,1997.0,370.0
海淀,2室,南北,有电梯,精装,99.0,2006.0,670.0
海淀,1室,东,有电梯,简装,61.0,2009.0,433.0
海淀,2室,西,有电梯,简装,101.0,2008.0,590.0
海淀,2室,东西,未知,精装,85.0,1999.0,615.0
海淀,2室,东西,未知,其他,81.0,1999.0,600.0
海淀,2室,东西,无电梯,简装,58.0,1988.0,480.0
海淀,2室,东,未知,简装,50.0,1980.0,447.0
海淀,2室,东北,未知,简装,86.0,1992.0,760.0
海淀,2室,南北,未知,其他,59.0,1995.0,510.0
海淀,3室,南北,无电梯,简装,77.0,1986.0,450.0
海淀,2室,南北,无电梯,精装,63.0,1987.0,550.0
海淀,1室,南,无电梯,简装,40.0,1989.0,388.0
海淀,3室,南北,有电梯,简装,129.0,1997.0,1220.0
海淀,3室,南北,有电梯,其他,121.0,2003.0,920.0
海淀,2室,西南,有电梯,其他,78.0,1998.0,819.0
海淀,3室,南北,未知,简装,84.0,1995.0,566.0
海淀,2室,东西,无电梯,其他,61.0,1988.0,585.0
海淀,4室,西南,有电梯,简装,211.0,2001.0,1650.0
海淀,2室,东北,有电梯,简装,72.0,2002.0,710.0
海淀,2室,东西,有电梯,简装,73.0,1996.0,603.0
海淀,3室,东西,无电梯,精装,91.0,2000.0,1050.0
海淀,4室,东北,有电梯,精装,140.0,2000.0,1200.0
海淀,2室,南,无电梯,精装,58.0,1985.0,530.0
海淀,2室,西北,无电梯,简装,54.0,1980.0,460.0
海淀,2室,南北,无电梯,精装,60.0,1996.0,565.0
海淀,2室,西南,有电梯,简装,68.0,1999.0,450.0
海淀,2室,南北,无电梯,精装,72.0,1997.0,580.0
海淀,3室,东西,无电梯,简装,119.0,1998.0,823.0
海淀,2室,西北,无电梯,精装,63.0,1995.0,780.0
海淀,1室,西,无电梯,简装,42.0,1990.0,410.0
海淀,2室,南北,未知,精装,130.0,2000.0,1300.0
海淀,3室,南北,无电梯,其他,76.0,1994.0,470.0
海淀,2室,东南,有电梯,精装,124.0,2008.0,1100.0
海淀,2室,西南,有电梯,精装,70.0,1992.0,600.0
海淀,4室,南北,有电梯,其他,147.0,2010.0,1390.0
海淀,1室,南北,无电梯,精装,58.0,1998.0,380.0
海淀,4室,南北,有电梯,毛坯,146.0,2012.0,1280.0
海淀,1室,南,有电梯,精装,51.0,1988.0,473.0
海淀,4室,南北,无电梯,精装,204.0,2005.0,1050.0
海淀,3室,南北,无电梯,简装,128.0,2000.0,899.0
海淀,2室,东南,无电梯,简装,59.0,1996.0,430.0
海淀,2室,南北,无电梯,简装,76.0,2004.0,568.0
海淀,2室,南北,未知,简装,57.0,1980.0,315.0
海淀,2室,南北,无电梯,简装,60.0,1982.0,412.0
海淀,2室,东南,未知,精装,81.0,2007.0,680.0
海淀,3室,南北,无电梯,简装,69.0,1997.0,650.0
海淀,3室,东,未知,简装,74.0,1992.0,620.0
海淀,2室,南,无电梯,简装,48.0,1979.0,505.0
海淀,1室,东西,无电梯,简装,41.0,1989.0,340.0
海淀,2室,南北,有电梯,精装,75.0,2003.0,595.0
海淀,1室,东南,有电梯,精装,93.0,2000.0,645.0
海淀,2室,西北,有电梯,其他,61.0,1989.0,710.0
海淀,1室,西,有电梯,简装,58.0,2005.0,545.0
海淀,4室,南北,未知,简装,265.0,2013.0,1550.0
海淀,2室,南北,未知,简装,88.0,1998.0,841.0
海淀,1室,南北,有电梯,简装,77.0,2009.0,520.0
海淀,2室,东,有电梯,简装,87.0,2012.0,605.0
海淀,1室,南,有电梯,简装,48.0,1995.0,362.0
海淀,2室,南,有电梯,其他,56.0,1986.0,450.0
海淀,2室,南北,无电梯,简装,59.0,1990.0,470.0
海淀,3室,东西,有电梯,简装,210.0,2000.0,1350.0
海淀,1室,东西,无电梯,精装,45.0,1992.0,395.0
海淀,1室,东,有电梯,精装,53.0,2006.0,475.0
海淀,2室,南北,有电梯,精装,76.0,2003.0,610.0
海淀,1室,东,未知,精装,53.0,2006.0,455.0
海淀,1室,南,未知,精装,42.0,2007.0,435.0
海淀,2室,东南,有电梯,精装,93.0,2002.0,950.0
海淀,2室,南北,无电梯,简装,65.0,1992.0,540.0
海淀,1室,东,无电梯,毛坯,38.0,1988.0,327.0
海淀,3室,东西,无电梯,简装,82.0,2000.0,480.0
海淀,2室,东西,未知,精装,83.0,2009.0,350.0
海淀,2室,南,无电梯,精装,50.0,1982.0,500.0
海淀,2室,东西,未知,精装,83.0,2004.0,560.0
海淀,3室,东南,有电梯,简装,123.0,2003.0,1210.0
海淀,4室,南北,无电梯,精装,136.0,2000.0,675.5
海淀,1室,南,未知,简装,42.0,1987.0,299.0
海淀,2室,南,未知,精装,52.0,1994.0,385.0
海淀,2室,东南,未知,简装,56.0,1985.0,510.0
海淀,1室,南,无电梯,精装,47.0,1998.0,390.0
海淀,2室,东南,有电梯,简装,94.0,1996.0,760.0
海淀,2室,东南,有电梯,简装,111.0,1996.0,840.0
海淀,1室,东,有电梯,简装,62.0,2004.0,590.0
海淀,3室,南北,无电梯,简装,137.0,1998.0,1150.0
海淀,4室,东南,有电梯,精装,159.0,2000.0,1380.0
海淀,4室,东南,有电梯,精装,178.0,2000.0,1480.0
海淀,1室,南,有电梯,精装,51.0,1988.0,473.0
海淀,1室,南北,无电梯,精装,58.0,1998.0,380.0
海淀,4室,南北,有电梯,毛坯,146.0,2012.0,1280.0
海淀,2室,东南,无电梯,简装,59.0,1996.0,430.0
海淀,2室,南北,无电梯,简装,76.0,2004.0,568.0
海淀,2室,南,有电梯,精装,58.0,1986.0,690.0
海淀,2室,西北,有电梯,精装,113.0,2002.0,810.0
海淀,3室,西,有电梯,精装,124.0,2003.0,850.0
海淀,3室,东南,有电梯,简装,140.0,2004.0,920.0
海淀,2室,西北,无电梯,简装,56.0,1993.0,490.0
海淀,2室,南北,有电梯,其他,75.0,2003.0,610.0
海淀,2室,西南,未知,精装,113.0,2000.0,1300.0
海淀,1室,南,未知,简装,64.0,2000.0,560.0
海淀,2室,东西,未知,精装,53.0,1978.0,471.0
海淀,2室,南西,有电梯,简装,70.0,1998.0,709.0
海淀,3室,南北,有电梯,简装,212.0,2000.0,1600.0
海淀,1室,西北,有电梯,简装,33.0,2005.0,320.0
海淀,3室,西南,有电梯,精装,98.0,2007.0,980.0
海淀,2室,东西,未知,精装,45.0,1988.0,400.0
海淀,2室,南北,有电梯,精装,90.0,2011.0,550.0
海淀,1室,西北,未知,简装,67.0,2004.0,515.0
海淀,1室,南,无电梯,简装,60.0,2002.0,580.0
海淀,2室,东西,无电梯,精装,67.0,1990.0,600.0
海淀,1室,西北,有电梯,简装,85.0,2002.0,798.0
海淀,2室,东西,无电梯,简装,87.0,2007.0,555.0
海淀,2室,南北,有电梯,精装,124.0,2008.0,990.0
海淀,3室,南北,无电梯,精装,164.0,2003.0,1350.0
海淀,2室,南北,有电梯,精装,87.0,2000.0,1250.0
海淀,3室,南北,无电梯,毛坯,119.0,2000.0,650.0
海淀,2室,南北,无电梯,精装,57.0,1982.0,515.0
海淀,2室,南北,无电梯,精装,53.0,1979.0,295.0
海淀,3室,南北,无电梯,简装,72.0,1989.0,900.0
海淀,2室,南北,无电梯,精装,91.0,2011.0,710.0
海淀,3室,东西,未知,精装,97.0,1997.0,660.0
海淀,2室,东南,有电梯,精装,93.0,2002.0,950.0
海淀,1室,南,未知,精装,42.0,2007.0,435.0
海淀,2室,东西,无电梯,精装,58.0,1998.0,370.0
海淀,3室,西南,有电梯,简装,103.0,1995.0,830.0
海淀,2室,南北,未知,精装,60.0,1998.0,430.0
海淀,2室,南,未知,简装,58.0,1988.0,469.0
海淀,1室,北,未知,精装,49.0,2004.0,710.0
海淀,1室,南,有电梯,简装,47.0,2004.0,680.0
海淀,1室,东,有电梯,精装,55.0,2005.0,460.0
海淀,1室,南,未知,简装,41.0,1992.0,350.0
海淀,1室,东北,未知,精装,60.0,2002.0,425.0
海淀,3室,西南,无电梯,精装,61.0,1985.0,625.0
海淀,2室,南,无电梯,精装,81.0,1996.0,450.0
海淀,2室,东西,有电梯,精装,117.0,2002.0,1450.0
海淀,2室,南北,有电梯,精装,69.0,1998.0,445.0
海淀,2室,西北,无电梯,简装,56.0,1993.0,490.0
海淀,1室,南,未知,简装,64.0,2000.0,560.0
海淀,3室,西北,有电梯,精装,119.0,2000.0,1100.0
海淀,2室,西南,未知,精装,113.0,2000.0,1300.0
海淀,2室,南北,无电梯,简装,58.0,1980.0,539.0
海淀,2室,南北,无电梯,简装,64.0,1996.0,620.0
海淀,2室,南北,无电梯,简装,53.0,1981.0,340.0
海淀,2室,西北,有电梯,精装,113.0,2002.0,810.0
海淀,3室,西,有电梯,精装,124.0,2003.0,850.0
海淀,3室,东南,有电梯,简装,140.0,2004.0,920.0
海淀,3室,东南,有电梯,精装,165.0,2005.0,1800.0
海淀,3室,南北,有电梯,精装,158.0,1999.0,1500.0
海淀,3室,东南,有电梯,简装,208.0,2001.0,1680.0
海淀,3室,南北,无电梯,简装,81.0,1984.0,820.0
海淀,2室,南北,无电梯,精装,63.0,1998.0,549.0
海淀,2室,南北,未知,简装,55.0,1985.0,415.0
海淀,3室,东西,有电梯,简装,152.0,2001.0,900.0
海淀,3室,南北,未知,简装,76.0,1993.0,680.0
海淀,3室,东南,有电梯,精装,146.0,2008.0,1080.0
海淀,2室,南,有电梯,简装,62.0,1985.0,516.0
海淀,2室,南,未知,精装,55.0,1999.0,560.0
海淀,3室,西南,有电梯,精装,167.0,1999.0,1592.0
海淀,3室,西南,未知,精装,178.0,2004.0,1150.0
海淀,3室,东南,无电梯,其他,105.0,2000.0,565.0
海淀,2室,南北,无电梯,精装,74.0,1998.0,620.0
海淀,1室,南,有电梯,简装,50.0,1990.0,450.0
海淀,2室,西南,有电梯,简装,116.0,2001.0,1050.0
海淀,2室,西北,有电梯,精装,106.0,2001.0,800.0
海淀,2室,南北,无电梯,简装,59.0,1993.0,580.0
海淀,3室,南北,无电梯,精装,121.0,2001.0,820.0
海淀,2室,南北,无电梯,其他,58.0,1990.0,422.0
海淀,2室,南,有电梯,精装,84.0,1998.0,700.0
海淀,2室,东,有电梯,精装,60.0,1990.0,640.0
海淀,2室,东南,有电梯,精装,103.0,2003.0,1118.0
海淀,3室,东南,未知,其他,119.0,1996.0,1150.0
海淀,2室,东南,有电梯,精装,132.0,1999.0,810.0
海淀,1室,南,有电梯,其他,48.0,1995.0,363.0
海淀,1室,南北,未知,其他,46.0,1991.0,375.0
海淀,1室,西,未知,简装,58.0,2004.0,385.0
海淀,1室,北,未知,其他,36.0,2004.0,300.0
海淀,2室,东北,未知,简装,78.0,1996.0,705.0
海淀,2室,东,有电梯,精装,63.0,2006.0,570.0
海淀,2室,南北,无电梯,简装,54.0,1985.0,510.0
海淀,3室,东南,有电梯,简装,114.0,2003.0,1050.0
海淀,2室,南北,无电梯,毛坯,54.0,1981.0,468.0
海淀,3室,南北,无电梯,简装,73.0,1998.0,718.0
海淀,2室,南北,未知,其他,80.0,2001.0,445.0
海淀,2室,南北,未知,精装,62.0,1995.0,510.0
海淀,3室,东南,无电梯,简装,87.0,1996.0,720.0
海淀,2室,南西,有电梯,其他,108.0,2011.0,1010.0
海淀,2室,南北,无电梯,精装,58.0,1998.0,408.0
海淀,2室,南北,有电梯,精装,110.0,2011.0,835.0
海淀,3室,东西,未知,简装,114.0,1998.0,960.0
海淀,2室,东南,有电梯,其他,126.0,2001.0,1199.0
海淀,4室,南北,未知,简装,158.0,2000.0,660.0
海淀,2室,南北,未知,简装,74.0,1998.0,528.0
海淀,3室,东西,有电梯,精装,119.0,2011.0,970.0
海淀,3室,南北,有电梯,精装,157.0,2004.0,1750.0
海淀,3室,南西,有电梯,其他,150.0,2000.0,1700.0
海淀,2室,南北,无电梯,简装,60.0,1993.0,595.0
海淀,4室,南北,有电梯,精装,158.0,2009.0,1265.0
海淀,3室,西南,有电梯,其他,120.0,2004.0,1180.0
海淀,3室,东南,有电梯,简装,141.0,2000.0,850.0
海淀,3室,西北,有电梯,简装,141.0,2000.0,1300.0
海淀,2室,南北,无电梯,简装,64.0,1985.0,568.0
海淀,3室,东西,有电梯,简装,152.0,2001.0,900.0
海淀,2室,东南,无电梯,其他,72.0,2000.0,448.0
海淀,7室,南北,未知,精装,207.0,2003.0,1700.0
海淀,2室,南北,无电梯,其他,58.0,1990.0,422.0
海淀,2室,南,未知,精装,55.0,1999.0,560.0
海淀,2室,南北,无电梯,精装,74.0,1998.0,620.0
海淀,1室,南,有电梯,简装,50.0,1990.0,450.0
海淀,3室,西南,未知,精装,178.0,2004.0,1150.0
海淀,2室,东西,有电梯,精装,118.0,2010.0,860.0
海淀,2室,南北,有电梯,精装,123.0,2005.0,1170.0
海淀,2室,东,未知,精装,100.0,2005.0,910.0
海淀,2室,南北,未知,精装,57.0,1988.0,610.0
海淀,2室,南北,未知,其他,62.0,1986.0,592.0
海淀,2室,南北,有电梯,精装,91.0,2003.0,610.0
海淀,1室,西南,有电梯,精装,69.0,2007.0,490.0
海淀,3室,南北,未知,精装,58.0,1985.0,530.0
海淀,4室,西南,有电梯,精装,158.0,2003.0,1400.0
海淀,2室,南北,未知,精装,64.0,2011.0,285.0
海淀,1室,南,无电梯,精装,45.0,1993.0,379.0
海淀,2室,南北,无电梯,简装,92.0,2003.0,645.0
海淀,2室,西北,有电梯,简装,75.0,2010.0,540.0
海淀,2室,东西,有电梯,精装,78.0,2004.0,570.0
海淀,其他,南,有电梯,简装,228.0,1999.0,1280.0
海淀,4室,东北,有电梯,简装,115.0,1999.0,922.0
海淀,3室,南北,无电梯,精装,73.0,1986.0,670.0
海淀,3室,南北,无电梯,简装,69.0,1987.0,485.0
海淀,2室,东西,无电梯,精装,61.0,1998.0,410.0
海淀,4室,南北,有电梯,精装,170.0,2009.0,1320.0
海淀,3室,南北,有电梯,精装,118.0,2006.0,1030.0
海淀,3室,西南,有电梯,其他,120.0,2004.0,1180.0
海淀,3室,南北,有电梯,简装,139.0,2004.0,960.0
海淀,3室,东西,有电梯,精装,119.0,2011.0,970.0
海淀,3室,南北,有电梯,精装,157.0,2004.0,1750.0
海淀,2室,东南,无电梯,其他,72.0,2000.0,448.0
海淀,7室,南北,未知,精装,207.0,2003.0,1700.0
海淀,3室,西北,有电梯,简装,141.0,2000.0,1300.0
海淀,2室,南北,无电梯,简装,64.0,1985.0,568.0
海淀,3室,东西,有电梯,简装,152.0,2001.0,900.0
海淀,3室,南北,无电梯,简装,103.0,1987.0,880.0
海淀,3室,南北,无电梯,简装,116.0,1998.0,680.0
海淀,2室,南北,无电梯,简装,84.0,2004.0,565.0
海淀,2室,南北,无电梯,其他,62.0,1988.0,532.0
海淀,3室,东南,未知,精装,132.0,2002.0,1230.0
海淀,3室,南北,未知,毛坯,75.0,1985.0,700.0
海淀,3室,南北,无电梯,其他,70.0,1993.0,915.0
海淀,2室,南,未知,其他,55.0,1985.0,581.0
海淀,2室,南,有电梯,精装,90.0,2009.0,560.0
海淀,2室,南北,无电梯,精装,62.0,1983.0,430.0
海淀,3室,南,未知,简装,68.0,1997.0,470.0
海淀,2室,南,未知,精装,61.0,1992.0,520.0
海淀,2室,西北,未知,其他,76.0,2002.0,720.0
海淀,2室,东西,有电梯,精装,81.0,1999.0,610.0
海淀,2室,东西,无电梯,简装,81.0,1997.0,710.0
海淀,2室,东西,有电梯,精装,122.0,2002.0,1580.0
海淀,2室,南北,有电梯,精装,123.0,2005.0,1170.0
海淀,2室,东,未知,精装,100.0,2005.0,910.0
海淀,2室,南北,未知,精装,57.0,1988.0,610.0
海淀,2室,东,未知,简装,51.0,1978.0,420.0
海淀,3室,东南,未知,其他,121.0,1998.0,850.0
海淀,2室,南北,未知,精装,103.0,2001.0,1550.0
海淀,2室,东西,无电梯,精装,68.0,1997.0,850.0
海淀,2室,南北,有电梯,简装,131.0,2000.0,1220.0
海淀,2室,东西,未知,简装,80.0,2002.0,760.0
海淀,2室,南北,无电梯,简装,57.0,1986.0,555.0
海淀,3室,南北,无电梯,其他,143.0,2005.0,850.0
海淀,2室,南北,有电梯,精装,75.0,2008.0,450.0
海淀,1室,南北,有电梯,其他,44.0,1989.0,395.0
海淀,2室,南北,未知,精装,64.0,2011.0,285.0
海淀,2室,南北,无电梯,精装,61.0,1984.0,380.0
海淀,3室,东南,无电梯,简装,139.0,2001.0,868.0
海淀,3室,南北,未知,简装,106.0,2003.0,720.0
海淀,1室,南,未知,简装,41.0,2004.0,334.0
海淀,2室,南北,有电梯,精装,61.0,1996.0,545.0
海淀,2室,南北,无电梯,简装,59.0,1979.0,529.0
海淀,1室,南北,无电梯,精装,76.0,2005.0,525.0
海淀,3室,南,无电梯,简装,66.0,1982.0,680.0
海淀,3室,南北,无电梯,简装,103.0,1987.0,880.0
海淀,1室,东,未知,精装,93.0,2000.0,668.0
海淀,2室,南,无电梯,简装,59.0,1987.0,675.0
海淀,2室,南北,无电梯,精装,61.0,1999.0,490.0
海淀,2室,东南,有电梯,精装,65.0,1992.0,823.0
海淀,2室,南北,未知,精装,62.0,1993.0,550.0
海淀,2室,东南,未知,精装,74.0,1998.0,520.0
海淀,3室,东北,未知,其他,70.0,1992.0,650.0
海淀,1室,西,未知,精装,72.0,2011.0,680.0
海淀,2室,东南,未知,精装,89.0,1999.0,800.0
海淀,2室,南北,未知,精装,54.0,1991.0,610.0
海淀,2室,东南,有电梯,简装,64.0,1992.0,530.0
海淀,3室,西南,有电梯,精装,80.0,1989.0,765.0
海淀,2室,南北,未知,精装,85.0,1999.0,550.0
海淀,2室,南,无电梯,精装,80.0,1996.0,880.0
海淀,3室,南北,无电梯,简装,156.0,2000.0,1300.0
海淀,2室,东西,无电梯,精装,81.0,1997.0,720.0
海淀,1室,西南,有电梯,精装,71.0,2002.0,578.0
海淀,2室,南北,有电梯,简装,81.0,1999.0,620.0
海淀,2室,南北,无电梯,其他,56.0,1984.0,450.0
海淀,3室,南北,无电梯,精装,122.0,1997.0,883.0
海淀,4室,南北,未知,精装,163.0,2011.0,1200.0
海淀,2室,南北,有电梯,简装,110.0,1998.0,812.0
海淀,2室,南北,有电梯,精装,137.0,2001.0,1350.0
海淀,2室,东北,有电梯,其他,77.0,2005.0,900.0
海淀,1室,北,有电梯,精装,106.0,1997.0,760.0
海淀,3室,南北,未知,简装,75.0,1989.0,655.0
海淀,2室,南北,有电梯,其他,85.0,2003.0,610.0
海淀,3室,东南,有电梯,精装,139.0,2001.0,1500.0
海淀,3室,西北,有电梯,精装,134.0,2002.0,1400.0
海淀,2室,南北,无电梯,其他,56.0,1984.0,450.0
海淀,2室,南,无电梯,精装,58.0,2000.0,370.0
海淀,3室,南北,未知,简装,69.0,1987.0,620.0
海淀,2室,南北,未知,简装,67.0,1993.0,350.0
海淀,1室,东,未知,简装,48.0,2004.0,364.0
海淀,2室,南北,无电梯,简装,63.0,1990.0,545.0
海淀,2室,西南,有电梯,简装,61.0,1994.0,510.0
海淀,3室,南北,无电梯,精装,122.0,1997.0,883.0
海淀,2室,西南,有电梯,精装,84.0,1998.0,650.0
海淀,3室,东北,未知,其他,70.0,1992.0,650.0
海淀,1室,西,未知,精装,72.0,2011.0,680.0
海淀,2室,东南,未知,精装,89.0,1999.0,800.0
海淀,2室,南北,未知,精装,67.0,2012.0,260.0
海淀,3室,南北,无电梯,其他,74.0,1980.0,670.0
海淀,2室,南北,未知,精装,54.0,1991.0,610.0
海淀,2室,南北,未知,精装,62.0,1993.0,550.0
海淀,2室,东南,未知,精装,74.0,1998.0,520.0
海淀,2室,南北,未知,其他,58.0,1990.0,510.0
海淀,2室,西南,无电梯,其他,101.0,2001.0,710.0
海淀,2室,南,无电梯,精装,80.0,1996.0,880.0
海淀,2室,南北,有电梯,简装,110.0,1998.0,812.0
海淀,2室,南北,未知,精装,61.0,1983.0,540.0
海淀,2室,东西,无电梯,简装,66.0,2000.0,408.0
海淀,1室,北,有电梯,精装,106.0,1997.0,760.0
海淀,2室,南北,有电梯,其他,85.0,2003.0,610.0
海淀,3室,南北,未知,简装,75.0,1989.0,655.0
海淀,3室,东南,有电梯,精装,139.0,2001.0,1500.0
海淀,3室,西北,有电梯,精装,134.0,2002.0,1400.0
海淀,2室,东北,有电梯,其他,77.0,2005.0,900.0
海淀,2室,南,无电梯,精装,58.0,2000.0,370.0
海淀,3室,南北,未知,简装,69.0,1987.0,620.0
海淀,2室,南北,未知,简装,67.0,1993.0,350.0
海淀,1室,东,未知,简装,48.0,2004.0,364.0
海淀,2室,东北,有电梯,简装,64.0,1990.0,550.0
海淀,3室,南北,无电梯,简装,156.0,2000.0,1300.0
海淀,2室,南北,无电梯,其他,56.0,1984.0,450.0
海淀,2室,南北,有电梯,简装,81.0,1999.0,620.0
海淀,2室,南北,无电梯,简装,63.0,1990.0,545.0
海淀,2室,西南,有电梯,简装,61.0,1994.0,510.0
海淀,3室,南北,无电梯,精装,122.0,1997.0,883.0
海淀,2室,东南,无电梯,精装,57.0,1984.0,520.0
海淀,2室,南北,有电梯,简装,91.0,2004.0,720.0
海淀,2室,西北,无电梯,精装,65.0,1995.0,460.0
海淀,2室,南北,有电梯,其他,90.0,2008.0,630.0
海淀,2室,东,有电梯,精装,102.0,2006.0,700.0
海淀,3室,西北,有电梯,简装,91.0,1999.0,867.0
海淀,2室,南北,无电梯,精装,57.0,1988.0,750.0
海淀,1室,南,有电梯,简装,43.0,1998.0,495.0
海淀,3室,南北,未知,精装,117.0,2000.0,1550.0
海淀,2室,西北,有电梯,精装,123.0,2006.0,880.0
海淀,3室,南北,有电梯,精装,78.0,1993.0,750.0
海淀,1室,东北,有电梯,简装,69.0,2003.0,600.0
海淀,2室,东西,无电梯,精装,123.0,2000.0,650.0
海淀,3室,南北,有电梯,精装,154.0,2003.0,1350.0
海淀,3室,东北,有电梯,精装,68.0,1981.0,579.0
海淀,3室,东南,有电梯,精装,121.0,1998.0,950.0
海淀,2室,西北,有电梯,精装,76.0,2006.0,562.0
海淀,2室,东南,有电梯,精装,98.0,2001.0,580.0
海淀,3室,东南,有电梯,精装,145.0,2000.0,1450.0
海淀,2室,西南,有电梯,简装,108.0,1999.0,999.0
海淀,1室,北,有电梯,精装,43.0,1992.0,410.0
海淀,3室,西南,未知,其他,79.0,1995.0,430.0
海淀,2室,东西,无电梯,其他,84.0,2009.0,375.0
海淀,3室,东西,未知,精装,122.0,1998.0,1180.0
海淀,1室,东西,无电梯,简装,60.0,2008.0,392.0
海淀,2室,东西,有电梯,简装,106.0,2007.0,640.0
海淀,3室,南北,无电梯,精装,110.0,1997.0,949.0
海淀,3室,东北,有电梯,简装,101.0,1998.0,700.0
海淀,2室,东南,未知,简装,104.0,2000.0,870.0
海淀,2室,东南,无电梯,精装,57.0,1984.0,520.0
海淀,2室,南北,有电梯,简装,91.0,2004.0,720.0
海淀,2室,西北,无电梯,精装,65.0,1995.0,460.0
海淀,1室,南,有电梯,简装,43.0,1998.0,495.0
海淀,2室,南北,无电梯,精装,57.0,1988.0,750.0
海淀,2室,南北,有电梯,其他,90.0,2008.0,630.0
海淀,2室,东,有电梯,精装,102.0,2006.0,700.0
海淀,3室,南北,未知,精装,117.0,2000.0,1550.0
海淀,2室,东北,有电梯,其他,71.0,1990.0,600.0
海淀,2室,南北,有电梯,精装,60.0,1995.0,558.0
海淀,1室,西北,有电梯,精装,53.0,1998.0,424.0
海淀,2室,东北,未知,其他,61.0,1989.0,708.0
海淀,2室,南北,未知,简装,58.0,1992.0,610.0
海淀,2室,西,有电梯,简装,155.0,2005.0,1250.0
海淀,3室,南北,无电梯,简装,64.0,1986.0,625.0
海淀,2室,南,有电梯,其他,53.0,2005.0,405.0
海淀,2室,西,有电梯,精装,162.0,2000.0,1100.0
海淀,2室,西北,有电梯,精装,123.0,2006.0,880.0
海淀,2室,东西,无电梯,精装,123.0,2000.0,650.0
海淀,1室,东北,有电梯,简装,69.0,2003.0,600.0
海淀,3室,南北,有电梯,精装,154.0,2003.0,1350.0
海淀,3室,东北,有电梯,精装,68.0,1981.0,579.0
海淀,2室,西南,未知,简装,122.0,2000.0,1180.0
海淀,3室,西南,有电梯,简装,150.0,2008.0,1125.0
海淀,2室,西北,有电梯,简装,86.0,2000.0,730.0
海淀,3室,南北,无电梯,精装,112.0,2004.0,672.0
海淀,2室,东北,有电梯,精装,141.0,1998.0,1100.0
海淀,1室,南,有电梯,精装,61.0,2004.0,550.0
海淀,2室,南北,无电梯,精装,86.0,2000.0,1150.0
海淀,1室,南北,无电梯,精装,45.0,1990.0,470.0
海淀,2室,东南,有电梯,简装,112.0,2001.0,1500.0
海淀,2室,东西,未知,精装,55.0,1982.0,485.0
海淀,2室,东南,无电梯,精装,113.0,2003.0,770.0
海淀,2室,西,有电梯,简装,63.0,1996.0,495.0
海淀,3室,南北,无电梯,简装,121.0,2000.0,750.0
海淀,2室,西北,有电梯,精装,95.0,1998.0,850.0
海淀,2室,东南,未知,其他,88.0,2009.0,575.0
海淀,2室,东北,有电梯,精装,109.0,2004.0,600.0
海淀,2室,西,无电梯,精装,94.0,1999.0,519.0
海淀,2室,西南,有电梯,精装,125.0,2008.0,1100.0
海淀,2室,东南,未知,精装,83.0,2000.0,960.0
海淀,1室,南,未知,精装,48.0,2011.0,338.0
海淀,2室,南,未知,精装,68.0,1990.0,680.0
海淀,2室,东西,未知,简装,59.0,1994.0,500.0
海淀,2室,南北,无电梯,简装,59.0,1994.0,500.0
海淀,2室,南北,无电梯,精装,57.0,1982.0,515.0
海淀,3室,东南,无电梯,精装,123.0,1996.0,1180.0
海淀,3室,西南,未知,其他,149.0,2000.0,1463.0
海淀,1室,南,有电梯,精装,49.0,2012.0,398.0
海淀,2室,南北,无电梯,其他,62.0,1981.0,380.0
海淀,2室,南北,无电梯,精装,66.0,1995.0,460.0
海淀,2室,东北,未知,精装,101.0,2009.0,750.0
海淀,2室,南北,无电梯,精装,58.0,1988.0,487.0
海淀,2室,东南,未知,简装,77.0,1996.0,730.0
海淀,2室,东,有电梯,精装,105.0,2001.0,826.0
海淀,2室,南,有电梯,简装,122.0,2004.0,1180.0
海淀,3室,东南,有电梯,其他,137.0,2002.0,1450.0
海淀,2室,东南,未知,简装,81.0,1999.0,587.0
海淀,2室,南北,无电梯,精装,60.0,1998.0,435.0
海淀,1室,南,无电梯,简装,40.0,1987.0,450.0
海淀,2室,西,有电梯,精装,102.0,2004.0,800.0
海淀,3室,东西,未知,精装,89.0,2012.0,760.0
海淀,2室,南北,未知,其他,56.0,1980.0,580.0
海淀,2室,西南,未知,其他,55.0,1992.0,550.0
海淀,2室,东北,未知,其他,61.0,1989.0,708.0
海淀,3室,南北,无电梯,精装,86.0,2000.0,802.0
海淀,2室,南北,未知,其他,62.0,1993.0,435.0
海淀,3室,东南,未知,精装,95.0,2010.0,580.0
海淀,2室,南,未知,简装,62.0,1995.0,656.0
海淀,2室,南北,有电梯,简装,105.0,2007.0,820.0
海淀,1室,西,有电梯,精装,65.0,1995.0,560.0
海淀,3室,西南,有电梯,精装,149.0,2001.0,1800.0
海淀,2室,东南,有电梯,简装,106.0,2012.0,630.0
海淀,3室,南北,未知,简装,166.0,2009.0,1500.0
海淀,2室,南北,未知,简装,67.0,1997.0,350.0
海淀,3室,东南,有电梯,简装,173.0,2001.0,1750.0
海淀,3室,南北,未知,简装,171.0,2005.0,1500.0
海淀,2室,南北,无电梯,简装,94.0,2007.0,970.0
海淀,2室,南北,未知,简装,61.0,1990.0,669.0
海淀,1室,西,未知,简装,42.0,2004.0,312.0
海淀,1室,西,无电梯,精装,46.0,1993.0,400.0
海淀,1室,南,未知,简装,51.0,1991.0,460.0
海淀,2室,东,有电梯,精装,50.0,1992.0,480.0
海淀,1室,东北,有电梯,简装,71.0,2004.0,598.0
海淀,2室,南,有电梯,简装,54.0,1991.0,525.0
海淀,4室,西南,无电梯,精装,94.0,2002.0,871.0
海淀,1室,东,有电梯,精装,57.0,2004.0,440.0
海淀,1室,东南,未知,简装,72.0,2001.0,581.0
海淀,1室,南,无电梯,其他,40.0,1993.0,340.0
海淀,2室,东,未知,其他,102.0,2000.0,610.0
海淀,3室,南北,未知,其他,148.0,1999.0,1780.0
海淀,3室,南北,无电梯,简装,76.0,1995.0,650.0
海淀,2室,南,未知,简装,66.0,1982.0,482.0
海淀,1室,南,未知,精装,69.0,2001.0,508.0
海淀,3室,南,有电梯,精装,137.0,2008.0,930.0
海淀,3室,南北,有电梯,精装,149.0,2004.0,1430.0
海淀,3室,东南,无电梯,精装,78.0,1990.0,690.0
海淀,2室,西南,有电梯,精装,112.0,1999.0,930.0
海淀,2室,东西,有电梯,精装,117.0,2003.0,1580.0
海淀,2室,南北,未知,简装,80.0,1999.0,500.0
海淀,2室,南北,无电梯,简装,58.0,1987.0,460.0
海淀,2室,东西,无电梯,精装,60.0,1990.0,535.0
海淀,2室,东西,有电梯,精装,129.0,2001.0,880.0
海淀,2室,南北,无电梯,精装,72.0,1997.0,543.0
海淀,2室,东西,有电梯,精装,117.0,2002.0,650.0
海淀,2室,南北,无电梯,简装,101.0,1998.0,700.0
海淀,2室,东,有电梯,简装,69.0,1996.0,689.0
海淀,3室,东南,有电梯,精装,146.0,2000.0,1550.0
海淀,3室,南北,无电梯,精装,149.0,2001.0,1200.0
海淀,3室,东西,无电梯,简装,115.0,2000.0,790.0
海淀,2室,东,有电梯,精装,113.0,2000.0,930.0
海淀,2室,东西,无电梯,精装,56.0,1990.0,680.0
海淀,2室,西,有电梯,精装,110.0,2002.0,999.0
海淀,2室,南,有电梯,精装,158.0,2001.0,1580.0
海淀,2室,东北,有电梯,简装,119.0,2002.0,720.0
海淀,2室,南北,有电梯,简装,140.0,2005.0,1150.0
海淀,3室,东南,无电梯,精装,80.0,1996.0,838.0
海淀,2室,西北,有电梯,简装,110.0,2002.0,660.0
海淀,3室,南北,无电梯,精装,80.0,1990.0,698.0
海淀,3室,南北,有电梯,简装,102.0,1989.0,920.0
海淀,3室,南,未知,精装,99.0,1998.0,530.0
海淀,3室,东西,无电梯,精装,68.0,1979.0,640.0
海淀,2室,西南,有电梯,精装,125.0,2001.0,1250.0
海淀,3室,东南,有电梯,精装,204.0,1999.0,1736.0
海淀,3室,东南,有电梯,精装,103.0,1997.0,630.0
海淀,3室,南北,有电梯,简装,121.0,2003.0,920.0
海淀,2室,南北,无电梯,精装,57.0,1993.0,480.0
海淀,2室,南北,无电梯,简装,63.0,1992.0,386.0
海淀,2室,西北,有电梯,精装,70.0,2010.0,665.0
海淀,3室,西北,有电梯,简装,146.0,2001.0,850.0
海淀,2室,南北,无电梯,精装,84.0,2004.0,580.0
海淀,3室,西南,有电梯,精装,147.0,2000.0,1546.0
海淀,2室,西,有电梯,精装,93.0,2000.0,715.0
海淀,2室,南北,有电梯,简装,120.0,2009.0,1280.0
海淀,3室,南北,无电梯,简装,120.0,1998.0,885.0
海淀,3室,南,有电梯,简装,155.0,2008.0,1350.0
海淀,2室,东南,有电梯,简装,74.0,1987.0,700.0
海淀,1室,南,有电梯,精装,54.0,2002.0,428.0
海淀,2室,南北,无电梯,精装,65.0,1984.0,545.0
海淀,2室,西南,有电梯,精装,125.0,2008.0,1050.0
海淀,2室,东南,未知,精装,81.0,1999.0,600.0
海淀,2室,西南,有电梯,简装,81.0,2000.0,560.0
海淀,3室,南,有电梯,精装,137.0,2008.0,930.0
海淀,3室,东南,无电梯,精装,78.0,1990.0,690.0
海淀,2室,南北,未知,简装,80.0,1999.0,500.0
海淀,2室,东西,有电梯,精装,129.0,2001.0,880.0
海淀,2室,东西,有电梯,精装,117.0,2003.0,1580.0
海淀,2室,南北,无电梯,精装,72.0,1997.0,543.0
海淀,2室,西南,有电梯,精装,112.0,1999.0,930.0
海淀,3室,南北,未知,精装,131.0,2012.0,800.0
海淀,2室,南北,未知,简装,98.0,2006.0,1185.0
海淀,3室,东南,无电梯,其他,67.0,1980.0,575.0
海淀,3室,南北,无电梯,简装,70.0,1983.0,420.0
海淀,3室,南北,有电梯,毛坯,146.0,2014.0,1380.0
海淀,3室,南北,无电梯,其他,86.0,1996.0,805.0
海淀,3室,南北,有电梯,毛坯,147.0,2014.0,1380.0
海淀,3室,南北,无电梯,简装,96.0,1996.0,1080.0
海淀,3室,南北,有电梯,简装,103.0,2009.0,1350.0
海淀,2室,南,有电梯,简装,117.0,2003.0,625.0
海淀,2室,南,有电梯,精装,158.0,2001.0,1480.0
海淀,2室,南北,有电梯,精装,93.0,2007.0,599.0
海淀,2室,南北,未知,简装,68.0,1996.0,515.0
海淀,3室,西南,未知,精装,85.0,1988.0,890.0
海淀,2室,南,无电梯,精装,78.0,1995.0,810.0
海淀,2室,南北,无电梯,精装,87.0,1995.0,595.0
海淀,1室,东西,未知,精装,56.0,2010.0,360.0
海淀,2室,南北,无电梯,简装,63.0,1988.0,460.0
海淀,4室,南北,无电梯,其他,114.0,1986.0,1140.0
海淀,2室,西南,有电梯,毛坯,92.0,2009.0,580.0
海淀,3室,西北,有电梯,简装,154.0,2003.0,1190.0
海淀,4室,南北,有电梯,简装,173.0,2004.0,1388.0
海淀,1室,西南,有电梯,简装,59.0,2009.0,650.0
海淀,1室,南,未知,精装,61.0,2009.0,260.0
海淀,2室,南北,未知,简装,55.0,1988.0,360.0
海淀,1室,东,有电梯,精装,53.0,1999.0,460.0
海淀,1室,北,有电梯,精装,35.0,2011.0,330.0
海淀,2室,东南,有电梯,简装,85.0,1997.0,680.0
海淀,3室,南北,有电梯,精装,129.0,1999.0,1180.0
海淀,3室,东西,无电梯,简装,73.0,1988.0,630.0
海淀,2室,南北,有电梯,简装,56.0,1985.0,550.0
海淀,3室,东南,有电梯,简装,151.0,1998.0,1300.0
海淀,3室,南北,有电梯,精装,166.0,2002.0,1700.0
海淀,2室,南,有电梯,其他,61.0,1987.0,680.0
海淀,3室,南北,未知,其他,65.0,1986.0,620.0
海淀,3室,东南,未知,精装,85.0,1995.0,620.0
海淀,1室,南,未知,精装,49.0,1994.0,438.0
海淀,2室,东西,有电梯,精装,102.0,2005.0,970.0
海淀,2室,南北,无电梯,其他,74.0,2000.0,540.0
海淀,3室,南西,有电梯,精装,119.0,2001.0,630.0
海淀,2室,南北,未知,其他,88.0,2000.0,550.0
海淀,3室,南北,无电梯,精装,83.0,1985.0,850.0
海淀,2室,南北,无电梯,精装,44.0,1995.0,600.0
海淀,2室,东南,未知,简装,55.0,1992.0,435.0
海淀,3室,南北,未知,其他,92.0,2000.0,1066.0
海淀,2室,东西,有电梯,精装,69.0,1992.0,630.0
海淀,2室,东南,未知,其他,57.0,1990.0,500.0
海淀,3室,南北,有电梯,精装,122.0,2005.0,940.0
海淀,2室,南北,无电梯,简装,54.0,1981.0,290.0
海淀,1室,南北,有电梯,精装,66.0,2006.0,560.0
海淀,1室,南,无电梯,简装,41.0,1990.0,370.0
海淀,2室,南北,无电梯,简装,57.0,1985.0,295.0
海淀,2室,南北,未知,精装,64.0,1988.0,555.0
海淀,2室,南北,有电梯,简装,99.0,2006.0,630.0
海淀,2室,东,未知,简装,49.0,1991.0,410.0
海淀,2室,南北,未知,其他,85.0,2000.0,1250.0
海淀,1室,南,未知,精装,67.0,1999.0,750.0
海淀,2室,南,无电梯,精装,50.0,1984.0,520.0
海淀,2室,南,无电梯,简装,59.0,1978.0,390.0
海淀,3室,南北,无电梯,简装,122.0,2002.0,950.0
海淀,3室,南北,有电梯,其他,177.0,2014.0,1620.0
海淀,2室,西北,有电梯,精装,76.0,1997.0,710.0
海淀,2室,东,无电梯,简装,57.0,1994.0,380.0
海淀,2室,南北,无电梯,简装,57.0,1988.0,780.0
海淀,2室,西北,有电梯,精装,111.0,1999.0,975.0
海淀,3室,西南,有电梯,简装,148.0,2003.0,1220.0
海淀,2室,东北,有电梯,精装,104.0,2008.0,660.0
海淀,3室,西南,无电梯,其他,60.0,1979.0,545.0
海淀,3室,西南,有电梯,精装,70.0,1992.0,879.0
海淀,2室,南北,无电梯,精装,95.0,2002.0,960.0
海淀,3室,南北,有电梯,精装,151.0,2008.0,1030.0
海淀,2室,东,未知,其他,85.0,2004.0,670.0
海淀,2室,东北,有电梯,其他,92.0,2003.0,693.0
海淀,3室,东北,有电梯,简装,110.0,2002.0,937.0
海淀,3室,东西,无电梯,精装,80.0,1988.0,742.0
海淀,1室,南,未知,精装,75.0,2006.0,505.0
海淀,2室,东,未知,精装,113.0,2001.0,1030.0
海淀,2室,南北,有电梯,简装,99.0,1999.0,580.0
海淀,2室,南,有电梯,简装,63.0,1995.0,580.0
海淀,3室,南北,有电梯,精装,166.0,2002.0,1700.0
海淀,3室,东南,有电梯,简装,151.0,1998.0,1300.0
海淀,3室,西南,有电梯,精装,153.0,1999.0,1300.0
海淀,2室,东南,有电梯,精装,133.0,2002.0,745.0
海淀,2室,南北,无电梯,简装,105.0,2004.0,609.0
海淀,2室,南北,无电梯,简装,84.0,2004.0,550.0
海淀,1室,南,有电梯,精装,43.0,1988.0,340.0
海淀,4室,南西,有电梯,简装,184.0,2001.0,1750.0
海淀,2室,南北,无电梯,简装,77.0,1996.0,670.0
海淀,2室,东南,有电梯,精装,83.0,1999.0,790.0
海淀,2室,东西,无电梯,精装,91.0,2000.0,551.0
海淀,3室,南北,无电梯,精装,114.0,1998.0,998.0
海淀,2室,南北,无电梯,简装,65.0,1980.0,550.0
海淀,3室,西南,有电梯,精装,121.0,1998.0,880.0
海淀,2室,南西,有电梯,简装,67.0,1994.0,557.0
海淀,2室,南,无电梯,精装,65.0,1989.0,560.0
海淀,3室,东南,未知,简装,93.0,1997.0,558.0
海淀,2室,南北,无电梯,简装,57.0,1988.0,780.0
海淀,3室,南北,有电梯,其他,177.0,2014.0,1620.0
海淀,3室,南北,无电梯,简装,122.0,2002.0,950.0
海淀,3室,西南,无电梯,其他,60.0,1979.0,545.0
海淀,2室,东,无电梯,简装,57.0,1994.0,380.0
海淀,2室,东北,有电梯,精装,104.0,2008.0,660.0
海淀,2室,西北,有电梯,精装,111.0,1999.0,975.0
海淀,3室,西南,有电梯,简装,148.0,2003.0,1220.0
海淀,2室,南北,无电梯,精装,86.0,2009.0,340.0
海淀,2室,北,有电梯,其他,60.0,2002.0,625.0
海淀,2室,东西,无电梯,简装,60.0,1997.0,540.0
海淀,3室,东,有电梯,简装,100.0,2003.0,1030.0
海淀,3室,南,有电梯,其他,117.0,2004.0,980.0
海淀,2室,南北,无电梯,精装,58.0,1998.0,577.0
海淀,2室,南北,无电梯,简装,84.0,2004.0,570.0
海淀,2室,南北,无电梯,简装,60.0,1989.0,465.0
海淀,3室,南北,无电梯,精装,64.0,1983.0,550.0
海淀,3室,东北,未知,简装,90.0,2000.0,1120.0
海淀,2室,南北,有电梯,精装,80.0,1999.0,575.0
海淀,2室,南北,有电梯,精装,93.0,2007.0,610.0
海淀,3室,南北,无电梯,简装,93.0,1996.0,520.0
海淀,2室,南北,无电梯,简装,105.0,2002.0,716.0
海淀,2室,南北,有电梯,简装,129.0,1999.0,870.0
海淀,3室,东西,有电梯,精装,97.0,1992.0,900.0
海淀,3室,西北,有电梯,精装,156.0,2005.0,1300.0
海淀,2室,南北,有电梯,精装,97.0,2007.0,580.0
海淀,4室,东南,有电梯,精装,143.0,2001.0,1165.0
海淀,2室,南北,无电梯,简装,62.0,1989.0,750.0
海淀,2室,南北,无电梯,毛坯,54.0,1996.0,480.0
海淀,1室,西,有电梯,简装,65.0,2010.0,455.0
海淀,2室,西,有电梯,精装,85.0,2009.0,630.0
海淀,2室,南北,有电梯,简装,120.0,2005.0,1180.0
海淀,3室,西北,有电梯,简装,124.0,2001.0,815.0
海淀,2室,东南,有电梯,精装,83.0,1999.0,625.0
海淀,3室,南,有电梯,简装,159.0,2002.0,880.0
海淀,2室,南,未知,简装,69.0,2005.0,455.0
海淀,1室,北,有电梯,精装,58.0,2006.0,450.0
海淀,3室,南北,有电梯,精装,187.0,2001.0,1690.0
海淀,1室,北,有电梯,简装,64.0,2002.0,535.0
海淀,2室,东南,未知,其他,102.0,2001.0,1020.0
海淀,2室,南北,无电梯,简装,84.0,2004.0,550.0
海淀,1室,南,有电梯,精装,43.0,1988.0,340.0
海淀,4室,南西,有电梯,简装,184.0,2001.0,1750.0
海淀,2室,南北,无电梯,简装,77.0,1996.0,670.0
海淀,2室,东南,有电梯,精装,83.0,1999.0,790.0
海淀,2室,东西,无电梯,精装,91.0,2000.0,551.0
海淀,3室,东南,有电梯,简装,143.0,2000.0,1550.0
海淀,1室,北,有电梯,简装,68.0,2002.0,450.0
海淀,2室,北,有电梯,简装,114.0,2002.0,525.0
海淀,2室,西北,有电梯,精装,114.0,2002.0,1450.0
海淀,2室,南北,未知,简装,59.0,1991.0,570.0
海淀,2室,南,有电梯,精装,61.0,1984.0,710.0
海淀,1室,南,未知,简装,63.0,1992.0,620.0
海淀,3室,东北,未知,毛坯,125.0,2000.0,1150.0
海淀,3室,东南,无电梯,精装,83.0,1999.0,716.0
海淀,2室,南北,无电梯,其他,53.0,1986.0,485.0
海淀,3室,南北,无电梯,精装,68.0,1988.0,670.0
海淀,3室,南北,未知,其他,179.0,2002.0,1680.0
海淀,3室,东南,有电梯,其他,85.0,1999.0,956.0
海淀,2室,南北,有电梯,简装,93.0,2007.0,580.0
海淀,2室,东,未知,简装,63.0,1996.0,560.0
海淀,3室,南北,未知,精装,108.0,1996.0,1170.0
海淀,2室,南北,无电梯,毛坯,63.0,1998.0,360.0
海淀,2室,南北,无电梯,简装,68.0,2000.0,450.0
海淀,3室,西,有电梯,毛坯,154.0,2000.0,1350.0
海淀,2室,南北,无电梯,简装,60.0,1983.0,540.0
海淀,2室,南北,未知,简装,105.0,2001.0,980.0
海淀,2室,南北,有电梯,精装,92.0,2010.0,790.0
海淀,2室,东北,有电梯,简装,103.0,2001.0,760.0
海淀,3室,东南,未知,精装,134.0,2003.0,1260.0
海淀,3室,南北,有电梯,精装,162.0,2014.0,1530.0
海淀,3室,南北,有电梯,简装,146.0,2014.0,1380.0
海淀,2室,东南,有电梯,简装,90.0,2003.0,800.0
海淀,2室,南北,无电梯,毛坯,54.0,1982.0,460.0
海淀,2室,南北,无电梯,精装,51.0,1986.0,445.0
海淀,3室,东西,有电梯,其他,79.0,1980.0,930.0
海淀,2室,东南,有电梯,简装,75.0,2003.0,600.0
海淀,2室,南北,有电梯,其他,112.0,2004.0,810.0
海淀,3室,南,未知,简装,74.0,1996.0,598.0
海淀,2室,南北,无电梯,精装,66.0,1996.0,610.0
海淀,3室,西北,有电梯,其他,138.0,1999.0,1080.0
海淀,3室,西南,未知,精装,201.0,1997.0,1400.0
海淀,2室,东西,有电梯,精装,107.0,2007.0,1055.0
海淀,2室,南西,有电梯,其他,89.0,1999.0,750.0
海淀,2室,东南,有电梯,精装,99.0,2011.0,860.0
海淀,2室,南,未知,精装,65.0,1994.0,640.0
海淀,2室,南,有电梯,精装,59.0,1985.0,540.0
海淀,3室,西北,有电梯,精装,84.0,1999.0,498.0
海淀,3室,南北,无电梯,简装,168.0,2005.0,1600.0
海淀,2室,西南,有电梯,简装,103.0,2001.0,960.0
海淀,2室,南北,无电梯,简装,63.0,1999.0,440.0
海淀,3室,西南,有电梯,精装,101.0,2006.0,778.0
海淀,2室,东西,有电梯,精装,60.0,1992.0,520.0
海淀,2室,南北,未知,简装,60.0,1993.0,770.0
海淀,3室,东南,有电梯,简装,143.0,2000.0,1550.0
海淀,3室,东西,有电梯,其他,95.0,1997.0,860.0
海淀,3室,南北,无电梯,精装,69.0,1984.0,595.0
海淀,3室,西南,有电梯,精装,153.0,1999.0,1200.0
海淀,2室,东西,有电梯,精装,117.0,2003.0,1588.0
海淀,2室,南北,无电梯,精装,93.0,2005.0,607.0
海淀,2室,南北,有电梯,精装,120.0,2009.0,1259.0
海淀,2室,南北,未知,简装,127.0,2004.0,1300.0
海淀,3室,西南,有电梯,精装,118.0,2009.0,1330.0
海淀,4室,南北,有电梯,简装,257.0,2002.0,1710.0
海淀,3室,南北,无电梯,简装,94.0,2011.0,750.0
海淀,2室,南北,未知,精装,57.0,1987.0,528.0
海淀,2室,西南,未知,精装,80.0,2004.0,1180.0
海淀,2室,东,无电梯,简装,55.0,1993.0,495.0
海淀,2室,东西,无电梯,简装,67.0,1985.0,546.0
海淀,3室,西北,有电梯,简装,75.0,1985.0,730.0
海淀,2室,南北,有电梯,简装,93.0,1995.0,840.0
海淀,2室,东南,未知,毛坯,81.0,1998.0,620.0
海淀,2室,西北,无电梯,其他,55.0,1982.0,600.0
海淀,1室,东,有电梯,精装,42.0,2004.0,335.0
海淀,2室,南,未知,精装,98.0,2005.0,986.0
海淀,3室,南北,有电梯,精装,130.0,2014.0,1230.0
海淀,1室,南,无电梯,简装,40.0,1988.0,460.0
海淀,2室,西南,未知,简装,124.0,2003.0,1300.0
海淀,2室,西南,有电梯,简装,113.0,2004.0,1190.0
海淀,2室,东南,有电梯,简装,75.0,2003.0,600.0
海淀,2室,南北,有电梯,其他,112.0,2004.0,810.0
海淀,3室,南,未知,简装,74.0,1996.0,598.0
海淀,3室,东西,有电梯,其他,79.0,1980.0,930.0
海淀,2室,南北,无电梯,精装,66.0,1996.0,610.0
海淀,2室,东西,有电梯,精装,107.0,2007.0,1055.0
海淀,3室,西北,有电梯,其他,138.0,1999.0,1080.0
海淀,3室,西南,未知,精装,201.0,1997.0,1400.0
海淀,2室,南西,有电梯,其他,89.0,1999.0,750.0
海淀,2室,东南,有电梯,精装,99.0,2011.0,860.0
海淀,3室,西南,有电梯,精装,178.0,2004.0,1250.0
海淀,1室,东南,未知,精装,54.0,1990.0,460.0
海淀,1室,南,有电梯,精装,76.0,2005.0,760.0
海淀,3室,南北,无电梯,简装,72.0,1985.0,760.0
海淀,2室,东西,有电梯,简装,64.0,1993.0,535.0
海淀,1室,东南,无电梯,其他,62.0,1995.0,620.0
海淀,2室,西南,有电梯,简装,81.0,1998.0,720.0
海淀,2室,南北,无电梯,精装,65.0,1983.0,630.0
海淀,1室,东南,有电梯,精装,93.0,2003.0,690.0
海淀,2室,南,有电梯,精装,109.0,2004.0,1200.0
海淀,1室,南,无电梯,简装,42.0,1991.0,470.0
海淀,1室,南,有电梯,精装,48.0,2002.0,370.0
海淀,2室,东南,无电梯,精装,85.0,2008.0,635.0
海淀,2室,东北,未知,精装,55.0,1982.0,600.0
海淀,3室,西北,有电梯,其他,71.0,1992.0,680.0
海淀,3室,南北,未知,其他,55.0,1990.0,580.0
海淀,1室,东北,未知,其他,56.0,2009.0,395.0
海淀,2室,南北,无电梯,精装,56.0,1990.0,559.0
海淀,2室,南北,无电梯,精装,57.0,1990.0,675.0
海淀,2室,南北,未知,精装,74.0,2011.0,590.0
海淀,2室,西,有电梯,其他,51.0,2001.0,468.0
海淀,2室,东,未知,精装,50.0,1992.0,475.0
海淀,1室,南,未知,简装,36.0,1985.0,345.0
海淀,2室,西北,有电梯,简装,87.0,1997.0,615.0
海淀,1室,西,有电梯,精装,119.0,2002.0,800.0
海淀,3室,南北,无电梯,精装,76.0,1985.0,695.0
海淀,2室,东西,有电梯,精装,125.0,2006.0,950.0
海淀,4室,南北,有电梯,简装,257.0,2002.0,1710.0
海淀,1室,西南,有电梯,精装,65.0,2002.0,530.0
海淀,2室,南,无电梯,其他,50.0,1995.0,478.0
海淀,2室,西南,未知,精装,125.0,2002.0,1150.0
海淀,2室,西南,未知,精装,99.0,2011.0,855.0
海淀,1室,南,有电梯,精装,71.0,2004.0,560.0
海淀,2室,西北,有电梯,精装,91.0,1999.0,820.0
海淀,3室,南北,未知,精装,84.0,2002.0,650.0
海淀,3室,西北,有电梯,精装,131.0,2001.0,1320.0
海淀,3室,东南,有电梯,简装,107.0,1998.0,850.0
海淀,3室,南北,无电梯,精装,72.0,1994.0,667.0
海淀,2室,东西,无电梯,简装,70.0,1996.0,610.0
海淀,1室,南北,有电梯,精装,69.0,2007.0,475.0
海淀,1室,西,未知,精装,92.0,2003.0,850.0
海淀,2室,东北,有电梯,简装,52.0,1985.0,497.0
海淀,1室,东北,有电梯,精装,61.0,2003.0,680.0
海淀,2室,南北,无电梯,简装,64.0,1987.0,583.0
海淀,1室,南,有电梯,简装,41.0,2004.0,350.0
海淀,2室,南,有电梯,精装,122.0,2003.0,1200.0
海淀,3室,南北,有电梯,简装,78.0,1988.0,670.0
海淀,1室,南,未知,简装,41.0,1984.0,370.0
海淀,1室,南,有电梯,精装,76.0,2005.0,760.0
海淀,2室,东南,有电梯,精装,118.0,2005.0,1200.0
海淀,3室,西南,有电梯,精装,178.0,2004.0,1250.0
海淀,2室,东北,有电梯,其他,105.0,2004.0,850.0
海淀,1室,南,未知,简装,42.0,1986.0,470.0
海淀,3室,南北,无电梯,简装,67.0,1980.0,538.0
海淀,2室,南北,无电梯,简装,56.0,1985.0,550.0
海淀,2室,东北,有电梯,精装,113.0,2002.0,780.0
海淀,2室,东南,未知,简装,67.0,1985.0,620.0
海淀,2室,西南,未知,精装,112.0,1999.0,870.0
海淀,1室,南,未知,精装,49.0,2001.0,445.0
海淀,1室,北,有电梯,简装,85.0,2005.0,450.0
海淀,3室,西,未知,简装,132.0,1999.0,1160.0
海淀,2室,南,无电梯,简装,73.0,1993.0,700.0
海淀,2室,南北,无电梯,简装,62.0,1999.0,500.0
海淀,2室,东北,未知,精装,92.0,2003.0,660.0
海淀,2室,南北,未知,简装,63.0,1995.0,620.0
海淀,2室,西南,未知,简装,65.0,1987.0,550.0
海淀,3室,东南,无电梯,简装,75.0,1988.0,660.0
海淀,2室,南北,未知,精装,59.0,1989.0,500.0
海淀,2室,南北,无电梯,简装,63.0,1994.0,480.0
海淀,3室,东南,无电梯,简装,103.0,1997.0,618.0
海淀,2室,东西,无电梯,简装,62.0,1992.0,560.0
海淀,3室,南北,无电梯,简装,115.0,1996.0,1250.0
海淀,2室,东西,无电梯,简装,64.0,1984.0,383.0
海淀,2室,西,有电梯,简装,60.0,2006.0,630.0
海淀,2室,西南,有电梯,精装,89.0,2008.0,560.0
海淀,1室,东,有电梯,简装,43.0,1988.0,400.0
海淀,2室,东北,有电梯,精装,117.0,2002.0,1205.0
海淀,3室,西南,有电梯,精装,163.0,2005.0,1650.0
海淀,2室,南北,未知,简装,53.0,1981.0,450.0
海淀,2室,南,有电梯,简装,62.0,1986.0,550.0
海淀,1室,西南,有电梯,精装,65.0,2002.0,530.0
海淀,2室,西北,有电梯,精装,65.0,1985.0,599.0
海淀,2室,南,无电梯,其他,50.0,1995.0,478.0
海淀,1室,西北,未知,精装,64.0,2001.0,470.0
海淀,1室,东北,无电梯,简装,52.0,2004.0,400.0
海淀,4室,南北,有电梯,简装,235.0,2009.0,1129.0
海淀,4室,南北,无电梯,其他,184.0,1996.0,1500.0
海淀,3室,南北,有电梯,精装,153.0,1998.0,1380.0
海淀,2室,南北,无电梯,简装,54.0,1989.0,515.0
海淀,6室,南北,未知,其他,253.0,2004.0,1266.0
海淀,1室,南北,未知,简装,55.0,2000.0,368.0
海淀,3室,南北,无电梯,简装,96.0,1996.0,900.0
海淀,1室,南,无电梯,简装,41.0,1992.0,436.0
海淀,3室,南北,无电梯,精装,137.0,2005.0,1420.0
海淀,2室,西,有电梯,精装,101.0,2005.0,630.0
海淀,1室,南,无电梯,简装,45.0,1989.0,340.0
海淀,1室,东,未知,精装,66.0,2012.0,495.0
海淀,2室,西南,未知,精装,73.0,1992.0,588.0
海淀,3室,南北,无电梯,精装,84.0,1995.0,480.0
海淀,3室,西南,有电梯,精装,156.0,2000.0,1370.0
海淀,2室,西,未知,精装,82.0,2003.0,960.0
海淀,2室,西南,未知,精装,90.0,2002.0,898.0
海淀,2室,南北,无电梯,简装,65.0,1998.0,460.0
海淀,2室,南,有电梯,精装,75.0,1985.0,637.0
海淀,2室,东南,有电梯,精装,78.0,1998.0,720.0
海淀,3室,南北,有电梯,精装,177.0,2011.0,1700.0
海淀,1室,南北,未知,精装,42.0,1983.0,410.0
海淀,1室,东,有电梯,简装,59.0,2001.0,650.0
海淀,2室,东南,未知,精装,82.0,2003.0,495.0
海淀,2室,东南,未知,精装,59.0,1986.0,592.0
海淀,2室,东西,未知,其他,78.0,1998.0,600.0
海淀,5室,西南,未知,简装,222.0,1999.0,1450.0
海淀,2室,南北,未知,简装,61.0,1982.0,545.0
海淀,2室,东西,未知,精装,91.0,2000.0,618.0
海淀,2室,南北,无电梯,简装,55.0,1990.0,410.0
海淀,2室,南北,无电梯,简装,92.0,2000.0,605.0
海淀,2室,南北,无电梯,精装,77.0,1996.0,450.0
海淀,2室,南北,无电梯,简装,49.0,1993.0,400.0
海淀,3室,西北,有电梯,精装,128.0,2003.0,1180.0
海淀,2室,南北,未知,其他,119.0,2003.0,1265.0
海淀,2室,南,有电梯,精装,59.0,1986.0,520.0
海淀,2室,东西,未知,简装,58.0,1989.0,510.0
海淀,3室,东西,有电梯,简装,144.0,2002.0,1500.0
海淀,3室,西北,有电梯,精装,70.0,1990.0,620.0
海淀,3室,东北,未知,其他,144.0,2001.0,767.0
海淀,2室,南北,未知,其他,53.0,1988.0,458.0
海淀,2室,南北,无电梯,精装,87.0,1995.0,595.0
海淀,2室,南北,未知,其他,62.0,1991.0,625.0
海淀,2室,东南,有电梯,其他,106.0,2000.0,1080.0
海淀,2室,西,有电梯,精装,92.0,1998.0,730.0
海淀,3室,南北,有电梯,精装,128.0,2000.0,1060.0
海淀,1室,东南,有电梯,简装,41.0,1994.0,369.0
海淀,1室,北,未知,简装,47.0,2004.0,643.0
海淀,1室,西,无电梯,精装,49.0,1993.0,378.0
海淀,2室,南北,无电梯,精装,102.0,1993.0,1020.0
海淀,3室,南北,未知,简装,101.0,1986.0,760.0
海淀,2室,南北,无电梯,精装,107.0,2000.0,750.0
海淀,2室,南北,未知,精装,78.0,2000.0,685.0
海淀,3室,南北,无电梯,精装,95.0,2000.0,1020.0
海淀,3室,东北,有电梯,简装,103.0,1997.0,620.0
海淀,3室,南北,无电梯,精装,115.0,2003.0,630.0
海淀,3室,南北,无电梯,其他,70.0,1980.0,650.0
海淀,2室,西北,有电梯,精装,112.0,1999.0,720.0
海淀,4室,南北,有电梯,精装,142.0,2002.0,1060.0
海淀,2室,西北,无电梯,简装,57.0,1990.0,520.0
海淀,2室,南北,无电梯,精装,68.0,1998.0,445.0
海淀,1室,南,有电梯,精装,64.0,2002.0,500.0
海淀,3室,西南,有电梯,精装,118.0,2005.0,680.0
海淀,2室,南北,未知,简装,62.0,1981.0,756.0
海淀,2室,东西,无电梯,简装,98.0,1998.0,830.0
海淀,3室,南北,无电梯,简装,61.0,1984.0,330.0
海淀,3室,南北,未知,其他,85.0,1992.0,652.0
海淀,2室,南北,有电梯,精装,96.0,2003.0,1096.0
海淀,3室,南北,有电梯,精装,121.0,2004.0,1290.0
海淀,2室,南,无电梯,毛坯,47.0,1980.0,398.0
海淀,3室,南北,未知,精装,144.0,2004.0,998.0
海淀,2室,南北,无电梯,精装,87.0,1995.0,595.0
海淀,2室,南北,未知,其他,62.0,1991.0,625.0
海淀,2室,东南,有电梯,其他,106.0,2000.0,1080.0
海淀,2室,西,有电梯,精装,92.0,1998.0,730.0
海淀,2室,南北,无电梯,简装,49.0,1993.0,400.0
海淀,2室,北,未知,精装,67.0,2005.0,640.0
海淀,2室,西南,未知,简装,123.0,2004.0,980.0
海淀,2室,北,有电梯,精装,112.0,2000.0,890.0
海淀,3室,西北,有电梯,简装,75.0,1985.0,730.0
海淀,3室,南北,有电梯,其他,78.0,1988.0,730.0
海淀,2室,南北,无电梯,精装,61.0,1995.0,900.0
海淀,3室,南北,无电梯,简装,70.0,1986.0,430.0
海淀,3室,东南,有电梯,简装,124.0,1998.0,1120.0
海淀,2室,东西,无电梯,精装,80.0,1998.0,465.0
海淀,2室,南北,有电梯,精装,94.0,2003.0,890.0
海淀,3室,南北,无电梯,简装,134.0,1999.0,690.0
海淀,2室,南北,有电梯,精装,87.0,2009.0,558.0
海淀,2室,南北,未知,简装,72.0,2008.0,470.0
海淀,2室,东南,有电梯,精装,58.0,1985.0,545.0
海淀,2室,南北,有电梯,精装,127.0,2004.0,1390.0
海淀,3室,南北,无电梯,精装,149.0,2003.0,1050.0
海淀,3室,南北,无电梯,其他,81.0,1992.0,730.0
海淀,2室,南北,无电梯,其他,69.0,1998.0,440.0
海淀,2室,南北,无电梯,其他,92.0,1998.0,630.0
海淀,4室,东西,无电梯,精装,130.0,1999.0,1106.0
海淀,2室,西北,有电梯,精装,73.0,2003.0,500.0
海淀,2室,南北,无电梯,其他,69.0,1996.0,560.0
海淀,3室,南北,未知,精装,155.0,2005.0,1500.0
海淀,3室,西南,有电梯,简装,85.0,1988.0,880.0
海淀,2室,南,有电梯,精装,112.0,2004.0,860.0
海淀,2室,南北,未知,简装,78.0,1997.0,760.0
海淀,2室,西南,有电梯,简装,77.0,1998.0,608.0
海淀,3室,南北,有电梯,精装,138.0,2007.0,1030.0
海淀,2室,南北,无电梯,简装,69.0,1994.0,850.0
海淀,2室,东南,未知,简装,102.0,2001.0,1000.0
海淀,3室,南北,无电梯,精装,132.0,1999.0,1170.0
海淀,3室,南,未知,精装,87.0,1986.0,790.0
海淀,2室,南北,无电梯,毛坯,57.0,1989.0,460.0
海淀,3室,南北,未知,精装,121.0,2010.0,860.0
海淀,3室,南北,未知,精装,125.0,1997.0,1580.0
海淀,3室,南北,无电梯,其他,81.0,1992.0,670.0
海淀,3室,西南,未知,精装,150.0,2006.0,1580.0
海淀,2室,南北,有电梯,精装,136.0,2001.0,1230.0
海淀,3室,西南,无电梯,简装,105.0,2001.0,750.0
海淀,3室,南北,无电梯,精装,127.0,2004.0,1380.0
海淀,2室,西南,有电梯,精装,126.0,2001.0,1320.0
海淀,2室,西,无电梯,简装,63.0,1990.0,520.0
海淀,2室,南,无电梯,简装,58.0,1980.0,510.0
海淀,3室,南北,有电梯,精装,150.0,2008.0,1020.0
海淀,3室,南北,无电梯,简装,87.0,2000.0,510.0
海淀,5室,南北,无电梯,精装,159.0,2001.0,999.0
海淀,2室,南北,有电梯,精装,105.0,1999.0,1080.0
海淀,3室,南北,无电梯,简装,134.0,1999.0,690.0
海淀,3室,南北,无电梯,精装,149.0,2003.0,1050.0
海淀,2室,南北,有电梯,精装,87.0,2009.0,558.0
海淀,2室,东南,有电梯,精装,58.0,1985.0,545.0
海淀,2室,南北,有电梯,精装,127.0,2004.0,1390.0
海淀,2室,西南,未知,简装,123.0,2004.0,980.0
海淀,2室,北,有电梯,精装,112.0,2000.0,890.0
海淀,2室,南北,无电梯,精装,61.0,1995.0,900.0
海淀,2室,南,有电梯,精装,58.0,1992.0,520.0
海淀,2室,西,未知,精装,66.0,2002.0,435.0
海淀,2室,南北,无电梯,简装,65.0,1992.0,595.0
海淀,2室,南,有电梯,简装,58.0,1992.0,520.0
海淀,2室,南,有电梯,精装,94.0,2009.0,632.0
海淀,2室,南,未知,精装,54.0,1987.0,470.0
海淀,3室,南北,无电梯,精装,78.0,1995.0,625.0
海淀,2室,东西,无电梯,其他,75.0,2001.0,510.0
海淀,3室,西南,未知,精装,84.0,1990.0,780.0
海淀,3室,南,有电梯,简装,112.0,1997.0,1050.0
海淀,2室,南北,未知,精装,76.0,1986.0,440.0
海淀,1室,南,有电梯,精装,51.0,1991.0,370.0
海淀,3室,南北,有电梯,简装,141.0,2008.0,1050.0
海淀,2室,南,未知,简装,55.0,1986.0,510.0
海淀,2室,西北,有电梯,精装,87.0,2009.0,560.0
海淀,2室,西北,有电梯,简装,67.0,1990.0,539.0
海淀,2室,东西,无电梯,精装,60.0,1991.0,680.0
海淀,2室,东南,有电梯,简装,62.0,1986.0,525.0
海淀,2室,南北,无电梯,简装,65.0,1983.0,636.0
海淀,2室,南北,无电梯,精装,113.0,2001.0,780.0
海淀,2室,南北,无电梯,其他,64.0,1980.0,571.0
海淀,3室,西南,未知,精装,116.0,1993.0,1060.0
海淀,2室,东西,未知,简装,75.0,2007.0,510.0
海淀,2室,南北,未知,简装,60.0,1985.0,638.0
海淀,2室,南,未知,其他,65.0,2011.0,260.0
海淀,2室,南北,无电梯,其他,61.0,1995.0,330.0
海淀,2室,南北,未知,精装,62.0,1995.0,558.0
海淀,2室,东西,未知,简装,86.0,2005.0,1000.0
海淀,2室,东南,无电梯,简装,58.0,1993.0,435.0
海淀,3室,南北,有电梯,精装,138.0,2007.0,1030.0
海淀,2室,南北,无电梯,精装,82.0,2008.0,735.0
海淀,2室,南北,未知,精装,58.0,1995.0,369.0
海淀,2室,南北,无电梯,精装,61.0,1992.0,580.0
海淀,2室,东南,未知,精装,87.0,2003.0,480.0
海淀,1室,南,有电梯,简装,64.0,2007.0,475.0
海淀,1室,南,无电梯,精装,45.0,1985.0,317.0
海淀,2室,北,无电梯,精装,74.0,2002.0,440.0
海淀,1室,西,未知,简装,47.0,1995.0,560.0
海淀,2室,东西,有电梯,简装,83.0,1999.0,715.0
海淀,1室,南北,未知,简装,50.0,1995.0,480.0
海淀,2室,西北,有电梯,简装,57.0,1987.0,470.0
海淀,2室,南北,未知,精装,64.0,1985.0,520.0
海淀,2室,南北,无电梯,简装,67.0,1998.0,600.0
海淀,2室,南北,未知,简装,81.0,1999.0,800.0
海淀,1室,东南,有电梯,精装,58.0,1999.0,500.0
海淀,1室,南北,有电梯,精装,68.0,2004.0,520.0
海淀,2室,南北,无电梯,简装,61.0,1989.0,554.0
海淀,2室,南北,无电梯,简装,58.0,1988.0,530.0
海淀,2室,南北,未知,毛坯,53.0,1983.0,466.0
海淀,2室,南北,无电梯,简装,58.0,1983.0,590.0
海淀,1室,西北,有电梯,精装,70.0,2004.0,630.0
海淀,2室,南,有电梯,简装,105.0,1998.0,900.0
海淀,2室,东南,未知,简装,120.0,2006.0,988.0
海淀,2室,东西,无电梯,简装,56.0,1992.0,450.0
海淀,3室,南北,未知,精装,82.0,1990.0,943.0
海淀,2室,西北,无电梯,其他,81.0,1993.0,890.0
海淀,2室,南,有电梯,精装,58.0,1992.0,520.0
海淀,2室,南北,未知,精装,102.0,2003.0,650.0
海淀,3室,东南,有电梯,精装,87.0,1992.0,820.0
海淀,2室,东南,未知,简装,57.0,1989.0,550.0
海淀,2室,南北,未知,精装,56.0,1982.0,500.0
海淀,1室,东,未知,精装,44.0,1992.0,380.0
海淀,1室,北,未知,简装,68.0,2002.0,430.0
海淀,2室,南北,无电梯,简装,58.0,1992.0,390.0
海淀,2室,南北,有电梯,精装,125.0,2008.0,940.0
海淀,2室,东南,未知,精装,55.0,1993.0,460.0
海淀,3室,东南,有电梯,精装,146.0,2003.0,910.0
海淀,2室,东北,无电梯,简装,93.0,2003.0,570.0
海淀,1室,南,有电梯,精装,51.0,2005.0,400.0
海淀,1室,北,未知,简装,67.0,2003.0,390.0
海淀,3室,西北,有电梯,简装,70.0,1988.0,680.0
海淀,1室,西,有电梯,精装,68.0,2003.0,630.0
海淀,2室,南北,无电梯,简装,60.0,1980.0,580.0
海淀,2室,南北,未知,精装,64.0,1984.0,625.0
海淀,2室,西,未知,精装,43.0,1993.0,360.0
海淀,2室,东北,无电梯,精装,53.0,1988.0,472.0
海淀,1室,东,未知,简装,58.0,1994.0,465.0
海淀,2室,东南,有电梯,精装,89.0,2000.0,1120.0
海淀,4室,东南,有电梯,简装,159.0,2000.0,1390.0
海淀,4室,东西,无电梯,简装,130.0,1998.0,700.0
海淀,1室,南,有电梯,简装,64.0,2007.0,475.0
海淀,2室,东南,未知,精装,87.0,2003.0,480.0
海淀,1室,南,无电梯,精装,45.0,1985.0,317.0
海淀,1室,西北,有电梯,简装,54.0,2004.0,450.0
海淀,2室,南北,无电梯,简装,54.0,1982.0,515.0
海淀,2室,东南,未知,简装,65.0,1989.0,540.0
海淀,2室,南北,未知,精装,58.0,1995.0,369.0
海淀,2室,南北,无电梯,精装,57.0,1994.0,469.0
海淀,3室,东南,无电梯,简装,101.0,2000.0,580.0
海淀,2室,南北,无电梯,简装,80.0,2001.0,440.0
海淀,2室,南北,有电梯,简装,89.0,2008.0,650.0
海淀,2室,东,有电梯,其他,100.0,2003.0,1050.0
海淀,3室,东南,有电梯,简装,187.0,2008.0,930.0
海淀,3室,东南,有电梯,简装,150.0,2007.0,1040.0
海淀,3室,南北,有电梯,简装,149.0,1996.0,1450.0
海淀,2室,东西,未知,简装,92.0,1999.0,650.0
海淀,2室,南,有电梯,精装,90.0,2012.0,725.0
海淀,2室,南北,有电梯,简装,120.0,2004.0,1300.0
海淀,2室,南北,无电梯,简装,68.0,1998.0,460.0
海淀,3室,南北,无电梯,简装,118.0,1999.0,1450.0
海淀,2室,南,无电梯,简装,57.0,1980.0,505.0
海淀,3室,南北,无电梯,其他,77.0,1989.0,760.0
海淀,4室,南北,有电梯,简装,162.0,2006.0,1120.0
海淀,3室,南北,有电梯,毛坯,131.0,2012.0,800.0
海淀,2室,南北,有电梯,简装,172.0,2000.0,1000.0
海淀,2室,东西,有电梯,其他,82.0,1999.0,795.0
海淀,1室,东南,有电梯,精装,50.0,1989.0,520.0
海淀,3室,东南,有电梯,其他,156.0,1998.0,1700.0
海淀,1室,东南,有电梯,其他,47.0,1994.0,399.0
海淀,3室,东南,有电梯,精装,123.0,2007.0,1350.0
海淀,3室,东南,有电梯,其他,111.0,2004.0,1158.0
海淀,3室,西北,有电梯,精装,69.0,1985.0,590.0
海淀,3室,东西,有电梯,简装,109.0,1999.0,970.0
海淀,2室,南,未知,精装,121.0,2000.0,1130.0
海淀,3室,南北,未知,精装,92.0,1998.0,1050.0
海淀,3室,南北,未知,简装,164.0,2001.0,1650.0
海淀,2室,西,有电梯,简装,95.0,2004.0,645.0
海淀,2室,西北,有电梯,简装,95.0,2004.0,700.0
海淀,3室,东西,无电梯,精装,66.0,1978.0,585.0
海淀,3室,南北,无电梯,简装,74.0,1988.0,560.0
海淀,2室,南北,无电梯,简装,86.0,2003.0,606.0
海淀,2室,西南,有电梯,简装,74.0,2003.0,498.0
海淀,2室,南北,无电梯,精装,69.0,1996.0,630.0
海淀,2室,西南,有电梯,精装,81.0,2000.0,690.0
海淀,2室,南北,有电梯,精装,98.0,1998.0,680.0
海淀,2室,南北,无电梯,简装,61.0,1991.0,545.0
海淀,3室,南北,有电梯,简装,155.0,2008.0,1288.0
海淀,3室,西南,有电梯,精装,109.0,2000.0,715.0
海淀,3室,东北,未知,精装,119.0,2000.0,1050.0
海淀,3室,南北,无电梯,精装,76.0,1983.0,950.0
海淀,4室,西南,有电梯,精装,168.0,1997.0,1200.0
海淀,3室,南北,有电梯,精装,134.0,2002.0,1360.0
海淀,2室,南北,无电梯,简装,85.0,1997.0,700.0
海淀,2室,西,有电梯,精装,108.0,2010.0,850.0
海淀,2室,东西,无电梯,精装,57.0,1984.0,450.0
海淀,3室,南北,无电梯,精装,152.0,2003.0,1050.0
海淀,2室,南北,无电梯,简装,100.0,2004.0,600.0
海淀,3室,南北,无电梯,简装,95.0,2000.0,850.0
海淀,3室,南,有电梯,精装,116.0,2004.0,960.0
海淀,1室,东北,有电梯,精装,73.0,2007.0,622.0
海淀,1室,南,无电梯,简装,44.0,1988.0,380.0
海淀,2室,南,有电梯,简装,131.0,2002.0,1400.0
海淀,2室,南北,未知,其他,59.0,1995.0,305.0
海淀,2室,东,无电梯,精装,50.0,1988.0,450.0
海淀,2室,南北,未知,毛坯,60.0,1995.0,435.0
海淀,3室,西,有电梯,精装,117.0,2002.0,1300.0
海淀,2室,南北,无电梯,简装,63.0,1991.0,450.0
海淀,4室,南北,有电梯,精装,163.0,2009.0,1080.0
海淀,4室,南北,有电梯,精装,208.0,2000.0,1400.0
海淀,2室,东南,有电梯,精装,115.0,2001.0,1150.0
海淀,2室,南北,有电梯,精装,120.0,2001.0,1250.0
海淀,2室,南北,无电梯,精装,60.0,1990.0,520.0
海淀,4室,西南,无电梯,简装,149.0,1998.0,950.0
海淀,6室,南北,有电梯,精装,213.0,2006.0,1800.0
海淀,2室,南北,无电梯,简装,63.0,1991.0,574.0
海淀,2室,东西,无电梯,简装,78.0,1998.0,700.0
海淀,4室,南北,有电梯,精装,227.0,2008.0,1400.0
海淀,3室,南北,有电梯,精装,224.0,2009.0,1590.0
海淀,2室,南北,无电梯,简装,86.0,2003.0,606.0
海淀,3室,南北,未知,其他,109.0,2000.0,690.0
海淀,4室,南北,有电梯,精装,218.0,2009.0,1300.0
海淀,3室,南北,无电梯,简装,74.0,1988.0,560.0
海淀,2室,东南,有电梯,简装,120.0,2008.0,1100.0
海淀,2室,南北,有电梯,精装,96.0,2010.0,675.0
海淀,2室,南北,无电梯,其他,58.0,1985.0,445.0
海淀,2室,南北,无电梯,简装,61.0,1991.0,545.0
海淀,3室,南北,无电梯,简装,56.0,1989.0,610.0
海淀,2室,南,有电梯,精装,93.0,2005.0,650.0
海淀,2室,南北,未知,简装,66.0,1996.0,385.7
海淀,2室,南北,无电梯,简装,60.0,1985.0,580.0
海淀,3室,西南,未知,简装,70.0,1996.0,479.0
海淀,3室,西南,未知,精装,126.0,2002.0,630.0
海淀,2室,东西,无电梯,精装,59.0,1990.0,617.0
海淀,2室,南北,未知,精装,80.0,2002.0,455.0
海淀,3室,南北,有电梯,简装,141.0,2003.0,825.0
海淀,2室,南北,未知,精装,65.0,1980.0,560.0
海淀,3室,西南,有电梯,精装,130.0,2004.0,820.0
海淀,2室,南北,未知,精装,62.0,1985.0,490.0
海淀,4室,南北,无电梯,精装,178.0,1998.0,1500.0
海淀,1室,南,无电梯,精装,68.0,2004.0,420.0
海淀,1室,东南,无电梯,精装,58.0,2000.0,380.0
海淀,1室,东,未知,精装,59.0,2009.0,260.0
海淀,4室,南北,未知,精装,263.0,2009.0,1280.0
海淀,3室,东南,有电梯,精装,152.0,2001.0,1400.0
海淀,2室,南北,未知,简装,54.0,1981.0,290.0
海淀,3室,西南,未知,简装,94.0,1998.0,650.0
海淀,2室,南北,无电梯,简装,64.0,1999.0,420.0
海淀,1室,南西,未知,精装,73.0,2005.0,560.0
海淀,1室,南,未知,精装,43.0,1988.0,388.0
海淀,2室,南,有电梯,简装,99.0,2006.0,660.0
海淀,2室,东西,未知,简装,61.0,1992.0,600.0
海淀,1室,西,有电梯,精装,51.0,2002.0,630.0
海淀,1室,西,有电梯,精装,65.0,2007.0,450.0
海淀,3室,南北,无电梯,简装,82.0,1992.0,690.0
海淀,2室,西,有电梯,精装,162.0,2000.0,1200.0
海淀,2室,南北,有电梯,其他,102.0,2002.0,720.0
海淀,3室,南北,有电梯,简装,144.0,2000.0,1560.0
海淀,2室,东西,有电梯,简装,88.0,2004.0,650.0
海淀,2室,东西,无电梯,精装,106.0,1995.0,935.0
海淀,3室,西南,有电梯,精装,153.0,2001.0,1468.0
海淀,1室,南,未知,精装,46.0,1982.0,375.0
海淀,2室,东南,有电梯,简装,110.0,1999.0,710.0
海淀,1室,西,有电梯,简装,67.0,2006.0,480.0
海淀,2室,南北,无电梯,精装,90.0,2008.0,688.0
海淀,3室,西南,有电梯,简装,148.0,1999.0,1600.0
海淀,2室,东南,未知,精装,78.0,2000.0,570.0
海淀,3室,西北,有电梯,简装,172.0,2008.0,860.0
海淀,2室,东南,有电梯,精装,89.0,2007.0,760.0
海淀,2室,西北,有电梯,精装,97.0,2007.0,1030.0
海淀,3室,南北,无电梯,精装,72.0,1985.0,725.2
海淀,3室,东,未知,其他,137.0,2001.0,710.0
海淀,2室,南北,无电梯,精装,79.0,2001.0,450.0
海淀,2室,西南,有电梯,精装,107.0,2000.0,1090.0
海淀,2室,东西,有电梯,精装,60.0,1992.0,500.0
海淀,2室,东西,无电梯,精装,59.0,1990.0,617.0
海淀,2室,南北,未知,精装,80.0,2002.0,455.0
海淀,3室,西南,未知,简装,70.0,1996.0,479.0
海淀,2室,南北,有电梯,毛坯,120.0,2003.0,920.0
海淀,3室,南北,有电梯,精装,157.0,2004.0,1700.0
海淀,2室,东南,未知,精装,76.0,2007.0,845.0
海淀,4室,南北,有电梯,精装,205.0,2002.0,1800.0
海淀,2室,西南,有电梯,精装,99.0,2003.0,880.0
海淀,3室,南北,未知,精装,124.0,1997.0,1398.0
海淀,3室,东西,无电梯,简装,69.0,1980.0,580.0
海淀,2室,西南,有电梯,精装,82.0,2000.0,740.0
海淀,2室,东南,未知,精装,79.0,2000.0,620.0
海淀,2室,南,未知,其他,105.0,2001.0,1200.0
海淀,2室,南北,未知,精装,54.0,1980.0,486.0
海淀,3室,南北,未知,简装,117.0,1997.0,936.0
海淀,3室,南北,无电梯,简装,130.0,1999.0,960.0
海淀,2室,南,未知,精装,66.0,1992.0,595.0
海淀,2室,南,有电梯,精装,94.0,2011.0,860.0
海淀,2室,南,有电梯,其他,67.0,1998.0,550.0
海淀,3室,西南,有电梯,精装,128.0,2002.0,700.0
海淀,3室,西南,未知,其他,75.0,1990.0,754.0
海淀,2室,西南,未知,精装,81.0,1997.0,650.0
海淀,2室,西北,有电梯,简装,82.0,2005.0,780.0
海淀,3室,南北,无电梯,精装,59.0,1988.0,531.0
海淀,3室,南北,未知,简装,140.0,2002.0,968.0
海淀,1室,南北,无电梯,其他,54.0,1995.0,515.0
海淀,4室,西南,有电梯,简装,216.0,2008.0,1100.0
海淀,1室,南北,无电梯,其他,54.0,2004.0,360.0
海淀,4室,西南,有电梯,精装,171.0,1999.0,1370.0
海淀,2室,东西,未知,简装,61.0,1992.0,600.0
海淀,2室,南北,无电梯,精装,68.0,1996.0,592.0
海淀,1室,南,有电梯,精装,69.0,2014.0,425.0
海淀,1室,南,未知,精装,72.0,2008.0,480.0
海淀,3室,东南,有电梯,其他,139.0,2001.0,1600.0
海淀,3室,南北,未知,简装,81.0,1993.0,820.0
海淀,3室,南北,有电梯,精装,84.0,1998.0,560.0
海淀,3室,南北,无电梯,简装,72.0,1985.0,720.0
海淀,3室,南北,未知,精装,82.0,1989.0,720.0
海淀,2室,东南,未知,精装,74.0,1998.0,580.0
海淀,3室,东北,未知,简装,72.0,1985.0,650.0
海淀,3室,东西,未知,精装,73.0,1990.0,730.0
海淀,3室,南北,无电梯,简装,73.0,1997.0,860.0
海淀,1室,西南,有电梯,简装,62.0,2001.0,525.0
海淀,3室,南北,有电梯,精装,139.0,2002.0,1046.0
海淀,2室,南北,有电梯,简装,97.0,1998.0,910.0
海淀,3室,东西,无电梯,简装,69.0,1980.0,559.0
海淀,2室,西北,有电梯,精装,98.0,2008.0,650.0
海淀,3室,西南,有电梯,简装,108.0,2007.0,738.0
海淀,2室,东南,未知,精装,63.0,1988.0,580.0
海淀,3室,西南,有电梯,简装,126.0,1998.0,860.0
海淀,2室,南北,无电梯,精装,74.0,1996.0,596.0
海淀,2室,西南,有电梯,精装,99.0,2003.0,880.0
海淀,3室,南北,未知,精装,124.0,1997.0,1398.0
海淀,4室,南北,有电梯,精装,205.0,2002.0,1800.0
海淀,3室,西北,有电梯,简装,76.0,1996.0,615.0
海淀,2室,东西,无电梯,精装,99.0,2008.0,840.0
海淀,2室,南,无电梯,简装,58.0,1980.0,453.0
海淀,2室,南北,无电梯,简装,99.0,2003.0,880.0
海淀,2室,南,无电梯,简装,51.0,1990.0,372.0
海淀,2室,西南,有电梯,简装,92.0,1999.0,660.0
海淀,3室,西南,有电梯,精装,166.0,2009.0,1280.0
海淀,3室,南北,未知,简装,83.0,1980.0,733.0
海淀,3室,东南,有电梯,其他,139.0,2001.0,1600.0
海淀,3室,南北,未知,简装,81.0,1993.0,820.0
海淀,2室,东南,有电梯,简装,88.0,1999.0,620.0
海淀,4室,南北,无电梯,简装,103.0,1992.0,720.0
海淀,3室,南北,无电梯,精装,71.0,1985.0,680.0
海淀,3室,南北,有电梯,精装,144.0,2005.0,1490.0
海淀,3室,南北,未知,精装,56.0,1982.0,466.0
海淀,1室,东西,未知,精装,55.0,2010.0,480.0
海淀,3室,南北,有电梯,精装,84.0,1998.0,560.0
海淀,3室,东南,有电梯,精装,140.0,2001.0,1410.0
海淀,2室,东南,有电梯,精装,109.0,1999.0,1030.0
海淀,2室,南北,无电梯,精装,74.0,1996.0,596.0
海淀,3室,东西,未知,精装,73.0,1990.0,730.0
海淀,3室,南北,无电梯,简装,72.0,1985.0,720.0
海淀,3室,南北,无电梯,简装,73.0,1997.0,860.0
海淀,2室,西南,有电梯,精装,88.0,2007.0,825.0
海淀,2室,西南,未知,精装,71.0,2004.0,580.0
海淀,3室,南北,有电梯,简装,124.0,2005.0,1050.0
海淀,3室,西北,有电梯,简装,70.0,1982.0,520.0
海淀,2室,南北,有电梯,简装,155.0,1999.0,1150.0
海淀,2室,南北,未知,精装,70.0,1996.0,465.0
海淀,2室,南,有电梯,精装,85.0,2002.0,770.0
海淀,2室,南,无电梯,精装,50.0,1980.0,565.0
海淀,2室,东南,未知,精装,63.0,1988.0,580.0
海淀,3室,西南,有电梯,简装,126.0,1998.0,860.0
海淀,1室,西南,有电梯,简装,62.0,2001.0,525.0
海淀,3室,南北,无电梯,精装,79.0,1996.0,556.0
海淀,4室,东南,有电梯,精装,178.0,2000.0,1600.0
海淀,3室,南北,有电梯,精装,143.0,2003.0,1100.0
海淀,2室,西,有电梯,其他,67.0,1999.0,610.0
海淀,3室,南北,未知,精装,126.0,2007.0,750.0
海淀,3室,西南,有电梯,精装,127.0,2000.0,1430.0
海淀,2室,南北,无电梯,简装,58.0,1995.0,506.0
海淀,3室,西北,有电梯,简装,114.0,2000.0,620.0
海淀,2室,东南,有电梯,精装,101.0,2003.0,550.0
海淀,3室,南北,有电梯,精装,145.0,2004.0,1280.0
海淀,2室,南北,无电梯,精装,58.0,1997.0,410.0
海淀,2室,南北,无电梯,精装,57.0,1989.0,530.0
海淀,3室,南北,无电梯,精装,71.0,1981.0,490.0
海淀,2室,南北,无电梯,简装,69.0,1996.0,539.0
海淀,2室,南北,无电梯,简装,64.0,1993.0,625.0
海淀,3室,南北,无电梯,简装,127.0,2000.0,650.0
海淀,3室,南西,未知,简装,172.0,2000.0,1650.0
海淀,2室,西南,有电梯,精装,58.0,1985.0,530.0
海淀,2室,东北,有电梯,精装,67.0,2006.0,695.0
海淀,3室,东南,有电梯,简装,128.0,2009.0,860.0
海淀,3室,东西,未知,简装,73.0,1988.0,599.0
海淀,3室,南北,有电梯,精装,84.0,1998.0,560.0
海淀,1室,东西,未知,精装,55.0,2010.0,480.0
海淀,3室,南北,未知,精装,56.0,1982.0,466.0
海淀,2室,南,有电梯,精装,85.0,2002.0,770.0
海淀,3室,东南,有电梯,精装,140.0,2001.0,1410.0
海淀,2室,南北,有电梯,简装,127.0,2004.0,1350.0
海淀,2室,南北,有电梯,精装,117.0,2005.0,1030.0
海淀,2室,南,无电梯,精装,50.0,1980.0,565.0
海淀,2室,东南,未知,精装,123.0,1999.0,1200.0
海淀,2室,南北,未知,精装,65.0,1993.0,635.0
海淀,2室,南北,无电梯,精装,85.0,1997.0,720.0
海淀,2室,东南,未知,简装,109.0,2001.0,1090.0
海淀,3室,东南,未知,简装,85.0,1996.0,550.0
海淀,1室,西,未知,精装,70.0,2012.0,500.0
海淀,2室,南,有电梯,简装,59.0,1984.0,508.0
海淀,3室,南北,未知,精装,101.0,1998.0,640.0
海淀,1室,南北,有电梯,简装,44.0,1992.0,390.0
海淀,3室,南北,无电梯,精装,108.0,2005.0,835.0
海淀,2室,南北,未知,精装,71.0,1988.0,640.0
海淀,3室,东西,无电梯,简装,77.0,1995.0,523.0
海淀,3室,东,有电梯,精装,148.0,2002.0,930.0
海淀,3室,南北,有电梯,精装,126.0,2007.0,780.0
海淀,3室,南,有电梯,简装,122.0,1997.0,850.0
海淀,3室,南北,无电梯,简装,148.0,2003.0,1150.0
海淀,3室,南北,有电梯,精装,144.0,2004.0,1150.0
海淀,2室,南北,有电梯,精装,118.0,2005.0,900.0
海淀,2室,东西,无电梯,简装,67.0,1990.0,570.0
海淀,1室,东南,有电梯,精装,63.0,1998.0,507.0
海淀,4室,东南,有电梯,精装,83.0,1997.0,735.0
海淀,3室,南北,有电梯,简装,124.0,2004.0,1160.0
海淀,4室,南北,有电梯,毛坯,218.0,2011.0,1580.0
海淀,5室,西,有电梯,简装,169.0,1998.0,1360.0
海淀,4室,东南,有电梯,精装,178.0,2000.0,1600.0
海淀,2室,西,有电梯,其他,67.0,1999.0,610.0
海淀,3室,南北,未知,简装,77.0,1993.0,690.0
海淀,3室,东南,有电梯,其他,173.0,2004.0,1600.0
海淀,2室,南北,有电梯,精装,109.0,2010.0,820.0
海淀,2室,西,有电梯,精装,81.0,2007.0,545.0
海淀,3室,南北,有电梯,简装,138.0,2001.0,1420.0
海淀,2室,南北,无电梯,精装,54.0,1982.0,575.0
海淀,2室,南北,无电梯,精装,53.0,1976.0,532.0
海淀,2室,南北,未知,精装,60.0,1988.0,380.0
海淀,3室,南北,有电梯,精装,128.0,2007.0,925.0
海淀,3室,南,有电梯,其他,113.0,1982.0,1320.0
海淀,2室,南北,无电梯,其他,74.0,1998.0,500.0
海淀,2室,南西,未知,简装,98.0,2001.0,700.0
海淀,2室,东西,未知,其他,54.0,1982.0,480.0
海淀,2室,东,有电梯,简装,89.0,1998.0,730.0
海淀,3室,南北,未知,精装,69.0,1988.0,670.0
海淀,2室,南北,无电梯,精装,83.0,1998.0,640.0
海淀,3室,东南,有电梯,简装,86.0,1989.0,765.0
海淀,3室,南北,无电梯,精装,62.0,1990.0,560.0
海淀,2室,南,未知,精装,118.0,2003.0,1300.0
海淀,2室,东北,无电梯,精装,52.0,1989.0,462.0
海淀,2室,南北,无电梯,精装,64.0,1975.0,610.0
海淀,2室,东西,无电梯,简装,56.0,1993.0,485.0
海淀,2室,东西,未知,简装,70.0,1998.0,580.0
海淀,2室,西南,有电梯,精装,59.0,1988.0,430.0
海淀,2室,南北,有电梯,其他,120.0,2005.0,720.0
海淀,2室,南北,未知,精装,57.0,1998.0,395.0
海淀,4室,南北,有电梯,精装,205.0,2002.0,1800.0
海淀,2室,东南,未知,简装,84.0,1997.0,680.0
海淀,2室,南,未知,精装,62.0,1986.0,540.0
海淀,2室,南北,无电梯,精装,85.0,1997.0,720.0
海淀,4室,南,有电梯,精装,178.0,2011.0,1800.0
海淀,1室,东北,有电梯,精装,64.0,2008.0,365.0
海淀,2室,北,有电梯,精装,60.0,2003.0,630.0
海淀,3室,东南,有电梯,精装,156.0,2009.0,1050.0
海淀,2室,南,有电梯,简装,67.0,1989.0,571.2
海淀,2室,东西,未知,其他,80.0,2005.0,650.0
海淀,1室,东北,未知,简装,49.0,1998.0,435.0
海淀,2室,南,无电梯,简装,57.0,1995.0,435.0
海淀,2室,西南,有电梯,精装,142.0,1999.0,950.0
海淀,2室,南北,无电梯,精装,60.0,1980.0,610.0
海淀,2室,西南,有电梯,简装,74.0,1998.0,545.0
海淀,3室,东北,有电梯,简装,67.0,1985.0,620.0
海淀,1室,南,有电梯,精装,42.0,1994.0,375.0
海淀,2室,南北,无电梯,简装,59.0,1996.0,758.0
海淀,3室,西南,有电梯,简装,152.0,2001.0,1500.0
海淀,1室,南北,无电梯,精装,45.0,1990.0,485.0
海淀,3室,西南,无电梯,精装,124.0,2000.0,1100.0
海淀,1室,东西,有电梯,其他,72.0,2002.0,720.0
海淀,1室,南,有电梯,简装,48.0,1994.0,365.0
海淀,1室,南,有电梯,精装,46.0,2004.0,390.0
海淀,2室,南,有电梯,简装,82.0,1998.0,698.0
海淀,2室,西南,未知,简装,62.0,1992.0,575.0
海淀,1室,南,无电梯,精装,50.0,1994.0,368.0
海淀,3室,东北,有电梯,其他,67.0,1991.0,620.0
海淀,2室,南北,有电梯,精装,109.0,2010.0,820.0
海淀,2室,西,有电梯,精装,81.0,2007.0,545.0
海淀,3室,南北,有电梯,简装,138.0,2001.0,1420.0
海淀,2室,西北,有电梯,精装,66.0,1995.0,585.0
海淀,1室,南,未知,精装,48.0,2005.0,320.0
海淀,1室,东北,有电梯,简装,93.0,2000.0,680.0
海淀,1室,西,有电梯,其他,58.0,2004.0,370.0
海淀,1室,南北,有电梯,精装,73.0,2002.0,750.0
海淀,1室,东,无电梯,精装,44.0,1987.0,420.0
海淀,1室,东北,有电梯,简装,82.0,2005.0,815.0
海淀,3室,南北,未知,简装,78.0,1980.0,700.0
海淀,1室,北,有电梯,精装,60.0,2003.0,420.0
海淀,2室,东南,有电梯,精装,94.0,2000.0,1250.0
海淀,2室,南,有电梯,精装,86.0,1996.0,950.0
海淀,4室,南北,无电梯,精装,164.0,2000.0,1750.0
海淀,4室,南北,有电梯,精装,187.0,2005.0,1570.0
海淀,3室,东,有电梯,简装,106.0,1995.0,950.0
海淀,2室,东,有电梯,精装,98.0,2003.0,1400.0
海淀,2室,南北,无电梯,简装,50.0,1981.0,480.0
海淀,4室,南,有电梯,精装,178.0,2011.0,1800.0
海淀,2室,南北,无电梯,简装,62.0,1995.0,592.0
海淀,2室,南北,无电梯,其他,73.0,1998.0,500.0
海淀,2室,南,未知,精装,62.0,1983.0,410.0
海淀,3室,东西,无电梯,简装,150.0,1999.0,1200.0
海淀,2室,南北,无电梯,精装,72.0,1998.0,700.0
海淀,1室,西南,有电梯,简装,71.0,2003.0,410.0
海淀,1室,东北,有电梯,精装,52.0,2004.0,410.0
海淀,1室,南北,无电梯,简装,51.0,1993.0,350.0
海淀,2室,东西,有电梯,其他,133.0,2003.0,1180.0
海淀,4室,东西,无电梯,简装,161.0,1998.0,1150.0
海淀,4室,西南,有电梯,简装,166.0,1999.0,1380.0
海淀,1室,西,有电梯,简装,45.0,2004.0,680.0
海淀,1室,南北,有电梯,简装,41.0,1985.0,430.0
海淀,2室,南北,未知,其他,54.0,1997.0,454.0
海淀,3室,东南,有电梯,精装,146.0,2009.0,1130.0
海淀,2室,东北,无电梯,简装,80.0,1996.0,810.0
海淀,2室,南北,无电梯,简装,59.0,1996.0,510.0
海淀,3室,南北,未知,其他,80.0,1992.0,708.0
海淀,3室,西南,有电梯,其他,157.0,1999.0,1450.0
海淀,2室,南,未知,其他,61.0,1992.0,500.0
海淀,2室,南北,无电梯,其他,127.0,2004.0,1290.0
海淀,2室,南西,有电梯,其他,89.0,2007.0,825.0
海淀,2室,南北,未知,精装,88.0,1990.0,750.0
海淀,2室,南,未知,其他,61.0,1992.0,500.0
海淀,2室,西南,有电梯,精装,65.0,2009.0,436.0
海淀,3室,南北,有电梯,其他,85.0,1985.0,650.0
海淀,2室,西南,有电梯,精装,99.0,2014.0,910.0
海淀,3室,南北,未知,其他,95.0,1992.0,795.0
海淀,2室,南北,无电梯,简装,64.0,1995.0,455.0
海淀,3室,南北,无电梯,精装,76.0,1986.0,830.0
海淀,2室,南,有电梯,精装,87.0,2003.0,600.0
海淀,2室,东西,未知,精装,90.0,1998.0,860.0
海淀,2室,南北,未知,简装,71.0,1990.0,666.0
海淀,2室,南北,未知,精装,111.0,2001.0,755.0
海淀,2室,东西,未知,精装,57.0,1984.0,470.0
海淀,2室,西南,未知,精装,129.0,2001.0,1290.0
海淀,3室,西北,有电梯,精装,152.0,1998.0,1350.0
海淀,3室,西南,未知,精装,93.0,2002.0,732.0
海淀,2室,南北,有电梯,简装,65.0,1985.0,575.0
海淀,3室,南北,有电梯,精装,94.0,2009.0,620.0
海淀,2室,北,未知,精装,66.0,2001.0,780.0
海淀,2室,东北,未知,精装,105.0,2005.0,855.0
海淀,3室,东北,有电梯,简装,109.0,1998.0,800.0
海淀,3室,南北,无电梯,精装,124.0,2000.0,708.0
海淀,2室,南,无电梯,精装,50.0,1983.0,498.0
海淀,2室,西南,有电梯,精装,72.0,1990.0,650.0
海淀,4室,南北,无电梯,精装,164.0,2003.0,1380.0
海淀,2室,南,有电梯,简装,61.0,1990.0,530.0
海淀,3室,南北,未知,精装,169.0,2000.0,1700.0
海淀,2室,西南,有电梯,精装,114.0,1997.0,770.0
海淀,2室,西南,有电梯,简装,103.0,2001.0,1000.0
海淀,2室,南北,有电梯,简装,99.0,1995.0,1100.0
海淀,3室,东西,有电梯,精装,181.0,1999.0,1350.0
海淀,2室,东南,未知,精装,102.0,2001.0,990.0
海淀,3室,西南,有电梯,简装,81.0,1987.0,730.0
海淀,3室,东西,无电梯,精装,62.0,1986.0,575.0
海淀,2室,东北,有电梯,精装,92.0,2009.0,640.0
海淀,3室,南北,有电梯,简装,129.0,2006.0,1329.0
海淀,2室,南北,有电梯,简装,87.0,2001.0,1200.0
海淀,3室,南,未知,简装,130.0,2002.0,900.0
海淀,3室,西南,无电梯,简装,90.0,1998.0,740.0
海淀,2室,西北,有电梯,精装,82.0,2005.0,781.0
海淀,2室,东西,有电梯,其他,133.0,2003.0,1180.0
海淀,3室,南北,无电梯,精装,169.0,2004.0,1760.0
海淀,2室,西南,有电梯,简装,83.0,1996.0,640.0
海淀,3室,南西,有电梯,精装,118.0,2005.0,655.0
海淀,3室,南北,无电梯,精装,84.0,1994.0,580.0
海淀,2室,西南,无电梯,精装,85.0,2008.0,678.0
海淀,3室,东南,无电梯,精装,134.0,2010.0,990.0
海淀,2室,南北,无电梯,精装,58.0,1989.0,535.0
海淀,3室,南,未知,精装,116.0,2004.0,680.0
海淀,2室,西南,有电梯,精装,107.0,1999.0,1300.0
海淀,2室,南,有电梯,简装,83.0,2007.0,619.0
海淀,2室,东西,无电梯,简装,59.0,1993.0,468.0
海淀,2室,东南,有电梯,精装,61.0,1987.0,450.0
海淀,5室,南北,有电梯,简装,176.0,2008.0,1400.0
海淀,4室,南北,未知,其他,139.0,1993.0,1480.0
海淀,2室,南北,无电梯,精装,72.0,1998.0,600.0
海淀,2室,南北,无电梯,简装,75.0,1999.0,530.0
海淀,3室,东南,有电梯,简装,183.0,2000.0,1375.0
海淀,3室,南北,有电梯,精装,129.0,2004.0,1300.0
海淀,3室,南北,未知,简装,87.0,2010.0,780.0
海淀,2室,西北,无电梯,简装,58.0,1996.0,550.0
海淀,2室,南北,无电梯,简装,64.0,1998.0,443.0
海淀,3室,南北,无电梯,简装,86.0,1995.0,980.0
海淀,2室,东南,有电梯,精装,78.0,1999.0,800.0
海淀,2室,东南,有电梯,简装,70.0,1995.0,590.0
海淀,2室,东西,无电梯,简装,70.0,1999.0,740.0
海淀,3室,南北,未知,简装,67.0,1987.0,550.0
海淀,3室,东北,有电梯,简装,109.0,1998.0,800.0
海淀,3室,南北,无电梯,精装,124.0,2000.0,708.0
海淀,2室,南,无电梯,精装,50.0,1983.0,498.0
海淀,3室,南北,未知,精装,169.0,2000.0,1700.0
海淀,2室,东,有电梯,精装,59.0,1991.0,620.0
海淀,3室,南北,未知,精装,130.0,2005.0,1090.0
海淀,1室,南,有电梯,精装,38.0,2006.0,410.0
海淀,2室,东西,无电梯,简装,58.0,1996.0,385.0
海淀,3室,西北,有电梯,简装,115.0,1999.0,950.0
海淀,3室,西南,有电梯,精装,168.0,2003.0,1738.0
海淀,4室,南北,有电梯,精装,188.0,2007.0,1300.0
海淀,3室,东西,未知,精装,114.0,1998.0,1016.0
海淀,2室,南北,未知,精装,71.0,1998.0,560.0
海淀,2室,南,有电梯,简装,117.0,2003.0,630.0
海淀,3室,西北,有电梯,简装,114.0,1999.0,609.0
海淀,2室,东南,未知,精装,108.0,2000.0,1220.0
海淀,2室,西北,有电梯,简装,97.0,2004.0,616.0
海淀,2室,南北,无电梯,精装,52.0,1998.0,480.0
海淀,3室,西,无电梯,简装,78.0,1997.0,620.0
海淀,2室,南,有电梯,精装,92.0,2009.0,876.0
海淀,2室,南北,有电梯,精装,90.0,2005.0,665.0
海淀,3室,东西,无电梯,精装,78.0,1991.0,630.0
海淀,3室,南北,未知,精装,77.0,1989.0,772.0
海淀,2室,南北,无电梯,精装,57.0,1985.0,578.0
海淀,3室,南北,无电梯,简装,129.0,2002.0,790.0
海淀,5室,南北,无电梯,精装,158.0,2000.0,1508.0
海淀,5室,东南,有电梯,精装,240.0,2001.0,1320.0
海淀,3室,东南,有电梯,简装,144.0,2005.0,760.0
海淀,2室,南北,有电梯,简装,72.0,1998.0,725.0
海淀,3室,西南,有电梯,精装,144.0,2000.0,1320.0
海淀,3室,南北,无电梯,简装,73.0,1989.0,730.0
海淀,2室,南北,无电梯,简装,57.0,1992.0,470.0
海淀,1室,南,未知,简装,60.0,1998.0,500.0
海淀,3室,东南,未知,精装,150.0,2003.0,1270.0
海淀,2室,南北,未知,精装,64.0,1999.0,480.0
海淀,2室,西北,未知,精装,89.0,2008.0,556.0
海淀,3室,南北,无电梯,简装,108.0,2005.0,810.0
海淀,2室,南,未知,精装,60.0,1989.0,490.0
海淀,3室,东西,未知,精装,135.0,2001.0,950.0
海淀,2室,西南,未知,其他,75.0,1997.0,710.0
海淀,2室,南北,未知,简装,54.0,1982.0,600.0
海淀,2室,南北,无电梯,简装,59.0,1989.0,420.0
海淀,3室,南北,无电梯,简装,120.0,1998.0,910.0
海淀,3室,南北,未知,简装,161.0,2003.0,1610.0
海淀,3室,东南,未知,精装,82.0,1997.0,620.0
海淀,2室,东北,未知,精装,46.0,1985.0,410.0
海淀,3室,西南,未知,精装,138.0,1999.0,1080.0
海淀,2室,南,未知,简装,60.0,1999.0,560.0
海淀,2室,南北,无电梯,精装,71.0,1998.0,550.0
海淀,2室,南北,未知,精装,91.0,2009.0,559.0
海淀,2室,西北,有电梯,精装,81.0,2010.0,560.0
海淀,2室,南北,未知,精装,75.0,2008.0,446.0
海淀,2室,南北,未知,简装,61.0,1994.0,380.0
海淀,2室,东西,未知,精装,99.0,1999.0,580.0
海淀,2室,东西,未知,精装,93.0,2008.0,520.0
海淀,1室,南,未知,精装,38.0,2002.0,380.0
海淀,2室,南北,未知,简装,102.0,1993.0,1028.0
海淀,2室,南,无电梯,简装,60.0,1990.0,610.0
海淀,3室,南北,无电梯,精装,91.0,1988.0,1100.0
海淀,2室,东南,未知,精装,78.0,2012.0,746.0
海淀,2室,南北,无电梯,精装,69.0,1996.0,620.0
海淀,3室,南北,未知,精装,83.0,1994.0,1030.0
海淀,2室,南北,有电梯,精装,66.0,1998.0,565.0
海淀,2室,南北,无电梯,精装,54.0,1981.0,515.0
海淀,3室,东南,未知,精装,156.0,2002.0,798.0
海淀,3室,东西,无电梯,简装,89.0,1999.0,760.0
海淀,1室,南,无电梯,简装,43.0,1992.0,315.0
海淀,3室,南北,未知,精装,104.0,1998.0,798.0
海淀,1室,南北,无电梯,精装,58.0,1998.0,380.0
海淀,2室,南北,有电梯,简装,80.0,2005.0,580.0
海淀,2室,西北,有电梯,简装,106.0,2005.0,960.0
海淀,2室,西南,有电梯,精装,72.0,1999.0,755.0
海淀,1室,南北,无电梯,精装,41.0,1991.0,410.0
海淀,3室,南北,未知,精装,156.0,2009.0,1100.0
海淀,2室,西北,有电梯,简装,93.0,2000.0,650.0
海淀,2室,南北,未知,简装,62.0,1995.0,490.0
海淀,2室,西南,有电梯,精装,112.0,2001.0,1030.0
海淀,3室,南北,无电梯,精装,111.0,2005.0,698.0
海淀,2室,西,有电梯,简装,102.0,2004.0,770.0
海淀,2室,东南,有电梯,简装,93.0,2002.0,960.0
海淀,2室,东,无电梯,简装,45.0,1986.0,365.0
海淀,3室,南北,无电梯,简装,92.0,1998.0,750.0
海淀,2室,东北,有电梯,简装,97.0,2003.0,582.0
海淀,3室,南北,未知,简装,69.0,1985.0,620.0
海淀,2室,南北,未知,精装,73.0,1999.0,650.0
海淀,3室,东南,未知,精装,150.0,2003.0,1270.0
海淀,2室,南北,未知,精装,64.0,1999.0,480.0
海淀,2室,西北,未知,精装,89.0,2008.0,556.0
海淀,3室,西,未知,精装,133.0,2003.0,1450.0
海淀,2室,南北,未知,精装,90.0,2011.0,575.0
海淀,3室,南北,有电梯,精装,151.0,2006.0,1600.0
海淀,2室,南北,未知,简装,98.0,2004.0,640.0
海淀,3室,南北,未知,其他,89.0,1995.0,980.0
海淀,2室,南北,有电梯,简装,116.0,2006.0,970.0
海淀,1室,北,未知,精装,46.0,1992.0,390.0
海淀,2室,东北,有电梯,简装,77.0,1990.0,650.0
海淀,2室,南,未知,精装,50.0,1981.0,460.0
海淀,3室,东西,有电梯,精装,100.0,1992.0,900.0
海淀,3室,南北,无电梯,精装,179.0,2005.0,980.0
海淀,3室,南北,有电梯,简装,113.0,1999.0,630.0
海淀,4室,南北,未知,简装,194.0,2000.0,1780.0
海淀,2室,南北,无电梯,精装,58.0,1988.0,575.0
海淀,2室,南北,无电梯,精装,55.0,1991.0,419.0
海淀,4室,东南,有电梯,精装,173.0,2010.0,1180.0
海淀,4室,南北,无电梯,精装,179.0,2007.0,988.0
海淀,1室,南,有电梯,其他,46.0,2004.0,700.0
海淀,1室,西,有电梯,精装,57.0,2003.0,380.0
海淀,4室,南北,无电梯,精装,133.0,2000.0,820.0
海淀,4室,南北,无电梯,简装,94.0,1990.0,735.0
海淀,1室,南,未知,简装,40.0,2004.0,345.0
海淀,2室,东西,无电梯,精装,63.0,1995.0,611.0
海淀,3室,东南,有电梯,简装,161.0,2005.0,1280.0
海淀,2室,南北,无电梯,精装,69.0,1996.0,620.0
海淀,2室,南北,未知,简装,121.0,2007.0,1280.0
海淀,1室,北,有电梯,简装,53.0,2004.0,380.0
海淀,2室,南北,无电梯,精装,67.0,1985.0,708.0
海淀,3室,南北,无电梯,简装,63.0,1984.0,580.0
海淀,2室,南北,未知,精装,46.0,1993.0,410.0
海淀,3室,西南,有电梯,简装,126.0,2002.0,1200.0
海淀,3室,南北,无电梯,其他,82.0,1993.0,960.0
海淀,2室,南,无电梯,简装,52.0,1983.0,435.0
海淀,3室,南西,未知,简装,73.0,1989.0,690.0
海淀,2室,西南,未知,简装,70.0,1998.0,530.0
海淀,2室,东西,无电梯,简装,57.0,1990.0,430.0
海淀,2室,东南,有电梯,精装,96.0,2004.0,950.0
海淀,2室,南北,未知,精装,62.0,1992.0,480.0
海淀,2室,南,无电梯,精装,53.0,1993.0,399.0
海淀,2室,东北,未知,简装,88.0,1999.0,920.0
海淀,3室,东南,无电梯,精装,78.0,1991.0,650.0
海淀,1室,南,有电梯,简装,58.0,1992.0,485.0
海淀,2室,东南,有电梯,简装,61.0,1991.0,455.0
海淀,3室,西南,有电梯,简装,81.0,1996.0,770.0
海淀,2室,西,未知,精装,93.0,2002.0,560.0
海淀,2室,西南,未知,精装,118.0,2003.0,630.0
海淀,2室,东北,未知,简装,92.0,2002.0,750.0
海淀,1室,南,未知,简装,45.0,1983.0,379.0
海淀,1室,东南,有电梯,简装,43.0,1995.0,365.0
海淀,3室,南北,无电梯,简装,142.0,1999.0,998.0
海淀,2室,南北,未知,精装,65.0,1990.0,450.0
海淀,2室,西南,未知,精装,96.0,2009.0,672.0
海淀,4室,南,无电梯,精装,155.0,2007.0,1550.0
海淀,4室,南北,无电梯,简装,92.0,1996.0,740.0
海淀,2室,东西,无电梯,简装,96.0,1998.0,795.0
海淀,2室,南北,有电梯,精装,80.0,2004.0,580.0
海淀,2室,东南,未知,简装,128.0,2004.0,1100.0
海淀,3室,南北,未知,精装,90.0,1995.0,699.0
海淀,2室,南北,无电梯,简装,71.0,1998.0,540.0
海淀,1室,南,无电梯,简装,44.0,1994.0,369.0
海淀,3室,东南,无电梯,简装,115.0,2000.0,720.0
海淀,2室,南北,有电梯,精装,114.0,2004.0,820.0
海淀,2室,西南,未知,简装,88.0,2001.0,485.0
海淀,3室,南北,未知,精装,98.0,1996.0,935.0
海淀,3室,西北,有电梯,简装,71.0,1991.0,715.0
海淀,2室,东北,无电梯,其他,63.0,1992.0,630.0
海淀,2室,南北,未知,精装,88.0,2009.0,399.0
海淀,2室,南北,未知,精装,63.0,1992.0,558.0
海淀,1室,南北,未知,精装,49.0,1989.0,460.0
海淀,3室,南北,未知,精装,86.0,2000.0,880.0
海淀,3室,南北,无电梯,其他,68.0,1985.0,718.0
海淀,2室,东西,未知,简装,73.0,1996.0,565.0
海淀,2室,东,未知,简装,52.0,1985.0,449.0
海淀,2室,南,有电梯,精装,86.0,2003.0,740.0
海淀,3室,南北,未知,精装,115.0,2007.0,870.0
海淀,2室,南北,无电梯,精装,59.0,1998.0,410.0
海淀,2室,南北,无电梯,其他,50.0,1985.0,520.0
海淀,2室,南北,有电梯,其他,104.0,2004.0,1120.0
海淀,2室,东南,无电梯,简装,54.0,1981.0,310.0
海淀,1室,西南,无电梯,精装,47.0,1999.0,459.0
海淀,2室,南北,未知,精装,68.0,1994.0,460.0
海淀,2室,南北,未知,简装,94.0,2003.0,870.0
海淀,2室,南北,未知,精装,88.0,2011.0,850.0
海淀,2室,南北,有电梯,简装,94.0,2010.0,635.0
海淀,1室,东北,有电梯,其他,63.0,2009.0,415.0
海淀,2室,南,有电梯,其他,60.0,1991.0,570.0
海淀,2室,南西,有电梯,其他,98.0,2001.0,530.0
海淀,3室,南北,无电梯,简装,104.0,2004.0,890.0
海淀,2室,南北,无电梯,简装,55.0,1983.0,499.0
海淀,2室,南,无电梯,精装,51.0,1986.0,495.0
海淀,2室,南北,未知,精装,54.0,1982.0,468.0
海淀,3室,南北,无电梯,简装,69.0,1987.0,622.0
海淀,2室,西南,有电梯,简装,122.0,2003.0,1200.0
海淀,2室,南北,有电梯,精装,88.0,2010.0,580.0
海淀,1室,南,无电梯,简装,37.0,1988.0,340.0
海淀,2室,南北,无电梯,简装,58.0,1995.0,780.0
海淀,3室,南北,无电梯,简装,58.0,1981.0,565.0
海淀,2室,南北,无电梯,精装,69.0,1994.0,815.0
海淀,2室,南北,无电梯,简装,62.0,1995.0,510.0
海淀,2室,西南,有电梯,简装,132.0,2000.0,1050.0
海淀,2室,南,有电梯,其他,91.0,1999.0,900.0
海淀,4室,南北,有电梯,简装,257.0,2004.0,1800.0
海淀,2室,南,有电梯,简装,59.0,1990.0,500.0
海淀,3室,东南,有电梯,简装,86.0,1988.0,785.0
海淀,2室,南北,无电梯,其他,70.0,1998.0,465.0
海淀,2室,南北,无电梯,简装,55.0,1991.0,405.0
海淀,2室,西,有电梯,精装,78.0,2003.0,672.0
海淀,3室,东南,有电梯,简装,135.0,1999.0,1219.0
海淀,3室,南北,未知,精装,88.0,2011.0,550.0
海淀,2室,南北,未知,其他,62.0,2011.0,298.0
海淀,3室,西南,有电梯,简装,126.0,2002.0,580.0
海淀,3室,南西,有电梯,简装,100.0,1998.0,950.0
海淀,2室,南北,未知,简装,59.0,1998.0,369.0
海淀,2室,南北,未知,精装,93.0,2007.0,600.0
海淀,2室,南北,无电梯,简装,58.0,1994.0,430.0
海淀,2室,南北,有电梯,精装,122.0,2003.0,1180.0
海淀,2室,西北,有电梯,简装,92.0,1999.0,660.0
海淀,2室,南北,无电梯,简装,62.0,1991.0,448.0
海淀,3室,东南,无电梯,简装,73.0,1996.0,850.0
海淀,3室,南北,未知,精装,119.0,2000.0,1070.0
海淀,2室,东西,有电梯,精装,80.0,1999.0,710.0
海淀,3室,南北,未知,精装,173.0,2002.0,760.0
海淀,2室,南北,有电梯,精装,93.0,2006.0,710.0
海淀,3室,南北,有电梯,精装,187.0,2007.0,1300.0
海淀,2室,西,有电梯,精装,93.0,2009.0,625.0
海淀,2室,北,有电梯,简装,62.0,2009.0,399.0
海淀,2室,南北,未知,简装,72.0,2001.0,540.0
海淀,3室,东西,无电梯,精装,82.0,2000.0,479.0
海淀,3室,南西,有电梯,精装,117.0,2005.0,660.0
海淀,2室,东南,有电梯,精装,67.0,1998.0,450.0
海淀,2室,南,未知,精装,57.0,1990.0,610.0
海淀,3室,南北,有电梯,精装,156.0,2003.0,1480.0
海淀,2室,南北,有电梯,简装,76.0,1998.0,500.0
海淀,3室,东北,有电梯,精装,183.0,2000.0,1556.0
海淀,3室,南北,无电梯,简装,88.0,1999.0,795.0
海淀,2室,南北,有电梯,精装,92.0,2005.0,730.0
海淀,2室,东南,未知,其他,55.0,1985.0,530.0
海淀,3室,南北,无电梯,简装,58.0,1981.0,565.0
海淀,4室,南北,无电梯,毛坯,203.0,2004.0,1800.0
海淀,3室,南,无电梯,简装,110.0,2000.0,638.0
海淀,2室,南北,无电梯,精装,69.0,1994.0,815.0
海淀,2室,西,有电梯,简装,117.0,2001.0,1020.0
海淀,3室,南北,无电梯,其他,91.0,1985.0,820.0
海淀,2室,南北,无电梯,简装,62.0,1995.0,510.0
海淀,2室,西,有电梯,简装,108.0,1999.0,980.0
海淀,3室,东北,未知,精装,142.0,2000.0,1350.0
海淀,3室,东北,有电梯,精装,148.0,1999.0,1339.0
海淀,3室,东北,有电梯,简装,67.0,1989.0,570.0
海淀,3室,东南,有电梯,简装,71.0,1988.0,715.0
海淀,3室,南北,无电梯,精装,65.0,1988.0,500.0
海淀,3室,南北,无电梯,精装,102.0,2009.0,780.0
海淀,3室,西北,未知,简装,131.0,2000.0,1500.0
海淀,3室,南北,无电梯,精装,105.0,1992.0,980.0
海淀,2室,东西,有电梯,精装,80.0,1999.0,710.0
海淀,2室,南北,无电梯,简装,76.0,2003.0,590.0
海淀,2室,南北,有电梯,精装,75.0,2014.0,610.0
海淀,2室,西南,有电梯,简装,85.0,2003.0,760.0
海淀,2室,南北,有电梯,简装,99.0,2006.0,629.0
海淀,2室,南北,有电梯,精装,122.0,2003.0,1180.0
海淀,2室,西北,有电梯,简装,92.0,1999.0,660.0
海淀,3室,东南,有电梯,简装,141.0,2009.0,860.0
海淀,2室,南,有电梯,精装,108.0,2005.0,850.0
海淀,2室,西南,有电梯,精装,81.0,2007.0,800.0
海淀,2室,南北,无电梯,简装,62.0,1991.0,448.0
海淀,3室,南北,未知,精装,173.0,2002.0,760.0
海淀,3室,东南,无电梯,简装,73.0,1996.0,850.0
海淀,3室,东南,有电梯,简装,128.0,2009.0,896.0
海淀,3室,东南,有电梯,简装,99.0,2008.0,568.0
海淀,3室,东西,有电梯,精装,131.0,2005.0,1100.0
海淀,2室,西南,有电梯,精装,102.0,2000.0,950.0
海淀,2室,西南,有电梯,精装,87.0,2000.0,1168.0
海淀,2室,南西,未知,精装,89.0,2008.0,546.0
海淀,1室,南,无电梯,精装,79.0,2005.0,548.0
海淀,3室,南北,有电梯,精装,129.0,2005.0,1180.0
海淀,2室,南北,未知,其他,67.0,1998.0,478.0
海淀,2室,西,未知,精装,89.0,1998.0,735.0
海淀,3室,东南,未知,精装,75.0,1982.0,678.0
海淀,2室,南北,有电梯,其他,120.0,2005.0,1250.0
海淀,3室,东北,有电梯,精装,62.0,1987.0,505.0
海淀,3室,东北,有电梯,简装,155.0,2000.0,810.0
海淀,2室,西南,有电梯,简装,62.0,1990.0,594.0
海淀,1室,南,未知,精装,40.0,1988.0,435.0
海淀,4室,东南,有电梯,简装,83.0,1997.0,590.0
海淀,3室,南北,无电梯,毛坯,75.0,1982.0,410.0
海淀,4室,南北,未知,其他,162.0,2003.0,1200.0
海淀,4室,南北,有电梯,简装,191.0,2002.0,1600.0
海淀,2室,西南,未知,精装,76.0,1998.0,615.0
海淀,3室,东南,有电梯,简装,128.0,2009.0,896.0
海淀,2室,西南,有电梯,精装,102.0,2000.0,950.0
海淀,2室,西南,有电梯,精装,87.0,2000.0,1168.0
海淀,2室,南西,未知,精装,89.0,2008.0,546.0
海淀,1室,南,无电梯,精装,79.0,2005.0,548.0
海淀,2室,南北,未知,其他,67.0,1998.0,478.0
海淀,2室,西,有电梯,精装,97.0,2006.0,795.0
海淀,3室,东南,有电梯,精装,121.0,2003.0,1380.0
海淀,3室,东西,有电梯,精装,131.0,2005.0,1100.0
海淀,3室,南北,未知,简装,80.0,1985.0,940.0
海淀,3室,南北,有电梯,精装,129.0,2005.0,1180.0
海淀,3室,南北,有电梯,精装,162.0,2004.0,1750.0
海淀,3室,东南,有电梯,简装,99.0,2008.0,568.0
海淀,2室,西南,有电梯,精装,103.0,2003.0,549.0
海淀,3室,南北,有电梯,简装,160.0,2002.0,1760.0
海淀,3室,南北,有电梯,简装,157.0,2002.0,1450.0
海淀,3室,东南,有电梯,简装,79.0,1990.0,730.0
海淀,2室,南北,未知,简装,64.0,1986.0,530.0
海淀,1室,北,有电梯,精装,58.0,2006.0,420.0
海淀,1室,东,未知,精装,63.0,2002.0,421.0
海淀,4室,南北,未知,简装,129.0,1995.0,1020.0
海淀,2室,东西,未知,精装,58.0,1995.0,518.0
海淀,3室,东南,未知,简装,204.0,1999.0,1500.0
海淀,2室,南北,未知,简装,105.0,1998.0,1200.0
海淀,3室,南北,未知,简装,56.0,1986.0,489.0
海淀,4室,南北,未知,精装,217.0,2009.0,1100.0
海淀,3室,南北,无电梯,精装,174.0,2003.0,1550.0
海淀,2室,东,未知,其他,68.0,1997.0,440.0
海淀,2室,南北,无电梯,简装,61.0,1988.0,459.0
海淀,3室,南北,未知,精装,130.0,2005.0,960.0
海淀,2室,南北,未知,精装,127.0,2003.0,1800.0
海淀,3室,东南,未知,精装,96.0,1999.0,960.0
海淀,3室,东南,无电梯,简装,69.0,2000.0,458.0
海淀,3室,南北,有电梯,精装,146.0,2009.0,950.0
海淀,2室,西北,未知,精装,72.0,2011.0,645.0
海淀,2室,东西,未知,简装,95.0,2006.0,700.0
海淀,3室,南北,未知,简装,86.0,1988.0,580.0
海淀,1室,南,无电梯,精装,43.0,1988.0,530.0
海淀,2室,南北,未知,其他,86.0,1999.0,700.0
海淀,3室,西北,未知,简装,62.0,1994.0,520.0
海淀,1室,南,未知,简装,43.0,1987.0,340.0
海淀,2室,南北,未知,精装,107.0,2000.0,1480.0
海淀,2室,西,未知,精装,89.0,1998.0,735.0
海淀,1室,西北,未知,简装,67.0,2005.0,460.0
海淀,2室,东南,无电梯,简装,62.0,1992.0,798.0
海淀,2室,南北,未知,简装,57.0,1997.0,500.0
海淀,2室,南,未知,简装,96.0,2010.0,580.0
海淀,3室,南北,有电梯,简装,129.0,2008.0,1080.0
海淀,3室,南北,无电梯,精装,90.0,1997.0,535.0
海淀,2室,西南,有电梯,精装,84.0,1999.0,650.0
海淀,2室,南北,未知,简装,114.0,2002.0,1200.0
海淀,2室,南北,未知,毛坯,57.0,1983.0,555.0
海淀,2室,南北,无电梯,其他,60.0,1999.0,535.0
海淀,3室,南北,未知,简装,96.0,1992.0,870.0
海淀,2室,西北,未知,简装,67.0,1990.0,460.0
海淀,2室,南北,未知,精装,60.0,1981.0,550.0
海淀,2室,南,未知,精装,55.0,1989.0,540.0
海淀,2室,西,有电梯,精装,105.0,2001.0,1080.0
海淀,3室,南北,无电梯,精装,175.0,2005.0,1450.0
海淀,1室,西,未知,其他,57.0,2009.0,415.0
海淀,1室,北,未知,简装,53.0,2002.0,418.0
海淀,2室,西,有电梯,简装,82.0,2003.0,799.0
海淀,2室,东西,无电梯,其他,59.0,1996.0,365.0
海淀,1室,西南,有电梯,其他,61.0,2007.0,620.0
海淀,2室,东西,未知,简装,69.0,1999.0,448.0
海淀,2室,南北,无电梯,毛坯,60.0,1992.0,710.0
海淀,1室,南,未知,精装,60.0,2003.0,520.0
海淀,2室,东西,无电梯,精装,60.0,1990.0,520.0
海淀,4室,西南,有电梯,简装,168.0,1997.0,1200.0
海淀,2室,东西,无电梯,简装,61.0,1998.0,375.0
海淀,1室,北,有电梯,精装,58.0,2006.0,420.0
海淀,1室,东,未知,精装,43.0,1988.0,345.0
海淀,2室,西,未知,精装,71.0,2003.0,470.0
海淀,2室,南北,有电梯,精装,84.0,1998.0,546.0
海淀,2室,南北,未知,简装,68.0,1997.0,655.0
海淀,3室,东南,有电梯,简装,117.0,2007.0,1025.0
海淀,2室,南北,无电梯,简装,84.0,1998.0,780.0
海淀,2室,西南,无电梯,精装,58.0,1995.0,460.0
海淀,2室,南北,无电梯,简装,61.0,1995.0,580.0
海淀,2室,东北,有电梯,精装,68.0,1990.0,578.0
海淀,2室,南北,无电梯,简装,72.0,2000.0,540.0
海淀,3室,东南,未知,精装,123.0,2007.0,895.0
海淀,2室,西,有电梯,简装,66.0,1991.0,520.0
海淀,2室,东西,无电梯,简装,60.0,1985.0,498.0
海淀,3室,南北,未知,其他,136.0,2007.0,1100.0
海淀,2室,北,有电梯,精装,62.0,2009.0,438.0
海淀,2室,西南,有电梯,精装,98.0,2002.0,888.0
海淀,3室,东南,未知,简装,108.0,1998.0,1100.0
海淀,3室,西,有电梯,精装,151.0,2000.0,1516.0
海淀,3室,南,未知,其他,116.0,2001.0,650.0
海淀,2室,东北,无电梯,简装,73.0,2000.0,489.0
海淀,2室,南北,有电梯,精装,115.0,2004.0,895.0
海淀,2室,西,有电梯,精装,97.0,2004.0,1450.0
海淀,2室,东西,无电梯,精装,68.0,1996.0,740.0
海淀,3室,西南,有电梯,精装,142.0,2000.0,1720.0
海淀,3室,西南,未知,精装,178.0,1999.0,1650.0
海淀,3室,南北,未知,精装,128.0,2001.0,1350.0
海淀,2室,南北,未知,简装,61.0,1991.0,480.0
海淀,2室,东南,无电梯,简装,62.0,1992.0,798.0
海淀,2室,南北,未知,简装,57.0,1997.0,500.0
海淀,2室,南北,未知,精装,63.0,1998.0,465.0
海淀,2室,南北,无电梯,精装,66.0,1994.0,478.0
海淀,3室,南北,无电梯,精装,88.0,1996.0,490.0
海淀,2室,东南,有电梯,简装,112.0,1999.0,700.0
海淀,3室,南北,未知,精装,66.0,1982.0,565.0
海淀,2室,东南,未知,精装,92.0,2003.0,810.0
海淀,1室,东,未知,简装,52.0,1995.0,436.0
海淀,2室,东,未知,精装,97.0,2005.0,870.0
海淀,2室,东南,有电梯,精装,61.0,1984.0,598.0
海淀,2室,南北,无电梯,其他,76.0,2000.0,535.0
海淀,2室,南北,有电梯,简装,92.0,2006.0,705.0
海淀,3室,南北,未知,精装,80.0,1990.0,800.0
海淀,2室,南北,无电梯,简装,61.0,1988.0,429.0
海淀,3室,南北,无电梯,简装,95.0,1987.0,890.0
海淀,2室,西南,有电梯,精装,81.0,2001.0,820.0
海淀,3室,南北,无电梯,精装,79.0,1996.0,590.0
海淀,3室,东北,未知,精装,107.0,2000.0,932.0
海淀,2室,东南,有电梯,精装,85.0,2007.0,565.0
海淀,2室,南,有电梯,精装,118.0,2005.0,780.0
海淀,1室,南,无电梯,简装,52.0,2000.0,379.0
海淀,2室,南北,未知,简装,61.0,1995.0,380.0
海淀,2室,南北,有电梯,精装,84.0,1998.0,546.0
海淀,2室,南北,未知,简装,68.0,1997.0,655.0
海淀,2室,东南,有电梯,精装,120.0,2001.0,1250.0
海淀,2室,西,未知,精装,71.0,2003.0,470.0
海淀,2室,西南,未知,简装,55.0,1997.0,450.0
海淀,2室,东西,无电梯,毛坯,69.0,2000.0,430.0
海淀,2室,东南,有电梯,简装,85.0,2000.0,819.0
海淀,2室,东,有电梯,精装,82.0,1999.0,460.0
海淀,2室,南北,无电梯,精装,75.0,2000.0,630.0
海淀,2室,东西,无电梯,简装,73.0,1997.0,460.0
海淀,2室,南北,未知,简装,61.0,1992.0,675.0
海淀,2室,西,有电梯,精装,100.0,2000.0,880.0
海淀,4室,东南,无电梯,精装,153.0,2001.0,780.0
海淀,2室,南北,未知,其他,57.0,1988.0,620.0
海淀,1室,南西,无电梯,精装,39.0,1989.0,440.0
海淀,2室,南北,无电梯,其他,57.0,1984.0,465.0
海淀,2室,南北,无电梯,简装,56.0,1984.0,455.0
海淀,2室,东南,无电梯,精装,59.0,1980.0,370.0
海淀,1室,南,无电梯,其他,52.0,2000.0,355.0
海淀,3室,南北,有电梯,精装,88.0,2011.0,600.0
海淀,2室,西南,有电梯,精装,123.0,2002.0,1173.0
海淀,3室,西南,无电梯,简装,102.0,1997.0,699.0
海淀,3室,西南,无电梯,其他,58.0,1982.0,530.0
海淀,2室,南,未知,毛坯,50.0,1982.0,480.0
海淀,2室,南北,无电梯,简装,57.0,1998.0,342.0
海淀,1室,东,未知,精装,45.0,1986.0,370.0
海淀,2室,东北,未知,精装,112.0,2000.0,880.0
海淀,2室,东南,有电梯,简装,57.0,1989.0,510.0
海淀,3室,南北,未知,精装,139.0,2005.0,1300.0
海淀,2室,南北,未知,简装,69.0,1996.0,557.6
海淀,2室,东北,未知,精装,103.0,2001.0,820.0
海淀,2室,南北,未知,简装,119.0,2003.0,896.0
海淀,2室,南北,无电梯,精装,54.0,1984.0,510.0
海淀,2室,南北,有电梯,简装,90.0,2004.0,720.0
海淀,2室,南北,未知,简装,57.0,1998.0,420.0
海淀,2室,东南,有电梯,简装,112.0,1999.0,700.0
海淀,3室,南北,未知,精装,66.0,1982.0,565.0
海淀,2室,东西,未知,精装,60.0,1987.0,495.0
海淀,2室,南北,有电梯,精装,91.0,2007.0,635.0
海淀,3室,南北,无电梯,精装,88.0,1996.0,490.0
海淀,2室,西北,未知,精装,74.0,2003.0,480.0
海淀,2室,南北,未知,简装,61.0,1984.0,535.0
海淀,2室,东南,无电梯,简装,104.0,2000.0,802.0
海淀,2室,东南,有电梯,精装,109.0,2002.0,1100.0
海淀,2室,南北,无电梯,简装,64.0,1988.0,575.0
海淀,2室,南北,无电梯,精装,65.0,1987.0,460.0
海淀,3室,东西,无电梯,简装,80.0,1980.0,595.0
海淀,3室,东西,无电梯,简装,72.0,1994.0,770.0
海淀,1室,东北,无电梯,简装,66.0,1998.0,445.0
海淀,2室,南北,无电梯,精装,85.0,1997.0,645.0
海淀,3室,南北,未知,精装,157.0,2001.0,1400.0
海淀,3室,南北,未知,精装,161.0,2008.0,1130.0
海淀,2室,南北,未知,精装,63.0,1986.0,539.0
海淀,2室,南北,有电梯,其他,120.0,2005.0,768.0
海淀,2室,东西,无电梯,简装,108.0,1998.0,542.0
海淀,3室,西南,有电梯,简装,111.0,1996.0,1080.0
海淀,2室,南北,无电梯,精装,60.0,1985.0,570.0
海淀,2室,西南,有电梯,精装,95.0,2009.0,570.0
海淀,2室,南,有电梯,简装,69.0,1988.0,550.0
海淀,3室,南北,未知,简装,149.0,2003.0,998.0
海淀,1室,南,未知,毛坯,41.0,1993.0,460.0
海淀,2室,东北,无电梯,精装,93.0,2003.0,590.0
海淀,2室,南,未知,简装,121.0,2000.0,1150.0
海淀,3室,东西,未知,简装,77.0,1990.0,640.0
海淀,2室,南北,无电梯,精装,118.0,2005.0,1000.0
海淀,2室,东北,有电梯,精装,92.0,2009.0,638.0
海淀,1室,南北,有电梯,精装,74.0,2007.0,500.0
海淀,3室,南北,无电梯,简装,115.0,2000.0,650.0
海淀,2室,西南,未知,精装,103.0,2001.0,900.0
海淀,2室,南北,未知,简装,62.0,1995.0,730.0
海淀,4室,南北,未知,简装,79.0,1988.0,580.0
海淀,2室,南,未知,精装,118.0,2003.0,1300.0
海淀,2室,南北,无电梯,精装,60.0,1983.0,375.0
海淀,3室,南,未知,简装,72.0,1989.0,740.0
海淀,3室,西南,有电梯,精装,136.0,2003.0,1400.0
海淀,3室,东南,未知,简装,162.0,2002.0,1700.0
海淀,2室,西南,未知,精装,91.0,1999.0,760.0
海淀,2室,南北,未知,简装,69.0,1983.0,788.0
海淀,2室,东,有电梯,精装,96.0,2005.0,830.0
海淀,2室,南,未知,简装,64.0,2008.0,455.0
海淀,3室,南北,未知,简装,82.0,1998.0,460.0
海淀,1室,东,有电梯,简装,55.0,2005.0,455.0
海淀,2室,东西,无电梯,简装,60.0,1980.0,410.0
海淀,1室,东北,有电梯,简装,70.0,2004.0,610.0
海淀,2室,南北,无电梯,简装,54.0,1981.0,461.0
海淀,3室,南,未知,精装,145.0,2006.0,1080.0
海淀,3室,南北,有电梯,简装,153.0,2003.0,1330.0
海淀,3室,东西,未知,简装,75.0,1989.0,635.0
海淀,2室,南,未知,简装,55.0,1986.0,470.0
海淀,1室,南,未知,精装,43.0,1988.0,390.0
海淀,2室,南北,有电梯,精装,88.0,2011.0,850.0
海淀,4室,南北,未知,精装,210.0,2004.0,1800.0
海淀,2室,西北,未知,精装,74.0,2003.0,480.0
海淀,2室,南北,无电梯,其他,60.0,1984.0,370.0
海淀,3室,西南,有电梯,简装,88.0,2003.0,810.0
海淀,2室,东西,未知,其他,61.0,1985.0,565.0
海淀,3室,东南,未知,简装,151.0,2001.0,1580.0
海淀,3室,南北,未知,精装,71.0,1983.0,620.0
海淀,3室,西南,未知,精装,128.0,2002.0,640.0
海淀,3室,南北,未知,毛坯,65.0,1984.0,570.0
海淀,3室,南北,有电梯,简装,150.0,1999.0,900.0
海淀,2室,西南,有电梯,精装,86.0,1999.0,725.0
海淀,2室,东南,未知,精装,93.0,2011.0,830.0
海淀,3室,东西,有电梯,简装,210.0,2000.0,1330.0
海淀,2室,南北,未知,简装,105.0,1998.0,1200.0
海淀,1室,南,未知,精装,51.0,1988.0,478.0
海淀,2室,西南,未知,精装,54.0,1998.0,370.0
海淀,1室,南,无电梯,精装,53.0,2000.0,378.0
海淀,1室,西,未知,精装,65.0,2010.0,438.0
海淀,2室,南北,未知,精装,89.0,2008.0,549.0
海淀,3室,东西,无电梯,简装,70.0,1978.0,620.0
海淀,2室,西南,未知,简装,87.0,2000.0,1160.0
海淀,2室,东西,无电梯,精装,58.0,1994.0,410.0
海淀,2室,南,未知,简装,48.0,1980.0,440.0
海淀,2室,南北,未知,精装,82.0,1998.0,675.0
海淀,3室,南北,未知,简装,70.0,1980.0,920.0
海淀,3室,南北,有电梯,精装,131.0,2005.0,986.0
海淀,4室,南北,未知,精装,140.0,2000.0,910.0
海淀,2室,南,未知,简装,60.0,1988.0,485.0
海淀,3室,西南,未知,简装,126.0,1998.0,1330.0
海淀,2室,南北,未知,简装,59.0,1984.0,600.0
海淀,2室,南,未知,精装,118.0,2003.0,1300.0
海淀,2室,南北,无电梯,简装,75.0,2000.0,415.0
海淀,1室,东,未知,简装,59.0,1999.0,490.0
海淀,1室,北,未知,其他,69.0,2005.0,600.0
海淀,2室,东南,无电梯,简装,67.0,1996.0,520.0
海淀,2室,南北,有电梯,其他,67.0,2003.0,490.0
海淀,3室,西南,无电梯,精装,110.0,1998.0,698.0
海淀,3室,西南,未知,精装,102.0,1995.0,719.0
海淀,2室,东西,未知,精装,76.0,1996.0,625.0
海淀,3室,西南,有电梯,精装,117.0,2007.0,1100.0
海淀,3室,西南,有电梯,简装,88.0,2003.0,810.0
海淀,3室,东北,有电梯,简装,102.0,1996.0,850.0
海淀,3室,东南,有电梯,精装,127.0,1999.0,980.0
海淀,3室,西南,有电梯,其他,106.0,1998.0,820.0
海淀,3室,南北,未知,精装,80.0,1993.0,940.0
海淀,2室,西北,有电梯,精装,88.0,2005.0,535.0
海淀,2室,东北,有电梯,精装,76.0,2004.0,700.0
海淀,2室,南北,未知,毛坯,59.0,1987.0,475.0
海淀,2室,东西,未知,其他,61.0,1985.0,565.0
海淀,3室,东南,未知,简装,151.0,2001.0,1580.0
海淀,3室,南北,无电梯,简装,88.0,1996.0,707.0
海淀,3室,南北,无电梯,精装,80.0,1996.0,695.0
海淀,3室,南北,有电梯,简装,139.0,2002.0,1390.0
海淀,3室,西南,有电梯,精装,91.0,1996.0,1010.0
海淀,2室,南北,无电梯,精装,82.0,2000.0,580.0
海淀,3室,东南,有电梯,简装,85.0,1993.0,730.0
海淀,3室,南北,未知,精装,108.0,1985.0,1100.0
海淀,2室,西南,未知,精装,74.0,2000.0,850.0
海淀,3室,南北,无电梯,简装,57.0,1988.0,502.0
海淀,2室,东西,无电梯,其他,62.0,1993.0,510.0
海淀,3室,南北,未知,精装,136.0,2002.0,1390.0
海淀,3室,东南,未知,简装,80.0,1989.0,760.0
海淀,3室,南北,未知,精装,123.0,2009.0,900.0
海淀,2室,东,有电梯,精装,60.0,2002.0,590.0
海淀,2室,东南,有电梯,简装,86.0,1999.0,580.0
海淀,2室,东,未知,精装,71.0,2011.0,647.0
海淀,2室,西南,有电梯,简装,61.0,1994.0,530.0
海淀,3室,南北,未知,精装,71.0,1985.0,718.0
海淀,3室,西南,无电梯,精装,91.0,2000.0,606.0
海淀,3室,南北,未知,简装,154.0,2005.0,780.0
海淀,2室,东西,有电梯,简装,60.0,1992.0,518.0
海淀,3室,西南,有电梯,简装,125.0,2000.0,800.0
海淀,3室,南北,有电梯,精装,79.0,1988.0,716.0
海淀,3室,南北,有电梯,精装,168.0,2002.0,1430.0
海淀,2室,东南,未知,精装,76.0,2000.0,699.0
海淀,3室,南北,未知,精装,145.0,2009.0,1000.0
海淀,2室,西南,有电梯,简装,87.0,2000.0,775.0
海淀,1室,东,未知,简装,68.0,2006.0,485.0
海淀,2室,东南,有电梯,简装,61.0,1993.0,540.0
海淀,3室,西南,有电梯,其他,106.0,2000.0,960.0
海淀,3室,南北,有电梯,精装,89.0,1992.0,836.0
海淀,4室,南西,有电梯,简装,115.0,1999.0,805.0
海淀,2室,西南,未知,简装,68.0,1987.0,670.0
海淀,2室,东西,未知,精装,77.0,2000.0,600.0
海淀,1室,西南,未知,精装,43.0,2011.0,340.0
海淀,2室,南北,无电梯,毛坯,59.0,1993.0,420.0
海淀,3室,东北,未知,精装,188.0,2000.0,1580.0
海淀,3室,南,未知,其他,106.0,2000.0,694.0
海淀,2室,东南,未知,精装,75.0,2003.0,600.0
海淀,3室,南北,无电梯,精装,130.0,2003.0,925.0
海淀,2室,南北,未知,精装,71.0,1995.0,635.0
海淀,1室,东,有电梯,简装,60.0,2009.0,425.0
海淀,2室,东,有电梯,简装,108.0,2000.0,1150.0
海淀,2室,南,有电梯,简装,60.0,1990.0,530.0
海淀,3室,东南,有电梯,简装,81.0,1991.0,610.0
海淀,2室,东北,有电梯,简装,55.0,1986.0,500.0
海淀,2室,西南,未知,精装,131.0,2006.0,1120.0
海淀,2室,东南,有电梯,简装,65.0,1995.0,550.0
海淀,3室,南北,未知,其他,69.0,1984.0,850.0
海淀,2室,西,无电梯,其他,50.0,1987.0,395.0
海淀,2室,南,有电梯,精装,77.0,2009.0,898.0
海淀,1室,东,未知,精装,37.0,2003.0,310.0
海淀,2室,东南,无电梯,简装,64.0,1999.0,500.0
海淀,1室,南,未知,简装,58.0,1990.0,425.0
海淀,2室,南,未知,精装,97.0,2004.0,698.0
海淀,2室,南北,未知,简装,64.0,1996.0,460.0
海淀,3室,南北,未知,精装,107.0,1998.0,838.0
海淀,4室,南北,未知,简装,102.0,2006.0,925.0
海淀,2室,西南,未知,精装,98.0,2004.0,930.0
海淀,3室,南北,未知,简装,130.0,2001.0,910.0
海淀,4室,东南,未知,其他,161.0,2001.0,780.0
海淀,4室,南北,未知,简装,146.0,2001.0,850.0
海淀,4室,南,有电梯,精装,166.0,2001.0,1500.0
海淀,2室,东,未知,其他,95.0,2004.0,645.0
海淀,2室,东南,有电梯,精装,81.0,1998.0,660.0
海淀,2室,南北,有电梯,精装,91.0,2007.0,630.0
海淀,2室,南,未知,精装,70.0,1994.0,630.0
海淀,3室,南北,无电梯,简装,58.0,1979.0,540.0
海淀,3室,南北,有电梯,精装,154.0,2006.0,1550.0
海淀,2室,西南,有电梯,其他,79.0,1992.0,645.0
海淀,2室,南,未知,简装,50.0,1990.0,420.0
海淀,3室,西南,有电梯,简装,76.0,1998.0,460.0
海淀,1室,南,未知,其他,37.0,1983.0,330.0
海淀,3室,南北,未知,简装,137.0,2002.0,1430.0
海淀,2室,西,有电梯,精装,110.0,2007.0,1150.0
海淀,2室,南北,无电梯,简装,78.0,1998.0,668.0
海淀,2室,南北,无电梯,简装,77.0,1998.0,540.0
海淀,2室,南北,未知,简装,91.0,2007.0,690.0
海淀,2室,东西,未知,其他,54.0,1985.0,440.0
海淀,3室,南北,无电梯,毛坯,79.0,1997.0,880.0
海淀,2室,南,有电梯,简装,62.0,1986.0,580.0
海淀,2室,南北,未知,精装,52.0,1985.0,445.0
海淀,2室,南北,未知,其他,97.0,2008.0,570.0
海淀,3室,西南,未知,毛坯,68.0,1985.0,610.0
海淀,2室,南北,有电梯,精装,107.0,2005.0,1110.0
海淀,4室,南北,未知,简装,139.0,2008.0,1700.0
海淀,3室,南北,未知,精装,89.0,2011.0,570.0
海淀,2室,南北,未知,其他,51.0,1979.0,550.0
海淀,4室,东北,未知,其他,144.0,2000.0,1520.0
海淀,2室,东北,未知,其他,54.0,1980.0,475.0
海淀,1室,南,未知,精装,50.0,2002.0,396.0
海淀,2室,东南,未知,精装,99.0,2011.0,840.0
海淀,1室,南,未知,简装,42.0,1994.0,370.0
海淀,2室,南北,未知,精装,83.0,1996.0,790.0
海淀,2室,西北,未知,毛坯,58.0,1988.0,450.0
海淀,2室,南北,未知,简装,54.0,1987.0,460.0
海淀,2室,南北,未知,精装,58.0,1990.0,530.0
海淀,2室,东西,未知,精装,56.0,1986.0,485.0
海淀,2室,南北,无电梯,精装,90.0,1999.0,949.0
海淀,3室,南北,有电梯,精装,144.0,2008.0,950.0
海淀,2室,南北,未知,精装,77.0,2011.0,605.0
海淀,2室,西南,有电梯,简装,80.0,2004.0,560.0
海淀,2室,南,有电梯,精装,87.0,2003.0,615.0
海淀,2室,东,未知,简装,100.0,2003.0,600.0
海淀,2室,东,有电梯,精装,102.0,2001.0,667.0
海淀,1室,南北,未知,简装,53.0,1990.0,420.0
海淀,3室,南北,无电梯,精装,77.0,1992.0,730.0
海淀,2室,南,有电梯,精装,98.0,2009.0,630.0
海淀,2室,西南,有电梯,精装,88.0,2007.0,830.0
海淀,2室,西南,未知,精装,79.0,1997.0,800.0
海淀,3室,南北,无电梯,精装,76.0,1992.0,608.0
海淀,3室,南北,有电梯,精装,90.0,2011.0,830.0
海淀,2室,南北,未知,精装,137.0,2003.0,1249.0
海淀,2室,南北,未知,精装,106.0,2005.0,978.0
海淀,2室,东北,未知,精装,96.0,2001.0,806.0
海淀,2室,南北,无电梯,简装,76.0,2004.0,580.0
海淀,1室,西南,未知,简装,51.0,1996.0,389.0
海淀,3室,南北,未知,精装,73.0,1997.0,920.0
海淀,2室,南北,未知,简装,52.0,1986.0,568.0
海淀,1室,南,有电梯,精装,75.0,2004.0,550.0
海淀,2室,南北,无电梯,精装,86.0,2009.0,330.0
海淀,2室,南,有电梯,精装,95.0,2008.0,500.0
海淀,3室,西北,有电梯,精装,131.0,2000.0,1580.0
海淀,2室,东北,未知,其他,89.0,2004.0,595.0
海淀,2室,西北,有电梯,精装,108.0,2003.0,1150.0
海淀,4室,南北,未知,精装,94.0,1994.0,766.0
海淀,2室,南北,未知,精装,85.0,2004.0,599.0
海淀,2室,南,未知,精装,67.0,1998.0,550.0
海淀,3室,南北,未知,精装,132.0,2007.0,998.0
海淀,3室,南北,有电梯,精装,168.0,2001.0,1630.0
海淀,2室,南,有电梯,简装,99.0,2006.0,650.0
海淀,2室,东西,无电梯,精装,63.0,1998.0,475.0
海淀,3室,东北,有电梯,精装,90.0,2000.0,990.0
海淀,2室,南北,有电梯,简装,70.0,1998.0,630.0
海淀,2室,南,无电梯,简装,87.0,1993.0,770.0
海淀,2室,东南,有电梯,精装,103.0,2001.0,1040.0
海淀,2室,南北,无电梯,简装,69.0,1994.0,580.0
海淀,3室,南北,有电梯,简装,154.0,2004.0,1500.0
海淀,2室,西南,有电梯,精装,80.0,1999.0,990.0
海淀,2室,西南,有电梯,精装,103.0,2002.0,1030.0
海淀,3室,东南,未知,简装,113.0,2000.0,1568.0
海淀,2室,北,有电梯,精装,84.0,2002.0,740.0
海淀,2室,南北,无电梯,简装,60.0,1988.0,570.0
海淀,2室,西南,有电梯,简装,104.0,2000.0,860.0
海淀,2室,东南,未知,简装,89.0,2011.0,520.0
海淀,3室,南,有电梯,精装,102.0,1982.0,1335.0
海淀,2室,南北,无电梯,精装,60.0,1996.0,536.0
海淀,2室,南西,有电梯,精装,87.0,2010.0,580.0
海淀,2室,南北,无电梯,精装,59.0,1998.0,365.0
海淀,2室,西南,有电梯,简装,66.0,1998.0,535.0
海淀,1室,东,未知,精装,44.0,1988.0,430.0
海淀,2室,南,未知,精装,121.0,2003.0,1300.0
海淀,3室,南北,未知,精装,58.0,1985.0,520.0
海淀,2室,南北,无电梯,精装,54.0,1995.0,448.0
海淀,3室,南北,未知,精装,53.0,1976.0,580.0
海淀,3室,东北,未知,简装,74.0,1984.0,680.0
海淀,2室,东北,未知,精装,97.0,2009.0,800.0
海淀,2室,东南,未知,精装,64.0,2000.0,375.0
海淀,2室,东西,未知,精装,59.0,1980.0,450.0
海淀,2室,南,未知,简装,116.0,2004.0,1160.0
海淀,1室,西北,有电梯,简装,48.0,2011.0,325.0
海淀,1室,南北,未知,简装,46.0,1987.0,380.0
海淀,2室,东西,未知,其他,88.0,2002.0,900.0
海淀,1室,北,有电梯,毛坯,40.0,2004.0,310.0
海淀,3室,西南,有电梯,精装,88.0,1984.0,750.0
海淀,2室,南北,无电梯,简装,59.0,1993.0,465.0
海淀,2室,东西,未知,精装,54.0,1991.0,385.0
海淀,2室,南北,未知,其他,47.0,1975.0,310.0
海淀,2室,南北,未知,精装,66.0,2000.0,465.0
海淀,1室,南,未知,简装,55.0,1998.0,370.0
海淀,2室,南北,未知,精装,97.0,2007.0,660.0
海淀,2室,南,未知,精装,57.0,1997.0,500.0
海淀,3室,南北,未知,简装,178.0,2003.0,1650.0
海淀,3室,东南,未知,精装,77.0,1986.0,660.0
海淀,2室,南北,未知,精装,118.0,2008.0,1420.0
海淀,3室,东南,未知,简装,80.0,1995.0,730.0
海淀,2室,南北,未知,精装,57.0,1985.0,470.0
海淀,3室,南北,未知,简装,80.0,1995.0,530.0
海淀,1室,东,未知,精装,48.0,2004.0,364.0
海淀,2室,南北,未知,简装,63.0,1990.0,490.0
海淀,2室,南北,有电梯,其他,90.0,2008.0,970.0
海淀,2室,西,未知,精装,100.0,2000.0,598.0
海淀,1室,北,未知,精装,42.0,2004.0,310.0
海淀,1室,西南,有电梯,精装,66.0,1998.0,470.0
海淀,2室,南北,未知,简装,56.0,1980.0,510.0
海淀,2室,南北,未知,毛坯,66.0,2000.0,440.0
海淀,2室,南北,未知,精装,61.0,1990.0,615.0
海淀,2室,西北,未知,简装,102.0,2003.0,1030.0
海淀,1室,南,未知,其他,46.0,1996.0,310.0
海淀,2室,南北,未知,精装,57.0,1984.0,448.0
海淀,2室,西南,未知,简装,112.0,1999.0,665.0
海淀,2室,南北,未知,精装,98.0,2005.0,1050.0
海淀,3室,南北,未知,简装,164.0,2003.0,1130.0
海淀,3室,东南,未知,简装,87.0,1988.0,790.0
海淀,2室,南,未知,精装,89.0,2008.0,556.0
海淀,3室,东南,有电梯,精装,136.0,2007.0,1400.0
海淀,4室,南北,无电梯,简装,142.0,1997.0,998.0
海淀,2室,西南,未知,简装,66.0,1994.0,580.0
海淀,2室,南北,未知,精装,93.0,2012.0,670.0
海淀,2室,南北,未知,精装,51.0,1981.0,450.0
海淀,2室,西南,未知,精装,63.0,1996.0,496.0
海淀,3室,南西,未知,简装,148.0,1999.0,1180.0
海淀,2室,东,未知,精装,81.0,2002.0,760.0
海淀,2室,南,无电梯,精装,51.0,1986.0,498.0
海淀,2室,东,未知,精装,129.0,2008.0,800.0
海淀,2室,南北,未知,简装,59.0,1990.0,420.0
海淀,3室,南北,未知,简装,85.0,1996.0,596.0
海淀,2室,南北,无电梯,精装,54.0,1995.0,448.0
海淀,3室,南北,未知,精装,53.0,1976.0,580.0
海淀,2室,西南,未知,精装,75.0,2003.0,640.0
海淀,2室,南北,未知,简装,61.0,1989.0,464.0
海淀,3室,南北,未知,简装,156.0,2003.0,1310.0
海淀,2室,南,未知,精装,44.0,1985.0,396.0
海淀,2室,南北,未知,简装,55.0,1987.0,490.0
海淀,3室,东南,未知,精装,100.0,2000.0,555.0
海淀,2室,南北,未知,精装,61.0,1983.0,495.0
海淀,2室,南北,未知,简装,59.0,1981.0,500.0
海淀,3室,东南,未知,简装,85.0,2000.0,490.0
海淀,1室,东,无电梯,精装,44.0,1987.0,410.0
海淀,3室,南北,未知,精装,126.0,1998.0,1265.0
海淀,2室,东北,未知,精装,65.0,1995.0,450.0
海淀,3室,东西,未知,简装,78.0,1994.0,530.0
海淀,3室,南北,未知,简装,79.0,1989.0,700.0
海淀,2室,南北,未知,精装,115.0,2006.0,1020.0
海淀,2室,南北,未知,简装,64.0,1980.0,535.0
海淀,3室,南北,未知,精装,142.0,2005.0,1200.0
海淀,3室,南北,未知,简装,110.0,2001.0,660.0
海淀,2室,南北,未知,简装,72.0,1998.0,715.0
海淀,2室,南北,未知,其他,102.0,1999.0,1036.0
海淀,2室,南北,无电梯,精装,54.0,1993.0,525.0
海淀,2室,南北,未知,简装,93.0,2009.0,555.0
海淀,2室,西南,未知,简装,63.0,1996.0,499.0
海淀,3室,南北,未知,精装,75.0,1986.0,768.0
海淀,2室,西北,未知,简装,106.0,2001.0,760.0
海淀,2室,南北,有电梯,简装,85.0,1999.0,525.0
海淀,2室,西南,有电梯,简装,61.0,1983.0,492.0
海淀,2室,南北,未知,简装,73.0,2000.0,490.0
海淀,2室,南,未知,其他,73.0,1993.0,530.0
海淀,3室,南北,有电梯,简装,121.0,2004.0,1100.0
海淀,2室,东南,未知,精装,122.0,2004.0,1320.0
海淀,2室,东南,未知,精装,79.0,2009.0,880.0
海淀,3室,南北,有电梯,精装,147.0,2009.0,930.0
海淀,3室,西北,未知,精装,127.0,2000.0,1500.0
海淀,2室,南北,未知,精装,98.0,2011.0,760.0
海淀,3室,东南,未知,简装,104.0,2004.0,700.0
海淀,2室,南,未知,精装,99.0,2006.0,619.0
海淀,2室,东,未知,精装,82.0,2005.0,780.0
海淀,2室,南北,未知,精装,98.0,2008.0,823.0
海淀,2室,南北,未知,简装,84.0,2000.0,666.0
海淀,2室,东,未知,精装,90.0,2014.0,830.0
海淀,2室,东西,未知,简装,69.0,1998.0,474.0
海淀,1室,南,未知,毛坯,40.0,1981.0,320.0
海淀,2室,南北,未知,精装,88.0,2009.0,730.0
海淀,2室,东北,未知,简装,103.0,2001.0,790.0
海淀,2室,南北,未知,简装,77.0,2000.0,464.0
海淀,3室,西北,未知,简装,99.0,1997.0,860.0
海淀,2室,南北,未知,精装,82.0,1994.0,650.0
海淀,3室,西南,未知,简装,82.0,1990.0,820.0
海淀,2室,南北,未知,简装,110.0,2002.0,996.0
海淀,1室,南,无电梯,简装,49.0,1997.0,440.0
海淀,2室,南北,有电梯,精装,111.0,2005.0,1100.0
海淀,2室,南北,未知,精装,120.0,2005.0,695.0
海淀,3室,西南,有电梯,精装,86.0,1989.0,830.0
海淀,2室,东南,有电梯,精装,65.0,1996.0,608.0
海淀,2室,东西,未知,精装,58.0,1992.0,540.0
海淀,3室,南北,未知,简装,80.0,1984.0,942.0
海淀,3室,南北,未知,其他,85.0,1986.0,460.0
海淀,1室,南,未知,精装,48.0,2004.0,480.0
海淀,2室,南,未知,简装,53.0,1982.0,465.0
海淀,3室,南北,未知,精装,152.0,2005.0,1720.0
海淀,2室,西北,未知,简装,59.0,1991.0,425.0
海淀,2室,南北,未知,精装,84.0,2004.0,540.0
海淀,1室,南北,未知,简装,76.0,2005.0,525.0
海淀,2室,南北,未知,精装,57.0,1994.0,520.0
海淀,3室,东南,未知,精装,124.0,2008.0,950.0
海淀,3室,南北,未知,精装,127.0,2005.0,1310.0
海淀,2室,东西,未知,简装,103.0,2005.0,638.0
海淀,2室,东北,未知,其他,98.0,2005.0,680.0
海淀,1室,西,未知,简装,55.0,2002.0,500.0
海淀,3室,南北,无电梯,精装,129.0,1999.0,1198.0
海淀,2室,东南,未知,精装,94.0,2007.0,898.0
海淀,2室,南,未知,简装,51.0,1980.0,335.0
海淀,2室,南北,未知,简装,67.0,1982.0,475.0
海淀,2室,南北,未知,精装,92.0,2005.0,660.0
海淀,2室,南,未知,精装,91.0,2007.0,750.0
海淀,2室,南,未知,简装,63.0,1986.0,595.0
海淀,3室,南北,未知,简装,100.0,2002.0,630.0
海淀,2室,南北,未知,精装,86.0,2004.0,580.0
海淀,3室,东南,未知,精装,149.0,2000.0,1350.0
海淀,2室,南北,未知,简装,57.0,1985.0,499.0
海淀,1室,南,未知,精装,46.0,1982.0,369.0
海淀,2室,南北,无电梯,简装,69.0,1980.0,570.0
海淀,2室,南,未知,精装,90.0,2009.0,560.0
海淀,3室,南北,未知,简装,74.0,1980.0,650.0
海淀,3室,西南,未知,精装,136.0,2000.0,1460.0
海淀,3室,南北,无电梯,精装,73.0,1996.0,810.0
海淀,2室,东南,未知,精装,122.0,2004.0,1320.0
海淀,3室,南北,未知,精装,156.0,2004.0,1330.0
海淀,2室,南北,未知,精装,137.0,2001.0,1660.0
海淀,2室,南北,未知,简装,70.0,2000.0,500.0
海淀,3室,南北,未知,精装,119.0,2008.0,970.0
海淀,2室,南北,未知,简装,85.0,2002.0,540.0
海淀,2室,南北,未知,精装,60.0,1996.0,435.0
海淀,4室,南北,未知,简装,147.0,2010.0,1200.0
海淀,2室,东,未知,简装,58.0,1990.0,496.0
海淀,3室,东南,未知,精装,64.0,1983.0,550.0
海淀,2室,南北,未知,精装,80.0,2008.0,660.0
海淀,2室,南北,未知,简装,48.0,1980.0,345.0
海淀,2室,南北,未知,简装,81.0,2002.0,720.0
海淀,2室,南北,未知,精装,87.0,2001.0,643.0
海淀,4室,南北,有电梯,简装,176.0,2000.0,1000.0
海淀,2室,南北,未知,简装,75.0,1999.0,528.0
海淀,3室,南,未知,简装,83.0,1994.0,780.0
海淀,2室,南北,未知,简装,57.0,1988.0,490.0
海淀,3室,西南,未知,简装,81.0,1988.0,725.0
海淀,2室,南北,未知,简装,54.0,1985.0,480.0
海淀,2室,南北,未知,精装,64.0,1989.0,630.0
海淀,2室,西南,未知,精装,49.0,1999.0,458.0
海淀,2室,南北,未知,简装,76.0,2004.0,580.0
海淀,2室,南北,未知,精装,59.0,1998.0,420.0
海淀,2室,南北,未知,精装,115.0,2003.0,895.0
海淀,2室,西南,有电梯,精装,95.0,2001.0,490.0
海淀,1室,北,未知,精装,45.0,2004.0,318.0
海淀,2室,西,未知,简装,128.0,2001.0,1180.0
海淀,3室,西南,有电梯,简装,117.0,2003.0,635.0
海淀,1室,东,未知,简装,46.0,1995.0,480.0
朝阳,2室,南北,未知,精装,54.0,1985.0,350.0
朝阳,2室,南北,有电梯,精装,114.0,2006.0,730.0
朝阳,3室,东西,未知,精装,141.0,2012.0,1360.0
朝阳,2室,西南,未知,其他,144.0,1995.0,865.0
朝阳,2室,南,未知,精装,112.0,2003.0,790.0
朝阳,2室,西南,有电梯,简装,73.0,1994.0,580.0
朝阳,3室,东西,未知,精装,95.0,2008.0,680.0
朝阳,2室,南,有电梯,简装,77.0,2000.0,420.0
朝阳,3室,南北,无电梯,精装,79.0,1986.0,640.0
朝阳,2室,西北,有电梯,精装,102.0,2008.0,970.0
朝阳,2室,南,未知,简装,53.0,1981.0,355.0
朝阳,3室,南北,未知,精装,145.0,2010.0,1150.0
朝阳,2室,南,有电梯,精装,57.0,1985.0,430.0
朝阳,2室,东北,未知,简装,50.0,1985.0,316.0
朝阳,2室,南北,无电梯,简装,53.0,1992.0,260.0
朝阳,2室,南北,未知,精装,128.0,2005.0,770.0
朝阳,2室,南北,无电梯,其他,67.0,1997.0,335.0
朝阳,2室,南北,未知,简装,62.0,2000.0,320.0
朝阳,2室,南北,未知,精装,64.0,1989.0,380.0
朝阳,2室,南北,未知,简装,56.0,1979.0,423.0
朝阳,2室,东南,有电梯,精装,96.0,2010.0,780.0
朝阳,2室,东,有电梯,其他,52.0,1982.0,365.0
朝阳,1室,西,有电梯,其他,60.0,2003.0,555.0
朝阳,2室,南北,未知,其他,101.0,2004.0,1030.0
朝阳,3室,南北,无电梯,简装,120.0,2004.0,480.0
朝阳,2室,东西,未知,精装,71.0,2000.0,436.0
朝阳,1室,西,有电梯,精装,52.0,2001.0,343.0
朝阳,2室,南北,有电梯,精装,86.0,1999.0,835.0
朝阳,2室,南,未知,精装,76.0,2004.0,700.0
朝阳,2室,南北,未知,简装,57.0,1983.0,350.0
朝阳,2室,东西,有电梯,简装,85.0,1998.0,580.0
朝阳,3室,南北,未知,精装,88.0,1999.0,640.0
朝阳,2室,南北,有电梯,精装,85.0,2010.0,990.0
朝阳,3室,东南,有电梯,简装,159.0,2007.0,1099.0
朝阳,2室,西,有电梯,精装,90.0,2009.0,920.0
朝阳,3室,南北,有电梯,简装,95.0,2007.0,980.0
朝阳,2室,西,有电梯,简装,55.0,1984.0,385.0
朝阳,1室,北,有电梯,精装,71.0,2005.0,523.0
朝阳,3室,东南,有电梯,精装,168.0,2000.0,1280.0
朝阳,4室,西南,未知,精装,157.0,2014.0,1600.0
朝阳,2室,南,无电梯,精装,61.0,1982.0,460.0
朝阳,2室,南,有电梯,精装,105.0,2013.0,870.0
朝阳,3室,南北,未知,精装,115.0,2004.0,1150.0
朝阳,2室,东南,未知,精装,79.0,2001.0,598.0
朝阳,2室,南北,有电梯,精装,90.0,2004.0,330.0
朝阳,3室,西南,未知,精装,138.0,2002.0,1000.0
朝阳,2室,南北,无电梯,简装,57.0,1988.0,283.0
朝阳,2室,南,未知,精装,112.0,2003.0,790.0
朝阳,2室,西南,有电梯,简装,73.0,1994.0,580.0
朝阳,3室,南北,无电梯,精装,79.0,1986.0,640.0
朝阳,2室,南北,未知,简装,56.0,1979.0,423.0
朝阳,2室,东南,有电梯,精装,96.0,2010.0,780.0
朝阳,3室,东西,未知,精装,95.0,2008.0,680.0
朝阳,2室,南,有电梯,简装,77.0,2000.0,420.0
朝阳,2室,南西,有电梯,简装,56.0,1988.0,450.0
朝阳,2室,南北,未知,简装,116.0,2004.0,1100.0
朝阳,2室,南,未知,其他,126.0,2008.0,770.0
朝阳,3室,东南,有电梯,精装,88.0,1991.0,660.0
朝阳,3室,南北,有电梯,精装,143.0,2007.0,910.0
朝阳,2室,东南,有电梯,其他,97.0,2001.0,730.0
朝阳,3室,东南,有电梯,简装,148.0,2004.0,820.0
朝阳,2室,南北,无电梯,简装,67.0,1992.0,500.0
朝阳,2室,西南,有电梯,其他,78.0,1999.0,510.0
朝阳,2室,南北,无电梯,精装,54.0,1982.0,400.0
朝阳,2室,西,有电梯,其他,76.0,1997.0,555.0
朝阳,2室,西北,未知,简装,98.0,2001.0,550.0
朝阳,2室,西北,有电梯,精装,80.0,2009.0,415.0
朝阳,2室,南北,有电梯,精装,98.0,2006.0,600.0
朝阳,2室,南北,无电梯,精装,47.0,1977.0,370.0
朝阳,2室,南北,无电梯,精装,71.0,2000.0,470.0
朝阳,2室,南北,未知,简装,64.0,1998.0,450.0
朝阳,2室,南北,无电梯,精装,52.0,1991.0,310.0
朝阳,2室,南北,未知,简装,55.0,1983.0,390.0
朝阳,2室,南,有电梯,简装,75.0,2011.0,385.0
朝阳,2室,南北,未知,简装,57.0,1991.0,425.0
朝阳,2室,南北,未知,精装,79.0,2012.0,475.0
朝阳,2室,西南,有电梯,简装,70.0,1997.0,485.0
朝阳,2室,南,有电梯,精装,74.0,1998.0,699.0
朝阳,1室,南,未知,简装,45.0,1996.0,289.0
朝阳,2室,东西,有电梯,精装,92.0,2006.0,860.0
朝阳,2室,东,无电梯,毛坯,63.0,1982.0,370.0
朝阳,3室,南北,有电梯,精装,129.0,2005.0,620.0
朝阳,3室,南,有电梯,精装,146.0,2001.0,1070.0
朝阳,2室,北,未知,简装,63.0,1986.0,470.0
朝阳,2室,南,无电梯,其他,54.0,1981.0,384.0
朝阳,1室,北,有电梯,精装,95.0,2007.0,865.0
朝阳,1室,南,无电梯,精装,42.0,1985.0,337.0
朝阳,1室,东北,未知,精装,67.0,2003.0,470.0
朝阳,2室,东西,无电梯,精装,54.0,1989.0,410.0
朝阳,1室,南,有电梯,简装,45.0,2010.0,216.0
朝阳,1室,北,有电梯,精装,49.0,2005.0,360.0
朝阳,2室,南,未知,简装,61.0,1986.0,370.0
朝阳,1室,西北,未知,简装,48.0,2004.0,330.0
朝阳,1室,西,未知,精装,59.0,2008.0,389.0
朝阳,2室,西南,无电梯,简装,57.0,1993.0,492.0
朝阳,1室,南,有电梯,精装,62.0,2004.0,455.0
朝阳,3室,南北,无电梯,精装,153.0,2002.0,799.0
朝阳,1室,东,无电梯,精装,58.0,1997.0,435.0
朝阳,2室,东,有电梯,简装,107.0,2001.0,650.0
朝阳,1室,东,有电梯,精装,89.0,2008.0,730.0
朝阳,2室,东西,无电梯,其他,73.0,2000.0,335.0
朝阳,2室,南北,未知,精装,98.0,2010.0,700.0
朝阳,2室,西南,有电梯,简装,108.0,1997.0,700.0
朝阳,3室,南北,未知,精装,61.0,1980.0,450.0
朝阳,2室,东西,未知,简装,63.0,1981.0,433.0
朝阳,2室,东西,无电梯,精装,89.0,2000.0,627.0
朝阳,2室,东西,未知,精装,63.0,1993.0,360.0
朝阳,3室,东西,无电梯,简装,79.0,1987.0,555.0
朝阳,2室,西南,未知,简装,79.0,1998.0,712.0
朝阳,2室,西北,有电梯,精装,94.0,2003.0,720.0
朝阳,3室,南北,无电梯,简装,154.0,2002.0,800.0
朝阳,1室,东南,有电梯,简装,66.0,2003.0,500.0
朝阳,3室,东南,有电梯,简装,148.0,2004.0,820.0
朝阳,2室,南北,无电梯,简装,67.0,1992.0,500.0
朝阳,5室,南,有电梯,精装,223.0,2006.0,1200.0
朝阳,4室,南北,有电梯,精装,257.0,2001.0,1700.0
朝阳,4室,南北,有电梯,精装,195.0,2006.0,1500.0
朝阳,5室,南北,无电梯,精装,229.0,1999.0,1265.0
朝阳,5室,南北,有电梯,简装,180.0,2005.0,780.0
朝阳,3室,东南,有电梯,精装,179.0,2008.0,1295.0
朝阳,3室,西南,有电梯,其他,147.0,2005.0,980.0
朝阳,1室,东,有电梯,精装,64.0,2004.0,410.0
朝阳,2室,南北,未知,精装,76.0,1999.0,750.0
朝阳,2室,南北,无电梯,精装,84.0,2005.0,375.0
朝阳,1室,北,有电梯,精装,40.0,2004.0,287.0
朝阳,1室,东南,未知,精装,69.0,2004.0,505.0
朝阳,4室,南北,无电梯,精装,204.0,2002.0,888.0
朝阳,2室,北,未知,精装,74.0,2004.0,565.0
朝阳,1室,南北,有电梯,精装,50.0,1997.0,300.0
朝阳,2室,东北,有电梯,简装,64.0,1984.0,380.0
朝阳,1室,西北,未知,简装,48.0,2004.0,330.0
朝阳,1室,西,未知,精装,59.0,2008.0,389.0
朝阳,2室,南,未知,简装,61.0,1986.0,370.0
朝阳,3室,东北,未知,简装,67.0,1984.0,495.0
朝阳,1室,西南,有电梯,精装,58.0,2004.0,410.0
朝阳,1室,南北,有电梯,精装,68.0,2006.0,440.0
朝阳,2室,南北,无电梯,精装,80.0,2006.0,390.0
朝阳,3室,南北,无电梯,精装,163.0,2003.0,1300.0
朝阳,1室,北,未知,精装,66.0,2009.0,590.0
朝阳,1室,西南,未知,精装,58.0,2004.0,420.0
朝阳,2室,东南,未知,精装,93.0,2009.0,430.0
朝阳,1室,南西,有电梯,精装,70.0,2009.0,480.0
朝阳,1室,东南,未知,精装,60.0,2004.0,425.0
朝阳,1室,北,有电梯,简装,44.0,2004.0,300.0
朝阳,1室,南,有电梯,精装,49.0,2010.0,220.0
朝阳,1室,西,有电梯,简装,55.0,1999.0,380.0
朝阳,1室,西北,未知,精装,67.0,2010.0,730.0
朝阳,1室,南,有电梯,简装,50.0,2010.0,230.0
朝阳,2室,东南,有电梯,精装,70.0,1992.0,439.0
朝阳,1室,东,未知,精装,68.0,2008.0,527.0
朝阳,1室,西,未知,简装,65.0,2004.0,295.0
朝阳,1室,东西,未知,精装,69.0,2008.0,440.0
朝阳,2室,东南,有电梯,精装,101.0,2009.0,790.0
朝阳,2室,南北,未知,精装,53.0,1987.0,335.0
朝阳,1室,西北,有电梯,简装,66.0,2007.0,438.0
朝阳,1室,东南,未知,精装,60.0,2007.0,335.0
朝阳,2室,南北,无电梯,精装,53.0,1986.0,438.0
朝阳,2室,南,未知,精装,75.0,2004.0,365.0
朝阳,2室,东西,无电梯,精装,57.0,1991.0,365.0
朝阳,2室,西南,有电梯,简装,111.0,2001.0,550.0
朝阳,2室,南北,无电梯,简装,54.0,1991.0,399.0
朝阳,1室,西,有电梯,精装,68.0,2007.0,450.0
朝阳,3室,东南,有电梯,简装,91.0,1995.0,720.0
朝阳,5室,南,有电梯,精装,223.0,2006.0,1200.0
朝阳,1室,北,有电梯,精装,58.0,2006.0,450.0
朝阳,3室,南北,未知,精装,191.0,2004.0,1600.0
朝阳,3室,东南,有电梯,精装,154.0,2008.0,1380.0
朝阳,3室,南北,有电梯,简装,132.0,2001.0,900.0
朝阳,1室,西北,有电梯,精装,48.0,1987.0,300.0
朝阳,1室,南,未知,简装,40.0,1995.0,235.0
朝阳,1室,东,未知,精装,36.0,1981.0,290.0
朝阳,3室,东北,有电梯,精装,194.0,1997.0,1250.0
朝阳,3室,东南,有电梯,精装,164.0,2003.0,1160.0
朝阳,3室,东北,有电梯,精装,133.0,2002.0,960.0
朝阳,1室,西,未知,精装,58.0,2006.0,450.0
朝阳,2室,南,有电梯,精装,81.0,2005.0,580.0
朝阳,1室,西南,有电梯,精装,58.0,2000.0,390.0
朝阳,2室,西北,未知,精装,67.0,1991.0,415.0
朝阳,3室,南北,未知,精装,129.0,2004.0,1050.0
朝阳,3室,南北,无电梯,简装,70.0,1978.0,425.0
朝阳,1室,东南,未知,精装,87.0,2008.0,620.0
朝阳,1室,西北,有电梯,简装,68.0,2009.0,375.0
朝阳,1室,南,无电梯,精装,49.0,1993.0,336.0
朝阳,1室,南,未知,精装,45.0,1994.0,342.0
朝阳,2室,南北,未知,简装,53.0,1985.0,415.0
朝阳,1室,西北,有电梯,精装,72.0,2005.0,388.0
朝阳,1室,北,未知,简装,55.0,2006.0,438.0
朝阳,2室,南,无电梯,简装,57.0,1986.0,395.0
朝阳,2室,东北,有电梯,精装,90.0,1999.0,760.0
朝阳,3室,南北,有电梯,精装,131.0,2008.0,1080.0
朝阳,2室,东南,未知,精装,85.0,1999.0,510.0
朝阳,3室,西南,有电梯,简装,160.0,1995.0,750.0
朝阳,3室,南北,有电梯,简装,129.0,2007.0,960.0
朝阳,3室,南北,有电梯,精装,121.0,2008.0,760.0
朝阳,3室,西南,未知,精装,66.0,2012.0,670.0
朝阳,3室,东西,有电梯,精装,76.0,1990.0,640.0
朝阳,2室,东南,有电梯,精装,86.0,2005.0,425.0
朝阳,2室,东南,有电梯,简装,81.0,1999.0,700.0
朝阳,2室,南北,有电梯,精装,117.0,2006.0,1030.0
朝阳,2室,南北,未知,精装,89.0,2008.0,590.0
朝阳,3室,东南,有电梯,精装,149.0,2005.0,888.0
朝阳,3室,东南,未知,精装,128.0,2004.0,1310.0
朝阳,2室,东北,有电梯,简装,101.0,2007.0,625.0
朝阳,2室,南西,有电梯,简装,102.0,1998.0,650.0
朝阳,2室,东南,有电梯,精装,80.0,2011.0,699.0
朝阳,1室,南,未知,精装,78.0,2005.0,723.0
朝阳,1室,东,有电梯,精装,55.0,1990.0,405.0
朝阳,1室,北,有电梯,简装,56.0,2005.0,350.0
朝阳,1室,北,有电梯,精装,85.0,2003.0,630.0
朝阳,1室,西南,无电梯,简装,43.0,1989.0,335.0
朝阳,4室,东南,有电梯,精装,200.0,2012.0,1750.0
朝阳,4室,东南,有电梯,简装,199.0,1998.0,1200.0
朝阳,1室,北,有电梯,精装,60.0,2004.0,550.0
朝阳,1室,西南,有电梯,精装,71.0,2007.0,355.0
朝阳,4室,南北,有电梯,精装,196.0,2007.0,1239.0
朝阳,1室,南,有电梯,精装,54.0,2010.0,260.0
朝阳,1室,东,未知,精装,66.0,2007.0,390.0
朝阳,3室,东南,有电梯,精装,154.0,2008.0,1380.0
朝阳,3室,东南,有电梯,精装,134.0,2001.0,1050.0
朝阳,3室,南北,有电梯,简装,134.0,2005.0,580.0
朝阳,2室,东西,有电梯,精装,87.0,2004.0,750.0
朝阳,2室,南北,无电梯,简装,89.0,2004.0,339.0
朝阳,3室,南北,未知,简装,70.0,1997.0,450.0
朝阳,2室,南北,无电梯,简装,63.0,1977.0,388.0
朝阳,3室,西北,有电梯,精装,97.0,2000.0,590.0
朝阳,3室,南北,有电梯,精装,146.0,2005.0,910.0
朝阳,2室,南,有电梯,精装,91.0,2007.0,690.0
朝阳,2室,东南,有电梯,精装,123.0,2004.0,1070.0
朝阳,3室,南北,有电梯,简装,149.0,2005.0,790.0
朝阳,2室,东南,有电梯,精装,88.0,2000.0,585.0
朝阳,1室,东,有电梯,精装,70.0,2005.0,567.0
朝阳,3室,南北,有电梯,其他,160.0,2008.0,1170.0
朝阳,3室,西南,有电梯,其他,116.0,1990.0,900.0
朝阳,3室,西北,有电梯,简装,120.0,2003.0,860.0
朝阳,3室,南北,有电梯,精装,137.0,2007.0,855.0
朝阳,2室,南,无电梯,简装,51.0,1987.0,404.0
朝阳,2室,西南,未知,精装,77.0,1991.0,525.0
朝阳,4室,东南,有电梯,精装,245.0,2007.0,1650.0
朝阳,2室,西,无电梯,精装,59.0,1988.0,430.0
朝阳,3室,西南,有电梯,简装,69.0,2012.0,650.0
朝阳,1室,北,有电梯,精装,118.0,2000.0,720.0
朝阳,2室,南北,有电梯,精装,183.0,2008.0,1370.0
朝阳,2室,南北,无电梯,简装,61.0,1987.0,408.0
朝阳,2室,南,未知,简装,78.0,1998.0,525.0
朝阳,2室,西南,有电梯,精装,130.0,2005.0,1420.0
朝阳,1室,西,有电梯,精装,101.0,2007.0,750.0
朝阳,3室,东西,有电梯,简装,178.0,1999.0,1165.0
朝阳,2室,西南,未知,精装,93.0,1998.0,540.0
朝阳,2室,南北,无电梯,精装,76.0,2000.0,360.0
朝阳,3室,西南,有电梯,精装,138.0,2002.0,1050.0
朝阳,1室,北,有电梯,精装,79.0,2004.0,550.0
朝阳,5室,南北,无电梯,精装,200.0,2005.0,790.0
朝阳,2室,南,有电梯,精装,113.0,2007.0,1280.0
朝阳,2室,南北,无电梯,简装,57.0,1986.0,289.0
朝阳,1室,东,有电梯,精装,64.0,2007.0,800.0
朝阳,2室,南北,未知,精装,60.0,1991.0,472.0
朝阳,3室,西南,有电梯,精装,150.0,2003.0,1160.0
朝阳,4室,南北,未知,精装,172.0,2002.0,1313.0
朝阳,2室,南,无电梯,简装,61.0,1993.0,400.0
朝阳,2室,南北,无电梯,简装,99.0,1997.0,650.0
朝阳,3室,南北,无电梯,精装,157.0,1997.0,880.0
朝阳,3室,东北,未知,精装,124.0,1998.0,665.0
朝阳,2室,南北,无电梯,简装,55.0,1993.0,350.0
朝阳,2室,南北,有电梯,简装,85.0,2007.0,430.0
朝阳,3室,东南,有电梯,精装,108.0,2008.0,665.0
朝阳,3室,南,有电梯,简装,123.0,1997.0,859.0
朝阳,3室,东北,未知,精装,74.0,1988.0,515.0
朝阳,3室,南北,无电梯,精装,69.0,1988.0,456.0
朝阳,2室,南北,有电梯,精装,128.0,2009.0,1088.0
朝阳,3室,南北,有电梯,精装,180.0,2005.0,1600.0
朝阳,2室,南北,无电梯,简装,89.0,2004.0,339.0
朝阳,3室,南北,未知,简装,70.0,1997.0,450.0
朝阳,2室,东西,有电梯,精装,87.0,2004.0,750.0
朝阳,2室,东南,有电梯,简装,125.0,2002.0,460.0
朝阳,2室,东南,有电梯,简装,84.0,2000.0,540.0
朝阳,2室,西北,有电梯,精装,87.0,2005.0,650.0
朝阳,3室,西南,未知,精装,140.0,2000.0,950.0
朝阳,5室,西南,有电梯,精装,178.0,1996.0,1150.0
朝阳,2室,南北,无电梯,其他,58.0,1995.0,360.0
朝阳,1室,南,有电梯,简装,62.0,2010.0,345.0
朝阳,2室,西,有电梯,简装,76.0,2005.0,644.0
朝阳,2室,南北,有电梯,简装,85.0,2007.0,430.0
朝阳,2室,南北,无电梯,简装,55.0,1993.0,350.0
朝阳,4室,南北,未知,精装,172.0,2002.0,1313.0
朝阳,2室,南,无电梯,简装,61.0,1993.0,400.0
朝阳,2室,南北,无电梯,简装,99.0,1997.0,650.0
朝阳,3室,南北,无电梯,精装,157.0,1997.0,880.0
朝阳,3室,西南,有电梯,精装,150.0,2003.0,1160.0
朝阳,3室,南北,有电梯,精装,142.0,2009.0,900.0
朝阳,3室,南北,有电梯,精装,140.0,2009.0,860.0
朝阳,4室,南北,有电梯,精装,212.0,2009.0,980.0
朝阳,3室,东南,有电梯,精装,186.0,2003.0,1350.0
朝阳,3室,东北,未知,精装,124.0,1998.0,665.0
朝阳,3室,南北,有电梯,精装,136.0,2003.0,1350.0
朝阳,3室,东南,有电梯,简装,176.0,1995.0,790.0
朝阳,5室,南北,无电梯,精装,200.0,2005.0,790.0
朝阳,2室,南北,无电梯,简装,53.0,1982.0,400.0
朝阳,1室,东,有电梯,精装,64.0,2007.0,800.0
朝阳,1室,北,有电梯,精装,79.0,2004.0,550.0
朝阳,2室,南,有电梯,精装,113.0,2007.0,1280.0
朝阳,2室,南北,无电梯,简装,57.0,1986.0,289.0
朝阳,4室,东北,有电梯,精装,245.0,2007.0,1600.0
朝阳,2室,南北,未知,精装,60.0,1991.0,472.0
朝阳,4室,东南,有电梯,精装,151.0,2009.0,950.0
朝阳,3室,西北,有电梯,简装,68.0,1993.0,400.0
朝阳,3室,东西,无电梯,简装,78.0,1992.0,620.0
朝阳,2室,西南,有电梯,精装,94.0,2009.0,730.0
朝阳,3室,南北,有电梯,精装,129.0,2006.0,1250.0
朝阳,3室,南北,无电梯,简装,112.0,1999.0,920.0
朝阳,2室,西北,有电梯,精装,77.0,2000.0,640.0
朝阳,3室,南北,有电梯,简装,153.0,2000.0,910.0
朝阳,3室,东南,有电梯,简装,193.0,2000.0,1544.0
朝阳,2室,北,有电梯,精装,130.0,2000.0,820.0
朝阳,3室,南北,有电梯,精装,159.0,2007.0,1033.0
朝阳,5室,东西,无电梯,简装,163.0,1999.0,780.0
朝阳,4室,南北,有电梯,精装,178.0,2009.0,1330.0
朝阳,2室,东南,有电梯,精装,85.0,2008.0,570.0
朝阳,3室,东西,有电梯,精装,164.0,1995.0,900.0
朝阳,2室,东,有电梯,简装,92.0,2001.0,538.0
朝阳,2室,东北,有电梯,精装,104.0,2001.0,750.0
朝阳,3室,东南,有电梯,精装,140.0,2000.0,1050.0
朝阳,3室,南北,有电梯,精装,136.0,2003.0,1350.0
朝阳,4室,南北,有电梯,精装,212.0,2009.0,980.0
朝阳,1室,南,有电梯,简装,62.0,2010.0,345.0
朝阳,5室,西南,有电梯,精装,178.0,1996.0,1150.0
朝阳,2室,西,有电梯,简装,76.0,2005.0,644.0
朝阳,2室,西北,有电梯,精装,87.0,2005.0,650.0
朝阳,3室,西南,未知,精装,140.0,2000.0,950.0
朝阳,3室,东南,有电梯,简装,176.0,1995.0,790.0
朝阳,3室,西南,有电梯,精装,150.0,2003.0,1160.0
朝阳,1室,北,有电梯,简装,53.0,2004.0,460.0
朝阳,2室,南,有电梯,精装,61.0,1989.0,380.0
朝阳,2室,南北,未知,简装,55.0,1994.0,299.0
朝阳,2室,南北,未知,简装,105.0,2004.0,480.0
朝阳,2室,南,有电梯,简装,72.0,1996.0,470.0
朝阳,2室,南,未知,精装,61.0,1986.0,430.0
朝阳,3室,西南,有电梯,其他,78.0,1987.0,535.0
朝阳,3室,东南,有电梯,精装,138.0,2007.0,1380.0
朝阳,3室,东西,未知,其他,135.0,2000.0,972.0
朝阳,3室,南北,有电梯,精装,129.0,2006.0,1250.0
朝阳,3室,南北,无电梯,简装,112.0,1999.0,920.0
朝阳,2室,西,未知,简装,54.0,1991.0,360.0
朝阳,4室,东南,有电梯,精装,151.0,2009.0,950.0
朝阳,3室,西北,有电梯,简装,68.0,1993.0,400.0
朝阳,3室,南北,有电梯,精装,154.0,2003.0,1100.0
朝阳,3室,南,有电梯,精装,161.0,2000.0,1175.0
朝阳,2室,南北,无电梯,精装,60.0,1982.0,400.0
朝阳,2室,东南,有电梯,精装,100.0,2004.0,790.0
朝阳,3室,东南,有电梯,精装,163.0,2005.0,880.0
朝阳,3室,东西,无电梯,简装,78.0,1992.0,620.0
朝阳,2室,西南,有电梯,精装,94.0,2009.0,730.0
朝阳,2室,西南,有电梯,精装,90.0,1998.0,575.0
朝阳,3室,南北,有电梯,精装,159.0,2007.0,1033.0
朝阳,3室,东西,有电梯,精装,141.0,2008.0,1100.0
朝阳,3室,东南,有电梯,简装,193.0,2000.0,1544.0
朝阳,2室,北,有电梯,精装,130.0,2000.0,820.0
朝阳,2室,南,未知,精装,86.0,2004.0,660.0
朝阳,2室,西,有电梯,精装,120.0,2000.0,750.0
朝阳,2室,南北,未知,精装,80.0,1995.0,540.0
朝阳,2室,南北,未知,精装,80.0,2003.0,520.0
朝阳,2室,西南,有电梯,精装,61.0,1992.0,320.0
朝阳,3室,南北,未知,精装,122.0,2005.0,560.0
朝阳,4室,东南,有电梯,精装,214.0,2001.0,1230.0
朝阳,4室,南北,未知,精装,188.0,2013.0,1290.0
朝阳,4室,南北,未知,精装,188.0,2012.0,1400.0
朝阳,5室,南北,有电梯,精装,228.0,2013.0,1400.0
朝阳,1室,南,有电梯,简装,61.0,2009.0,340.0
朝阳,2室,南北,无电梯,简装,59.0,1986.0,560.0
朝阳,3室,西,有电梯,简装,131.0,2000.0,639.0
朝阳,3室,南北,未知,其他,145.0,2008.0,749.0
朝阳,2室,东南,无电梯,简装,60.0,1988.0,370.0
朝阳,1室,东,有电梯,其他,45.0,2007.0,350.0
朝阳,3室,东西,有电梯,精装,172.0,2002.0,1500.0
朝阳,2室,东西,有电梯,简装,64.0,1988.0,386.0
朝阳,2室,东北,未知,精装,153.0,2006.0,1510.0
朝阳,2室,东西,无电梯,简装,74.0,2000.0,597.0
朝阳,1室,南北,未知,精装,60.0,1997.0,418.0
朝阳,1室,东西,有电梯,其他,59.0,2006.0,510.0
朝阳,1室,南,有电梯,精装,52.0,2008.0,380.0
朝阳,2室,西南,未知,精装,90.0,1999.0,710.0
朝阳,1室,东,未知,精装,58.0,2004.0,385.0
朝阳,1室,北,有电梯,精装,59.0,1997.0,450.0
朝阳,1室,西,未知,精装,59.0,2009.0,486.0
朝阳,1室,北,有电梯,精装,48.0,2006.0,370.0
朝阳,2室,西,有电梯,精装,74.0,2007.0,475.0
朝阳,3室,西南,未知,精装,183.0,2002.0,1600.0
朝阳,2室,南北,无电梯,简装,53.0,1992.0,330.0
朝阳,3室,南西,未知,其他,113.0,2009.0,580.0
朝阳,2室,南北,有电梯,精装,96.0,2004.0,700.0
朝阳,2室,南北,无电梯,精装,82.0,1995.0,420.0
朝阳,2室,西,有电梯,精装,120.0,2000.0,750.0
朝阳,2室,东,未知,精装,76.0,2007.0,960.0
朝阳,3室,西南,有电梯,精装,143.0,2005.0,1300.0
朝阳,2室,西,未知,精装,102.0,2010.0,638.0
朝阳,2室,南,未知,精装,86.0,2004.0,660.0
朝阳,2室,西南,有电梯,精装,111.0,2007.0,495.0
朝阳,2室,南北,有电梯,精装,103.0,2007.0,550.0
朝阳,2室,西南,有电梯,精装,104.0,2005.0,990.0
朝阳,2室,西南,未知,精装,84.0,2000.0,630.0
朝阳,3室,西南,有电梯,精装,168.0,2001.0,1100.0
朝阳,2室,南,有电梯,精装,96.0,2008.0,900.0
朝阳,2室,东南,有电梯,精装,104.0,1995.0,615.0
朝阳,2室,东南,未知,简装,57.0,1986.0,365.0
朝阳,2室,南,未知,简装,75.0,2011.0,390.0
朝阳,2室,南北,未知,精装,80.0,2003.0,520.0
朝阳,2室,南北,未知,精装,80.0,1995.0,540.0
朝阳,2室,西,未知,精装,103.0,1999.0,575.0
朝阳,2室,西南,未知,精装,93.0,2009.0,450.0
朝阳,2室,南北,有电梯,精装,99.0,2005.0,930.0
朝阳,2室,东南,未知,精装,150.0,2004.0,893.0
朝阳,3室,东南,有电梯,精装,142.0,2005.0,920.0
朝阳,2室,南,未知,简装,51.0,1977.0,330.0
朝阳,2室,南北,未知,精装,58.0,1994.0,418.0
朝阳,2室,南北,未知,精装,57.0,1994.0,390.0
朝阳,2室,西南,有电梯,精装,98.0,2002.0,880.0
朝阳,2室,西南,有电梯,精装,145.0,2002.0,670.0
朝阳,2室,南北,未知,简装,52.0,1977.0,260.0
朝阳,3室,西南,未知,精装,88.0,2010.0,496.0
朝阳,2室,南,有电梯,精装,143.0,2007.0,1500.0
朝阳,2室,南,有电梯,其他,91.0,2007.0,440.0
朝阳,4室,南北,有电梯,精装,150.0,2007.0,980.0
朝阳,2室,西南,有电梯,简装,73.0,1996.0,520.0
朝阳,3室,南北,无电梯,其他,73.0,1985.0,450.0
朝阳,2室,东南,未知,精装,135.0,2004.0,780.0
朝阳,2室,南,有电梯,简装,111.0,2007.0,590.0
朝阳,3室,东南,未知,精装,144.0,2006.0,1450.0
朝阳,2室,南北,未知,简装,57.0,1988.0,400.0
朝阳,2室,南北,未知,毛坯,88.0,2009.0,399.0
朝阳,2室,东南,有电梯,精装,66.0,1989.0,480.0
朝阳,2室,东南,无电梯,精装,57.0,1992.0,372.0
朝阳,1室,北,未知,简装,79.0,2004.0,540.0
朝阳,2室,南,未知,其他,96.0,2005.0,808.0
朝阳,2室,南北,无电梯,精装,56.0,1990.0,420.0
朝阳,2室,西南,有电梯,精装,98.0,2000.0,820.0
朝阳,2室,东南,有电梯,精装,52.0,1995.0,430.0
朝阳,2室,西南,未知,其他,54.0,1983.0,368.0
朝阳,3室,南北,无电梯,精装,73.0,1992.0,409.0
朝阳,2室,南,未知,简装,67.0,1987.0,530.0
朝阳,1室,北,有电梯,精装,60.0,2005.0,420.0
朝阳,3室,西北,有电梯,简装,88.0,2000.0,630.0
朝阳,2室,东,有电梯,精装,104.0,2002.0,470.0
朝阳,2室,西,有电梯,精装,74.0,2007.0,475.0
朝阳,2室,东南,有电梯,精装,79.0,2001.0,598.0
朝阳,3室,西北,未知,精装,155.0,2005.0,1200.0
朝阳,2室,东南,未知,简装,66.0,1991.0,463.0
朝阳,2室,西北,有电梯,其他,106.0,2006.0,760.0
朝阳,3室,南西,有电梯,简装,75.0,1990.0,560.0
朝阳,2室,南北,未知,简装,59.0,1981.0,340.0
朝阳,1室,西南,未知,精装,71.0,2005.0,650.0
朝阳,2室,东北,未知,精装,91.0,2001.0,520.0
朝阳,2室,东南,未知,精装,84.0,1996.0,510.0
朝阳,2室,南北,有电梯,精装,108.0,2003.0,1000.0
朝阳,3室,南北,无电梯,简装,79.0,1988.0,580.0
朝阳,2室,南北,无电梯,简装,61.0,1980.0,330.0
朝阳,2室,南,有电梯,精装,85.0,1999.0,670.0
朝阳,2室,南,有电梯,精装,109.0,2005.0,820.0
朝阳,3室,西南,有电梯,精装,185.0,2000.0,1250.0
朝阳,2室,东西,未知,精装,112.0,2005.0,955.0
朝阳,2室,西南,未知,简装,99.0,2006.0,670.0
朝阳,2室,西南,未知,简装,117.0,2002.0,698.0
朝阳,3室,西北,有电梯,简装,127.0,2002.0,990.0
朝阳,3室,东西,有电梯,精装,141.0,2008.0,1000.0
朝阳,2室,东南,未知,简装,93.0,2009.0,435.0
朝阳,3室,南北,有电梯,其他,136.0,2007.0,850.0
朝阳,2室,东南,有电梯,精装,120.0,2001.0,820.0
朝阳,2室,南北,有电梯,简装,123.0,2010.0,980.0
朝阳,2室,南,有电梯,简装,130.0,2004.0,795.0
朝阳,2室,西南,有电梯,简装,91.0,2002.0,550.0
朝阳,2室,西南,有电梯,精装,98.0,2002.0,880.0
朝阳,2室,西南,有电梯,精装,145.0,2002.0,670.0
朝阳,2室,南,未知,精装,76.0,2011.0,660.0
朝阳,1室,东南,有电梯,精装,58.0,2004.0,390.0
朝阳,1室,南,未知,简装,42.0,1985.0,340.0
朝阳,1室,西北,有电梯,精装,68.0,2009.0,359.0
朝阳,1室,西北,有电梯,精装,62.0,2009.0,318.0
朝阳,3室,南北,有电梯,毛坯,166.0,2014.0,1380.0
朝阳,1室,南,未知,精装,82.0,2000.0,560.0
朝阳,1室,西北,未知,精装,44.0,2004.0,288.0
朝阳,1室,北,未知,精装,58.0,2006.0,450.0
朝阳,3室,东南,有电梯,简装,83.0,1995.0,496.0
朝阳,3室,东南,有电梯,精装,145.0,2004.0,1200.0
朝阳,2室,南北,无电梯,毛坯,61.0,1982.0,425.0
朝阳,3室,南北,有电梯,精装,152.0,2010.0,1380.0
朝阳,3室,南北,有电梯,精装,138.0,2006.0,1065.0
朝阳,2室,南北,无电梯,简装,68.0,1996.0,350.0
朝阳,3室,西南,无电梯,精装,83.0,1985.0,600.0
朝阳,3室,西北,有电梯,简装,102.0,2003.0,680.0
朝阳,2室,东南,有电梯,精装,120.0,1999.0,780.0
朝阳,3室,东西,未知,精装,138.0,2010.0,850.0
朝阳,2室,西,有电梯,简装,75.0,2007.0,610.0
朝阳,2室,南,有电梯,精装,111.0,2007.0,730.0
朝阳,3室,南北,未知,精装,152.0,2007.0,1020.0
朝阳,2室,南北,未知,简装,52.0,1977.0,260.0
朝阳,3室,西南,未知,精装,88.0,2010.0,496.0
朝阳,2室,南,有电梯,简装,130.0,2004.0,795.0
朝阳,2室,西南,有电梯,简装,91.0,2002.0,550.0
朝阳,2室,西南,有电梯,精装,98.0,2002.0,880.0
朝阳,2室,西南,有电梯,精装,145.0,2002.0,670.0
朝阳,2室,西南,未知,精装,94.0,2007.0,570.0
朝阳,2室,南,有电梯,精装,100.0,2004.0,540.0
朝阳,2室,东,未知,精装,78.0,1998.0,500.0
朝阳,2室,南,无电梯,精装,58.0,1987.0,415.0
朝阳,2室,南北,无电梯,精装,90.0,2005.0,420.0
朝阳,2室,东北,有电梯,精装,63.0,1987.0,430.0
朝阳,2室,南,有电梯,精装,109.0,2006.0,1208.0
朝阳,2室,西北,有电梯,精装,94.0,2003.0,638.0
朝阳,2室,南北,未知,简装,87.0,2001.0,630.0
朝阳,3室,南北,有电梯,精装,130.0,2004.0,900.0
朝阳,1室,南,有电梯,精装,81.0,2008.0,450.0
朝阳,2室,南北,有电梯,精装,114.0,2006.0,615.0
朝阳,3室,南北,有电梯,精装,153.0,2005.0,920.0
朝阳,2室,西南,有电梯,简装,99.0,2000.0,610.0
朝阳,3室,南北,有电梯,简装,86.0,2010.0,375.0
朝阳,3室,东南,有电梯,简装,117.0,2001.0,545.0
朝阳,2室,东北,有电梯,精装,64.0,1984.0,370.0
朝阳,1室,南,有电梯,精装,55.0,2007.0,378.0
朝阳,1室,南,未知,简装,40.0,1985.0,300.0
朝阳,1室,东西,有电梯,精装,50.0,1992.0,370.0
朝阳,1室,东,有电梯,精装,71.0,2006.0,418.0
朝阳,1室,西南,有电梯,精装,66.0,2010.0,590.0
朝阳,1室,南,有电梯,精装,92.0,2007.0,770.0
朝阳,1室,东北,有电梯,精装,50.0,2008.0,325.0
朝阳,1室,南,未知,简装,42.0,1985.0,340.0
朝阳,1室,南,有电梯,精装,52.0,2007.0,525.0
朝阳,1室,东南,有电梯,精装,58.0,2004.0,390.0
朝阳,2室,东南,未知,简装,111.0,2004.0,570.0
朝阳,2室,南北,无电梯,精装,82.0,2008.0,328.0
朝阳,2室,西南,有电梯,精装,93.0,2007.0,640.0
朝阳,3室,南北,有电梯,精装,124.0,2007.0,760.0
朝阳,2室,东南,有电梯,精装,132.0,2005.0,1650.0
朝阳,2室,南北,未知,精装,59.0,1993.0,338.0
朝阳,2室,南北,未知,其他,58.0,1993.0,435.0
朝阳,2室,西南,未知,简装,80.0,2005.0,445.0
朝阳,3室,南北,有电梯,精装,142.0,2010.0,1110.0
朝阳,2室,东南,有电梯,简装,99.0,1999.0,680.0
朝阳,2室,南北,无电梯,简装,57.0,1989.0,375.0
朝阳,2室,南,未知,精装,94.0,2010.0,1300.0
朝阳,2室,南北,未知,精装,91.0,2007.0,1050.0
朝阳,2室,南北,未知,精装,64.0,1998.0,308.0
朝阳,1室,北,未知,其他,49.0,1990.0,360.0
朝阳,2室,南,未知,精装,95.0,2009.0,930.0
朝阳,2室,南北,无电梯,其他,74.0,2004.0,320.0
朝阳,2室,东西,无电梯,其他,60.0,1994.0,495.0
朝阳,2室,西南,未知,精装,77.0,1991.0,580.0
朝阳,2室,南北,无电梯,简装,53.0,1990.0,300.0
朝阳,2室,东南,无电梯,简装,48.0,1979.0,280.0
朝阳,2室,西南,有电梯,精装,97.0,2008.0,870.0
朝阳,2室,东南,未知,精装,87.0,2010.0,1200.0
朝阳,2室,南北,有电梯,精装,119.0,2007.0,1150.0
朝阳,4室,东南,有电梯,精装,167.0,1998.0,1100.0
朝阳,2室,南,有电梯,简装,54.0,1988.0,395.0
朝阳,3室,南北,有电梯,精装,153.0,2005.0,920.0
朝阳,2室,东北,有电梯,简装,76.0,2007.0,465.0
朝阳,2室,南,有电梯,简装,81.0,1987.0,610.0
朝阳,2室,南北,有电梯,精装,112.0,2008.0,829.0
朝阳,3室,南北,有电梯,简装,123.0,2008.0,959.0
朝阳,1室,北,有电梯,简装,68.0,2006.0,390.0
朝阳,2室,西北,有电梯,精装,104.0,2001.0,585.0
朝阳,2室,西,有电梯,简装,105.0,2000.0,588.0
朝阳,1室,西,无电梯,简装,41.0,1992.0,269.0
朝阳,3室,南北,未知,精装,116.0,2008.0,840.0
朝阳,2室,西北,有电梯,精装,104.0,2007.0,748.0
朝阳,2室,西北,有电梯,简装,65.0,2004.0,460.0
朝阳,2室,东西,有电梯,精装,103.0,2005.0,1150.0
朝阳,3室,东南,无电梯,简装,81.0,2000.0,575.0
朝阳,2室,东南,有电梯,精装,132.0,2005.0,1650.0
朝阳,3室,南北,有电梯,精装,134.0,2006.0,900.0
朝阳,1室,南,有电梯,精装,84.0,2005.0,750.0
朝阳,3室,南北,有电梯,精装,124.0,2007.0,760.0
朝阳,2室,南,有电梯,精装,129.0,2006.0,1090.0
朝阳,3室,东南,有电梯,精装,118.0,2000.0,830.0
朝阳,3室,东南,有电梯,简装,205.0,2000.0,1100.0
朝阳,3室,东南,有电梯,精装,145.0,2006.0,800.0
朝阳,2室,南北,有电梯,精装,92.0,2005.0,720.0
朝阳,2室,西,有电梯,精装,89.0,2006.0,830.0
朝阳,2室,西,有电梯,精装,87.0,2002.0,680.0
朝阳,2室,东西,有电梯,精装,98.0,2008.0,600.0
朝阳,2室,南北,无电梯,精装,58.0,1993.0,410.0
朝阳,2室,西南,有电梯,简装,72.0,1991.0,445.0
朝阳,3室,东,未知,精装,133.0,2008.0,809.0
朝阳,2室,南北,无电梯,简装,57.0,1989.0,375.0
朝阳,2室,东南,有电梯,简装,99.0,1999.0,680.0
朝阳,3室,南北,有电梯,精装,124.0,2007.0,760.0
朝阳,3室,东南,有电梯,简装,205.0,2000.0,1100.0
朝阳,1室,北,有电梯,简装,68.0,2006.0,390.0
朝阳,3室,东南,有电梯,精装,118.0,2000.0,830.0
朝阳,3室,东南,有电梯,精装,145.0,2006.0,800.0
朝阳,2室,南北,有电梯,精装,92.0,2005.0,720.0
朝阳,2室,南,有电梯,精装,129.0,2006.0,1090.0
朝阳,2室,西,有电梯,精装,87.0,2002.0,680.0
朝阳,2室,西,有电梯,精装,89.0,2006.0,830.0
朝阳,1室,南,有电梯,精装,84.0,2005.0,750.0
朝阳,3室,西南,有电梯,简装,106.0,2001.0,740.0
朝阳,3室,南北,无电梯,精装,76.0,1993.0,640.0
朝阳,3室,东南,有电梯,精装,148.0,2008.0,700.0
朝阳,3室,南北,有电梯,精装,178.0,2001.0,1100.0
朝阳,2室,南北,未知,精装,89.0,2007.0,490.0
朝阳,2室,东南,未知,简装,73.0,1999.0,627.0
朝阳,2室,西北,未知,精装,77.0,2007.0,400.0
朝阳,2室,南北,未知,其他,128.0,2008.0,1160.0
朝阳,3室,南北,有电梯,精装,154.0,2006.0,950.0
朝阳,2室,西南,有电梯,精装,128.0,1999.0,760.0
朝阳,2室,东南,有电梯,精装,92.0,2008.0,665.0
朝阳,2室,南北,无电梯,简装,60.0,1996.0,290.0
朝阳,3室,西南,有电梯,精装,159.0,2001.0,1150.0
朝阳,2室,南北,无电梯,精装,63.0,1982.0,432.0
朝阳,3室,南北,有电梯,简装,121.0,2003.0,795.0
朝阳,3室,东南,有电梯,精装,127.0,2003.0,1000.0
朝阳,2室,东南,有电梯,精装,113.0,2001.0,730.0
朝阳,3室,南西,有电梯,精装,102.0,2009.0,690.0
朝阳,2室,东西,有电梯,精装,81.0,2009.0,735.0
朝阳,2室,南北,无电梯,简装,88.0,2002.0,460.0
朝阳,3室,南北,有电梯,精装,152.0,2004.0,1680.0
朝阳,3室,南北,有电梯,简装,141.0,2006.0,1050.0
朝阳,3室,南北,有电梯,精装,110.0,2006.0,600.0
朝阳,3室,西南,有电梯,简装,94.0,2002.0,399.0
朝阳,2室,东南,有电梯,精装,115.0,1998.0,750.0
朝阳,1室,西南,有电梯,精装,59.0,1999.0,420.0
朝阳,2室,东西,无电梯,精装,83.0,2002.0,375.0
朝阳,2室,东南,有电梯,精装,91.0,2007.0,686.0
朝阳,2室,西南,有电梯,简装,61.0,1992.0,488.0
朝阳,3室,东西,未知,精装,185.0,2008.0,1400.0
朝阳,2室,南北,有电梯,精装,136.0,2008.0,1090.0
朝阳,3室,南北,有电梯,简装,60.0,2010.0,848.0
朝阳,3室,南北,有电梯,精装,149.0,2004.0,1490.0
朝阳,2室,西南,有电梯,精装,102.0,2002.0,970.0
朝阳,3室,东南,有电梯,精装,148.0,2008.0,700.0
朝阳,3室,南北,有电梯,精装,178.0,2001.0,1100.0
朝阳,1室,北,未知,精装,60.0,2001.0,420.0
朝阳,3室,南北,有电梯,简装,206.0,2001.0,990.0
朝阳,2室,西北,有电梯,精装,76.0,2006.0,515.0
朝阳,3室,西北,未知,精装,134.0,2001.0,880.0
朝阳,2室,西南,有电梯,精装,95.0,2005.0,487.0
朝阳,2室,南,未知,精装,95.0,2008.0,630.0
朝阳,4室,南北,无电梯,精装,158.0,2004.0,800.0
朝阳,4室,南北,有电梯,精装,193.0,2007.0,1550.0
朝阳,1室,东西,未知,精装,76.0,2006.0,530.0
朝阳,2室,南北,无电梯,精装,55.0,1997.0,450.0
朝阳,2室,东南,有电梯,简装,126.0,2000.0,790.0
朝阳,3室,东,有电梯,精装,109.0,2001.0,615.0
朝阳,3室,南北,有电梯,精装,166.0,2008.0,815.0
朝阳,3室,南北,有电梯,简装,156.0,2004.0,1150.0
朝阳,2室,南北,未知,简装,123.0,2003.0,799.0
朝阳,1室,东,有电梯,精装,81.0,2004.0,620.0
朝阳,3室,西南,未知,精装,149.0,2001.0,960.0
朝阳,3室,南北,有电梯,精装,151.0,2009.0,1299.0
朝阳,4室,南北,有电梯,精装,220.0,2003.0,1410.0
朝阳,2室,东南,有电梯,精装,111.0,2000.0,700.0
朝阳,3室,南北,有电梯,精装,159.0,2002.0,858.0
朝阳,2室,东北,未知,简装,83.0,2007.0,620.0
朝阳,3室,南北,有电梯,精装,167.0,2009.0,1650.0
朝阳,2室,东,无电梯,简装,60.0,1997.0,399.0
朝阳,2室,西南,有电梯,精装,101.0,2008.0,565.0
朝阳,4室,东南,有电梯,精装,229.0,2004.0,1800.0
朝阳,2室,西南,有电梯,精装,96.0,1996.0,620.0
朝阳,3室,东北,未知,简装,151.0,2000.0,980.0
朝阳,2室,东南,未知,精装,106.0,2000.0,780.0
朝阳,3室,东南,有电梯,精装,187.0,2001.0,980.0
朝阳,2室,东,有电梯,简装,60.0,1989.0,490.0
朝阳,4室,南北,有电梯,精装,193.0,2005.0,1199.0
朝阳,4室,东南,有电梯,精装,206.0,2007.0,1660.0
朝阳,3室,东南,未知,简装,126.0,1997.0,790.0
朝阳,1室,西南,未知,精装,50.0,1999.0,400.0
朝阳,3室,西南,有电梯,精装,147.0,2004.0,1260.0
朝阳,3室,东南,有电梯,精装,242.0,2001.0,1510.0
朝阳,2室,南北,有电梯,精装,63.0,1991.0,490.0
朝阳,2室,西,有电梯,精装,84.0,2009.0,720.0
朝阳,2室,东南,有电梯,精装,72.0,2005.0,330.0
朝阳,2室,南北,无电梯,精装,94.0,2001.0,550.0
朝阳,2室,南,有电梯,精装,106.0,2008.0,700.0
朝阳,3室,南,有电梯,精装,161.0,2004.0,1250.0
朝阳,2室,东,有电梯,简装,61.0,1989.0,400.0
朝阳,2室,西南,有电梯,精装,163.0,1997.0,1150.0
朝阳,2室,西北,有电梯,精装,145.0,1997.0,920.0
朝阳,2室,南,有电梯,精装,84.0,2000.0,500.0
朝阳,2室,西北,未知,精装,108.0,2006.0,700.0
朝阳,3室,东北,有电梯,精装,130.0,2001.0,660.0
朝阳,3室,东西,有电梯,精装,89.0,2007.0,950.0
朝阳,2室,东西,无电梯,精装,54.0,1990.0,390.0
朝阳,2室,东,有电梯,精装,112.0,2005.0,846.0
朝阳,3室,南,有电梯,精装,137.0,2004.0,1370.0
朝阳,3室,东北,有电梯,精装,147.0,2001.0,800.0
朝阳,3室,西南,有电梯,精装,216.0,2000.0,1580.0
朝阳,4室,西南,有电梯,精装,173.0,2002.0,1330.0
朝阳,2室,南北,无电梯,其他,53.0,1989.0,400.0
朝阳,4室,东南,有电梯,简装,234.0,2005.0,1200.0
朝阳,2室,南北,无电梯,精装,66.0,2000.0,370.0
朝阳,2室,东南,有电梯,精装,108.0,2003.0,650.0
朝阳,3室,南北,有电梯,简装,135.0,2010.0,880.0
朝阳,3室,西南,未知,简装,83.0,1994.0,480.0
朝阳,3室,东西,有电梯,精装,147.0,2006.0,1130.0
朝阳,2室,南北,无电梯,精装,104.0,2005.0,500.0
朝阳,3室,东,有电梯,简装,177.0,2001.0,1242.0
朝阳,3室,东南,有电梯,简装,189.0,2005.0,1300.0
朝阳,2室,南北,无电梯,精装,55.0,1997.0,450.0
朝阳,3室,东南,未知,简装,126.0,1997.0,790.0
朝阳,3室,东南,有电梯,精装,242.0,2001.0,1510.0
朝阳,2室,东北,未知,简装,58.0,1989.0,435.0
朝阳,3室,东南,未知,简装,138.0,2008.0,1006.0
朝阳,1室,东南,有电梯,简装,39.0,1986.0,260.0
朝阳,2室,西,有电梯,精装,117.0,2006.0,840.0
朝阳,2室,南北,有电梯,简装,101.0,2002.0,900.0
朝阳,3室,西北,未知,简装,84.0,1995.0,455.0
朝阳,3室,东北,未知,精装,94.0,2009.0,460.0
朝阳,2室,南北,未知,简装,56.0,1980.0,220.0
朝阳,2室,南北,无电梯,毛坯,57.0,1990.0,375.0
朝阳,1室,西,有电梯,精装,82.0,2009.0,780.0
朝阳,3室,南,未知,精装,200.0,2001.0,1599.0
朝阳,2室,南北,未知,简装,94.0,2008.0,499.0
朝阳,4室,南北,有电梯,精装,140.0,2002.0,800.0
朝阳,3室,南北,无电梯,简装,77.0,1991.0,440.0
朝阳,3室,北,无电梯,精装,81.0,1980.0,529.0
朝阳,3室,南北,有电梯,精装,216.0,2006.0,1650.0
朝阳,2室,西,有电梯,精装,94.0,1996.0,660.0
朝阳,2室,东,有电梯,精装,66.0,2012.0,458.0
朝阳,3室,东北,有电梯,精装,113.0,2004.0,850.0
朝阳,2室,东南,有电梯,简装,73.0,1996.0,530.0
朝阳,2室,南北,未知,精装,118.0,2002.0,820.0
朝阳,3室,东南,有电梯,精装,132.0,1998.0,850.0
朝阳,3室,南北,有电梯,简装,135.0,2006.0,880.0
朝阳,2室,西北,无电梯,简装,51.0,1984.0,295.0
朝阳,5室,南北,无电梯,精装,217.0,2005.0,900.0
朝阳,2室,南北,无电梯,简装,48.0,1976.0,364.0
朝阳,3室,西南,有电梯,简装,118.0,2001.0,860.0
朝阳,2室,东西,有电梯,简装,73.0,2000.0,430.0
朝阳,2室,西北,有电梯,精装,123.0,1999.0,730.0
朝阳,2室,南北,未知,精装,102.0,2006.0,500.0
朝阳,2室,南北,无电梯,精装,54.0,1992.0,409.0
朝阳,3室,南北,未知,精装,114.0,2002.0,515.0
朝阳,3室,南北,有电梯,精装,264.0,2002.0,1799.0
朝阳,1室,西,未知,精装,61.0,2006.0,410.0
朝阳,3室,西南,未知,精装,140.0,2000.0,888.0
朝阳,1室,北,未知,精装,53.0,2005.0,346.0
朝阳,1室,东南,有电梯,精装,66.0,2006.0,550.0
朝阳,2室,西,未知,精装,123.0,2001.0,630.0
朝阳,4室,南,未知,精装,163.0,2006.0,1100.0
朝阳,3室,南北,未知,简装,149.0,2004.0,1100.0
朝阳,2室,西南,未知,简装,61.0,1987.0,430.0
朝阳,1室,东南,未知,精装,45.0,1991.0,280.0
朝阳,3室,南,未知,精装,136.0,2004.0,1250.0
朝阳,1室,南,无电梯,简装,40.0,1993.0,252.0
朝阳,2室,西南,有电梯,简装,68.0,1996.0,520.0
朝阳,3室,南北,无电梯,简装,122.0,2004.0,550.0
朝阳,2室,南,未知,简装,58.0,1985.0,364.0
朝阳,4室,西南,未知,精装,174.0,2005.0,1600.0
朝阳,2室,南北,未知,简装,59.0,1990.0,460.0
朝阳,1室,北,无电梯,简装,45.0,1997.0,306.0
朝阳,1室,东南,有电梯,简装,65.0,2010.0,750.0
朝阳,3室,东南,有电梯,精装,148.0,2008.0,690.0
朝阳,2室,南,有电梯,精装,95.0,2004.0,650.0
朝阳,3室,南,未知,精装,169.0,2005.0,1020.0
朝阳,1室,南,未知,精装,49.0,2005.0,325.0
朝阳,3室,东南,有电梯,精装,134.0,2008.0,1030.0
朝阳,2室,东,有电梯,精装,102.0,2003.0,720.0
朝阳,2室,西南,有电梯,其他,92.0,2008.0,560.0
朝阳,3室,西南,未知,精装,86.0,2000.0,715.0
朝阳,2室,南北,无电梯,精装,60.0,1992.0,379.0
朝阳,2室,东北,未知,精装,96.0,2004.0,960.0
朝阳,3室,南北,有电梯,精装,198.0,2006.0,1550.0
朝阳,2室,南,有电梯,精装,103.0,1999.0,630.0
朝阳,2室,南北,未知,简装,65.0,1997.0,370.0
朝阳,2室,南,有电梯,精装,89.0,2009.0,500.0
朝阳,1室,南,无电梯,简装,50.0,1991.0,314.0
朝阳,3室,南北,有电梯,精装,149.0,2009.0,880.0
朝阳,3室,东南,未知,精装,141.0,2004.0,1350.0
朝阳,2室,西,有电梯,精装,89.0,2006.0,512.0
朝阳,3室,南北,有电梯,精装,163.0,2004.0,1410.0
朝阳,2室,东北,无电梯,简装,81.0,1997.0,595.0
朝阳,2室,南北,未知,其他,69.0,1998.0,325.0
朝阳,3室,东北,有电梯,其他,134.0,1996.0,1120.0
朝阳,3室,南,有电梯,简装,135.0,1999.0,950.0
朝阳,2室,西北,有电梯,精装,87.0,2009.0,450.0
朝阳,2室,东南,未知,简装,72.0,1998.0,480.0
朝阳,3室,南北,未知,精装,75.0,1988.0,380.0
朝阳,2室,南北,未知,简装,64.0,1989.0,390.0
朝阳,2室,东南,未知,简装,111.0,2001.0,660.0
朝阳,2室,南北,有电梯,精装,92.0,2009.0,998.0
朝阳,2室,西,有电梯,精装,68.0,2010.0,260.0
朝阳,2室,西北,有电梯,精装,94.0,2005.0,660.0
朝阳,3室,南北,无电梯,简装,153.0,1999.0,1270.0
朝阳,3室,南北,无电梯,精装,70.0,1983.0,490.0
朝阳,2室,南北,有电梯,精装,102.0,2008.0,660.0
朝阳,4室,东北,有电梯,简装,184.0,1997.0,1179.0
朝阳,2室,东西,未知,精装,91.0,2008.0,735.0
朝阳,1室,东西,有电梯,精装,65.0,2004.0,345.0
朝阳,2室,南北,无电梯,简装,64.0,1987.0,400.0
朝阳,2室,南,有电梯,简装,54.0,1986.0,375.0
朝阳,1室,东南,有电梯,精装,63.0,2005.0,312.0
朝阳,2室,西南,有电梯,简装,72.0,2007.0,392.0
朝阳,2室,南北,未知,其他,68.0,1996.0,345.0
朝阳,1室,东北,有电梯,简装,73.0,2003.0,370.0
朝阳,1室,东,有电梯,简装,61.0,2004.0,570.0
朝阳,1室,南,有电梯,精装,43.0,1998.0,320.0
朝阳,2室,西南,有电梯,精装,79.0,2001.0,415.0
朝阳,1室,西,有电梯,简装,66.0,2007.0,400.0
朝阳,2室,南北,无电梯,精装,73.0,1996.0,630.0
朝阳,2室,西南,有电梯,简装,71.0,2009.0,333.0
朝阳,2室,南北,无电梯,简装,77.0,2003.0,410.0
朝阳,2室,东北,有电梯,其他,79.0,2005.0,666.0
朝阳,3室,南北,无电梯,精装,97.0,1996.0,740.0
朝阳,3室,西南,有电梯,精装,156.0,1997.0,1090.0
朝阳,2室,南北,有电梯,简装,94.0,2004.0,700.0
朝阳,3室,南,有电梯,精装,163.0,2007.0,1500.0
朝阳,2室,西南,有电梯,精装,135.0,2005.0,1030.0
朝阳,3室,南北,有电梯,精装,106.0,1999.0,660.0
朝阳,3室,南北,有电梯,精装,147.0,2004.0,1350.0
朝阳,3室,南北,有电梯,精装,180.0,2006.0,1765.0
朝阳,3室,南,有电梯,精装,135.0,2007.0,1330.0
朝阳,3室,西南,有电梯,精装,163.0,2000.0,570.0
朝阳,3室,南北,有电梯,精装,95.0,2003.0,617.0
朝阳,2室,南北,无电梯,精装,60.0,1992.0,379.0
朝阳,2室,东北,未知,精装,96.0,2004.0,960.0
朝阳,3室,南北,有电梯,精装,198.0,2006.0,1550.0
朝阳,3室,东南,有电梯,精装,136.0,2008.0,1160.0
朝阳,3室,东南,无电梯,精装,156.0,2000.0,780.0
朝阳,1室,南北,有电梯,简装,71.0,2009.0,385.0
朝阳,1室,西北,有电梯,精装,68.0,2008.0,369.0
朝阳,2室,东南,有电梯,精装,97.0,2005.0,1050.0
朝阳,1室,东北,有电梯,精装,56.0,2003.0,350.0
朝阳,2室,南北,无电梯,简装,62.0,1984.0,480.0
朝阳,2室,东西,无电梯,简装,58.0,1989.0,380.0
朝阳,1室,南,无电梯,精装,47.0,1992.0,284.0
朝阳,1室,东北,有电梯,其他,42.0,2004.0,312.0
朝阳,2室,东南,有电梯,精装,82.0,2000.0,520.0
朝阳,1室,西,未知,精装,74.0,2008.0,485.0
朝阳,1室,南,有电梯,精装,48.0,2008.0,386.0
朝阳,1室,南,无电梯,简装,49.0,1992.0,288.0
朝阳,1室,南,有电梯,简装,50.0,1988.0,350.0
朝阳,1室,南,未知,精装,68.0,2006.0,440.0
朝阳,1室,南,有电梯,其他,45.0,2008.0,340.0
朝阳,1室,东南,有电梯,精装,63.0,2005.0,312.0
朝阳,2室,东北,有电梯,精装,50.0,1987.0,292.0
朝阳,1室,南,有电梯,精装,75.0,2005.0,685.0
朝阳,2室,西北,有电梯,简装,75.0,2010.0,400.0
朝阳,1室,东西,有电梯,精装,65.0,2004.0,345.0
朝阳,2室,南,有电梯,简装,54.0,1986.0,375.0
朝阳,2室,南,有电梯,精装,84.0,2010.0,578.0
朝阳,1室,南北,有电梯,精装,85.0,2011.0,860.0
朝阳,1室,东,有电梯,精装,60.0,2005.0,488.0
朝阳,1室,东北,未知,简装,43.0,1988.0,280.0
朝阳,3室,南北,有电梯,其他,198.0,2006.0,1550.0
朝阳,1室,南,无电梯,简装,59.0,1997.0,398.0
朝阳,1室,西,有电梯,简装,57.0,2004.0,320.0
朝阳,2室,西北,有电梯,精装,81.0,1992.0,496.0
朝阳,3室,南北,无电梯,简装,151.0,2002.0,850.0
朝阳,3室,南北,无电梯,精装,128.0,1998.0,699.0
朝阳,1室,西南,有电梯,精装,58.0,2005.0,466.0
朝阳,2室,南北,有电梯,简装,77.0,1999.0,450.0
朝阳,2室,东,有电梯,简装,77.0,2003.0,420.0
朝阳,4室,南北,有电梯,精装,154.0,2003.0,910.0
朝阳,3室,南北,有电梯,精装,183.0,2001.0,1080.0
朝阳,2室,南北,有电梯,简装,74.0,1996.0,438.0
朝阳,1室,西南,未知,简装,47.0,2007.0,320.0
朝阳,6室,西南,未知,精装,166.0,2005.0,1700.0
朝阳,2室,南北,无电梯,简装,59.0,1992.0,425.0
朝阳,1室,南北,无电梯,简装,58.0,2004.0,245.0
朝阳,1室,南,未知,精装,42.0,1986.0,293.0
朝阳,3室,南北,有电梯,精装,135.0,2005.0,880.0
朝阳,2室,东南,有电梯,简装,98.0,2001.0,560.0
朝阳,2室,东西,无电梯,毛坯,57.0,1985.0,260.0
朝阳,1室,南北,未知,精装,52.0,1995.0,368.0
朝阳,2室,东西,无电梯,简装,61.0,1993.0,305.0
朝阳,1室,西南,有电梯,精装,69.0,1999.0,449.0
朝阳,1室,东,未知,毛坯,60.0,2006.0,350.0
朝阳,4室,南,有电梯,精装,155.0,2002.0,1166.0
朝阳,1室,东北,未知,精装,47.0,2008.0,350.0
朝阳,1室,东南,无电梯,精装,43.0,1988.0,307.0
朝阳,1室,东,有电梯,精装,68.0,2007.0,510.0
朝阳,2室,南北,无电梯,精装,65.0,1988.0,465.0
朝阳,1室,南,有电梯,精装,44.0,1983.0,350.0
朝阳,1室,南,未知,精装,48.0,1991.0,350.0
朝阳,3室,南北,未知,精装,71.0,1985.0,480.0
朝阳,2室,东西,未知,精装,59.0,1994.0,415.0
朝阳,1室,东,未知,精装,55.0,2003.0,410.0
朝阳,3室,东西,有电梯,简装,138.0,2005.0,1200.0
朝阳,1室,南北,有电梯,精装,97.0,2001.0,650.0
朝阳,1室,东,有电梯,简装,57.0,2007.0,350.0
朝阳,2室,南北,无电梯,简装,67.0,2005.0,335.0
朝阳,1室,南,未知,精装,55.0,2010.0,245.0
朝阳,1室,南,未知,精装,45.0,1994.0,261.0
朝阳,1室,北,有电梯,精装,68.0,2007.0,590.0
朝阳,1室,东西,有电梯,其他,69.0,2010.0,800.0
朝阳,2室,南北,无电梯,精装,88.0,2008.0,430.0
朝阳,2室,西南,有电梯,精装,116.0,2002.0,780.0
朝阳,2室,东北,有电梯,精装,60.0,1994.0,450.0
朝阳,2室,东西,有电梯,简装,97.0,2004.0,520.0
朝阳,2室,南北,有电梯,其他,106.0,2007.0,820.0
朝阳,2室,东南,无电梯,简装,57.0,1992.0,415.0
朝阳,2室,南北,无电梯,简装,57.0,1993.0,415.0
朝阳,2室,东,无电梯,精装,63.0,1986.0,435.0
朝阳,4室,南北,无电梯,简装,100.0,1999.0,470.0
朝阳,4室,南北,有电梯,精装,217.0,2008.0,1200.0
朝阳,4室,南北,有电梯,精装,183.0,2003.0,1280.0
朝阳,3室,东南,有电梯,精装,155.0,2006.0,1200.0
朝阳,3室,南北,无电梯,精装,120.0,1993.0,900.0
朝阳,3室,南北,无电梯,简装,151.0,2002.0,850.0
朝阳,3室,南北,有电梯,精装,136.0,2011.0,930.0
朝阳,1室,南,未知,精装,65.0,2009.0,599.0
朝阳,2室,南北,有电梯,其他,62.0,1996.0,395.0
朝阳,3室,南北,有电梯,精装,103.0,1996.0,575.0
朝阳,2室,南,有电梯,简装,87.0,2009.0,690.0
朝阳,1室,南北,未知,精装,38.0,1992.0,260.0
朝阳,3室,南北,有电梯,精装,89.0,2010.0,525.0
朝阳,3室,西南,有电梯,精装,157.0,1999.0,1360.0
朝阳,3室,南北,有电梯,简装,132.0,2002.0,1170.0
朝阳,3室,西南,未知,其他,186.0,2000.0,1000.0
朝阳,2室,南,有电梯,其他,86.0,2010.0,825.0
朝阳,3室,西南,未知,简装,96.0,1997.0,666.0
朝阳,3室,南北,有电梯,其他,164.0,2007.0,1100.0
朝阳,2室,南北,未知,精装,90.0,2009.0,520.0
朝阳,3室,南北,有电梯,精装,115.0,2004.0,1130.0
朝阳,3室,南北,有电梯,精装,223.0,2012.0,1800.0
朝阳,3室,南北,有电梯,精装,178.0,2009.0,1700.0
朝阳,4室,东南,有电梯,精装,184.0,2014.0,1530.0
朝阳,1室,西,有电梯,精装,88.0,2004.0,750.0
朝阳,1室,南北,未知,精装,55.0,2004.0,305.0
朝阳,3室,东西,无电梯,简装,76.0,1979.0,490.0
朝阳,2室,东西,未知,简装,68.0,2000.0,455.0
朝阳,3室,东南,有电梯,简装,135.0,2004.0,1250.0
朝阳,1室,北,有电梯,简装,73.0,2005.0,430.0
朝阳,2室,西北,有电梯,精装,106.0,2008.0,650.0
朝阳,3室,西南,有电梯,精装,87.0,2010.0,370.0
朝阳,2室,南北,无电梯,精装,64.0,1998.0,450.0
朝阳,2室,南北,无电梯,简装,64.0,1995.0,496.0
朝阳,2室,东南,有电梯,精装,115.0,2008.0,1150.0
朝阳,2室,南北,无电梯,简装,57.0,1994.0,320.0
朝阳,1室,南,有电梯,其他,45.0,2005.0,325.0
朝阳,3室,东北,有电梯,简装,106.0,2000.0,435.0
朝阳,2室,西北,未知,精装,85.0,2006.0,642.0
朝阳,4室,东南,有电梯,毛坯,174.0,2005.0,650.0
朝阳,4室,南北,有电梯,精装,193.0,2007.0,1500.0
朝阳,2室,南,未知,精装,187.0,2008.0,1300.0
朝阳,3室,南,未知,简装,205.0,2000.0,1080.0
朝阳,2室,东,无电梯,精装,47.0,1980.0,309.0
朝阳,2室,南,有电梯,精装,114.0,2008.0,1069.0
朝阳,2室,南北,有电梯,精装,85.0,1998.0,674.0
朝阳,2室,东西,无电梯,简装,60.0,1994.0,339.0
朝阳,4室,南北,有电梯,精装,176.0,2003.0,1700.0
朝阳,2室,南北,无电梯,精装,83.0,1998.0,750.0
朝阳,3室,东南,未知,精装,150.0,2001.0,890.0
朝阳,2室,西南,有电梯,精装,96.0,2007.0,630.0
朝阳,2室,南北,无电梯,简装,65.0,1984.0,460.0
朝阳,3室,南北,有电梯,简装,132.0,2002.0,1170.0
朝阳,3室,南北,有电梯,毛坯,140.0,2013.0,950.0
朝阳,2室,南北,无电梯,精装,59.0,1993.0,336.0
朝阳,2室,东南,未知,简装,69.0,1997.0,575.0
朝阳,3室,南,有电梯,精装,113.0,2013.0,930.0
朝阳,3室,南北,有电梯,精装,142.0,2013.0,1220.0
朝阳,3室,南北,有电梯,精装,89.0,2010.0,525.0
朝阳,3室,西南,有电梯,精装,157.0,1999.0,1360.0
朝阳,3室,西南,未知,简装,96.0,1997.0,666.0
朝阳,2室,南,有电梯,其他,86.0,2010.0,825.0
朝阳,2室,南北,未知,精装,90.0,2009.0,520.0
朝阳,2室,西南,未知,精装,95.0,2004.0,530.0
朝阳,2室,南北,无电梯,简装,52.0,1985.0,220.0
朝阳,2室,东南,有电梯,精装,103.0,2007.0,670.0
朝阳,2室,西南,有电梯,精装,110.0,2004.0,950.0
朝阳,2室,东南,有电梯,简装,66.0,1997.0,401.0
朝阳,2室,东北,有电梯,精装,60.0,1988.0,475.0
朝阳,2室,南北,有电梯,精装,108.0,2006.0,870.0
朝阳,2室,南北,有电梯,简装,64.0,1997.0,369.0
朝阳,3室,西南,有电梯,精装,138.0,2000.0,900.0
朝阳,1室,东,有电梯,精装,84.0,2000.0,450.0
朝阳,1室,西南,有电梯,精装,74.0,2006.0,460.0
朝阳,2室,西南,有电梯,精装,109.0,2004.0,690.0
朝阳,3室,东北,未知,精装,150.0,2001.0,910.0
朝阳,2室,南北,有电梯,简装,61.0,1985.0,440.0
朝阳,3室,南北,有电梯,精装,95.0,2009.0,645.0
朝阳,2室,东南,有电梯,精装,129.0,2005.0,1380.0
朝阳,3室,南北,无电梯,简装,80.0,1991.0,719.0
朝阳,2室,南,有电梯,精装,89.0,2009.0,500.0
朝阳,4室,南北,有电梯,精装,150.0,2008.0,1230.0
朝阳,2室,南北,无电梯,其他,57.0,1985.0,420.0
朝阳,4室,西南,有电梯,精装,180.0,1997.0,1199.0
朝阳,3室,南北,有电梯,精装,120.0,2006.0,940.0
朝阳,3室,东南,有电梯,精装,80.0,1995.0,626.8
朝阳,3室,南北,未知,精装,86.0,2010.0,380.0
朝阳,3室,南北,未知,精装,86.0,2010.0,380.0
朝阳,4室,东西,有电梯,精装,175.0,2007.0,1050.0
朝阳,2室,东南,有电梯,精装,126.0,2000.0,896.0
朝阳,3室,东南,无电梯,精装,121.0,2006.0,545.0
朝阳,4室,东南,有电梯,精装,204.0,2005.0,1690.0
朝阳,2室,东北,未知,精装,91.0,2004.0,750.0
朝阳,2室,西南,有电梯,精装,88.0,2001.0,640.0
朝阳,2室,南北,无电梯,简装,60.0,1995.0,420.0
朝阳,1室,西南,有电梯,精装,74.0,2006.0,460.0
朝阳,2室,西南,有电梯,精装,109.0,2004.0,690.0
朝阳,3室,东北,未知,精装,150.0,2001.0,910.0
朝阳,2室,南北,有电梯,简装,61.0,1985.0,440.0
朝阳,2室,东南,有电梯,精装,103.0,2007.0,670.0
朝阳,2室,西南,有电梯,精装,110.0,2004.0,950.0
朝阳,2室,东南,有电梯,简装,66.0,1997.0,401.0
朝阳,2室,南北,无电梯,简装,76.0,1997.0,535.0
朝阳,3室,东北,有电梯,精装,188.0,2006.0,1400.0
朝阳,2室,南北,有电梯,精装,108.0,2006.0,870.0
朝阳,2室,东北,有电梯,精装,60.0,1988.0,475.0
朝阳,2室,南北,有电梯,简装,64.0,1997.0,369.0
朝阳,3室,西南,有电梯,精装,138.0,2000.0,900.0
朝阳,2室,东南,有电梯,精装,129.0,2005.0,1380.0
朝阳,3室,南北,无电梯,简装,80.0,1991.0,719.0
朝阳,2室,南,有电梯,精装,89.0,2009.0,500.0
朝阳,2室,东,有电梯,精装,99.0,1999.0,600.0
朝阳,4室,南北,有电梯,精装,150.0,2008.0,1230.0
朝阳,2室,南北,无电梯,其他,57.0,1985.0,420.0
朝阳,3室,东西,有电梯,精装,161.0,2008.0,1390.0
朝阳,2室,西南,有电梯,简装,105.0,1997.0,680.0
朝阳,2室,南,有电梯,精装,92.0,2006.0,640.0
朝阳,3室,南北,无电梯,毛坯,80.0,1982.0,595.0
朝阳,3室,南北,有电梯,精装,140.0,2001.0,920.0
朝阳,2室,南,未知,精装,98.0,2008.0,637.0
朝阳,2室,东西,无电梯,精装,57.0,1985.0,430.0
朝阳,3室,南北,无电梯,精装,104.0,1997.0,700.0
朝阳,2室,东西,无电梯,精装,90.0,2000.0,650.0
朝阳,2室,东南,有电梯,简装,78.0,2000.0,435.0
朝阳,4室,南北,未知,精装,179.0,2000.0,1199.0
朝阳,2室,西,有电梯,简装,97.0,2000.0,480.0
朝阳,2室,东,有电梯,精装,95.0,2007.0,766.0
朝阳,3室,东南,有电梯,精装,132.0,2001.0,660.0
朝阳,2室,西,有电梯,精装,88.0,2008.0,550.0
朝阳,3室,东南,有电梯,精装,138.0,2000.0,1200.0
朝阳,3室,东北,有电梯,简装,132.0,1998.0,680.0
朝阳,2室,东,有电梯,精装,79.0,2007.0,485.0
朝阳,3室,南北,有电梯,精装,154.0,2005.0,1130.0
朝阳,2室,南北,无电梯,简装,61.0,1994.0,440.0
朝阳,2室,西南,有电梯,简装,109.0,1997.0,843.0
朝阳,3室,南北,无电梯,精装,87.0,1993.0,458.0
朝阳,2室,南,有电梯,精装,95.0,2008.0,497.0
朝阳,1室,东,有电梯,简装,62.0,2012.0,425.0
朝阳,2室,东西,未知,精装,102.0,2008.0,526.0
朝阳,2室,南西,有电梯,精装,91.0,2009.0,455.0
朝阳,2室,东西,有电梯,其他,147.0,2008.0,1103.0
朝阳,2室,东西,无电梯,简装,57.0,1991.0,313.0
朝阳,3室,南,有电梯,精装,134.0,2000.0,950.0
朝阳,2室,东南,有电梯,简装,100.0,2000.0,658.0
朝阳,2室,南北,有电梯,精装,120.0,2008.0,950.0
朝阳,2室,西南,未知,精装,70.0,1990.0,530.0
朝阳,2室,东,有电梯,精装,79.0,2007.0,485.0
朝阳,3室,南北,有电梯,精装,154.0,2005.0,1130.0
朝阳,2室,南北,无电梯,简装,61.0,1994.0,440.0
朝阳,2室,西南,有电梯,简装,109.0,1997.0,843.0
朝阳,3室,南北,无电梯,精装,87.0,1993.0,458.0
朝阳,2室,南,有电梯,精装,95.0,2008.0,497.0
朝阳,2室,西,有电梯,简装,97.0,2000.0,480.0
朝阳,2室,南,未知,精装,99.0,2008.0,550.0
朝阳,2室,南北,未知,精装,92.0,2008.0,650.0
朝阳,3室,南,有电梯,精装,134.0,2000.0,950.0
朝阳,2室,南北,未知,精装,66.0,1996.0,460.0
朝阳,3室,东,无电梯,简装,74.0,1992.0,398.0
朝阳,3室,南北,未知,精装,154.0,2006.0,860.0
朝阳,2室,南北,未知,简装,98.0,2009.0,720.0
朝阳,3室,南北,有电梯,精装,149.0,2001.0,1050.0
朝阳,3室,南北,有电梯,精装,151.0,2004.0,830.0
朝阳,2室,南北,无电梯,简装,65.0,1985.0,510.0
朝阳,2室,西北,有电梯,精装,88.0,2003.0,580.0
朝阳,2室,南北,无电梯,精装,61.0,1980.0,335.0
朝阳,2室,南北,有电梯,其他,103.0,2007.0,820.0
朝阳,2室,南北,未知,精装,92.0,1997.0,648.0
朝阳,3室,南北,有电梯,精装,136.0,2006.0,1080.0
朝阳,3室,南北,无电梯,精装,137.0,2008.0,730.0
朝阳,3室,西南,有电梯,精装,102.0,2006.0,558.0
朝阳,2室,东北,未知,精装,98.0,2004.0,730.0
朝阳,2室,东,有电梯,精装,114.0,2007.0,950.0
朝阳,2室,南北,未知,简装,89.0,2003.0,422.0
朝阳,2室,东北,有电梯,其他,83.0,1996.0,615.0
朝阳,3室,东西,无电梯,精装,127.0,1989.0,850.0
朝阳,2室,西南,有电梯,简装,105.0,1997.0,680.0
朝阳,3室,南,有电梯,精装,107.0,2008.0,650.0
朝阳,2室,西,有电梯,精装,172.0,2008.0,1430.0
朝阳,2室,南,有电梯,精装,100.0,2004.0,840.0
朝阳,4室,南北,有电梯,精装,173.0,2005.0,865.0
朝阳,2室,南,有电梯,精装,81.0,2004.0,452.0
朝阳,3室,西南,无电梯,简装,93.0,1998.0,450.0
朝阳,2室,东南,有电梯,简装,102.0,2000.0,760.0
朝阳,2室,东南,有电梯,精装,75.0,2010.0,830.0
朝阳,3室,南北,有电梯,精装,151.0,2009.0,950.0
朝阳,2室,南西,有电梯,精装,162.0,2002.0,820.0
朝阳,3室,南北,无电梯,简装,61.0,1978.0,370.0
朝阳,2室,南北,未知,简装,76.0,2000.0,360.0
朝阳,2室,南北,有电梯,简装,108.0,2005.0,970.0
朝阳,2室,东,有电梯,精装,95.0,2007.0,766.0
朝阳,2室,西,有电梯,简装,97.0,2000.0,480.0
朝阳,2室,南,未知,精装,99.0,2008.0,550.0
朝阳,2室,西南,有电梯,简装,109.0,1997.0,843.0
朝阳,3室,南北,无电梯,精装,87.0,1993.0,458.0
朝阳,3室,东北,有电梯,简装,132.0,1998.0,680.0
朝阳,2室,东,有电梯,精装,79.0,2007.0,485.0
朝阳,3室,南北,有电梯,精装,154.0,2005.0,1130.0
朝阳,2室,南北,无电梯,简装,61.0,1994.0,440.0
朝阳,3室,东南,有电梯,精装,138.0,2000.0,1200.0
朝阳,3室,东南,有电梯,精装,132.0,2001.0,660.0
朝阳,2室,西,有电梯,精装,88.0,2008.0,550.0
朝阳,2室,东西,有电梯,其他,147.0,2008.0,1103.0
朝阳,2室,南,有电梯,精装,95.0,2008.0,497.0
朝阳,2室,东西,无电梯,简装,57.0,1991.0,313.0
朝阳,2室,南北,未知,精装,92.0,2008.0,650.0
朝阳,2室,东北,有电梯,其他,83.0,1996.0,615.0
朝阳,2室,南北,无电梯,精装,59.0,1990.0,420.0
朝阳,2室,东南,未知,精装,107.0,2008.0,680.0
朝阳,2室,东北,未知,简装,103.0,2004.0,510.0
朝阳,3室,南北,未知,精装,150.0,2007.0,950.0
朝阳,2室,南,未知,简装,63.0,1987.0,450.0
朝阳,1室,南北,未知,精装,49.0,1999.0,380.0
朝阳,2室,东南,未知,精装,107.0,2004.0,780.0
朝阳,1室,南,无电梯,简装,36.0,1982.0,300.0
朝阳,2室,南,有电梯,精装,102.0,2006.0,565.0
朝阳,2室,南北,有电梯,精装,106.0,2003.0,750.0
朝阳,2室,西南,有电梯,简装,60.0,1987.0,415.0
朝阳,3室,南北,有电梯,毛坯,137.0,2013.0,990.0
朝阳,2室,南北,无电梯,精装,59.0,1987.0,450.0
朝阳,2室,南,有电梯,精装,46.0,1983.0,400.0
朝阳,2室,东,有电梯,精装,98.0,2008.0,658.0
朝阳,2室,南北,未知,精装,94.0,2007.0,505.0
朝阳,3室,南北,有电梯,简装,128.0,2006.0,760.0
朝阳,2室,南北,有电梯,简装,103.0,2007.0,825.0
朝阳,3室,西南,有电梯,精装,180.0,2005.0,1450.0
朝阳,3室,南北,有电梯,毛坯,171.0,2008.0,1500.0
朝阳,3室,东南,有电梯,精装,165.0,2004.0,1400.0
朝阳,2室,东西,无电梯,简装,61.0,1976.0,432.0
朝阳,3室,南北,有电梯,精装,217.0,2006.0,1680.0
朝阳,3室,南北,未知,其他,87.0,2001.0,508.0
朝阳,3室,西南,有电梯,精装,142.0,2003.0,990.0
朝阳,2室,东西,有电梯,精装,103.0,2006.0,900.0
朝阳,4室,南北,有电梯,精装,173.0,2005.0,865.0
朝阳,2室,西,有电梯,精装,172.0,2008.0,1430.0
朝阳,2室,东北,有电梯,其他,84.0,2008.0,620.0
朝阳,2室,南北,未知,其他,56.0,1980.0,420.0
朝阳,3室,西北,未知,简装,130.0,2003.0,980.0
朝阳,1室,南北,未知,精装,57.0,2000.0,459.0
朝阳,2室,东西,无电梯,简装,82.0,1998.0,530.0
朝阳,2室,东北,未知,简装,79.0,2008.0,560.0
朝阳,2室,东南,未知,精装,105.0,1998.0,750.0
朝阳,1室,东南,有电梯,精装,69.0,2008.0,389.0
朝阳,1室,东,有电梯,简装,64.0,2004.0,410.0
朝阳,1室,南,有电梯,精装,65.0,2004.0,425.0
朝阳,2室,西北,未知,精装,96.0,2000.0,530.0
朝阳,1室,南,无电梯,简装,36.0,1982.0,300.0
朝阳,2室,南,未知,精装,93.0,2011.0,530.0
朝阳,2室,东,未知,精装,131.0,2002.0,786.0
朝阳,2室,南,未知,精装,116.0,2007.0,980.0
朝阳,3室,南北,无电梯,精装,127.0,2003.0,665.0
朝阳,2室,南北,未知,精装,114.0,2012.0,820.0
朝阳,2室,南,有电梯,精装,80.0,2000.0,640.0
朝阳,3室,南北,有电梯,精装,159.0,2008.0,1100.0
朝阳,3室,南北,有电梯,精装,142.0,2006.0,900.0
朝阳,2室,南北,无电梯,精装,59.0,1990.0,420.0
朝阳,2室,东南,未知,精装,107.0,2008.0,680.0
朝阳,2室,东北,未知,简装,103.0,2004.0,510.0
朝阳,3室,南北,未知,精装,150.0,2007.0,950.0
朝阳,2室,东南,未知,精装,107.0,2004.0,780.0
朝阳,2室,南,未知,简装,63.0,1987.0,450.0
朝阳,1室,南北,未知,精装,49.0,1999.0,380.0
朝阳,2室,东,有电梯,简装,60.0,1991.0,450.0
朝阳,2室,南北,未知,简装,117.0,2006.0,1050.0
朝阳,2室,东南,未知,精装,99.0,1999.0,700.0
朝阳,3室,南北,有电梯,精装,136.0,2006.0,900.0
朝阳,2室,南北,未知,精装,104.0,2005.0,485.0
朝阳,2室,西南,未知,精装,102.0,2004.0,510.0
朝阳,3室,东南,未知,精装,138.0,2002.0,1060.0
朝阳,2室,西南,有电梯,简装,77.0,2000.0,365.0
朝阳,4室,东南,有电梯,精装,192.0,2007.0,1690.0
朝阳,1室,西,有电梯,精装,49.0,2010.0,203.0
朝阳,3室,东南,未知,简装,63.0,1976.0,487.0
朝阳,2室,南北,未知,简装,65.0,1991.0,488.0
朝阳,2室,东南,有电梯,精装,104.0,2001.0,790.0
朝阳,2室,南北,未知,精装,90.0,2011.0,510.0
朝阳,3室,东南,未知,精装,85.0,1990.0,630.0
朝阳,3室,南北,未知,简装,142.0,2002.0,960.0
朝阳,2室,东,未知,精装,129.0,2005.0,880.0
朝阳,2室,南北,无电梯,简装,56.0,1986.0,305.0
朝阳,4室,南北,有电梯,精装,192.0,2007.0,1670.0
朝阳,2室,南北,未知,简装,62.0,1996.0,455.0
朝阳,2室,南北,无电梯,简装,56.0,1988.0,305.0
朝阳,1室,西北,未知,精装,62.0,2005.0,730.0
朝阳,2室,南,未知,精装,96.0,2005.0,822.0
朝阳,2室,东南,未知,简装,67.0,1990.0,580.0
朝阳,2室,南北,无电梯,精装,90.0,2007.0,430.0
朝阳,2室,南,未知,精装,50.0,1979.0,253.0
朝阳,2室,东,未知,简装,71.0,2006.0,365.0
朝阳,2室,南北,未知,简装,105.0,2004.0,499.0
朝阳,2室,南北,无电梯,简装,80.0,1987.0,405.0
朝阳,3室,西北,未知,简装,130.0,2003.0,980.0
朝阳,2室,东南,未知,精装,105.0,1998.0,750.0
朝阳,1室,南北,未知,精装,57.0,2000.0,459.0
朝阳,1室,东,有电梯,简装,64.0,2004.0,410.0
朝阳,2室,西,未知,精装,76.0,2010.0,370.0
朝阳,2室,南北,无电梯,精装,71.0,1993.0,455.0
朝阳,2室,东南,有电梯,简装,67.0,1992.0,598.0
朝阳,2室,南北,无电梯,简装,57.0,1988.0,420.0
朝阳,2室,西南,未知,精装,81.0,2004.0,452.0
朝阳,2室,南北,有电梯,精装,89.0,2010.0,710.0
朝阳,1室,西,有电梯,精装,85.0,2005.0,525.0
朝阳,2室,南,有电梯,精装,100.0,2005.0,687.0
朝阳,2室,西南,有电梯,精装,98.0,2001.0,575.0
朝阳,2室,西北,未知,精装,82.0,2005.0,420.0
朝阳,4室,西南,未知,精装,195.0,2001.0,1500.0
朝阳,2室,南,有电梯,精装,84.0,2004.0,750.0
朝阳,2室,北,有电梯,简装,109.0,2001.0,750.0
朝阳,2室,南,无电梯,简装,49.0,1983.0,338.0
朝阳,4室,东南,有电梯,简装,172.0,2002.0,1230.0
朝阳,3室,南北,未知,精装,141.0,2006.0,910.0
朝阳,2室,南北,有电梯,精装,116.0,2003.0,760.0
朝阳,1室,南,未知,精装,51.0,2004.0,380.0
朝阳,2室,西南,有电梯,精装,106.0,2008.0,900.0
朝阳,2室,东南,有电梯,精装,105.0,2008.0,845.0
朝阳,2室,东,有电梯,精装,93.0,2007.0,630.0
朝阳,3室,南北,有电梯,精装,183.0,2006.0,1450.0
朝阳,2室,南北,有电梯,精装,94.0,2007.0,535.0
朝阳,2室,西南,有电梯,精装,84.0,1995.0,435.0
朝阳,1室,北,未知,精装,61.0,2011.0,347.0
朝阳,3室,南北,未知,精装,82.0,1996.0,555.0
朝阳,1室,南,有电梯,其他,43.0,1991.0,355.0
朝阳,2室,南,未知,简装,124.0,2001.0,785.0
朝阳,2室,南北,未知,简装,103.0,2005.0,499.0
朝阳,1室,东,未知,精装,63.0,2005.0,310.0
朝阳,3室,南北,未知,简装,92.0,1996.0,570.0
朝阳,2室,东北,未知,精装,77.0,2003.0,760.0
朝阳,2室,东南,未知,精装,90.0,2000.0,590.0
朝阳,2室,南北,有电梯,精装,120.0,2007.0,1020.0
朝阳,3室,东西,无电梯,简装,64.0,1975.0,545.0
朝阳,2室,南北,未知,简装,76.0,2006.0,300.0
朝阳,2室,西南,未知,精装,103.0,2006.0,650.0
朝阳,其他,东南,有电梯,简装,60.0,2007.0,190.0
朝阳,1室,南,有电梯,精装,67.0,2001.0,390.0
朝阳,3室,东南,未知,简装,139.0,2003.0,1030.0
朝阳,2室,西南,有电梯,简装,97.0,2000.0,610.0
朝阳,4室,南北,无电梯,精装,156.0,2002.0,780.0
朝阳,1室,西,有电梯,精装,42.0,1994.0,288.0
朝阳,2室,南北,有电梯,精装,157.0,2009.0,1420.0
朝阳,2室,南北,未知,简装,56.0,1992.0,440.0
朝阳,1室,西南,有电梯,精装,66.0,2008.0,475.0
朝阳,3室,西南,有电梯,精装,145.0,2004.0,1150.0
朝阳,3室,南北,无电梯,简装,104.0,2000.0,590.0
朝阳,3室,东南,无电梯,简装,136.0,1997.0,767.0
朝阳,3室,南西,有电梯,精装,136.0,2005.0,625.0
朝阳,2室,南,未知,精装,105.0,2004.0,1000.0
朝阳,1室,东北,未知,精装,71.0,2005.0,520.0
朝阳,3室,北,有电梯,精装,89.0,2006.0,885.0
朝阳,3室,南北,有电梯,精装,164.0,2004.0,1500.0
朝阳,3室,东南,无电梯,简装,76.0,1988.0,480.0
朝阳,3室,南西,有电梯,简装,172.0,2001.0,1260.0
朝阳,2室,南北,未知,精装,55.0,1993.0,380.0
朝阳,3室,南北,有电梯,精装,158.0,2008.0,1659.0
朝阳,2室,南北,有电梯,精装,85.0,2010.0,1000.0
朝阳,2室,西南,有电梯,简装,104.0,2001.0,760.0
朝阳,1室,东,有电梯,精装,63.0,1999.0,375.0
朝阳,2室,南,未知,精装,74.0,1998.0,482.0
朝阳,1室,西,未知,精装,56.0,2002.0,368.0
朝阳,3室,南北,有电梯,精装,164.0,2008.0,1360.0
朝阳,3室,南北,无电梯,简装,234.0,2004.0,1071.0
朝阳,2室,南,无电梯,简装,58.0,1984.0,349.0
朝阳,2室,西北,未知,简装,58.0,1990.0,350.0
朝阳,2室,东,有电梯,精装,108.0,2005.0,670.0
朝阳,4室,南北,未知,精装,224.0,2001.0,1800.0
朝阳,3室,南北,未知,精装,188.0,2008.0,1150.0
朝阳,1室,西,未知,精装,39.0,2006.0,285.0
朝阳,2室,西南,未知,精装,105.0,1995.0,638.0
朝阳,2室,西南,无电梯,精装,95.0,1990.0,570.0
朝阳,4室,西南,有电梯,精装,152.0,2011.0,1320.0
朝阳,3室,南北,未知,精装,227.0,2002.0,1398.0
朝阳,4室,东南,未知,精装,184.0,1998.0,1060.0
朝阳,3室,西南,未知,精装,172.0,2005.0,1750.0
朝阳,2室,南北,无电梯,精装,71.0,1993.0,455.0
朝阳,2室,东南,有电梯,简装,67.0,1992.0,598.0
朝阳,2室,南北,无电梯,简装,57.0,1988.0,420.0
朝阳,2室,西南,未知,精装,81.0,2004.0,452.0
朝阳,2室,南北,有电梯,精装,89.0,2010.0,710.0
朝阳,1室,西,有电梯,精装,85.0,2005.0,525.0
朝阳,2室,南,有电梯,精装,100.0,2005.0,687.0
朝阳,1室,南,有电梯,简装,42.0,1991.0,317.0
朝阳,1室,东,未知,精装,52.0,2012.0,460.0
朝阳,1室,西南,有电梯,精装,53.0,1997.0,330.0
朝阳,1室,南,未知,精装,45.0,1988.0,245.0
朝阳,1室,北,未知,其他,42.0,1987.0,230.0
朝阳,3室,东南,有电梯,简装,65.0,1995.0,507.0
朝阳,3室,南北,未知,简装,159.0,2001.0,1270.0
朝阳,3室,南北,未知,简装,144.0,2006.0,1100.0
朝阳,2室,南,未知,精装,87.0,2011.0,419.0
朝阳,3室,南北,无电梯,精装,200.0,2003.0,1400.0
朝阳,1室,东,未知,简装,66.0,2009.0,355.0
朝阳,2室,西北,有电梯,精装,90.0,2007.0,760.0
朝阳,2室,东南,未知,精装,115.0,2009.0,999.0
朝阳,3室,东南,无电梯,简装,102.0,2000.0,560.0
朝阳,3室,南北,无电梯,简装,78.0,1985.0,490.0
朝阳,2室,南北,未知,精装,89.0,2008.0,600.0
朝阳,2室,南北,无电梯,精装,78.0,2004.0,430.0
朝阳,3室,东,无电梯,简装,96.0,1994.0,615.0
朝阳,3室,东南,未知,简装,127.0,2001.0,675.0
朝阳,2室,东,未知,简装,66.0,2011.0,425.0
朝阳,3室,西南,有电梯,简装,90.0,2011.0,435.0
朝阳,2室,南北,无电梯,精装,101.0,2004.0,360.0
朝阳,2室,东,有电梯,简装,146.0,2007.0,950.0
朝阳,1室,西北,未知,精装,60.0,2006.0,398.0
朝阳,2室,东南,未知,精装,90.0,2000.0,590.0
朝阳,2室,南北,有电梯,精装,120.0,2007.0,1020.0
朝阳,3室,南北,未知,简装,92.0,1996.0,570.0
朝阳,2室,南北,无电梯,简装,57.0,1994.0,350.0
朝阳,2室,南北,有电梯,精装,136.0,2008.0,1090.0
朝阳,2室,南西,有电梯,简装,89.0,2000.0,530.0
朝阳,2室,西北,有电梯,简装,65.0,1991.0,380.0
朝阳,3室,南北,有电梯,毛坯,163.0,2012.0,1800.0
朝阳,2室,西南,有电梯,简装,107.0,2000.0,810.0
朝阳,1室,南,有电梯,精装,42.0,1987.0,325.0
朝阳,2室,东西,无电梯,精装,54.0,1994.0,286.0
朝阳,1室,东,有电梯,简装,36.0,2007.0,530.0
朝阳,2室,南,有电梯,精装,114.0,1999.0,860.0
朝阳,2室,东西,无电梯,毛坯,54.0,1994.0,390.0
朝阳,3室,东西,有电梯,精装,167.0,2007.0,1380.0
朝阳,2室,南北,有电梯,精装,142.0,2008.0,1490.0
朝阳,3室,东北,有电梯,简装,63.0,1981.0,420.0
朝阳,2室,东南,有电梯,简装,73.0,1995.0,398.0
朝阳,2室,东,有电梯,精装,90.0,2008.0,990.0
朝阳,2室,南北,未知,其他,54.0,1983.0,265.0
朝阳,2室,南北,无电梯,精装,54.0,1991.0,450.0
朝阳,2室,西南,有电梯,简装,106.0,2004.0,799.0
朝阳,2室,东,有电梯,精装,62.0,1988.0,408.0
朝阳,2室,西南,未知,简装,95.0,1990.0,550.0
朝阳,3室,西南,无电梯,简装,127.0,2002.0,670.0
朝阳,2室,南,有电梯,简装,101.0,2002.0,650.0
朝阳,3室,南北,有电梯,简装,147.0,2011.0,1200.0
朝阳,3室,东西,无电梯,简装,111.0,2005.0,760.0
朝阳,3室,西南,有电梯,其他,99.0,2011.0,760.0
朝阳,2室,西,有电梯,精装,104.0,2007.0,525.0
朝阳,3室,东南,未知,简装,175.0,1996.0,920.0
朝阳,2室,西,未知,简装,73.0,1997.0,528.0
朝阳,2室,东西,有电梯,简装,76.0,2005.0,530.0
朝阳,2室,西,有电梯,简装,92.0,2006.0,390.0
朝阳,1室,东,有电梯,简装,64.0,1998.0,370.0
朝阳,1室,东北,有电梯,简装,76.0,2003.0,540.0
朝阳,1室,西南,未知,精装,40.0,1991.0,285.0
朝阳,3室,南北,有电梯,简装,84.0,1998.0,565.0
朝阳,3室,南北,未知,简装,74.0,1994.0,560.0
朝阳,3室,南北,未知,简装,127.0,2007.0,630.0
朝阳,2室,西南,有电梯,精装,140.0,1996.0,770.0
朝阳,1室,西,无电梯,精装,50.0,1994.0,286.0
朝阳,2室,南北,有电梯,精装,88.0,2010.0,730.0
朝阳,3室,南北,未知,其他,80.0,1998.0,650.0
朝阳,2室,南北,未知,其他,86.0,2011.0,525.0
朝阳,2室,东南,有电梯,精装,66.0,2001.0,430.0
朝阳,2室,东南,有电梯,精装,65.0,1996.0,494.0
朝阳,3室,南北,有电梯,其他,146.0,2005.0,1200.0
朝阳,3室,南北,有电梯,精装,145.0,2008.0,805.0
朝阳,3室,东西,有电梯,精装,167.0,2007.0,1380.0
朝阳,1室,东,有电梯,简装,36.0,2007.0,530.0
朝阳,2室,南,有电梯,精装,114.0,1999.0,860.0
朝阳,2室,东西,无电梯,毛坯,54.0,1994.0,390.0
朝阳,3室,西南,有电梯,简装,128.0,2002.0,830.0
朝阳,2室,东南,有电梯,简装,68.0,2010.0,280.0
朝阳,3室,东南,未知,简装,148.0,2000.0,960.0
朝阳,3室,东北,有电梯,简装,63.0,1981.0,420.0
朝阳,2室,南北,未知,其他,54.0,1983.0,265.0
朝阳,2室,南北,无电梯,精装,54.0,1991.0,450.0
朝阳,2室,南北,有电梯,精装,142.0,2008.0,1490.0
朝阳,2室,西南,有电梯,简装,106.0,2004.0,799.0
朝阳,3室,东南,有电梯,简装,162.0,2005.0,850.0
朝阳,1室,西,有电梯,精装,48.0,2006.0,398.0
朝阳,2室,南,有电梯,精装,112.0,2006.0,649.0
朝阳,2室,南,有电梯,简装,118.0,2002.0,850.0
朝阳,2室,南,有电梯,其他,57.0,1989.0,390.0
朝阳,2室,南北,有电梯,其他,108.0,2007.0,638.0
朝阳,2室,东南,有电梯,精装,68.0,2004.0,493.0
朝阳,2室,南北,未知,简装,93.0,2003.0,530.0
朝阳,2室,南北,未知,精装,119.0,2003.0,885.0
朝阳,2室,南,未知,简装,97.0,2004.0,620.0
朝阳,2室,西南,未知,精装,102.0,2002.0,660.0
朝阳,3室,南北,未知,简装,141.0,2010.0,1120.0
朝阳,2室,西南,未知,精装,105.0,2008.0,950.0
朝阳,2室,西南,无电梯,简装,64.0,1995.0,480.0
朝阳,3室,西南,有电梯,简装,119.0,2006.0,560.0
朝阳,3室,东南,有电梯,精装,125.0,2004.0,615.0
朝阳,2室,东南,无电梯,简装,57.0,1987.0,280.0
朝阳,2室,南北,未知,简装,71.0,1999.0,295.0
朝阳,2室,西南,有电梯,精装,94.0,2010.0,1076.0
朝阳,1室,南,有电梯,精装,44.0,1993.0,279.0
朝阳,3室,西北,未知,精装,113.0,2009.0,570.0
朝阳,3室,南,有电梯,精装,124.0,2002.0,695.0
朝阳,2室,南北,无电梯,简装,68.0,2000.0,340.0
朝阳,3室,南北,未知,精装,138.0,2008.0,760.0
朝阳,2室,东南,未知,精装,139.0,2004.0,795.0
朝阳,2室,南北,未知,精装,76.0,2011.0,365.0
朝阳,4室,东西,无电梯,毛坯,108.0,1992.0,630.0
朝阳,4室,南北,未知,其他,148.0,1995.0,920.0
朝阳,2室,东北,未知,精装,153.0,2006.0,1480.0
朝阳,1室,东,有电梯,简装,64.0,1998.0,370.0
朝阳,1室,南,有电梯,毛坯,47.0,1988.0,338.0
朝阳,2室,南北,有电梯,简装,92.0,2008.0,690.0
朝阳,2室,东南,有电梯,简装,114.0,2001.0,690.0
朝阳,2室,西北,有电梯,精装,83.0,2009.0,850.0
朝阳,2室,东南,有电梯,精装,89.0,2009.0,1050.0
朝阳,2室,南,有电梯,精装,86.0,2009.0,1000.0
朝阳,2室,东西,有电梯,精装,53.0,2011.0,510.0
朝阳,3室,南北,未知,精装,133.0,2012.0,980.0
朝阳,2室,东南,有电梯,简装,80.0,2000.0,579.0
朝阳,2室,南,有电梯,简装,113.0,2004.0,1150.0
朝阳,2室,东,有电梯,简装,62.0,1994.0,375.0
朝阳,2室,南,未知,简装,76.0,2011.0,665.0
朝阳,3室,西南,未知,精装,202.0,2005.0,1700.0
朝阳,3室,东南,无电梯,精装,92.0,1999.0,380.0
朝阳,3室,东西,有电梯,简装,113.0,1998.0,960.0
朝阳,2室,西南,有电梯,简装,98.0,2000.0,800.0
朝阳,2室,南北,无电梯,精装,84.0,2007.0,475.0
朝阳,1室,东,未知,精装,68.0,2007.0,450.0
朝阳,1室,西,未知,精装,109.0,2009.0,660.0
朝阳,4室,南北,有电梯,精装,140.0,2004.0,910.0
朝阳,2室,南,未知,毛坯,65.0,1988.0,399.0
朝阳,3室,南,未知,简装,124.0,2001.0,595.0
朝阳,1室,东南,未知,精装,68.0,2006.0,698.0
朝阳,3室,南北,未知,简装,156.0,2005.0,1200.0
朝阳,2室,南北,无电梯,精装,56.0,1999.0,530.0
朝阳,2室,南,未知,简装,74.0,2010.0,370.0
朝阳,3室,东南,有电梯,简装,93.0,2000.0,537.0
朝阳,2室,西北,有电梯,精装,99.0,2008.0,780.0
朝阳,2室,东南,未知,精装,94.0,2007.0,500.0
朝阳,1室,南,有电梯,精装,44.0,1993.0,279.0
朝阳,2室,南北,有电梯,简装,110.0,2006.0,550.0
朝阳,2室,南北,无电梯,简装,65.0,1995.0,423.0
朝阳,3室,西南,有电梯,其他,111.0,2008.0,917.0
朝阳,3室,东北,有电梯,精装,133.0,2004.0,1000.0
朝阳,3室,南北,有电梯,精装,118.0,2013.0,1550.0
朝阳,3室,西南,未知,简装,144.0,2001.0,730.0
朝阳,3室,西南,未知,简装,59.0,1982.0,325.0
朝阳,2室,南北,未知,精装,123.0,2005.0,1233.0
朝阳,2室,南北,有电梯,精装,99.0,2005.0,570.0
朝阳,2室,南,有电梯,简装,62.0,1988.0,446.0
朝阳,2室,西,有电梯,其他,90.0,1998.0,720.0
朝阳,3室,南北,未知,精装,118.0,2010.0,700.0
朝阳,2室,南,有电梯,简装,57.0,1986.0,460.0
朝阳,2室,南,有电梯,简装,99.0,2005.0,510.0
朝阳,2室,南,未知,毛坯,88.0,2010.0,440.0
朝阳,2室,南,未知,简装,62.0,1994.0,460.0
朝阳,3室,南北,有电梯,精装,136.0,2008.0,1150.0
朝阳,2室,南北,无电梯,简装,58.0,1995.0,340.0
朝阳,2室,南,未知,精装,99.0,2008.0,540.0
朝阳,2室,西南,有电梯,精装,89.0,2012.0,447.0
朝阳,3室,南北,有电梯,简装,140.0,2005.0,956.0
朝阳,3室,南北,无电梯,精装,55.0,1978.0,452.0
朝阳,2室,南北,有电梯,简装,76.0,1997.0,520.0
朝阳,1室,东,有电梯,精装,75.0,2008.0,700.0
朝阳,2室,南,有电梯,毛坯,91.0,2008.0,712.5
朝阳,2室,南北,有电梯,简装,92.0,2008.0,690.0
朝阳,2室,东南,有电梯,简装,114.0,2001.0,690.0
朝阳,2室,西南,有电梯,精装,76.0,1996.0,612.0
朝阳,2室,南北,未知,其他,87.0,2011.0,512.0
朝阳,2室,东南,未知,精装,123.0,1999.0,740.0
朝阳,3室,东南,有电梯,简装,122.0,2003.0,920.0
朝阳,2室,南,有电梯,精装,118.0,2004.0,1000.0
朝阳,2室,西南,未知,精装,90.0,2010.0,840.0
朝阳,2室,西南,有电梯,精装,83.0,2009.0,370.0
朝阳,2室,东南,有电梯,简装,89.0,2001.0,430.0
朝阳,3室,西南,有电梯,其他,90.0,2010.0,628.0
朝阳,3室,东北,有电梯,精装,133.0,2004.0,1000.0
朝阳,3室,西南,有电梯,其他,111.0,2008.0,917.0
朝阳,3室,南北,有电梯,精装,151.0,2004.0,1400.0
朝阳,3室,南北,未知,精装,142.0,2003.0,888.0
朝阳,2室,南,有电梯,精装,108.0,2006.0,810.0
朝阳,2室,南,有电梯,简装,123.0,1998.0,720.0
朝阳,3室,南北,有电梯,精装,178.0,2007.0,1700.0
朝阳,4室,南北,未知,精装,211.0,2002.0,1800.0
朝阳,2室,南,有电梯,精装,80.0,2006.0,650.0
朝阳,2室,南北,未知,简装,82.0,2001.0,590.0
朝阳,2室,东南,有电梯,精装,138.0,2003.0,1350.0
朝阳,2室,南,无电梯,精装,50.0,1982.0,299.0
朝阳,3室,南北,有电梯,精装,118.0,2013.0,1550.0
朝阳,3室,南北,有电梯,精装,136.0,2008.0,1150.0
朝阳,2室,南北,无电梯,简装,58.0,1995.0,340.0
朝阳,2室,南,未知,精装,99.0,2008.0,540.0
朝阳,2室,南,有电梯,简装,57.0,1986.0,460.0
朝阳,2室,南,有电梯,简装,99.0,2005.0,510.0
朝阳,2室,西南,有电梯,精装,89.0,2012.0,447.0
朝阳,3室,南北,有电梯,简装,140.0,2005.0,956.0
朝阳,2室,南,未知,简装,62.0,1994.0,460.0
朝阳,2室,南北,有电梯,精装,66.0,2012.0,620.0
朝阳,3室,南北,无电梯,精装,55.0,1978.0,452.0
朝阳,3室,西南,未知,简装,111.0,2008.0,827.0
朝阳,2室,西南,有电梯,精装,91.0,2010.0,970.0
朝阳,3室,南,有电梯,简装,79.0,1986.0,570.0
朝阳,2室,西南,有电梯,精装,83.0,2007.0,520.0
朝阳,2室,西南,有电梯,精装,90.0,2000.0,590.0
朝阳,2室,南北,有电梯,简装,93.0,2003.0,540.0
朝阳,2室,南北,有电梯,精装,123.0,2006.0,930.0
朝阳,2室,南北,有电梯,简装,69.0,2006.0,480.0
朝阳,4室,南北,无电梯,精装,207.0,2004.0,1280.0
朝阳,2室,南北,无电梯,简装,88.0,1997.0,378.0
朝阳,3室,南北,有电梯,精装,147.0,2000.0,1100.0
朝阳,3室,东南,未知,精装,174.0,2004.0,1700.0
朝阳,2室,南北,有电梯,精装,98.0,2007.0,666.0
朝阳,3室,南北,有电梯,精装,141.0,2006.0,1050.0
朝阳,2室,东西,无电梯,简装,90.0,2000.0,615.0
朝阳,3室,东,有电梯,其他,164.0,1995.0,850.0
朝阳,2室,南,有电梯,精装,107.0,2011.0,865.0
朝阳,3室,西南,有电梯,简装,155.0,1999.0,1030.0
朝阳,2室,南北,未知,简装,106.0,1990.0,725.0
朝阳,3室,东西,未知,简装,122.0,2005.0,650.0
朝阳,3室,西南,有电梯,简装,158.0,1999.0,1038.0
朝阳,3室,西南,有电梯,简装,137.0,2008.0,860.0
朝阳,3室,南,有电梯,精装,156.0,2002.0,1150.0
朝阳,3室,南北,有电梯,精装,175.0,2005.0,805.0
朝阳,2室,南北,无电梯,简装,65.0,1995.0,423.0
朝阳,2室,东,有电梯,精装,70.0,2007.0,370.0
朝阳,3室,南北,有电梯,精装,118.0,2013.0,1550.0
朝阳,3室,西南,未知,简装,144.0,2001.0,730.0
朝阳,2室,南北,有电梯,精装,89.0,2010.0,720.0
朝阳,2室,南,未知,精装,93.0,2008.0,528.0
朝阳,2室,东南,有电梯,简装,74.0,1988.0,440.0
朝阳,2室,南北,无电梯,简装,56.0,1984.0,320.0
朝阳,2室,西,有电梯,其他,66.0,2002.0,397.0
朝阳,3室,西南,未知,精装,182.0,2004.0,1350.0
朝阳,3室,南北,有电梯,精装,153.0,2007.0,980.0
朝阳,3室,西南,有电梯,精装,148.0,2006.0,1050.0
朝阳,2室,南北,无电梯,简装,56.0,1979.0,330.0
朝阳,2室,西南,有电梯,精装,91.0,2010.0,970.0
朝阳,3室,南北,有电梯,精装,153.0,2006.0,1050.0
朝阳,3室,东南,有电梯,精装,132.0,2003.0,902.0
朝阳,2室,南,有电梯,精装,100.0,2006.0,650.0
朝阳,2室,西南,有电梯,精装,99.0,2005.0,545.0
朝阳,2室,南北,有电梯,精装,117.0,2010.0,910.0
朝阳,3室,南北,有电梯,精装,137.0,2004.0,1150.0
朝阳,2室,南,无电梯,精装,55.0,1982.0,360.0
朝阳,2室,南北,未知,精装,53.0,1982.0,404.0
朝阳,2室,南北,有电梯,精装,107.0,2007.0,670.0
朝阳,3室,南北,无电梯,精装,111.0,2003.0,518.0
朝阳,2室,西南,有电梯,简装,96.0,2001.0,690.0
朝阳,2室,西南,无电梯,精装,75.0,2001.0,399.0
朝阳,3室,南北,有电梯,精装,150.0,2010.0,902.0
朝阳,2室,东南,未知,精装,61.0,1985.0,425.0
朝阳,2室,南北,有电梯,精装,109.0,2009.0,730.0
朝阳,2室,南北,无电梯,简装,72.0,2000.0,408.0
朝阳,2室,南西,有电梯,精装,69.0,1991.0,528.0
朝阳,2室,南北,有电梯,精装,98.0,2004.0,750.0
朝阳,3室,东南,有电梯,精装,85.0,1990.0,650.0
朝阳,3室,西南,有电梯,精装,158.0,2004.0,756.0
朝阳,2室,东,有电梯,简装,75.0,2001.0,445.0
朝阳,2室,东南,有电梯,简装,72.0,1998.0,730.0
朝阳,3室,西南,无电梯,简装,148.0,1998.0,828.0
朝阳,3室,南北,有电梯,精装,150.0,2001.0,1440.0
朝阳,2室,南北,有电梯,精装,97.0,2007.0,690.0
朝阳,2室,西南,无电梯,简装,60.0,1984.0,370.0
朝阳,2室,东南,有电梯,精装,152.0,2000.0,1066.0
朝阳,2室,西南,有电梯,精装,74.0,2000.0,550.0
朝阳,2室,东西,无电梯,简装,92.0,2000.0,530.0
朝阳,2室,西北,未知,其他,97.0,2008.0,775.0
朝阳,3室,东西,有电梯,简装,83.0,2000.0,550.0
朝阳,3室,南北,有电梯,简装,156.0,2006.0,1450.0
朝阳,2室,东南,有电梯,精装,80.0,2005.0,456.0
朝阳,2室,东南,有电梯,简装,71.0,2010.0,313.0
朝阳,3室,南北,有电梯,精装,133.0,2012.0,950.0
朝阳,3室,南北,有电梯,精装,153.0,2006.0,1050.0
朝阳,2室,南北,有电梯,精装,89.0,2010.0,720.0
朝阳,3室,东南,有电梯,精装,132.0,2003.0,902.0
朝阳,2室,南,有电梯,精装,100.0,2006.0,650.0
朝阳,3室,南北,有电梯,其他,128.0,2004.0,759.0
朝阳,3室,东南,有电梯,精装,107.0,1998.0,710.0
朝阳,2室,南北,无电梯,简装,53.0,1986.0,376.0
朝阳,4室,南北,有电梯,简装,167.0,2003.0,1150.0
朝阳,2室,南,有电梯,精装,58.0,1985.0,415.0
朝阳,2室,南北,有电梯,精装,91.0,2004.0,630.0
朝阳,3室,东南,无电梯,简装,66.0,1987.0,429.0
朝阳,3室,东南,有电梯,精装,130.0,2006.0,765.0
朝阳,2室,南北,有电梯,精装,124.0,2009.0,490.0
朝阳,2室,西南,有电梯,精装,97.0,2006.0,710.0
朝阳,3室,南北,未知,精装,131.0,2004.0,1200.0
朝阳,2室,东西,无电梯,精装,71.0,1995.0,395.0
朝阳,3室,东西,无电梯,简装,72.0,1994.0,369.0
朝阳,1室,南,未知,简装,40.0,1983.0,263.0
朝阳,2室,南北,无电梯,简装,107.0,2003.0,530.0
朝阳,3室,西南,无电梯,简装,148.0,1998.0,828.0
朝阳,3室,西北,有电梯,精装,122.0,2000.0,1020.0
朝阳,3室,东西,未知,精装,116.0,2004.0,988.0
朝阳,3室,东南,有电梯,精装,103.0,2009.0,860.0
朝阳,2室,南,无电梯,简装,66.0,2005.0,300.0
朝阳,2室,西南,有电梯,精装,98.0,2006.0,429.0
朝阳,2室,南北,无电梯,毛坯,61.0,1994.0,430.0
朝阳,2室,东南,未知,精装,99.0,2000.0,460.0
朝阳,2室,东北,有电梯,精装,77.0,2004.0,389.0
朝阳,2室,南,有电梯,精装,81.0,1999.0,480.0
朝阳,2室,西南,有电梯,精装,99.0,2005.0,545.0
朝阳,2室,南北,有电梯,精装,117.0,2010.0,910.0
朝阳,3室,南北,有电梯,精装,137.0,2004.0,1150.0
朝阳,2室,南,无电梯,精装,55.0,1982.0,360.0
朝阳,3室,南北,无电梯,精装,111.0,2003.0,518.0
朝阳,2室,西南,有电梯,简装,96.0,2001.0,690.0
朝阳,2室,南西,有电梯,精装,69.0,1991.0,528.0
朝阳,2室,南北,有电梯,精装,98.0,2004.0,750.0
朝阳,3室,东南,有电梯,精装,85.0,1990.0,650.0
朝阳,3室,西南,有电梯,精装,130.0,2004.0,960.0
朝阳,3室,东南,有电梯,精装,123.0,2008.0,1150.0
朝阳,3室,西北,有电梯,简装,118.0,1998.0,610.0
朝阳,3室,南北,有电梯,精装,125.0,2006.0,820.0
朝阳,2室,西北,有电梯,精装,118.0,1995.0,600.0
朝阳,3室,南北,有电梯,精装,125.0,2006.0,1250.0
朝阳,3室,南,有电梯,简装,124.0,1999.0,710.0
朝阳,3室,南北,有电梯,简装,139.0,2004.0,680.0
朝阳,2室,西南,有电梯,精装,86.0,1998.0,455.0
朝阳,3室,西南,有电梯,简装,162.0,2003.0,1120.0
朝阳,3室,东南,有电梯,精装,147.0,2003.0,1160.0
朝阳,2室,东南,未知,精装,50.0,1983.0,360.0
朝阳,2室,东西,无电梯,精装,71.0,1995.0,395.0
朝阳,2室,南,未知,其他,109.0,2004.0,900.0
朝阳,2室,南,未知,精装,81.0,2007.0,635.0
朝阳,3室,东北,有电梯,精装,90.0,2000.0,430.0
朝阳,2室,西南,有电梯,简装,103.0,2003.0,670.0
朝阳,2室,西南,有电梯,精装,74.0,1987.0,536.0
朝阳,3室,西南,有电梯,其他,120.0,2001.0,799.0
朝阳,2室,南,有电梯,精装,86.0,2008.0,700.0
朝阳,3室,西北,有电梯,精装,133.0,2001.0,940.0
朝阳,3室,南北,有电梯,精装,115.0,2004.0,1140.0
朝阳,2室,西南,未知,精装,92.0,2008.0,690.0
朝阳,3室,东南,有电梯,精装,130.0,2006.0,765.0
朝阳,3室,东南,无电梯,简装,66.0,1987.0,429.0
朝阳,2室,南西,有电梯,精装,98.0,2006.0,430.0
朝阳,3室,东南,有电梯,精装,139.0,2006.0,950.0
朝阳,2室,南北,无电梯,简装,56.0,1984.0,420.0
朝阳,2室,南北,有电梯,精装,124.0,2009.0,490.0
朝阳,3室,南北,未知,精装,128.0,2004.0,772.0
朝阳,1室,西,未知,简装,50.0,1989.0,395.0
朝阳,3室,西南,有电梯,简装,107.0,2000.0,530.0
朝阳,2室,西南,有电梯,简装,106.0,1995.0,620.0
朝阳,3室,西南,未知,简装,91.0,2011.0,430.0
朝阳,2室,西,未知,精装,91.0,2006.0,600.0
朝阳,1室,南,有电梯,精装,66.0,2008.0,410.0
朝阳,2室,西南,有电梯,简装,80.0,2000.0,620.0
朝阳,1室,西,未知,精装,54.0,2002.0,380.0
朝阳,3室,东南,有电梯,简装,145.0,2002.0,1190.0
朝阳,2室,东南,有电梯,简装,120.0,2009.0,936.0
朝阳,3室,东南,有电梯,精装,234.0,2003.0,1250.0
朝阳,3室,西北,有电梯,简装,111.0,2000.0,666.0
朝阳,2室,西北,有电梯,简装,84.0,1997.0,589.0
朝阳,3室,南北,无电梯,简装,122.0,2005.0,550.0
朝阳,2室,西南,有电梯,精装,138.0,2004.0,1110.0
朝阳,2室,西南,有电梯,简装,112.0,2001.0,550.0
朝阳,3室,东北,未知,精装,115.0,2000.0,620.0
朝阳,3室,南北,无电梯,简装,121.0,2004.0,560.0
朝阳,2室,东西,未知,毛坯,99.0,2008.0,517.0
朝阳,3室,南北,未知,精装,203.0,2003.0,1680.0
朝阳,2室,北,有电梯,简装,83.0,1997.0,538.0
朝阳,2室,西北,有电梯,精装,103.0,2008.0,910.0
朝阳,4室,南北,有电梯,精装,177.0,2006.0,1590.0
朝阳,3室,南北,有电梯,精装,173.0,2005.0,1298.0
朝阳,3室,南北,无电梯,精装,129.0,1999.0,740.0
朝阳,5室,南北,无电梯,简装,199.0,2005.0,780.0
朝阳,3室,东南,有电梯,精装,123.0,2008.0,1150.0
朝阳,3室,南北,未知,精装,147.0,2007.0,1600.0
朝阳,2室,南,未知,其他,110.0,2006.0,850.0
朝阳,2室,南北,未知,精装,64.0,1993.0,430.0
朝阳,3室,南北,有电梯,精装,95.0,1999.0,550.0
朝阳,2室,南北,未知,精装,98.0,2006.0,600.0
朝阳,1室,南,未知,简装,60.0,2008.0,442.0
朝阳,3室,东北,有电梯,简装,108.0,2003.0,470.0
朝阳,1室,南,有电梯,精装,58.0,2006.0,398.0
朝阳,3室,南北,未知,简装,122.0,1999.0,1030.0
朝阳,2室,南北,有电梯,精装,108.0,2005.0,630.0
朝阳,1室,西南,有电梯,精装,71.0,2009.0,406.0
朝阳,2室,西南,未知,精装,98.0,2008.0,775.0
朝阳,3室,西北,无电梯,精装,90.0,1997.0,580.0
朝阳,2室,东西,未知,简装,62.0,1990.0,465.0
朝阳,1室,东西,无电梯,精装,43.0,1994.0,275.0
朝阳,3室,南北,未知,简装,69.0,1985.0,530.0
朝阳,2室,南,无电梯,简装,59.0,1980.0,356.0
朝阳,3室,南北,无电梯,简装,97.0,1994.0,698.0
朝阳,2室,东西,无电梯,简装,80.0,2003.0,400.0
朝阳,2室,南北,未知,简装,58.0,1990.0,450.0
朝阳,2室,东南,未知,精装,102.0,1996.0,700.0
朝阳,2室,东南,未知,精装,93.0,2001.0,580.0
朝阳,2室,南北,未知,简装,75.0,1995.0,610.0
朝阳,2室,南北,未知,简装,60.0,1996.0,365.0
朝阳,2室,南西,有电梯,精装,90.0,2006.0,495.0
朝阳,3室,南北,有电梯,简装,129.0,2006.0,696.0
朝阳,3室,西北,未知,精装,133.0,2002.0,900.0
朝阳,2室,南北,未知,精装,95.0,2002.0,450.0
朝阳,3室,东南,未知,精装,115.0,2006.0,735.0
朝阳,3室,西南,未知,精装,146.0,2000.0,750.0
朝阳,2室,西北,未知,简装,94.0,2005.0,810.0
朝阳,3室,南北,无电梯,精装,126.0,2004.0,660.0
朝阳,3室,南北,有电梯,精装,142.0,2007.0,880.0
朝阳,3室,南北,有电梯,简装,122.0,2006.0,830.0
朝阳,1室,东,未知,精装,65.0,2002.0,380.0
朝阳,1室,东,有电梯,精装,47.0,2010.0,230.0
朝阳,1室,南,未知,精装,49.0,2006.0,248.0
朝阳,2室,东南,未知,精装,122.0,2007.0,950.0
朝阳,3室,南北,无电梯,精装,107.0,1999.0,660.0
朝阳,3室,南西,有电梯,精装,118.0,2000.0,826.0
朝阳,4室,东南,有电梯,精装,190.0,2006.0,1525.0
朝阳,1室,北,有电梯,精装,59.0,1998.0,430.0
朝阳,4室,南北,有电梯,简装,210.0,2006.0,1500.0
朝阳,1室,东西,有电梯,简装,75.0,2005.0,510.0
朝阳,2室,东西,未知,精装,70.0,2001.0,358.0
朝阳,3室,东南,未知,精装,69.0,1989.0,410.0
朝阳,2室,南北,未知,精装,97.0,2009.0,710.0
朝阳,2室,西南,未知,精装,87.0,2007.0,585.0
朝阳,2室,南,未知,精装,129.0,2005.0,998.0
朝阳,3室,西南,未知,精装,89.0,2010.0,388.0
朝阳,2室,南西,未知,精装,68.0,1994.0,400.0
朝阳,3室,南北,未知,简装,107.0,1999.0,1060.0
朝阳,2室,南西,未知,简装,88.0,2010.0,410.0
朝阳,3室,东南,未知,精装,148.0,2003.0,1230.0
朝阳,1室,南,有电梯,精装,58.0,2006.0,398.0
朝阳,1室,南,未知,简装,60.0,2008.0,442.0
朝阳,3室,西南,有电梯,简装,133.0,1997.0,750.0
朝阳,4室,南北,未知,精装,123.0,1995.0,590.0
朝阳,4室,东南,无电梯,简装,178.0,1999.0,1250.0
朝阳,1室,西南,无电梯,简装,42.0,1994.0,266.0
朝阳,2室,南北,未知,简装,59.0,1982.0,290.0
朝阳,4室,南北,无电梯,精装,159.0,2002.0,799.0
朝阳,1室,南,无电梯,精装,71.0,2001.0,408.0
朝阳,1室,东南,有电梯,精装,69.0,2008.0,415.0
朝阳,1室,西北,有电梯,精装,85.0,2009.0,378.0
朝阳,1室,西北,未知,简装,62.0,2004.0,495.0
朝阳,其他,南,未知,精装,55.0,2011.0,249.0
朝阳,1室,南,未知,简装,54.0,2010.0,260.0
朝阳,1室,南北,无电梯,精装,47.0,1990.0,342.0
朝阳,2室,东西,无电梯,精装,56.0,1987.0,408.0
朝阳,2室,西南,有电梯,精装,93.0,2008.0,675.0
朝阳,2室,东,有电梯,精装,88.0,2008.0,500.0
朝阳,2室,南北,无电梯,精装,64.0,1993.0,513.0
朝阳,2室,南北,无电梯,其他,50.0,1984.0,355.0
朝阳,1室,西,有电梯,简装,65.0,1998.0,405.0
朝阳,1室,西南,未知,简装,76.0,2006.0,599.0
朝阳,2室,南北,无电梯,简装,52.0,1981.0,245.0
朝阳,3室,南北,有电梯,简装,138.0,2006.0,900.0
朝阳,1室,北,有电梯,精装,75.0,2005.0,445.0
朝阳,2室,西北,未知,简装,69.0,1992.0,553.0
朝阳,3室,南北,无电梯,简装,121.0,1999.0,859.1
朝阳,2室,南,无电梯,简装,63.0,1995.0,330.0
朝阳,1室,东南,有电梯,精装,71.0,2009.0,400.0
朝阳,2室,西北,有电梯,简装,63.0,2000.0,340.0
朝阳,1室,东南,未知,精装,65.0,2008.0,430.0
朝阳,3室,南北,未知,精装,101.0,1999.0,568.0
朝阳,3室,南西,有电梯,简装,104.0,2000.0,750.0
朝阳,3室,南北,有电梯,精装,126.0,2006.0,980.0
朝阳,2室,南北,未知,精装,82.0,2001.0,600.0
朝阳,2室,南北,未知,精装,85.0,2001.0,650.0
朝阳,2室,北,有电梯,精装,113.0,1997.0,790.0
朝阳,2室,西南,未知,精装,110.0,2006.0,846.0
朝阳,3室,南北,有电梯,精装,130.0,2009.0,830.0
朝阳,1室,南,无电梯,精装,35.0,1977.0,284.0
朝阳,3室,南北,未知,精装,131.0,2003.0,1100.0
朝阳,3室,西南,未知,简装,84.0,1995.0,480.0
朝阳,3室,南北,未知,精装,144.0,2005.0,840.0
朝阳,3室,南北,有电梯,精装,157.0,2007.0,1509.0
朝阳,4室,南北,未知,精装,118.0,1994.0,780.0
朝阳,1室,南,有电梯,精装,101.0,2007.0,860.0
朝阳,1室,北,未知,简装,64.0,1998.0,400.0
朝阳,1室,东,未知,简装,38.0,1984.0,310.0
朝阳,3室,南北,无电梯,精装,262.0,2004.0,1200.0
朝阳,4室,东南,有电梯,精装,168.0,1999.0,1090.0
朝阳,3室,东西,有电梯,精装,86.0,2010.0,890.0
朝阳,3室,南,有电梯,其他,166.0,2000.0,1270.0
朝阳,4室,西南,无电梯,精装,183.0,2003.0,1220.0
朝阳,4室,南北,有电梯,精装,151.0,2009.0,1140.0
朝阳,3室,东南,有电梯,精装,125.0,2005.0,1050.0
朝阳,1室,西,有电梯,精装,65.0,2009.0,440.0
朝阳,3室,南北,有电梯,精装,157.0,2007.0,1500.0
朝阳,3室,南北,未知,简装,71.0,1984.0,475.0
朝阳,2室,南,有电梯,精装,81.0,2011.0,680.0
朝阳,2室,东南,未知,精装,114.0,2005.0,960.0
朝阳,1室,东北,有电梯,精装,64.0,2003.0,360.0
朝阳,2室,西,未知,简装,77.0,2006.0,490.0
朝阳,2室,南北,未知,精装,101.0,2006.0,450.0
朝阳,2室,东北,有电梯,简装,66.0,1985.0,425.0
朝阳,3室,南北,未知,简装,78.0,1996.0,530.0
朝阳,2室,南北,未知,精装,105.0,2008.0,840.0
朝阳,2室,东南,未知,精装,112.0,2001.0,680.0
朝阳,2室,南,未知,精装,110.0,2007.0,1250.0
朝阳,3室,东南,未知,精装,135.0,2001.0,1100.0
朝阳,2室,西南,有电梯,精装,70.0,1998.0,420.0
朝阳,2室,南北,未知,简装,90.0,2006.0,426.0
朝阳,2室,东南,未知,精装,81.0,1998.0,610.0
朝阳,3室,东南,有电梯,精装,138.0,2004.0,960.0
朝阳,2室,东西,未知,精装,61.0,1994.0,350.0
朝阳,2室,东北,未知,精装,82.0,2009.0,400.0
朝阳,3室,东南,未知,精装,118.0,2004.0,900.0
朝阳,3室,西南,有电梯,精装,83.0,1994.0,490.0
朝阳,2室,西南,有电梯,精装,108.0,2003.0,850.0
朝阳,2室,南北,无电梯,精装,47.0,1980.0,230.0
朝阳,2室,南北,无电梯,简装,76.0,2004.0,422.0
朝阳,2室,东南,未知,精装,91.0,2009.0,523.0
朝阳,3室,南北,未知,精装,85.0,1995.0,943.0
朝阳,2室,东西,未知,简装,64.0,1985.0,448.0
朝阳,2室,南北,未知,简装,62.0,1998.0,210.0
朝阳,2室,南,无电梯,精装,55.0,1980.0,370.0
朝阳,3室,南北,未知,精装,210.0,2005.0,1530.0
朝阳,2室,西南,有电梯,精装,97.0,2005.0,515.0
朝阳,3室,南北,有电梯,精装,141.0,2006.0,900.0
朝阳,4室,东南,有电梯,精装,169.0,2002.0,860.0
朝阳,2室,西南,有电梯,精装,112.0,1997.0,720.0
朝阳,2室,西,有电梯,精装,130.0,2003.0,1045.0
朝阳,2室,东南,有电梯,精装,103.0,2001.0,530.0
朝阳,2室,南,有电梯,精装,123.0,2004.0,1180.0
朝阳,2室,南北,未知,精装,97.0,2002.0,500.0
朝阳,2室,西,未知,精装,93.0,2005.0,725.0
朝阳,2室,东南,有电梯,精装,128.0,2006.0,1490.0
朝阳,2室,西北,有电梯,精装,69.0,2010.0,280.0
朝阳,3室,西南,有电梯,简装,109.0,1998.0,658.0
朝阳,2室,南,未知,精装,83.0,2004.0,347.0
朝阳,2室,东南,未知,精装,110.0,2004.0,880.0
朝阳,3室,南北,未知,精装,150.0,2000.0,1000.0
朝阳,3室,西北,有电梯,精装,141.0,2004.0,690.0
朝阳,2室,东南,未知,精装,113.0,1996.0,690.0
朝阳,3室,西南,有电梯,简装,91.0,2011.0,415.0
朝阳,3室,南北,无电梯,简装,76.0,1996.0,330.0
朝阳,2室,东北,未知,简装,79.0,2006.0,550.0
朝阳,3室,东南,未知,简装,104.0,1995.0,759.0
朝阳,1室,东南,未知,简装,95.0,1996.0,710.0
朝阳,2室,东西,未知,毛坯,57.0,1994.0,335.0
朝阳,3室,南北,有电梯,精装,144.0,2006.0,1200.0
朝阳,2室,东南,有电梯,精装,98.0,2006.0,700.0
朝阳,2室,东北,有电梯,精装,113.0,2008.0,980.0
朝阳,2室,南北,无电梯,精装,57.0,1986.0,418.0
朝阳,3室,西南,未知,精装,133.0,2007.0,840.0
朝阳,3室,南北,有电梯,精装,129.0,2006.0,860.0
朝阳,2室,南北,无电梯,精装,93.0,2006.0,455.0
朝阳,2室,南北,未知,精装,77.0,2011.0,378.0
朝阳,4室,南,有电梯,精装,139.0,2002.0,1050.0
朝阳,3室,南北,有电梯,精装,136.0,2006.0,720.0
朝阳,3室,东南,未知,精装,119.0,2001.0,850.0
朝阳,3室,东南,有电梯,精装,143.0,1997.0,1060.0
朝阳,2室,南北,未知,精装,60.0,1979.0,405.0
朝阳,3室,南北,未知,简装,137.0,2006.0,1100.0
朝阳,2室,西南,有电梯,简装,82.0,1999.0,660.0
朝阳,3室,东北,有电梯,精装,77.0,1994.0,395.0
朝阳,2室,西北,未知,精装,91.0,2000.0,720.0
朝阳,2室,南北,无电梯,精装,58.0,1995.0,378.0
朝阳,2室,东,无电梯,精装,55.0,1989.0,290.0
朝阳,3室,东南,有电梯,简装,111.0,2000.0,670.0
朝阳,2室,西南,有电梯,精装,91.0,2006.0,565.0
朝阳,3室,西南,未知,精装,131.0,2002.0,780.0
朝阳,2室,东西,未知,精装,84.0,2010.0,630.0
朝阳,3室,南北,无电梯,精装,64.0,1979.0,405.0
朝阳,3室,东南,未知,精装,97.0,1998.0,720.0
朝阳,2室,南,未知,简装,102.0,2001.0,545.0
朝阳,2室,东南,有电梯,精装,107.0,1998.0,660.0
朝阳,2室,南北,未知,简装,71.0,2000.0,320.0
朝阳,3室,南北,有电梯,简装,132.0,2005.0,1080.0
朝阳,3室,南北,有电梯,精装,141.0,2006.0,900.0
朝阳,2室,西南,有电梯,精装,106.0,2007.0,480.0
朝阳,2室,东南,未知,精装,85.0,2010.0,670.0
朝阳,3室,西南,有电梯,精装,135.0,2002.0,1000.0
朝阳,2室,东南,有电梯,精装,103.0,2001.0,530.0
朝阳,2室,南,有电梯,精装,123.0,2004.0,1180.0
朝阳,2室,东北,未知,简装,79.0,2006.0,550.0
朝阳,3室,东南,未知,简装,104.0,1995.0,759.0
朝阳,2室,南,有电梯,精装,84.0,2006.0,680.0
朝阳,1室,东,有电梯,简装,58.0,2004.0,368.0
朝阳,1室,东西,有电梯,精装,55.0,2006.0,502.0
朝阳,1室,南,未知,简装,43.0,1992.0,315.0
朝阳,2室,东北,有电梯,精装,91.0,2006.0,569.0
朝阳,3室,南北,无电梯,精装,140.0,2000.0,756.0
朝阳,2室,南北,有电梯,精装,96.0,2004.0,742.0
朝阳,2室,南北,未知,精装,102.0,2004.0,1070.0
朝阳,2室,西北,未知,简装,111.0,2001.0,588.0
朝阳,2室,南,未知,简装,73.0,2000.0,349.0
朝阳,2室,南北,无电梯,精装,68.0,2000.0,475.0
朝阳,2室,南北,无电梯,精装,54.0,1984.0,345.0
朝阳,3室,南北,有电梯,精装,150.0,2004.0,1330.0
朝阳,2室,南北,有电梯,简装,91.0,2003.0,450.0
朝阳,2室,南,有电梯,精装,79.0,2008.0,500.0
朝阳,2室,西南,有电梯,精装,76.0,1999.0,400.0
朝阳,2室,南北,无电梯,精装,61.0,1997.0,540.0
朝阳,2室,南北,无电梯,简装,92.0,1997.0,598.0
朝阳,2室,南北,未知,精装,61.0,1994.0,540.0
朝阳,2室,南北,有电梯,简装,126.0,2004.0,1000.0
朝阳,2室,南北,未知,精装,94.0,2007.0,520.0
朝阳,1室,南,未知,简装,51.0,1998.0,312.0
朝阳,2室,西,未知,精装,74.0,2006.0,470.0
朝阳,2室,西南,无电梯,简装,54.0,1983.0,363.0
朝阳,2室,南,未知,简装,58.0,1983.0,320.0
朝阳,3室,南北,有电梯,精装,174.0,2007.0,900.0
朝阳,2室,西,未知,简装,85.0,2001.0,455.0
朝阳,2室,南北,无电梯,简装,57.0,1979.0,347.0
朝阳,2室,南西,未知,精装,72.0,1997.0,569.0
朝阳,3室,南北,未知,精装,68.0,1984.0,465.0
朝阳,2室,东南,有电梯,简装,128.0,2004.0,960.0
朝阳,2室,南北,无电梯,其他,87.0,2003.0,520.0
朝阳,2室,东,有电梯,简装,108.0,2005.0,702.0
朝阳,2室,南北,无电梯,精装,61.0,1983.0,389.0
朝阳,2室,南北,无电梯,毛坯,56.0,1992.0,420.0
朝阳,3室,东南,有电梯,精装,139.0,2005.0,700.0
朝阳,2室,南北,未知,精装,89.0,2002.0,570.0
朝阳,1室,西北,有电梯,简装,46.0,1992.0,380.0
朝阳,1室,东,未知,精装,53.0,1993.0,310.0
朝阳,2室,东,未知,简装,68.0,1998.0,270.0
朝阳,2室,南北,无电梯,精装,102.0,1999.0,675.0
朝阳,2室,南北,未知,精装,62.0,1997.0,437.0
朝阳,2室,南北,未知,精装,61.0,1987.0,388.0
朝阳,2室,南北,无电梯,其他,58.0,1984.0,450.0
朝阳,3室,西南,有电梯,精装,162.0,2005.0,850.0
朝阳,3室,南北,有电梯,毛坯,142.0,2010.0,1050.0
朝阳,2室,南北,未知,简装,61.0,1981.0,415.0
朝阳,1室,西,未知,其他,79.0,2005.0,750.0
朝阳,3室,南北,未知,精装,95.0,2011.0,650.0
朝阳,2室,东北,未知,精装,111.0,2005.0,830.0
朝阳,1室,西南,有电梯,精装,65.0,2004.0,385.0
朝阳,1室,南北,未知,精装,71.0,2006.0,437.0
朝阳,1室,东南,有电梯,其他,49.0,2010.0,198.0
朝阳,2室,南北,无电梯,精装,58.0,1985.0,480.0
朝阳,3室,南北,有电梯,精装,133.0,2008.0,1150.0
朝阳,1室,南北,有电梯,精装,68.0,2009.0,430.0
朝阳,2室,南,有电梯,精装,79.0,2008.0,500.0
朝阳,2室,西南,有电梯,简装,106.0,2002.0,990.0
朝阳,1室,南,有电梯,简装,70.0,2009.0,570.0
朝阳,3室,东北,未知,简装,74.0,1991.0,550.0
朝阳,2室,西北,无电梯,简装,50.0,1983.0,290.0
朝阳,3室,东南,有电梯,简装,151.0,2001.0,1280.0
朝阳,3室,南北,有电梯,精装,136.0,2006.0,1230.0
朝阳,3室,南,有电梯,简装,147.0,2001.0,750.0
朝阳,2室,东南,有电梯,精装,86.0,2006.0,770.0
朝阳,2室,西,未知,精装,104.0,2008.0,520.0
朝阳,2室,南,有电梯,精装,117.0,2004.0,850.0
朝阳,2室,南,未知,精装,73.0,1998.0,546.0
朝阳,3室,东南,有电梯,简装,132.0,2004.0,630.0
朝阳,1室,东北,未知,其他,85.0,2008.0,450.0
朝阳,2室,西,未知,简装,95.0,1999.0,585.0
朝阳,2室,南北,无电梯,简装,62.0,1993.0,369.0
朝阳,2室,东南,有电梯,精装,80.0,2011.0,705.0
朝阳,3室,南北,未知,精装,136.0,2004.0,850.0
朝阳,3室,东南,有电梯,精装,161.0,2007.0,1300.0
朝阳,4室,南北,有电梯,精装,212.0,2008.0,1000.0
朝阳,3室,西南,有电梯,精装,161.0,2004.0,1100.0
朝阳,2室,东,有电梯,精装,76.0,2007.0,900.0
朝阳,3室,南北,有电梯,精装,151.0,2009.0,950.0
朝阳,3室,南北,有电梯,简装,149.0,2005.0,860.0
朝阳,4室,东南,有电梯,精装,212.0,2010.0,1500.0
朝阳,4室,西南,有电梯,精装,228.0,1999.0,1830.0
朝阳,4室,南北,有电梯,简装,161.0,2001.0,1250.0
朝阳,3室,南北,未知,精装,68.0,1984.0,465.0
朝阳,1室,南,无电梯,简装,53.0,1994.0,365.0
朝阳,1室,东南,有电梯,精装,65.0,2004.0,395.0
朝阳,1室,西南,未知,简装,57.0,2007.0,388.0
朝阳,2室,南北,有电梯,简装,99.0,2008.0,900.0
朝阳,2室,西,未知,精装,104.0,2001.0,580.0
朝阳,3室,西南,未知,精装,183.0,1998.0,1099.0
朝阳,3室,南北,未知,精装,85.0,2010.0,980.0
朝阳,3室,南北,未知,精装,163.0,2003.0,1180.0
朝阳,3室,南北,未知,精装,149.0,2008.0,750.0
朝阳,3室,西南,未知,精装,97.0,1997.0,700.0
朝阳,2室,南,未知,精装,85.0,2011.0,1150.0
朝阳,3室,东南,有电梯,精装,122.0,2007.0,630.0
朝阳,2室,东,未知,精装,51.0,2012.0,457.0
朝阳,2室,南北,无电梯,毛坯,66.0,1992.0,430.0
朝阳,3室,东北,有电梯,精装,159.0,1998.0,1050.0
朝阳,2室,西,有电梯,精装,109.0,2005.0,540.0
朝阳,2室,东北,有电梯,精装,93.0,2007.0,608.0
朝阳,3室,东北,有电梯,简装,132.0,2004.0,950.0
朝阳,3室,南北,有电梯,精装,147.0,2000.0,1050.0
朝阳,2室,南北,有电梯,简装,96.0,2007.0,650.0
朝阳,4室,南北,有电梯,精装,196.0,2005.0,1180.0
朝阳,3室,南,有电梯,简装,147.0,2001.0,750.0
朝阳,3室,东南,未知,简装,171.0,2002.0,1120.0
朝阳,2室,南,有电梯,精装,117.0,2004.0,850.0
朝阳,3室,东南,有电梯,其他,205.0,2000.0,1080.0
朝阳,2室,西,有电梯,精装,130.0,2005.0,1045.0
朝阳,1室,南北,无电梯,简装,55.0,1996.0,290.0
朝阳,3室,南,未知,精装,131.0,2001.0,850.0
朝阳,2室,南北,无电梯,精装,62.0,1992.0,385.0
朝阳,2室,西南,未知,精装,97.0,2008.0,870.0
朝阳,3室,西南,未知,简装,76.0,1995.0,530.0
朝阳,2室,东南,有电梯,精装,90.0,2008.0,540.0
朝阳,3室,西北,未知,精装,106.0,2000.0,440.0
朝阳,2室,南,未知,精装,96.0,2006.0,790.0
朝阳,2室,南北,无电梯,简装,99.0,2000.0,694.0
朝阳,4室,东南,有电梯,简装,151.0,1996.0,980.0
朝阳,3室,南,有电梯,精装,162.0,2005.0,1200.0
朝阳,3室,东南,有电梯,精装,164.0,2007.0,1600.0
朝阳,1室,东北,有电梯,精装,81.0,2008.0,618.0
朝阳,1室,北,有电梯,简装,57.0,2005.0,350.0
朝阳,1室,北,有电梯,精装,63.0,2004.0,472.0
朝阳,2室,南北,有电梯,精装,89.0,2010.0,720.0
朝阳,1室,北,有电梯,精装,45.0,2007.0,288.0
朝阳,1室,东西,未知,其他,78.0,2007.0,900.0
朝阳,1室,西北,有电梯,精装,51.0,2008.0,335.0
朝阳,5室,南北,未知,精装,242.0,2004.0,1815.0
朝阳,3室,南北,无电梯,简装,108.0,1996.0,615.0
朝阳,2室,南,有电梯,精装,136.0,2003.0,798.0
朝阳,3室,南西,未知,精装,121.0,2008.0,920.0
朝阳,3室,南北,无电梯,简装,120.0,2005.0,482.0
朝阳,1室,西南,未知,精装,71.0,2006.0,450.0
朝阳,3室,南北,未知,简装,75.0,1993.0,638.0
朝阳,1室,南,未知,精装,66.0,1999.0,380.0
朝阳,2室,南北,无电梯,简装,105.0,2004.0,490.0
朝阳,2室,南北,未知,精装,109.0,2006.0,1050.0
朝阳,2室,南,未知,精装,55.0,1983.0,355.0
朝阳,3室,南北,未知,精装,107.0,1999.0,915.0
朝阳,2室,北,有电梯,精装,77.0,2004.0,405.0
朝阳,2室,西,未知,精装,94.0,2008.0,630.0
朝阳,2室,东南,未知,精装,66.0,1998.0,435.0
朝阳,3室,南北,未知,精装,121.0,2009.0,882.0
朝阳,3室,南西,有电梯,精装,147.0,2002.0,1350.0
朝阳,1室,南,未知,精装,38.0,1980.0,264.0
朝阳,2室,西南,未知,精装,97.0,2008.0,870.0
朝阳,3室,南北,有电梯,精装,112.0,2007.0,685.0
朝阳,2室,东南,未知,精装,88.0,2010.0,440.0
朝阳,1室,南,未知,精装,84.0,2001.0,634.9
朝阳,3室,西北,未知,精装,106.0,2000.0,440.0
朝阳,2室,南,未知,精装,91.0,2009.0,504.0
朝阳,2室,东南,未知,简装,82.0,2001.0,550.0
朝阳,2室,南北,未知,精装,130.0,2005.0,750.0
朝阳,2室,东南,有电梯,精装,89.0,2007.0,600.0
朝阳,3室,南,未知,精装,131.0,2001.0,850.0
朝阳,2室,南北,无电梯,精装,62.0,1992.0,385.0
朝阳,2室,南北,未知,精装,58.0,1978.0,349.0
朝阳,2室,南北,有电梯,精装,95.0,2007.0,650.0
朝阳,4室,南北,有电梯,精装,135.0,2004.0,1180.0
朝阳,2室,南,有电梯,精装,114.0,2008.0,1050.0
朝阳,2室,南,未知,精装,90.0,2006.0,810.0
朝阳,1室,南北,无电梯,简装,55.0,1996.0,290.0
朝阳,2室,东西,有电梯,精装,136.0,1996.0,815.0
朝阳,2室,西南,未知,简装,68.0,1990.0,535.0
朝阳,2室,南,未知,简装,65.0,1989.0,360.0
朝阳,3室,南北,有电梯,简装,144.0,2008.0,1120.0
朝阳,5室,西南,有电梯,精装,142.0,2001.0,1300.0
朝阳,3室,东南,有电梯,简装,192.0,2010.0,1530.0
朝阳,1室,东南,未知,精装,45.0,1996.0,320.0
朝阳,2室,南北,无电梯,精装,112.0,2004.0,535.0
朝阳,3室,南北,无电梯,精装,135.0,2003.0,670.0
朝阳,2室,南,有电梯,精装,84.0,2003.0,760.0
朝阳,3室,南,未知,简装,173.0,2000.0,1050.0
朝阳,2室,南北,未知,简装,59.0,1987.0,475.0
朝阳,3室,东南,有电梯,简装,130.0,2001.0,970.0
朝阳,2室,东北,有电梯,简装,94.0,2000.0,580.0
朝阳,2室,南北,未知,简装,67.0,2000.0,475.0
朝阳,3室,东西,未知,简装,250.0,2000.0,998.0
朝阳,2室,北,未知,其他,87.0,2004.0,880.0
朝阳,1室,南,未知,精装,57.0,2010.0,255.0
朝阳,1室,南,有电梯,精装,64.0,2006.0,470.0
朝阳,1室,南北,未知,简装,44.0,1994.0,278.0
朝阳,1室,西,有电梯,精装,67.0,2008.0,400.0
朝阳,3室,南,未知,精装,198.0,2006.0,1780.0
朝阳,3室,南北,无电梯,精装,74.0,1986.0,543.0
朝阳,3室,南北,未知,精装,177.0,2000.0,880.0
朝阳,2室,西南,未知,简装,103.0,2006.0,660.0
朝阳,1室,西北,有电梯,简装,75.0,2005.0,460.0
朝阳,3室,西南,有电梯,精装,156.0,2005.0,1650.0
朝阳,3室,东南,未知,简装,137.0,2004.0,820.0
朝阳,2室,南北,未知,精装,68.0,1996.0,355.0
朝阳,2室,西南,未知,精装,74.0,2010.0,330.0
朝阳,2室,西,未知,精装,94.0,2008.0,630.0
朝阳,2室,南北,无电梯,精装,70.0,1999.0,555.0
朝阳,2室,南北,无电梯,简装,105.0,2004.0,490.0
朝阳,2室,东北,有电梯,简装,75.0,2000.0,385.0
朝阳,3室,东南,有电梯,精装,119.0,2001.0,880.0
朝阳,3室,西南,有电梯,精装,109.0,2005.0,630.0
朝阳,2室,南北,未知,简装,97.0,1999.0,598.0
朝阳,3室,南北,未知,精装,71.0,1991.0,540.0
朝阳,2室,南,未知,简装,57.0,1983.0,375.0
朝阳,2室,东北,有电梯,精装,78.0,2003.0,635.0
朝阳,2室,南北,有电梯,精装,112.0,2003.0,835.0
朝阳,2室,南,有电梯,精装,109.0,2005.0,876.0
朝阳,2室,南,无电梯,精装,88.0,2000.0,630.0
朝阳,3室,东北,有电梯,简装,92.0,2000.0,660.0
朝阳,3室,西南,有电梯,简装,137.0,2000.0,718.0
朝阳,2室,南,未知,精装,89.0,2011.0,500.0
朝阳,3室,西南,未知,其他,100.0,2000.0,470.0
朝阳,3室,南北,未知,精装,150.0,2008.0,1380.0
朝阳,3室,南北,有电梯,精装,134.0,2005.0,1100.0
朝阳,3室,南北,有电梯,简装,134.0,2004.0,700.0
朝阳,3室,东西,无电梯,精装,146.0,2000.0,1350.0
朝阳,2室,东南,有电梯,精装,117.0,2008.0,930.0
朝阳,2室,西南,未知,精装,72.0,2012.0,369.0
朝阳,4室,南北,未知,简装,182.0,2002.0,1640.0
朝阳,3室,东西,有电梯,精装,75.0,1990.0,587.0
朝阳,2室,东南,有电梯,精装,98.0,2008.0,800.0
朝阳,2室,南,有电梯,简装,88.0,2004.0,610.0
朝阳,2室,南西,有电梯,简装,94.0,2003.0,580.0
朝阳,2室,南北,无电梯,精装,53.0,1979.0,373.0
朝阳,2室,东西,有电梯,精装,88.0,2005.0,665.0
朝阳,2室,东西,未知,简装,58.0,1993.0,430.0
朝阳,3室,西南,无电梯,简装,102.0,2000.0,720.0
朝阳,3室,南北,有电梯,简装,144.0,2008.0,1120.0
朝阳,2室,西北,未知,精装,112.0,1996.0,680.0
朝阳,2室,南北,无电梯,简装,68.0,1996.0,335.0
朝阳,1室,东北,有电梯,其他,60.0,2005.0,370.0
朝阳,3室,南北,未知,简装,164.0,2004.0,1480.0
朝阳,2室,南北,无电梯,简装,52.0,1980.0,380.0
朝阳,2室,东南,有电梯,精装,92.0,2008.0,690.0
朝阳,2室,东,未知,精装,106.0,2003.0,675.0
朝阳,2室,南,有电梯,精装,120.0,2001.0,720.0
朝阳,3室,西南,有电梯,精装,109.0,2005.0,630.0
朝阳,2室,西,有电梯,简装,105.0,2002.0,610.0
朝阳,3室,西南,有电梯,精装,120.0,2007.0,680.0
朝阳,2室,东西,有电梯,简装,100.0,2004.0,510.0
朝阳,2室,东北,有电梯,精装,91.0,2005.0,700.0
朝阳,2室,东南,有电梯,精装,107.0,2005.0,950.0
朝阳,2室,东北,有电梯,简装,75.0,2000.0,385.0
朝阳,3室,东南,有电梯,精装,119.0,2001.0,880.0
朝阳,2室,西南,有电梯,简装,95.0,1997.0,640.0
朝阳,3室,东北,有电梯,简装,92.0,2000.0,660.0
朝阳,2室,南,未知,简装,57.0,1983.0,375.0
朝阳,2室,南,有电梯,精装,109.0,2005.0,876.0
朝阳,2室,南,无电梯,精装,88.0,2000.0,630.0
朝阳,2室,东北,有电梯,精装,78.0,2003.0,635.0
朝阳,2室,南北,有电梯,精装,112.0,2003.0,835.0
朝阳,2室,南北,未知,简装,97.0,1999.0,598.0
朝阳,1室,南,有电梯,精装,78.0,2008.0,460.0
朝阳,3室,南北,未知,精装,71.0,1991.0,540.0
朝阳,3室,南北,有电梯,精装,153.0,2006.0,1300.0
朝阳,3室,南北,未知,精装,156.0,2004.0,1350.0
朝阳,3室,东南,有电梯,精装,137.0,2004.0,800.0
朝阳,3室,西南,有电梯,简装,137.0,2000.0,718.0
朝阳,3室,西南,有电梯,精装,183.0,2008.0,1450.0
朝阳,2室,南北,有电梯,简装,88.0,2008.0,440.0
朝阳,2室,南,未知,简装,86.0,2011.0,520.0
朝阳,2室,东,未知,精装,116.0,2000.0,815.0
朝阳,2室,南,有电梯,精装,59.0,1984.0,420.0
朝阳,3室,南北,有电梯,精装,134.0,2005.0,700.0
朝阳,2室,南北,无电梯,简装,106.0,2006.0,525.0
朝阳,2室,南北,无电梯,简装,58.0,1993.0,420.0
朝阳,3室,东南,有电梯,简装,150.0,2001.0,950.0
朝阳,2室,南北,无电梯,简装,91.0,2007.0,430.0
朝阳,1室,西,未知,精装,77.0,2012.0,510.0
朝阳,2室,东西,无电梯,简装,79.0,2005.0,369.0
朝阳,1室,西南,有电梯,精装,53.0,2005.0,290.0
朝阳,1室,东,未知,精装,47.0,2010.0,220.0
朝阳,1室,西南,未知,简装,55.0,2011.0,370.0
朝阳,1室,北,未知,精装,54.0,2004.0,610.0
朝阳,1室,南,未知,精装,67.0,2010.0,920.0
朝阳,1室,南,有电梯,精装,46.0,2004.0,330.0
朝阳,1室,南,未知,精装,43.0,1980.0,279.9
朝阳,1室,东,有电梯,精装,55.0,2008.0,360.0
朝阳,1室,南,有电梯,精装,54.0,2007.0,317.0
朝阳,1室,东,有电梯,简装,72.0,1999.0,380.0
朝阳,1室,西,有电梯,精装,45.0,2006.0,340.0
朝阳,1室,东,有电梯,简装,57.0,2004.0,365.0
朝阳,2室,东西,未知,精装,114.0,2005.0,1299.0
朝阳,1室,北,有电梯,精装,70.0,2007.0,560.0
朝阳,1室,西南,有电梯,简装,63.0,2000.0,295.0
朝阳,1室,北,未知,精装,62.0,2006.0,380.0
朝阳,1室,东,有电梯,简装,65.0,1999.0,365.0
朝阳,1室,东南,有电梯,简装,71.0,2009.0,370.0
朝阳,2室,西南,未知,精装,87.0,2009.0,597.0
朝阳,2室,南北,未知,精装,94.0,2008.0,529.0
朝阳,3室,东南,未知,简装,69.0,1992.0,500.0
朝阳,2室,南北,有电梯,精装,106.0,2008.0,860.0
朝阳,3室,南北,有电梯,精装,121.0,2005.0,720.0
朝阳,2室,东南,有电梯,精装,70.0,1997.0,450.0
朝阳,2室,南北,有电梯,精装,102.0,2011.0,1250.0
朝阳,2室,南北,未知,精装,111.0,2008.0,850.0
朝阳,2室,东南,有电梯,精装,89.0,1998.0,510.0
朝阳,1室,东南,有电梯,精装,71.0,2003.0,538.0
朝阳,2室,南西,未知,精装,100.0,2002.0,510.0
朝阳,2室,南,未知,精装,88.0,2010.0,838.0
朝阳,2室,南,未知,精装,77.0,2007.0,500.0
朝阳,2室,南,有电梯,精装,80.0,2000.0,628.0
朝阳,3室,南北,有电梯,精装,99.0,2010.0,465.0
朝阳,2室,东南,有电梯,精装,84.0,2000.0,590.0
朝阳,2室,西北,有电梯,精装,147.0,2006.0,1350.0
朝阳,2室,南,有电梯,精装,61.0,1990.0,465.0
朝阳,2室,南北,未知,精装,87.0,2010.0,525.0
朝阳,3室,南,有电梯,简装,162.0,2003.0,740.0
朝阳,2室,南北,无电梯,精装,61.0,1991.0,468.0
朝阳,3室,南北,有电梯,精装,112.0,2007.0,685.0
朝阳,2室,南北,无电梯,简装,66.0,1998.0,560.0
朝阳,4室,西南,有电梯,简装,216.0,2003.0,1600.0
朝阳,3室,南北,有电梯,精装,163.0,2008.0,830.0
朝阳,3室,南北,有电梯,精装,170.0,2008.0,1240.0
朝阳,2室,南,有电梯,精装,108.0,2006.0,810.0
朝阳,2室,南北,未知,简装,53.0,1982.0,420.0
朝阳,3室,南,未知,精装,194.0,2000.0,1480.0
朝阳,3室,南北,未知,精装,161.0,2006.0,853.0
朝阳,5室,西南,有电梯,精装,168.0,2003.0,1050.0
朝阳,3室,南北,有电梯,精装,154.0,2006.0,1080.0
朝阳,3室,南北,有电梯,精装,78.0,1987.0,555.0
朝阳,3室,南北,未知,精装,157.0,2001.0,1288.0
朝阳,2室,东南,未知,精装,116.0,2002.0,780.0
朝阳,2室,东,未知,精装,83.0,2005.0,520.0
朝阳,2室,南北,有电梯,精装,108.0,2006.0,575.0
朝阳,3室,西南,有电梯,精装,127.0,2002.0,680.0
朝阳,2室,东南,有电梯,简装,61.0,1991.0,440.0
朝阳,2室,南西,未知,精装,100.0,2002.0,510.0
朝阳,2室,南,未知,精装,88.0,2010.0,838.0
朝阳,2室,南,有电梯,精装,61.0,1990.0,465.0
朝阳,2室,南北,未知,精装,87.0,2010.0,525.0
朝阳,3室,南,有电梯,简装,162.0,2003.0,740.0
朝阳,2室,南,未知,精装,77.0,2007.0,500.0
朝阳,2室,南北,未知,精装,111.0,2008.0,850.0
朝阳,2室,东南,有电梯,精装,89.0,1998.0,510.0
朝阳,2室,南北,有电梯,精装,102.0,2011.0,1250.0
朝阳,3室,西南,未知,精装,131.0,1999.0,1250.0
朝阳,3室,南北,未知,精装,133.0,2008.0,860.0
朝阳,2室,南北,有电梯,精装,73.0,2012.0,520.0
朝阳,3室,南,有电梯,精装,138.0,2005.0,1500.0
朝阳,2室,东南,未知,简装,109.0,2003.0,570.0
朝阳,2室,南北,有电梯,精装,108.0,2005.0,620.0
朝阳,2室,南北,无电梯,简装,70.0,2006.0,360.0
朝阳,2室,东南,有电梯,精装,102.0,2001.0,630.0
朝阳,2室,西南,有电梯,精装,86.0,2002.0,570.0
朝阳,3室,东南,未知,简装,97.0,1997.0,730.0
朝阳,3室,东西,有电梯,简装,122.0,2002.0,1150.0
朝阳,2室,南北,有电梯,精装,120.0,2005.0,960.0
朝阳,3室,南北,有电梯,精装,152.0,2001.0,1080.0
朝阳,2室,南北,无电梯,精装,71.0,2007.0,426.0
朝阳,3室,南北,有电梯,精装,161.0,2009.0,966.0
朝阳,4室,西南,有电梯,精装,199.0,2006.0,1395.0
朝阳,2室,西北,未知,精装,90.0,2007.0,660.0
朝阳,2室,南北,未知,简装,57.0,1994.0,437.5
朝阳,2室,西南,有电梯,精装,89.0,2004.0,521.0
朝阳,2室,南北,未知,精装,94.0,2008.0,529.0
朝阳,2室,西南,有电梯,精装,94.0,2005.0,510.0
朝阳,2室,南北,未知,精装,56.0,1981.0,408.0
朝阳,3室,南北,有电梯,精装,145.0,2005.0,1250.0
朝阳,3室,南北,未知,精装,157.0,2001.0,1288.0
朝阳,2室,东南,未知,精装,116.0,2002.0,780.0
朝阳,3室,东南,未知,精装,122.0,2005.0,1286.0
朝阳,5室,西南,有电梯,精装,168.0,2003.0,1050.0
朝阳,3室,南北,有电梯,精装,154.0,2006.0,1080.0
朝阳,3室,南北,有电梯,精装,78.0,1987.0,555.0
朝阳,2室,东南,未知,简装,109.0,2003.0,570.0
朝阳,3室,东南,未知,简装,97.0,1997.0,730.0
朝阳,3室,东西,有电梯,简装,122.0,2002.0,1150.0
朝阳,3室,南北,有电梯,精装,155.0,2004.0,1200.0
朝阳,2室,南北,有电梯,精装,108.0,2005.0,620.0
朝阳,2室,南北,无电梯,简装,70.0,2006.0,360.0
朝阳,2室,南,有电梯,精装,52.0,1987.0,310.0
朝阳,3室,南北,有电梯,精装,184.0,2009.0,1750.0
朝阳,2室,东南,有电梯,精装,89.0,2010.0,450.0
朝阳,2室,南北,有电梯,简装,66.0,1992.0,399.0
朝阳,2室,西南,有电梯,精装,86.0,2002.0,570.0
朝阳,1室,东西,有电梯,精装,60.0,2009.0,400.0
朝阳,2室,南,未知,简装,73.0,1999.0,445.0
朝阳,1室,东北,未知,精装,81.0,2005.0,410.0
朝阳,3室,南北,未知,精装,136.0,2007.0,1292.0
朝阳,2室,西北,未知,精装,82.0,2008.0,415.0
朝阳,2室,南,未知,精装,87.0,2012.0,438.9
朝阳,2室,南北,未知,精装,64.0,1984.0,460.0
朝阳,2室,东,未知,毛坯,76.0,2001.0,420.0
朝阳,2室,南,有电梯,毛坯,96.0,2008.0,520.0
朝阳,2室,南北,有电梯,精装,115.0,2006.0,1200.0
朝阳,1室,南北,有电梯,简装,44.0,1987.0,335.0
朝阳,3室,南北,有电梯,简装,114.0,2005.0,530.0
朝阳,3室,南北,未知,简装,140.0,2004.0,610.0
朝阳,2室,南北,未知,精装,64.0,1993.0,425.0
朝阳,2室,东,有电梯,简装,100.0,1999.0,555.0
朝阳,3室,南,有电梯,精装,152.0,2003.0,720.0
朝阳,3室,南北,未知,简装,77.0,1992.0,645.0
朝阳,2室,南北,未知,精装,87.0,2011.0,760.0
朝阳,2室,东西,有电梯,精装,90.0,2007.0,589.0
朝阳,2室,南北,未知,精装,97.0,2003.0,750.0
朝阳,2室,南北,未知,简装,65.0,1984.0,415.0
朝阳,2室,南,未知,精装,102.0,2008.0,839.0
朝阳,2室,东,未知,精装,102.0,2007.0,630.0
朝阳,1室,西,未知,精装,68.0,2007.0,489.0
朝阳,3室,东南,有电梯,精装,157.0,2000.0,1150.0
朝阳,3室,南北,无电梯,简装,137.0,2000.0,985.0
朝阳,4室,南北,无电梯,简装,183.0,1998.0,950.0
朝阳,1室,南,未知,精装,50.0,2010.0,209.0
朝阳,1室,南,有电梯,简装,79.0,2004.0,440.0
朝阳,3室,西南,未知,精装,140.0,2011.0,1420.0
朝阳,1室,西北,未知,精装,72.0,2005.0,680.0
朝阳,4室,东南,有电梯,简装,132.0,2001.0,630.0
朝阳,3室,南北,无电梯,精装,121.0,2002.0,638.0
朝阳,3室,南北,未知,精装,137.0,2009.0,880.0
朝阳,2室,南,有电梯,精装,121.0,2005.0,1089.0
朝阳,2室,东西,有电梯,精装,90.0,2008.0,730.0
朝阳,2室,东南,未知,简装,79.0,1990.0,478.0
朝阳,2室,南,未知,简装,72.0,2010.0,268.0
朝阳,2室,南,未知,简装,91.0,2010.0,490.0
朝阳,3室,东西,未知,简装,74.0,1992.0,390.0
朝阳,2室,东南,未知,简装,116.0,2001.0,750.0
朝阳,2室,东南,有电梯,精装,84.0,2009.0,690.0
朝阳,2室,南北,有电梯,精装,74.0,2009.0,870.0
朝阳,4室,西南,有电梯,精装,218.0,2001.0,1200.0
朝阳,2室,西,有电梯,精装,73.0,1993.0,404.0
朝阳,2室,南北,未知,精装,91.0,2009.0,530.0
朝阳,1室,南,有电梯,精装,72.0,2008.0,399.0
朝阳,2室,南北,未知,其他,57.0,1985.0,430.0
朝阳,1室,南,有电梯,精装,68.0,2007.0,415.0
朝阳,1室,南,未知,精装,42.0,1993.0,299.0
朝阳,1室,东北,未知,精装,66.0,2009.0,369.0
朝阳,3室,东南,未知,精装,125.0,1989.0,860.0
朝阳,1室,东南,未知,其他,45.0,1992.0,385.0
朝阳,1室,东北,未知,精装,81.0,2005.0,410.0
朝阳,3室,西南,有电梯,简装,165.0,1995.0,820.0
朝阳,2室,西,有电梯,简装,63.0,1994.0,383.0
朝阳,3室,东北,有电梯,精装,91.0,2006.0,760.0
朝阳,4室,南,有电梯,其他,168.0,2000.0,1200.0
朝阳,2室,西南,有电梯,简装,108.0,1996.0,680.0
朝阳,3室,南北,未知,精装,132.0,2004.0,680.0
朝阳,3室,南,有电梯,简装,134.0,2000.0,920.0
朝阳,2室,西南,未知,简装,98.0,2001.0,538.0
朝阳,2室,东南,未知,精装,216.0,2014.0,1580.0
朝阳,3室,南西,有电梯,精装,181.0,2008.0,980.0
朝阳,3室,东北,有电梯,简装,150.0,2001.0,960.0
朝阳,2室,东西,无电梯,简装,64.0,1998.0,307.0
朝阳,2室,南北,未知,简装,69.0,1997.0,470.0
朝阳,2室,南,有电梯,简装,119.0,2005.0,874.0
朝阳,3室,南北,有电梯,精装,131.0,2007.0,1085.0
朝阳,2室,东,有电梯,简装,105.0,2007.0,635.0
朝阳,3室,南北,无电梯,精装,134.0,2002.0,1160.0
朝阳,3室,西北,有电梯,简装,131.0,2000.0,505.0
朝阳,2室,西南,无电梯,毛坯,62.0,1991.0,330.0
朝阳,2室,南北,未知,简装,56.0,1980.0,405.0
朝阳,2室,东西,无电梯,毛坯,68.0,1991.0,420.0
朝阳,3室,南北,未知,精装,78.0,1986.0,595.0
朝阳,3室,南北,无电梯,简装,127.0,2003.0,755.0
朝阳,2室,东,未知,精装,87.0,2000.0,529.0
朝阳,3室,西北,未知,毛坯,124.0,2000.0,620.0
朝阳,3室,南北,未知,简装,154.0,2002.0,800.0
朝阳,1室,东南,未知,精装,77.0,2006.0,588.0
朝阳,1室,东,未知,简装,54.0,1998.0,358.0
朝阳,2室,南西,未知,精装,151.0,2010.0,1280.0
朝阳,1室,西,未知,精装,88.0,2008.0,518.0
朝阳,2室,东南,未知,精装,63.0,1988.0,390.0
朝阳,2室,西,有电梯,精装,85.0,2006.0,530.0
朝阳,2室,东南,未知,精装,64.0,1995.0,430.0
朝阳,2室,西南,有电梯,精装,103.0,2008.0,620.0
朝阳,3室,西南,有电梯,精装,83.0,1998.0,449.0
朝阳,3室,南北,有电梯,精装,136.0,2000.0,690.0
朝阳,2室,东南,未知,精装,65.0,1986.0,494.0
朝阳,3室,东西,未知,简装,72.0,1983.0,500.0
朝阳,2室,东南,有电梯,精装,69.0,1992.0,399.0
朝阳,1室,东北,有电梯,精装,68.0,2008.0,372.0
朝阳,1室,南,未知,精装,49.0,1997.0,326.0
朝阳,3室,西北,未知,精装,100.0,1998.0,810.0
朝阳,2室,东南,未知,简装,66.0,1986.0,252.0
朝阳,2室,西南,有电梯,精装,93.0,2008.0,770.0
朝阳,2室,南北,未知,精装,69.0,2000.0,495.0
朝阳,2室,西南,有电梯,精装,83.0,1998.0,590.0
朝阳,2室,东南,有电梯,简装,65.0,1990.0,520.0
朝阳,2室,南,未知,简装,50.0,1981.0,292.0
朝阳,2室,南北,未知,简装,67.0,2000.0,490.0
朝阳,3室,南北,有电梯,简装,155.0,2001.0,850.0
朝阳,2室,南北,无电梯,简装,56.0,1989.0,385.0
朝阳,3室,东南,未知,精装,157.0,2000.0,1100.0
朝阳,2室,东西,无电梯,简装,69.0,1995.0,420.0
朝阳,2室,南,未知,简装,96.0,2004.0,509.0
朝阳,2室,东南,无电梯,简装,56.0,1988.0,380.0
朝阳,2室,东南,有电梯,简装,107.0,2000.0,800.0
朝阳,2室,南,未知,简装,100.0,2007.0,680.0
朝阳,2室,南,有电梯,简装,68.0,1997.0,550.0
朝阳,2室,南,有电梯,其他,56.0,1980.0,410.0
朝阳,1室,东北,未知,精装,87.0,2003.0,960.0
朝阳,2室,南北,有电梯,简装,98.0,2006.0,519.0
朝阳,3室,南北,无电梯,精装,137.0,2002.0,753.0
朝阳,2室,南北,有电梯,简装,55.0,1980.0,380.0
朝阳,3室,南北,有电梯,精装,130.0,2005.0,770.0
朝阳,3室,南北,有电梯,精装,157.0,2004.0,1150.0
朝阳,2室,东南,有电梯,简装,87.0,2005.0,640.0
朝阳,4室,南北,无电梯,简装,156.0,2002.0,755.0
朝阳,2室,南北,有电梯,简装,104.0,2007.0,690.0
朝阳,3室,南北,有电梯,精装,142.0,2006.0,890.0
朝阳,3室,南北,有电梯,毛坯,94.0,2011.0,650.0
朝阳,2室,西,有电梯,简装,62.0,1994.0,480.0
朝阳,2室,南,未知,简装,73.0,1994.0,360.0
朝阳,2室,东西,有电梯,简装,90.0,2011.0,360.0
朝阳,2室,南北,未知,其他,64.0,1986.0,470.0
朝阳,2室,南,未知,简装,88.0,2005.0,730.0
朝阳,2室,东,有电梯,精装,89.0,1997.0,660.0
朝阳,2室,南北,有电梯,精装,100.0,2002.0,605.0
朝阳,2室,南,未知,精装,91.0,2009.0,480.0
朝阳,3室,西南,未知,精装,133.0,2007.0,850.0
朝阳,2室,西北,有电梯,精装,108.0,2008.0,649.0
朝阳,2室,东南,未知,精装,63.0,1988.0,390.0
朝阳,2室,南西,未知,精装,151.0,2010.0,1280.0
朝阳,1室,西,未知,精装,88.0,2008.0,518.0
朝阳,3室,西南,有电梯,精装,83.0,1998.0,449.0
朝阳,2室,西南,有电梯,精装,103.0,2008.0,620.0
朝阳,2室,西,有电梯,精装,85.0,2006.0,530.0
朝阳,2室,东南,有电梯,简装,66.0,1995.0,435.0
朝阳,2室,东西,未知,简装,99.0,2008.0,517.0
朝阳,2室,南,无电梯,简装,54.0,1990.0,388.0
朝阳,2室,南,有电梯,简装,117.0,2004.0,1096.0
朝阳,3室,南北,有电梯,精装,149.0,2004.0,1180.0
朝阳,2室,东北,未知,精装,174.0,2006.0,1380.0
朝阳,3室,南北,有电梯,精装,72.0,1993.0,390.0
朝阳,3室,西南,有电梯,精装,106.0,2000.0,735.0
朝阳,3室,南北,未知,简装,115.0,2002.0,800.0
朝阳,4室,南北,未知,精装,155.0,2009.0,1000.0
朝阳,3室,南北,有电梯,精装,141.0,2005.0,1320.0
朝阳,2室,南北,未知,简装,75.0,2001.0,556.0
朝阳,2室,南北,有电梯,精装,104.0,2008.0,835.0
朝阳,2室,西,未知,简装,52.0,1988.0,375.0
朝阳,3室,东南,未知,精装,117.0,2007.0,640.0
朝阳,2室,东,有电梯,精装,102.0,2000.0,730.0
朝阳,3室,南北,未知,简装,155.0,2006.0,1050.0
朝阳,3室,南北,未知,精装,153.0,2006.0,1304.0
朝阳,3室,南北,未知,毛坯,183.0,1995.0,1100.0
朝阳,2室,西南,有电梯,精装,92.0,2003.0,635.0
朝阳,2室,东北,有电梯,精装,106.0,2004.0,820.0
朝阳,2室,南北,未知,精装,74.0,2004.0,340.0
朝阳,3室,南北,未知,简装,70.0,1987.0,505.0
朝阳,2室,南北,未知,精装,70.0,1988.0,600.0
朝阳,2室,南,未知,其他,61.0,1983.0,465.0
朝阳,2室,南,有电梯,精装,98.0,2007.0,650.0
朝阳,2室,南北,未知,简装,56.0,1983.0,280.0
朝阳,3室,东南,未知,精装,119.0,2006.0,720.0
朝阳,2室,东南,有电梯,精装,98.0,2008.0,810.0
朝阳,2室,南北,有电梯,精装,114.0,2008.0,860.0
朝阳,2室,南北,未知,简装,128.0,1999.0,840.0
朝阳,3室,南北,有电梯,精装,139.0,2008.0,1185.0
朝阳,2室,东西,有电梯,精装,88.0,2005.0,538.0
朝阳,3室,西南,有电梯,精装,100.0,2007.0,485.0
朝阳,3室,东南,有电梯,精装,121.0,2005.0,1337.0
朝阳,2室,西北,有电梯,精装,95.0,2006.0,860.0
朝阳,3室,东西,未知,简装,129.0,1997.0,738.0
朝阳,2室,东南,有电梯,精装,89.0,2009.0,710.0
朝阳,3室,南北,有电梯,精装,151.0,2010.0,1430.0
朝阳,3室,东北,有电梯,简装,108.0,2001.0,660.0
朝阳,2室,东,未知,简装,113.0,2000.0,760.0
朝阳,2室,西南,未知,简装,101.0,2000.0,724.1
朝阳,2室,西南,有电梯,精装,66.0,1995.0,510.0
朝阳,2室,南北,有电梯,精装,172.0,2008.0,1470.0
朝阳,3室,东南,有电梯,简装,85.0,1991.0,450.0
朝阳,2室,东南,未知,简装,49.0,1982.0,310.0
朝阳,2室,东南,有电梯,简装,120.0,2002.0,720.0
朝阳,2室,南北,无电梯,精装,56.0,1982.0,415.0
朝阳,2室,南北,未知,精装,89.0,2009.0,480.0
朝阳,2室,南,有电梯,简装,65.0,1992.0,510.0
朝阳,2室,东南,有电梯,简装,90.0,2000.0,580.0
朝阳,2室,东南,有电梯,精装,61.0,1983.0,360.0
朝阳,3室,南北,未知,精装,160.0,2006.0,1700.0
朝阳,2室,南北,未知,精装,74.0,2004.0,340.0
朝阳,2室,南北,未知,精装,70.0,1988.0,600.0
朝阳,2室,西,未知,简装,52.0,1988.0,375.0
朝阳,3室,东南,未知,精装,117.0,2007.0,640.0
朝阳,2室,西南,未知,简装,73.0,2009.0,350.0
朝阳,1室,北,未知,精装,49.0,2005.0,280.0
朝阳,1室,东西,未知,精装,64.0,2004.0,369.0
朝阳,2室,西,未知,简装,86.0,2005.0,625.0
朝阳,2室,南,未知,简装,84.0,1991.0,580.0
朝阳,2室,西北,未知,其他,133.0,1998.0,790.0
朝阳,1室,东,未知,简装,45.0,1997.0,285.0
朝阳,1室,东南,未知,简装,65.0,2004.0,395.0
朝阳,3室,西北,有电梯,精装,101.0,2000.0,678.0
朝阳,2室,南北,未知,简装,57.0,1979.0,365.0
朝阳,2室,南北,未知,精装,141.0,2005.0,1250.0
朝阳,3室,南北,未知,精装,118.0,2007.0,830.0
朝阳,2室,东南,未知,精装,91.0,2007.0,550.0
朝阳,2室,西,有电梯,精装,88.0,2010.0,750.0
朝阳,3室,南北,有电梯,精装,128.0,2005.0,690.0
朝阳,3室,南北,有电梯,精装,128.0,2006.0,1050.0
朝阳,2室,南北,无电梯,精装,90.0,2007.0,420.0
朝阳,2室,南北,未知,简装,63.0,2001.0,470.0
朝阳,4室,南北,有电梯,简装,174.0,2011.0,1370.0
朝阳,2室,南,无电梯,简装,54.0,1990.0,388.0
朝阳,2室,南北,无电梯,简装,70.0,2000.0,340.0
朝阳,1室,西北,有电梯,精装,70.0,2008.0,500.0
朝阳,3室,南北,无电梯,精装,107.0,1999.0,1070.0
朝阳,2室,南,有电梯,简装,65.0,1992.0,510.0
朝阳,2室,南,有电梯,简装,117.0,2004.0,1096.0
朝阳,3室,东南,有电梯,精装,121.0,2005.0,1337.0
朝阳,2室,西北,有电梯,精装,95.0,2006.0,860.0
朝阳,3室,东西,未知,简装,129.0,1997.0,738.0
朝阳,2室,东西,有电梯,精装,82.0,2009.0,730.0
朝阳,2室,东南,未知,简装,80.0,1997.0,430.0
朝阳,2室,西南,未知,精装,77.0,2000.0,365.0
朝阳,2室,南,未知,精装,92.0,2005.0,760.0
朝阳,2室,南北,未知,简装,67.0,1994.0,269.0
朝阳,2室,西南,未知,简装,71.0,2009.0,333.0
朝阳,2室,南,未知,精装,100.0,2007.0,539.0
朝阳,4室,西南,未知,毛坯,197.0,2007.0,1700.0
朝阳,4室,南北,未知,简装,179.0,2004.0,1180.0
朝阳,2室,南,未知,精装,104.0,2007.0,980.0
朝阳,3室,南北,有电梯,精装,151.0,2008.0,730.0
朝阳,3室,南北,有电梯,精装,128.0,2003.0,1198.0
朝阳,3室,南北,有电梯,精装,121.0,2008.0,900.0
朝阳,2室,西,未知,精装,125.0,2000.0,1000.0
朝阳,2室,东南,未知,精装,64.0,2000.0,350.0
朝阳,2室,东西,未知,其他,101.0,2004.0,800.0
朝阳,2室,西北,未知,精装,89.0,2009.0,507.0
朝阳,2室,西北,有电梯,简装,59.0,1988.0,385.0
朝阳,2室,东,未知,精装,110.0,2005.0,710.0
朝阳,3室,东北,未知,精装,108.0,1997.0,720.0
朝阳,3室,南北,有电梯,精装,165.0,2008.0,910.0
朝阳,1室,西,无电梯,简装,37.0,1986.0,248.0
朝阳,1室,西,未知,简装,50.0,2001.0,382.0
朝阳,1室,北,未知,精装,44.0,2004.0,285.0
朝阳,3室,南,未知,精装,165.0,2008.0,1128.0
朝阳,3室,东南,有电梯,其他,112.0,2005.0,900.0
朝阳,2室,东南,未知,其他,50.0,1989.0,403.0
朝阳,1室,北,未知,其他,34.0,2006.0,290.0
朝阳,2室,南北,未知,精装,88.0,2010.0,450.0
朝阳,2室,东南,未知,精装,79.0,2000.0,375.0
朝阳,3室,南北,未知,精装,94.0,2009.0,620.0
朝阳,2室,南,有电梯,精装,108.0,2006.0,1050.0
朝阳,1室,西南,有电梯,精装,69.0,2008.0,425.0
朝阳,3室,西南,有电梯,精装,117.0,2007.0,560.0
朝阳,4室,南北,有电梯,精装,157.0,2001.0,1300.0
朝阳,4室,南北,有电梯,精装,155.0,2004.0,1200.0
朝阳,1室,西,未知,精装,73.0,2008.0,580.0
朝阳,2室,西南,未知,简装,59.0,1988.0,400.0
朝阳,3室,西北,未知,简装,134.0,2005.0,741.0
朝阳,2室,南北,未知,精装,100.0,2006.0,500.0
朝阳,2室,东南,有电梯,精装,97.0,2005.0,600.0
朝阳,2室,东南,有电梯,精装,111.0,2000.0,750.0
朝阳,2室,东西,无电梯,精装,70.0,2001.0,350.0
朝阳,2室,南北,有电梯,精装,64.0,1984.0,460.0
朝阳,3室,南西,未知,简装,127.0,1996.0,969.0
朝阳,3室,南北,未知,其他,130.0,1998.0,836.0
朝阳,2室,东南,未知,简装,124.0,1996.0,968.0
朝阳,2室,东,未知,毛坯,60.0,1985.0,450.0
朝阳,2室,东,有电梯,简装,114.0,2002.0,720.0
朝阳,2室,南,未知,精装,96.0,2006.0,660.0
朝阳,3室,南北,未知,简装,145.0,2010.0,1200.0
朝阳,2室,南北,无电梯,简装,56.0,1995.0,500.0
朝阳,1室,南,有电梯,精装,46.0,2004.0,330.0
朝阳,1室,北,有电梯,简装,35.0,2005.0,242.0
朝阳,1室,北,未知,精装,57.0,2007.0,460.0
朝阳,2室,南,未知,简装,58.0,1986.0,390.0
朝阳,2室,南北,未知,简装,60.0,1986.0,420.0
朝阳,2室,西,未知,简装,119.0,2000.0,750.0
朝阳,3室,南北,未知,精装,134.0,2012.0,1584.0
朝阳,2室,西,未知,精装,78.0,1996.0,525.0
朝阳,2室,东南,未知,精装,58.0,1982.0,411.6
朝阳,2室,北,有电梯,精装,83.0,1997.0,525.0
朝阳,3室,南北,未知,精装,165.0,2008.0,900.0
朝阳,2室,南北,未知,精装,54.0,1984.0,425.0
朝阳,3室,东南,未知,精装,183.0,2008.0,1350.0
朝阳,4室,南北,未知,精装,177.0,2005.0,1650.0
朝阳,1室,南北,未知,精装,68.0,2009.0,410.0
朝阳,3室,南北,有电梯,简装,135.0,2008.0,845.0
朝阳,3室,东南,未知,简装,147.0,2000.0,950.0
朝阳,2室,东南,未知,精装,87.0,2006.0,820.0
朝阳,1室,西,未知,精装,87.0,2009.0,780.0
朝阳,4室,南北,未知,精装,145.0,1999.0,1000.0
朝阳,1室,东南,未知,毛坯,42.0,1997.0,310.0
朝阳,3室,东南,有电梯,精装,139.0,2001.0,800.0
朝阳,3室,南北,未知,简装,68.0,1989.0,530.0
朝阳,2室,西南,未知,简装,102.0,2000.0,720.0
朝阳,2室,东南,有电梯,精装,90.0,2005.0,703.0
朝阳,3室,东南,未知,精装,140.0,2001.0,750.0
朝阳,2室,南北,无电梯,精装,87.0,2003.0,415.0
朝阳,3室,南北,未知,简装,72.0,1990.0,560.0
朝阳,2室,南北,未知,精装,55.0,1991.0,388.0
朝阳,1室,东南,未知,精装,82.0,2000.0,560.0
朝阳,2室,东西,有电梯,精装,71.0,1997.0,530.0
朝阳,2室,南北,未知,精装,60.0,1993.0,268.0
朝阳,2室,西南,未知,简装,97.0,2001.0,538.0
朝阳,2室,西,有电梯,精装,76.0,2005.0,644.0
朝阳,1室,西南,有电梯,精装,69.0,2008.0,425.0
朝阳,3室,南北,未知,精装,88.0,2013.0,620.0
朝阳,1室,东南,未知,精装,81.0,2008.0,600.0
朝阳,2室,东南,有电梯,精装,62.0,1988.0,447.0
朝阳,2室,南北,未知,精装,54.0,1987.0,390.0
朝阳,2室,南北,未知,简装,56.0,1986.0,290.0
朝阳,2室,东南,未知,简装,64.0,1997.0,438.0
朝阳,2室,南,未知,简装,61.0,1991.0,478.0
朝阳,1室,南,未知,精装,46.0,1994.0,280.0
朝阳,1室,东,未知,精装,67.0,2007.0,405.0
朝阳,1室,西南,未知,简装,72.0,1998.0,438.0
朝阳,2室,南北,未知,简装,53.0,1982.0,309.0
朝阳,3室,南北,未知,精装,177.0,2008.0,1390.0
朝阳,2室,南北,未知,简装,79.0,2012.0,440.0
朝阳,2室,东南,未知,精装,124.0,2004.0,1050.0
朝阳,3室,东南,未知,精装,139.0,2005.0,740.0
朝阳,4室,南北,有电梯,精装,139.0,2008.0,1100.0
朝阳,4室,南北,有电梯,精装,240.0,2004.0,1790.0
朝阳,4室,南北,有电梯,精装,166.0,2002.0,880.0
朝阳,2室,西,未知,精装,107.0,2009.0,620.0
朝阳,1室,东西,无电梯,精装,67.0,2003.0,340.0
朝阳,2室,西,未知,精装,95.0,2007.0,650.0
朝阳,2室,南北,无电梯,简装,54.0,1992.0,400.0
朝阳,2室,南,未知,精装,152.0,2005.0,1000.0
朝阳,2室,东,未知,精装,97.0,2009.0,600.0
朝阳,3室,西南,未知,精装,142.0,1999.0,835.0
朝阳,2室,南北,未知,简装,82.0,1997.0,629.0
朝阳,2室,西,未知,简装,119.0,2000.0,750.0
朝阳,3室,南,未知,简装,156.0,2003.0,1250.0
朝阳,3室,西南,未知,精装,187.0,2004.0,1000.0
朝阳,3室,南,未知,精装,205.0,2007.0,1500.0
朝阳,2室,东北,无电梯,简装,46.0,1979.0,275.0
朝阳,2室,南,未知,简装,105.0,2006.0,1080.0
朝阳,2室,西南,未知,精装,117.0,2007.0,560.0
朝阳,2室,南,有电梯,精装,128.0,2004.0,1080.0
朝阳,2室,东北,未知,精装,93.0,2000.0,596.0
朝阳,2室,南,未知,精装,157.0,2005.0,1570.0
朝阳,2室,东北,未知,简装,65.0,1992.0,360.0
朝阳,2室,西南,未知,精装,92.0,2006.0,846.0
朝阳,3室,南北,无电梯,精装,114.0,2002.0,620.0
朝阳,2室,东南,有电梯,简装,64.0,1994.0,440.0
朝阳,1室,南,未知,简装,70.0,2005.0,461.0
朝阳,2室,西,有电梯,精装,80.0,2000.0,460.0
朝阳,2室,南北,未知,精装,86.0,2014.0,678.0
朝阳,2室,北,未知,精装,87.0,2004.0,855.0
朝阳,2室,东,未知,精装,74.0,2006.0,495.0
朝阳,2室,南,未知,精装,46.0,1984.0,330.0
朝阳,2室,南,无电梯,简装,42.0,1977.0,270.0
朝阳,2室,东南,有电梯,精装,72.0,1998.0,356.0
朝阳,3室,东南,有电梯,简装,160.0,2001.0,1360.0
朝阳,4室,东北,有电梯,精装,170.0,2008.0,1350.0
朝阳,3室,南北,有电梯,简装,153.0,2000.0,900.0
朝阳,4室,南北,未知,精装,218.0,2001.0,1180.0
朝阳,3室,南,有电梯,简装,119.0,1999.0,1075.0
朝阳,3室,南北,有电梯,精装,143.0,2006.0,1080.0
朝阳,4室,南,有电梯,毛坯,196.0,2010.0,1550.0
朝阳,5室,南北,未知,简装,215.0,2002.0,900.0
朝阳,3室,南北,未知,精装,71.0,1997.0,520.0
朝阳,3室,西南,有电梯,精装,128.0,2004.0,1270.0
朝阳,2室,东南,有电梯,精装,86.0,2007.0,450.0
朝阳,2室,南北,未知,精装,97.0,2007.0,645.0
朝阳,1室,南,未知,简装,47.0,1995.0,345.0
朝阳,2室,南,未知,简装,52.0,1979.0,320.0
朝阳,3室,东南,未知,精装,196.0,2007.0,1400.0
朝阳,3室,东南,未知,精装,180.0,2011.0,1499.0
朝阳,2室,东南,未知,精装,69.0,2010.0,310.0
朝阳,2室,西北,未知,简装,111.0,2005.0,620.0
朝阳,1室,北,未知,简装,83.0,2004.0,640.0
朝阳,3室,东南,无电梯,简装,146.0,2003.0,990.0
朝阳,1室,北,未知,精装,55.0,2005.0,445.0
朝阳,3室,东南,未知,精装,127.0,2010.0,1820.0
朝阳,2室,东南,未知,精装,80.0,1997.0,440.0
朝阳,4室,东南,未知,精装,179.0,2006.0,1450.0
朝阳,3室,南北,未知,精装,81.0,1990.0,645.0
朝阳,2室,东北,有电梯,简装,63.0,1991.0,465.0
朝阳,2室,东南,有电梯,简装,75.0,1998.0,465.0
朝阳,3室,南北,无电梯,精装,122.0,2005.0,700.0
朝阳,2室,南,未知,其他,55.0,1979.0,390.0
朝阳,3室,南北,无电梯,精装,57.0,1975.0,410.0
朝阳,2室,西南,未知,简装,71.0,2000.0,452.0
朝阳,3室,西南,有电梯,简装,75.0,1989.0,566.0
朝阳,2室,南,有电梯,精装,99.0,2007.0,650.0
朝阳,2室,西南,未知,精装,98.0,2004.0,543.0
朝阳,2室,南北,未知,简装,63.0,1995.0,380.0
朝阳,3室,南北,未知,简装,68.0,1981.0,405.0
朝阳,2室,东南,有电梯,简装,99.0,2004.0,478.0
朝阳,2室,西北,未知,简装,90.0,2002.0,495.0
朝阳,2室,东南,无电梯,简装,55.0,1986.0,345.0
朝阳,3室,东西,未知,简装,129.0,2004.0,658.0
朝阳,2室,东南,有电梯,简装,97.0,2001.0,600.0
朝阳,3室,南北,未知,精装,147.0,2006.0,1428.0
朝阳,2室,西南,未知,精装,98.0,2007.0,529.0
朝阳,2室,东南,未知,精装,88.0,2010.0,380.0
朝阳,2室,南,未知,精装,131.0,2004.0,880.0
朝阳,2室,东南,未知,简装,69.0,1998.0,480.0
朝阳,3室,西南,未知,简装,179.0,2002.0,820.0
朝阳,1室,西北,未知,简装,71.0,2005.0,362.0
朝阳,2室,南北,未知,精装,58.0,1996.0,360.0
朝阳,3室,南北,未知,精装,150.0,2008.0,730.0
朝阳,2室,西北,未知,精装,86.0,2007.0,708.0
朝阳,3室,南北,未知,精装,89.0,1999.0,650.0
朝阳,1室,北,未知,精装,71.0,2005.0,600.0
朝阳,3室,西南,未知,简装,71.0,1991.0,555.0
朝阳,3室,东北,未知,简装,94.0,2000.0,415.0
朝阳,2室,南,未知,精装,87.0,2013.0,700.0
朝阳,2室,西南,未知,简装,62.0,1994.0,465.0
朝阳,2室,南,未知,精装,88.0,2010.0,810.0
朝阳,2室,南北,未知,精装,102.0,2009.0,858.0
朝阳,2室,东西,未知,其他,59.0,1980.0,228.0
朝阳,2室,东南,未知,精装,106.0,2003.0,830.0
朝阳,2室,南,未知,精装,89.0,2011.0,1190.0
朝阳,2室,南北,未知,精装,57.0,1994.0,372.0
朝阳,2室,东,未知,简装,59.0,1994.0,520.0
朝阳,3室,南北,未知,精装,119.0,2010.0,570.0
朝阳,3室,东南,未知,精装,193.0,2000.0,1448.0
朝阳,2室,南,未知,简装,84.0,2003.0,735.0
朝阳,3室,南北,未知,简装,62.0,1987.0,350.0
朝阳,2室,东西,未知,简装,58.0,1986.0,399.0
朝阳,2室,东西,未知,精装,84.0,2001.0,448.0
朝阳,2室,东南,有电梯,简装,103.0,2004.0,516.0
朝阳,2室,南北,未知,精装,58.0,1984.0,340.0
朝阳,2室,南北,未知,简装,57.0,1991.0,415.0
朝阳,2室,东,未知,精装,135.0,2004.0,865.0
朝阳,2室,南,有电梯,简装,67.0,1997.0,530.0
朝阳,2室,西南,有电梯,精装,62.0,1987.0,380.0
朝阳,2室,西南,未知,精装,95.0,2009.0,800.0
朝阳,2室,东南,未知,精装,108.0,2004.0,1050.0
朝阳,3室,东南,未知,精装,170.0,2008.0,1350.0
朝阳,3室,南北,未知,精装,71.0,1984.0,390.0
朝阳,2室,南,未知,精装,69.0,2010.0,355.0
朝阳,2室,南,未知,精装,93.0,2006.0,645.0
朝阳,2室,南北,未知,简装,87.0,2002.0,525.0
朝阳,2室,西北,未知,精装,125.0,2004.0,740.0
朝阳,2室,南,未知,简装,55.0,1982.0,386.0
朝阳,2室,南北,未知,精装,87.0,2004.0,378.0
朝阳,2室,南北,未知,毛坯,51.0,1993.0,400.0
朝阳,2室,南,未知,精装,103.0,2002.0,1020.0
朝阳,2室,南北,无电梯,简装,77.0,1997.0,475.0
朝阳,3室,南北,未知,精装,123.0,2004.0,760.0
朝阳,2室,南,有电梯,毛坯,54.0,1985.0,375.0
朝阳,1室,西南,未知,简装,67.0,2001.0,415.0
朝阳,1室,东南,未知,简装,52.0,1996.0,330.0
朝阳,2室,南北,未知,简装,67.0,1987.0,415.5
朝阳,2室,南北,未知,精装,57.0,1984.0,425.0
朝阳,2室,南北,未知,精装,93.0,2008.0,747.0
朝阳,2室,南北,未知,其他,44.0,1990.0,225.0
朝阳,3室,南北,有电梯,精装,133.0,2007.0,1180.0
朝阳,3室,南北,未知,精装,179.0,2004.0,1800.0
朝阳,1室,南,未知,简装,67.0,2008.0,580.0
朝阳,2室,南北,未知,精装,94.0,2005.0,700.0
朝阳,2室,西北,未知,精装,92.0,2005.0,670.0
朝阳,3室,东南,未知,精装,75.0,1993.0,435.0
朝阳,3室,东南,未知,精装,133.0,2008.0,815.0
朝阳,2室,西北,未知,精装,78.0,2003.0,538.0
朝阳,3室,南北,未知,简装,141.0,2006.0,630.0
朝阳,3室,南北,未知,精装,99.0,1993.0,880.0
朝阳,2室,南,未知,精装,107.0,2007.0,1187.0
朝阳,2室,西,未知,精装,86.0,2001.0,510.0
朝阳,2室,南,未知,精装,74.0,1990.0,520.0
朝阳,3室,南北,未知,简装,61.0,1980.0,425.0
朝阳,3室,西南,未知,精装,136.0,2005.0,1430.0
朝阳,2室,东西,未知,简装,54.0,1993.0,435.0
朝阳,2室,南,未知,精装,83.0,2008.0,680.0
朝阳,2室,南北,未知,简装,61.0,1983.0,350.0
朝阳,2室,南北,未知,精装,57.0,1982.0,398.0
朝阳,3室,南北,有电梯,精装,172.0,2005.0,1200.0
朝阳,1室,东北,未知,精装,42.0,1983.0,298.0
朝阳,3室,南,有电梯,精装,144.0,2005.0,1080.0
朝阳,1室,南,未知,精装,52.0,1991.0,408.0
朝阳,2室,南,未知,简装,59.0,1988.0,370.0
朝阳,3室,南北,未知,简装,75.0,1992.0,470.0
朝阳,3室,东,未知,精装,165.0,2004.0,1450.0
朝阳,2室,西北,未知,精装,74.0,2011.0,389.0
朝阳,2室,南北,未知,其他,57.0,1986.0,270.0
朝阳,2室,东西,未知,简装,58.0,1993.0,365.0
朝阳,1室,东,未知,精装,57.0,2008.0,330.0
朝阳,1室,东,有电梯,毛坯,90.0,2008.0,650.0
朝阳,2室,东西,未知,精装,84.0,2001.0,448.0
朝阳,3室,东南,未知,精装,146.0,2002.0,815.0
朝阳,3室,西南,未知,精装,148.0,2001.0,1150.0
朝阳,2室,北,有电梯,精装,81.0,2004.0,398.0
朝阳,2室,东,未知,精装,79.0,1996.0,616.0
朝阳,2室,南,未知,简装,137.0,2005.0,918.0
朝阳,2室,南北,未知,其他,95.0,2007.0,785.0
朝阳,2室,南北,未知,简装,111.0,2000.0,1050.0
朝阳,1室,东北,未知,精装,55.0,2006.0,430.0
朝阳,2室,南北,未知,精装,56.0,1990.0,428.0
朝阳,2室,东西,有电梯,简装,93.0,2002.0,740.0
朝阳,2室,南北,未知,精装,86.0,2005.0,435.0
朝阳,2室,西南,未知,其他,109.0,2003.0,768.0
朝阳,2室,南北,未知,简装,103.0,2004.0,595.0
朝阳,2室,东,未知,简装,107.0,2004.0,765.0
朝阳,3室,南北,有电梯,精装,137.0,2007.0,870.0
朝阳,2室,南北,未知,精装,90.0,2010.0,700.0
朝阳,2室,东北,有电梯,精装,94.0,2005.0,698.0
朝阳,2室,西北,未知,精装,84.0,2005.0,620.0
朝阳,2室,南北,未知,精装,85.0,2010.0,700.0
朝阳,2室,西,未知,精装,68.0,2010.0,270.0
朝阳,1室,西,未知,精装,56.0,2004.0,385.0
朝阳,1室,南,未知,简装,61.0,2006.0,415.0
朝阳,2室,南北,未知,精装,147.0,2004.0,1599.0
朝阳,1室,南,未知,精装,75.0,2001.0,450.0
朝阳,2室,西南,未知,精装,89.0,2009.0,978.0
朝阳,1室,南,未知,简装,67.0,2008.0,580.0
朝阳,2室,东,未知,精装,86.0,2009.0,470.0
朝阳,3室,南北,未知,精装,80.0,1995.0,480.0
朝阳,3室,东南,有电梯,简装,119.0,1998.0,850.0
朝阳,2室,南北,未知,简装,89.0,2002.0,550.0
朝阳,2室,南北,未知,精装,54.0,1983.0,335.0
朝阳,2室,南北,未知,精装,54.0,1984.0,435.0
朝阳,2室,东南,未知,精装,113.0,2008.0,860.0
朝阳,2室,南北,未知,简装,56.0,1983.0,370.0
朝阳,2室,东南,未知,精装,82.0,2002.0,660.0
朝阳,2室,南北,未知,精装,109.0,2006.0,1050.0
朝阳,2室,南北,未知,其他,54.0,1993.0,320.0
朝阳,3室,南,未知,精装,125.0,2007.0,813.0
朝阳,2室,南北,未知,简装,75.0,2004.0,420.0
朝阳,2室,东南,未知,简装,93.0,2001.0,485.0
朝阳,2室,西,未知,简装,85.0,1996.0,590.0
朝阳,2室,南北,未知,精装,128.0,2007.0,1600.0
朝阳,2室,南,未知,精装,94.0,2010.0,750.0
朝阳,3室,南北,未知,其他,151.0,2009.0,980.0
朝阳,1室,南,未知,简装,43.0,1992.0,293.0
朝阳,1室,北,未知,精装,51.0,2004.0,350.0
朝阳,3室,南北,有电梯,精装,161.0,2008.0,1500.0
朝阳,3室,南北,有电梯,精装,132.0,2006.0,1320.0
朝阳,2室,南北,未知,精装,92.0,2008.0,699.0
朝阳,1室,南北,未知,精装,46.0,1991.0,375.0
朝阳,2室,东,有电梯,毛坯,98.0,2008.0,750.0
朝阳,3室,南北,未知,精装,176.0,2007.0,1400.0
朝阳,2室,东西,未知,精装,110.0,2008.0,900.0
朝阳,2室,南,未知,简装,137.0,2005.0,918.0
朝阳,2室,南北,未知,其他,95.0,2007.0,785.0
朝阳,2室,东,未知,精装,79.0,1996.0,616.0
朝阳,2室,南北,未知,简装,111.0,2000.0,1050.0
朝阳,3室,南北,未知,简装,145.0,2004.0,1500.0
朝阳,2室,西北,未知,精装,85.0,2004.0,499.0
朝阳,3室,南北,无电梯,简装,165.0,1998.0,799.0
朝阳,2室,西南,未知,精装,136.0,2003.0,980.0
朝阳,1室,西南,未知,精装,82.0,2006.0,665.0
朝阳,2室,西北,未知,简装,85.0,2009.0,380.0
朝阳,4室,东西,未知,精装,167.0,2004.0,1300.0
朝阳,2室,南北,未知,精装,110.0,2003.0,1027.0
朝阳,2室,东,未知,精装,127.0,2006.0,710.0
朝阳,2室,西南,未知,精装,91.0,2009.0,468.0
朝阳,3室,南北,未知,精装,163.0,2007.0,1260.0
朝阳,3室,南北,未知,毛坯,138.0,2011.0,1120.0
朝阳,3室,南,未知,精装,125.0,2008.0,770.0
朝阳,2室,南北,未知,精装,55.0,1993.0,346.0
朝阳,2室,南北,未知,精装,89.0,2009.0,865.0
朝阳,2室,东西,未知,精装,112.0,2003.0,632.0
朝阳,3室,南北,未知,精装,123.0,2005.0,1100.0
朝阳,2室,南北,未知,简装,88.0,2001.0,520.0
朝阳,2室,南北,未知,精装,109.0,2006.0,1045.0
朝阳,3室,南北,未知,精装,134.0,2004.0,1280.0
朝阳,2室,西南,未知,简装,78.0,2005.0,445.0
朝阳,3室,南北,有电梯,精装,177.0,2006.0,1599.0
朝阳,3室,南北,有电梯,精装,131.0,1990.0,865.0
朝阳,3室,南北,无电梯,简装,73.0,1985.0,382.0
朝阳,3室,南北,未知,精装,107.0,2006.0,560.0
朝阳,2室,南,未知,精装,127.0,2005.0,1280.0
朝阳,2室,南,未知,简装,96.0,2008.0,610.0
朝阳,2室,南北,未知,精装,82.0,2000.0,465.0
朝阳,2室,南,未知,简装,55.0,1980.0,391.0
朝阳,3室,东南,未知,精装,135.0,2003.0,780.0
朝阳,2室,南北,未知,简装,54.0,1988.0,315.0
朝阳,3室,南北,未知,精装,96.0,2004.0,630.0
朝阳,2室,南北,未知,精装,111.0,2006.0,615.0
朝阳,3室,东北,未知,简装,165.0,2001.0,980.0
朝阳,3室,东南,未知,精装,121.0,2005.0,1300.0
朝阳,1室,南,未知,精装,73.0,2009.0,660.0
朝阳,2室,东,未知,精装,98.0,2008.0,782.0
朝阳,3室,南,未知,精装,129.0,2001.0,830.0
朝阳,2室,西南,未知,精装,89.0,2009.0,432.0
朝阳,2室,南北,未知,精装,82.0,1992.0,680.0
朝阳,4室,南北,未知,精装,196.0,2010.0,1620.0
朝阳,4室,南北,未知,简装,220.0,2000.0,1400.0
朝阳,3室,南北,未知,精装,116.0,1998.0,610.0
朝阳,3室,南北,未知,精装,140.0,2007.0,1390.0
朝阳,2室,南北,无电梯,简装,58.0,1994.0,485.0
朝阳,2室,南北,未知,精装,98.0,2012.0,760.0
朝阳,2室,南北,未知,简装,58.0,1992.0,340.0
朝阳,2室,西,未知,精装,104.0,2001.0,640.0
朝阳,3室,南北,未知,精装,89.0,2010.0,847.0
朝阳,2室,南北,未知,精装,190.0,2005.0,1500.0
朝阳,3室,西南,有电梯,精装,162.0,2005.0,1720.0
朝阳,2室,西南,未知,精装,100.0,2000.0,648.0
朝阳,2室,南北,未知,简装,53.0,1985.0,423.0
朝阳,2室,东南,未知,精装,82.0,2005.0,540.0
朝阳,2室,东西,未知,精装,72.0,1997.0,460.0
朝阳,3室,南北,无电梯,简装,82.0,1984.0,570.0
朝阳,3室,南北,未知,简装,56.0,1980.0,409.0
朝阳,1室,东西,未知,简装,71.0,2007.0,405.0
西城,1室,西,有电梯,精装,60.0,2011.0,850.0
西城,3室,东南,有电梯,其他,121.0,2005.0,1630.0
西城,1室,西,未知,简装,134.0,2004.0,700.0
西城,2室,西北,有电梯,简装,124.0,1999.0,761.0
西城,3室,东西,有电梯,简装,161.0,1999.0,980.0
西城,3室,东北,未知,简装,67.0,1985.0,850.0
西城,3室,南北,未知,简装,78.0,2000.0,950.0
西城,3室,南北,无电梯,简装,97.0,1990.0,830.0
西城,3室,南北,无电梯,简装,71.0,1985.0,620.0
西城,1室,南,无电梯,其他,50.0,2004.0,570.0
西城,1室,东,有电梯,其他,46.0,2004.0,430.0
西城,1室,南,有电梯,其他,34.0,2004.0,345.0
西城,2室,东西,有电梯,其他,97.0,2009.0,1300.0
西城,2室,南,有电梯,其他,64.0,1987.0,928.0
西城,1室,东南,有电梯,其他,63.0,2011.0,640.0
西城,1室,南,未知,精装,34.0,2006.0,350.0
西城,1室,东北,有电梯,精装,67.0,2003.0,1050.0
西城,1室,南,有电梯,其他,93.0,2007.0,736.0
西城,1室,北,有电梯,精装,54.0,2004.0,485.0
西城,3室,南西,未知,精装,150.0,1999.0,1200.0
西城,1室,东,有电梯,其他,43.0,2007.0,580.0
西城,2室,南北,无电梯,精装,54.0,1980.0,535.0
西城,2室,南北,无电梯,精装,49.0,1980.0,470.0
西城,1室,南,无电梯,其他,52.0,2003.0,550.0
西城,2室,东,无电梯,简装,47.0,1980.0,695.0
西城,1室,南,有电梯,精装,86.0,2005.0,800.0
西城,1室,南,有电梯,其他,30.0,2005.0,450.0
西城,2室,南北,无电梯,简装,54.0,1980.0,568.0
西城,3室,东西,无电梯,其他,74.0,1982.0,805.0
西城,其他,北,有电梯,精装,57.0,2007.0,310.0
西城,其他,东,未知,简装,211.0,2008.0,1222.0
西城,2室,西,未知,其他,51.0,1978.0,510.0
西城,1室,南北,有电梯,其他,46.0,1980.0,597.0
西城,2室,南北,无电梯,其他,57.0,1980.0,798.0
西城,1室,东,有电梯,其他,54.0,1995.0,681.0
西城,3室,东西,无电梯,简装,99.0,1981.0,897.0
西城,1室,西南,无电梯,简装,38.0,1987.0,420.0
西城,4室,南北,无电梯,简装,90.0,2003.0,1180.0
西城,2室,南北,无电梯,其他,72.0,1998.0,650.0
西城,3室,南北,未知,其他,56.0,1984.0,560.0
西城,2室,东西,有电梯,简装,84.0,1999.0,810.0
西城,2室,东西,未知,精装,51.0,1981.0,470.0
西城,2室,东西,有电梯,精装,95.0,2008.0,1500.0
西城,3室,东南,有电梯,精装,138.0,1996.0,1140.0
西城,其他,南北,有电梯,精装,143.0,2009.0,850.0
西城,2室,西南,有电梯,精装,108.0,1998.0,1297.0
西城,2室,南北,无电梯,精装,69.0,2004.0,828.0
西城,2室,南北,有电梯,简装,59.0,1980.0,568.0
西城,其他,东,有电梯,精装,56.0,2008.0,329.0
西城,1室,北,有电梯,精装,47.0,2008.0,420.0
西城,1室,西,有电梯,精装,60.0,2011.0,850.0
西城,2室,西,有电梯,简装,103.0,1999.0,645.0
西城,1室,西,有电梯,精装,71.0,2013.0,700.0
西城,1室,南,有电梯,其他,59.0,2004.0,590.0
西城,2室,南北,未知,其他,57.0,1979.0,590.0
西城,3室,东北,有电梯,其他,85.0,2003.0,950.0
西城,2室,东南,未知,简装,176.0,2002.0,1140.0
西城,2室,西南,未知,其他,51.0,1978.0,546.0
西城,2室,南,有电梯,其他,92.0,2004.0,936.0
西城,3室,南北,无电梯,简装,116.0,2007.0,1160.0
西城,1室,北,有电梯,其他,27.0,2004.0,395.0
西城,1室,北,有电梯,其他,79.0,2005.0,950.0
西城,2室,东西,未知,精装,65.0,1983.0,600.0
西城,1室,东西,无电梯,其他,45.0,1992.0,615.0
西城,2室,东西,无电梯,其他,66.0,2004.0,750.0
西城,3室,西北,有电梯,其他,69.0,1985.0,950.0
西城,3室,东西,有电梯,其他,86.0,1990.0,910.0
西城,2室,西,有电梯,简装,73.0,2003.0,626.0
西城,2室,东南,有电梯,其他,63.0,1988.0,860.0
西城,1室,东南,未知,其他,47.0,2004.0,500.0
西城,1室,西,有电梯,精装,73.0,2008.0,1023.0
西城,1室,南北,无电梯,简装,53.0,2000.0,490.0
西城,2室,南,有电梯,其他,163.0,2008.0,1470.0
西城,3室,北,有电梯,其他,156.0,2005.0,1330.0
西城,其他,东南,有电梯,精装,82.0,2011.0,440.0
西城,3室,南北,有电梯,简装,130.0,2003.0,1600.0
西城,1室,东南,未知,其他,45.0,2004.0,408.0
西城,1室,南,未知,其他,42.0,1989.0,600.0
西城,其他,南,有电梯,精装,89.0,2007.0,420.0
西城,2室,东西,未知,其他,94.0,2008.0,1500.0
西城,其他,北,有电梯,其他,62.0,2007.0,320.0
西城,其他,北,有电梯,精装,57.0,2007.0,310.0
西城,2室,西北,未知,其他,123.0,1999.0,740.0
西城,其他,西南,无电梯,精装,119.0,1994.0,950.0
西城,2室,南北,无电梯,简装,66.0,1980.0,850.0
西城,2室,东西,无电梯,简装,59.0,1984.0,780.0
西城,2室,东,有电梯,简装,72.0,2005.0,765.0
西城,2室,东西,无电梯,简装,67.0,2004.0,780.0
西城,2室,南北,无电梯,简装,56.0,1975.0,566.0
西城,3室,东西,无电梯,简装,93.0,1980.0,1300.0
西城,2室,西南,有电梯,简装,90.0,2002.0,930.0
西城,2室,东南,无电梯,简装,66.0,1980.0,796.0
西城,1室,南,有电梯,简装,38.0,1987.0,421.0
西城,1室,北,未知,其他,69.0,2007.0,490.0
西城,1室,北,有电梯,精装,67.0,2003.0,1030.0
西城,1室,南,未知,简装,23.0,2006.0,320.0
西城,2室,东西,无电梯,简装,60.0,1984.0,750.0
西城,3室,东西,无电梯,其他,69.0,1980.0,645.0
西城,2室,南,未知,简装,46.0,1976.0,575.0
西城,2室,西南,未知,精装,70.0,1997.0,770.0
西城,3室,北,未知,简装,115.0,2000.0,820.0
西城,3室,南北,未知,精装,158.0,2004.0,1730.0
西城,2室,南北,未知,其他,60.0,1991.0,750.0
西城,1室,西,未知,精装,37.0,2004.0,400.0
西城,2室,南,未知,简装,65.0,2005.0,550.0
西城,2室,东西,有电梯,精装,111.0,2002.0,1260.0
西城,1室,东,有电梯,其他,72.0,2007.0,650.0
西城,1室,南北,未知,精装,50.0,2003.0,660.0
西城,3室,西南,未知,精装,77.0,1990.0,1050.0
西城,1室,南,未知,精装,45.0,1987.0,460.0
西城,1室,北,有电梯,其他,22.0,2004.0,295.0
西城,1室,南,有电梯,其他,45.0,1991.0,665.0
西城,3室,南北,有电梯,精装,155.0,2009.0,1550.0
西城,1室,南,未知,精装,52.0,2008.0,450.0
西城,2室,东西,未知,精装,75.0,2002.0,910.0
西城,1室,东,有电梯,其他,88.0,2008.0,1417.0
西城,1室,南北,无电梯,其他,50.0,1998.0,510.0
西城,3室,南北,有电梯,简装,80.0,1980.0,1050.0
西城,1室,北,未知,简装,48.0,2004.0,410.0
西城,1室,东,有电梯,其他,44.0,1980.0,380.0
西城,2室,西南,有电梯,精装,63.0,1988.0,717.0
西城,其他,北,有电梯,简装,37.0,2006.0,200.0
西城,1室,南,未知,简装,15.0,2009.0,213.0
西城,2室,东西,无电梯,简装,58.0,1982.0,585.0
西城,2室,南北,无电梯,精装,78.0,1990.0,745.0
西城,4室,南北,无电梯,精装,171.0,2000.0,1600.0
西城,6室,南北,无电梯,精装,184.0,1999.0,1800.0
西城,2室,东北,无电梯,其他,58.0,1986.0,520.0
西城,2室,东南,有电梯,简装,66.0,1995.0,800.0
西城,2室,西北,未知,简装,96.0,2008.0,870.0
西城,3室,南北,无电梯,简装,68.0,1980.0,580.0
西城,2室,东西,未知,其他,61.0,1999.0,585.0
西城,2室,东西,未知,其他,76.0,1998.0,620.0
西城,3室,东北,有电梯,简装,85.0,2003.0,1055.0
西城,2室,西南,无电梯,精装,58.0,1987.0,770.0
西城,1室,南,无电梯,简装,47.0,1995.0,499.0
西城,1室,西,有电梯,简装,25.0,2006.0,299.0
西城,2室,东南,有电梯,简装,86.0,2004.0,750.0
西城,2室,东南,有电梯,简装,87.0,2004.0,680.0
西城,4室,南北,无电梯,简装,108.0,2003.0,990.0
西城,4室,东南,未知,简装,191.0,1999.0,1150.0
西城,3室,西,有电梯,简装,153.0,1995.0,1050.0
西城,2室,东,有电梯,精装,152.0,2006.0,760.0
西城,2室,东北,有电梯,其他,66.0,1985.0,930.0
西城,3室,东西,无电梯,简装,115.0,1997.0,1100.0
西城,1室,北,有电梯,简装,30.0,2006.0,355.0
西城,3室,东西,无电梯,精装,119.0,1998.0,1080.0
西城,3室,东,有电梯,简装,226.0,1999.0,1250.0
西城,2室,西,无电梯,简装,74.0,2000.0,1050.0
西城,3室,东西,有电梯,精装,134.0,2009.0,1250.0
西城,3室,南北,未知,精装,68.0,1979.0,850.0
西城,3室,南北,未知,其他,72.0,1980.0,898.0
西城,2室,南北,无电梯,精装,51.0,1985.0,460.0
西城,1室,西南,无电梯,精装,47.0,1999.0,660.0
西城,3室,南北,无电梯,简装,71.0,1976.0,860.0
西城,3室,东北,有电梯,简装,127.0,2000.0,938.0
西城,3室,西南,未知,其他,228.0,2003.0,1621.0
西城,2室,东,有电梯,简装,86.0,2000.0,650.0
西城,3室,东西,有电梯,其他,209.0,2003.0,1108.0
西城,2室,西,未知,其他,109.0,1999.0,850.0
西城,1室,北,有电梯,其他,22.0,2004.0,295.0
西城,2室,西,有电梯,其他,108.0,1999.0,1150.0
西城,2室,西南,有电梯,简装,66.0,1992.0,940.0
西城,1室,南,有电梯,其他,27.0,2005.0,365.0
西城,2室,东北,有电梯,简装,75.0,2003.0,860.0
西城,1室,北,有电梯,简装,55.0,2004.0,440.0
西城,3室,东,未知,毛坯,62.0,1985.0,626.0
西城,1室,西,未知,精装,62.0,2013.0,600.0
西城,1室,北,有电梯,简装,54.0,2004.0,495.0
西城,1室,北,有电梯,精装,57.0,2002.0,600.0
西城,1室,北,有电梯,精装,28.0,2004.0,385.0
西城,2室,南北,无电梯,其他,115.0,1998.0,980.0
西城,2室,南,未知,精装,51.0,2007.0,725.0
西城,2室,东南,未知,其他,112.0,2007.0,1580.0
西城,2室,南北,未知,其他,41.0,1991.0,385.0
西城,1室,西,有电梯,简装,25.0,2006.0,309.0
西城,2室,东,有电梯,简装,86.0,2000.0,650.0
西城,3室,东西,无电梯,精装,134.0,2004.0,1199.0
西城,3室,西北,未知,简装,75.0,2003.0,758.0
西城,1室,东,有电梯,简装,35.0,2007.0,340.0
西城,1室,西,有电梯,其他,58.0,2006.0,585.0
西城,1室,东,有电梯,其他,48.0,2008.0,400.0
西城,1室,西,有电梯,精装,52.0,2004.0,420.0
西城,1室,东,未知,精装,36.0,2006.0,355.0
西城,2室,东西,无电梯,简装,54.0,1984.0,540.0
西城,3室,南北,无电梯,简装,68.0,1983.0,639.0
西城,3室,西南,有电梯,简装,145.0,2005.0,950.0
西城,3室,西北,未知,简装,85.0,2003.0,960.0
西城,1室,西,有电梯,精装,57.0,2004.0,495.0
西城,1室,西,有电梯,精装,31.0,2007.0,450.0
西城,1室,北,有电梯,简装,57.0,2002.0,610.0
西城,1室,西,有电梯,精装,87.0,2007.0,750.0
西城,1室,西,有电梯,简装,46.0,2001.0,395.0
西城,2室,东西,无电梯,简装,79.0,1993.0,1150.0
西城,1室,南,有电梯,精装,54.0,1999.0,445.0
西城,2室,南,未知,精装,145.0,2003.0,1690.0
西城,1室,南,有电梯,精装,38.0,1986.0,365.0
西城,1室,西,有电梯,精装,64.0,2001.0,539.0
西城,2室,东北,未知,其他,100.0,2002.0,1120.0
西城,1室,南,有电梯,简装,54.0,1999.0,470.0
西城,1室,东,未知,精装,51.0,2005.0,430.0
西城,2室,西南,有电梯,精装,78.0,2005.0,855.0
西城,2室,西,无电梯,精装,91.0,2003.0,799.0
西城,3室,西北,有电梯,简装,99.0,1999.0,1220.0
西城,1室,东,有电梯,简装,52.0,2004.0,410.0
西城,1室,南,有电梯,精装,38.0,2004.0,460.0
西城,2室,南北,无电梯,简装,59.0,1984.0,720.0
西城,1室,南,无电梯,其他,47.0,1982.0,700.0
西城,3室,南北,未知,其他,56.0,1979.0,540.0
西城,1室,南,有电梯,其他,32.0,2013.0,375.0
西城,1室,西,有电梯,精装,61.0,2013.0,618.0
西城,2室,南北,有电梯,其他,67.0,1984.0,810.0
西城,1室,东北,有电梯,其他,60.0,2001.0,810.0
西城,3室,南北,无电梯,精装,63.0,1986.0,887.0
西城,1室,南北,无电梯,精装,47.0,1997.0,410.0
西城,1室,南,有电梯,精装,39.0,1992.0,474.0
西城,2室,南北,有电梯,简装,73.0,1998.0,588.0
西城,3室,南北,无电梯,简装,77.0,1986.0,770.0
西城,3室,东南,未知,简装,232.0,2002.0,1300.0
西城,3室,南北,有电梯,其他,142.0,2003.0,1170.0
西城,2室,东南,有电梯,精装,95.0,2003.0,839.0
西城,1室,南,无电梯,简装,57.0,1991.0,450.0
西城,2室,西南,有电梯,简装,90.0,2003.0,900.0
西城,1室,东,有电梯,其他,72.0,2003.0,772.0
西城,1室,西,有电梯,精装,57.0,2014.0,795.0
西城,2室,西,有电梯,毛坯,62.0,2013.0,628.3
西城,2室,西南,未知,简装,68.0,2000.0,760.0
西城,1室,南,无电梯,精装,45.0,1988.0,500.0
西城,1室,南北,无电梯,简装,53.0,1996.0,470.0
西城,1室,西,有电梯,精装,62.0,2013.0,625.0
西城,1室,东,有电梯,毛坯,62.0,2013.0,628.3
西城,2室,西南,有电梯,其他,75.0,2005.0,750.0
西城,2室,东北,有电梯,简装,100.0,2002.0,999.0
西城,1室,西,未知,简装,39.0,2007.0,580.0
西城,1室,北,未知,简装,56.0,2000.0,480.0
西城,1室,东,有电梯,简装,242.0,2000.0,1452.0
西城,2室,西,无电梯,精装,56.0,1990.0,790.0
西城,2室,东,无电梯,简装,52.0,1979.0,445.0
西城,3室,南北,无电梯,简装,86.0,1990.0,815.0
西城,1室,南北,有电梯,精装,44.0,1985.0,398.0
西城,4室,南北,有电梯,其他,187.0,2004.0,1650.0
西城,2室,西南,有电梯,简装,79.0,2004.0,680.0
西城,2室,南北,无电梯,其他,65.0,1987.0,650.0
西城,3室,南北,未知,精装,142.0,2003.0,1000.0
西城,1室,东南,有电梯,精装,29.0,2004.0,345.0
西城,1室,南,有电梯,精装,33.0,2006.0,360.0
西城,其他,西北,有电梯,精装,70.0,2009.0,350.0
西城,1室,南,无电梯,其他,41.0,1993.0,450.0
西城,1室,南,有电梯,简装,25.0,2006.0,320.0
西城,4室,南北,有电梯,简装,125.0,1995.0,1200.0
西城,2室,东南,有电梯,简装,67.0,2013.0,750.0
西城,2室,南,有电梯,简装,67.0,1984.0,790.0
西城,3室,东北,有电梯,简装,84.0,1986.0,890.0
西城,2室,南北,无电梯,精装,62.0,1982.0,580.0
西城,2室,东北,有电梯,简装,63.0,1986.0,680.0
西城,4室,南,未知,其他,178.0,1996.0,1425.0
西城,1室,西,有电梯,其他,43.0,1985.0,618.0
西城,2室,东,有电梯,其他,78.0,1998.0,596.0
西城,2室,东北,有电梯,简装,97.0,1996.0,1030.0
西城,2室,南,有电梯,简装,51.0,2004.0,655.0
西城,3室,南北,无电梯,简装,85.0,1990.0,852.0
西城,3室,南北,无电梯,其他,71.0,1988.0,896.0
西城,1室,南,有电梯,其他,42.0,1987.0,510.0
西城,2室,南北,有电梯,精装,61.0,1986.0,635.0
西城,2室,南,无电梯,其他,68.0,1993.0,1020.0
西城,2室,东南,有电梯,简装,67.0,1995.0,820.0
西城,2室,南,无电梯,精装,60.0,1989.0,818.0
西城,2室,东,无电梯,其他,54.0,1980.0,580.0
西城,3室,南北,无电梯,精装,71.0,1988.0,960.0
西城,1室,南北,有电梯,简装,89.0,2006.0,698.0
西城,2室,南北,无电梯,精装,59.0,1979.0,720.0
西城,1室,南北,有电梯,精装,69.0,2003.0,700.0
西城,1室,北,有电梯,简装,42.0,2004.0,385.0
西城,2室,东,有电梯,其他,69.0,1998.0,900.0
西城,1室,东,有电梯,简装,62.0,2013.0,628.0
西城,2室,东南,有电梯,简装,70.0,1990.0,800.0
西城,1室,南北,有电梯,其他,67.0,2003.0,830.0
西城,1室,北,有电梯,其他,28.0,2004.0,310.0
西城,1室,北,有电梯,简装,38.0,2006.0,420.0
西城,2室,南北,无电梯,精装,59.0,1988.0,735.0
西城,3室,东北,有电梯,其他,84.0,1986.0,880.0
西城,2室,南北,无电梯,其他,63.0,1989.0,765.0
西城,3室,南北,无电梯,精装,83.0,2004.0,790.0
西城,2室,东北,有电梯,其他,63.0,1986.0,568.0
西城,1室,北,未知,简装,54.0,2003.0,465.0
西城,3室,东西,有电梯,简装,81.0,1985.0,850.0
西城,2室,南,无电梯,简装,48.0,1982.0,510.0
西城,2室,南,有电梯,精装,93.0,2001.0,800.0
西城,2室,南北,无电梯,精装,59.0,1990.0,740.0
西城,2室,南北,无电梯,简装,58.0,1988.0,480.0
西城,2室,东,无电梯,简装,52.0,1979.0,445.0
西城,3室,南北,无电梯,精装,76.0,1990.0,950.0
西城,3室,西南,有电梯,简装,112.0,1999.0,1500.0
西城,2室,东南,有电梯,简装,94.0,2004.0,770.0
西城,2室,南北,无电梯,简装,57.0,1988.0,470.0
西城,3室,东西,有电梯,精装,76.0,1985.0,798.0
西城,2室,东南,有电梯,精装,73.0,1990.0,950.0
西城,3室,西南,有电梯,简装,109.0,2000.0,880.0
西城,2室,南北,未知,简装,67.0,1996.0,630.0
西城,3室,东南,无电梯,其他,90.0,1994.0,1215.0
西城,1室,西,无电梯,精装,42.0,1998.0,440.0
西城,2室,东西,无电梯,精装,63.0,1995.0,850.0
西城,4室,东西,有电梯,简装,154.0,1998.0,1312.0
西城,2室,东南,有电梯,简装,58.0,1989.0,630.0
西城,2室,南,无电梯,简装,53.0,1995.0,499.0
西城,1室,东西,有电梯,简装,56.0,1998.0,468.0
西城,1室,西,有电梯,其他,78.0,2008.0,1094.0
西城,1室,北,有电梯,简装,30.0,2006.0,340.0
西城,1室,东,有电梯,简装,34.0,2006.0,325.0
西城,1室,东,有电梯,简装,46.0,2004.0,435.0
西城,1室,南,有电梯,简装,52.0,2005.0,460.0
西城,2室,东西,未知,精装,65.0,1987.0,590.0
西城,2室,南北,无电梯,简装,62.0,1997.0,595.0
西城,2室,南北,无电梯,精装,58.0,1986.0,496.0
西城,2室,东西,有电梯,简装,121.0,2008.0,1160.0
西城,2室,南北,未知,简装,50.0,1985.0,545.0
西城,3室,东北,未知,简装,85.0,2003.0,960.0
西城,3室,南北,无电梯,精装,89.0,1999.0,800.0
西城,3室,东南,未知,精装,78.0,1995.0,729.0
西城,3室,东西,有电梯,精装,106.0,1991.0,1150.0
西城,2室,东西,无电梯,精装,75.0,1995.0,750.0
西城,2室,东,无电梯,简装,60.0,1991.0,420.0
西城,3室,南北,无电梯,精装,83.0,1987.0,920.0
西城,1室,南,有电梯,简装,54.0,1999.0,490.0
西城,3室,南北,未知,简装,56.0,1980.0,450.0
西城,3室,南北,无电梯,精装,144.0,1996.0,1728.0
西城,3室,东南,未知,精装,102.0,1993.0,1450.0
西城,2室,东南,未知,简装,51.0,1979.0,650.0
西城,2室,南北,无电梯,其他,61.0,1984.0,800.0
西城,2室,东西,无电梯,简装,58.0,1991.0,550.0
西城,1室,西,有电梯,其他,62.0,2013.0,620.0
西城,1室,南,未知,简装,38.0,1980.0,465.0
西城,2室,东西,未知,其他,68.0,1984.0,750.0
西城,3室,东西,无电梯,简装,87.0,1994.0,770.0
西城,3室,南北,无电梯,简装,102.0,2005.0,900.0
西城,1室,北,有电梯,精装,53.0,2004.0,740.0
西城,1室,西南,无电梯,其他,38.0,1987.0,420.0
西城,1室,东北,未知,简装,74.0,2005.0,700.0
西城,1室,北,未知,精装,38.0,2006.0,355.0
西城,1室,南北,未知,简装,24.0,2006.0,295.0
西城,3室,东西,无电梯,简装,75.0,1980.0,760.0
西城,2室,东,有电梯,精装,93.0,2002.0,820.0
西城,2室,东西,无电梯,简装,71.0,1993.0,1050.0
西城,2室,西,有电梯,简装,71.0,2013.0,690.0
西城,3室,东南,未知,简装,84.0,2005.0,926.0
西城,3室,东西,有电梯,精装,98.0,1996.0,900.0
西城,2室,南北,无电梯,毛坯,59.0,1984.0,550.0
西城,2室,南,有电梯,精装,69.0,2003.0,848.0
西城,1室,北,有电梯,其他,33.0,2007.0,340.0
西城,2室,南北,无电梯,其他,72.0,1997.0,617.0
西城,2室,东西,有电梯,其他,69.0,1998.0,600.0
西城,1室,北,有电梯,精装,64.0,2009.0,612.0
西城,2室,西北,无电梯,其他,61.0,1984.0,762.0
西城,2室,南北,未知,精装,60.0,1983.0,740.0
西城,2室,东西,有电梯,简装,60.0,1985.0,580.0
西城,1室,北,未知,其他,79.0,2005.0,1000.0
西城,2室,南北,无电梯,简装,62.0,1985.0,770.0
西城,1室,东,无电梯,精装,45.0,1991.0,430.0
西城,其他,南,未知,精装,80.0,2008.0,690.0
西城,2室,南,无电梯,精装,53.0,1979.0,667.5
西城,2室,南北,无电梯,精装,57.0,1991.0,570.0
西城,2室,南北,未知,精装,65.0,2000.0,700.0
西城,2室,南,有电梯,简装,75.0,1986.0,830.0
西城,2室,东北,有电梯,简装,78.0,1999.0,625.0
西城,1室,南,未知,精装,35.0,2004.0,455.0
西城,3室,南北,无电梯,简装,53.0,1979.0,780.0
西城,1室,北,未知,精装,52.0,2006.0,550.0
西城,1室,东西,未知,其他,56.0,1998.0,460.0
西城,3室,南西,未知,简装,79.0,1991.0,1100.0
西城,2室,东南,无电梯,简装,73.0,1996.0,695.0
西城,2室,南,有电梯,其他,76.0,2013.0,800.0
西城,1室,北,有电梯,精装,44.0,2008.0,399.0
西城,2室,南北,未知,其他,59.0,1996.0,536.0
西城,3室,西南,有电梯,简装,77.0,1987.0,1069.0
西城,3室,西南,有电梯,简装,127.0,1997.0,960.0
西城,3室,东南,有电梯,简装,148.0,2001.0,1230.0
西城,3室,南西,有电梯,精装,140.0,1999.0,1380.0
西城,1室,东南,有电梯,简装,48.0,1994.0,630.0
西城,1室,南,有电梯,精装,51.0,2007.0,435.0
西城,2室,南,无电梯,简装,63.0,1996.0,560.0
西城,3室,南北,无电梯,简装,71.0,1989.0,550.0
西城,1室,西南,无电梯,精装,50.0,1992.0,650.0
西城,2室,东北,有电梯,简装,60.0,1986.0,760.0
西城,2室,南北,无电梯,精装,64.0,1994.0,820.0
西城,2室,东南,未知,精装,75.0,2003.0,900.0
西城,1室,南,无电梯,其他,54.0,2003.0,655.0
西城,3室,西南,无电梯,简装,65.0,1982.0,618.0
西城,1室,北,有电梯,简装,50.0,2006.0,465.0
西城,1室,西,无电梯,简装,49.0,1992.0,450.0
西城,1室,东,无电梯,精装,54.0,1991.0,738.0
西城,1室,南,有电梯,其他,58.0,1996.0,500.0
西城,1室,南,有电梯,简装,48.0,2008.0,439.0
西城,2室,南北,无电梯,精装,58.0,1984.0,585.0
西城,2室,南北,无电梯,简装,56.0,1987.0,454.0
西城,1室,南,无电梯,其他,45.0,1987.0,460.0
西城,1室,南北,有电梯,精装,50.0,1989.0,750.0
西城,2室,南北,无电梯,其他,59.0,1996.0,650.0
西城,1室,南,无电梯,简装,50.0,2004.0,620.0
西城,3室,西南,无电梯,其他,58.0,1976.0,813.0
西城,1室,北,有电梯,其他,41.0,2004.0,330.0
西城,1室,东西,未知,简装,58.0,1998.0,560.0
西城,其他,南,有电梯,精装,80.0,2008.0,690.0
西城,1室,北,有电梯,简装,67.0,2003.0,510.0
西城,2室,南北,无电梯,精装,58.0,1988.0,750.0
西城,1室,西,未知,简装,48.0,1999.0,550.0
西城,2室,南北,有电梯,精装,95.0,2009.0,1420.0
西城,1室,南北,无电梯,其他,52.0,2003.0,680.0
西城,1室,北,有电梯,其他,58.0,2006.0,540.0
西城,2室,东西,无电梯,精装,57.0,1980.0,599.0
西城,1室,西北,有电梯,精装,56.0,2004.0,545.0
西城,4室,东西,有电梯,精装,121.0,2004.0,1550.0
西城,2室,南北,无电梯,简装,56.0,1990.0,535.0
西城,1室,北,有电梯,精装,42.0,2006.0,480.0
西城,2室,西北,无电梯,其他,58.0,1980.0,697.0
西城,1室,北,有电梯,其他,43.0,2004.0,400.0
西城,3室,南北,未知,精装,69.0,1987.0,600.0
西城,2室,西北,有电梯,简装,77.0,2004.0,725.0
西城,1室,东南,有电梯,精装,72.0,2009.0,940.0
西城,3室,南北,无电梯,简装,53.0,1979.0,780.0
西城,1室,北,未知,精装,52.0,2006.0,550.0
西城,1室,东,有电梯,其他,58.0,2002.0,580.0
西城,1室,南,未知,精装,51.0,1992.0,700.0
西城,2室,东西,无电梯,毛坯,69.0,1991.0,610.0
西城,2室,东西,无电梯,精装,58.0,1992.0,555.0
西城,1室,东南,无电梯,简装,38.0,1978.0,470.0
西城,2室,东西,无电梯,简装,58.0,1992.0,498.0
西城,2室,南,有电梯,精装,111.0,2013.0,1230.0
西城,3室,东西,有电梯,简装,102.0,1996.0,960.0
西城,1室,北,有电梯,简装,30.0,2006.0,320.0
西城,1室,北,有电梯,精装,30.0,2006.0,320.0
西城,1室,南,未知,简装,25.0,2006.0,310.0
西城,2室,西南,未知,简装,68.0,1992.0,637.0
西城,2室,东南,未知,精装,87.0,2004.0,610.0
西城,1室,北,有电梯,精装,76.0,2005.0,1216.5
西城,1室,东,无电梯,其他,60.0,2002.0,480.0
西城,3室,东西,无电梯,简装,67.0,1980.0,550.0
西城,1室,南,有电梯,简装,61.0,2005.0,640.8
西城,1室,南,有电梯,其他,45.0,1987.0,680.0
西城,1室,南,有电梯,简装,58.0,1986.0,500.0
西城,2室,南北,有电梯,精装,95.0,2009.0,1420.0
西城,1室,南,无电梯,简装,40.0,1980.0,350.0
西城,1室,南,无电梯,精装,40.0,1990.0,342.0
西城,1室,东,未知,精装,46.0,2001.0,690.0
西城,1室,西,未知,简装,69.0,2000.0,580.0
西城,2室,东西,有电梯,精装,61.0,1989.0,800.0
西城,2室,西南,有电梯,简装,91.0,2011.0,1280.0
西城,2室,西北,未知,简装,54.0,1979.0,430.0
西城,2室,南北,无电梯,简装,78.0,1994.0,840.0
西城,1室,西,未知,精装,28.0,2003.0,300.0
西城,2室,东,未知,其他,90.0,2007.0,850.0
西城,3室,南北,未知,精装,56.0,1979.0,500.0
西城,1室,西北,有电梯,精装,74.0,2005.0,668.0
西城,3室,东南,无电梯,简装,59.0,1980.0,486.0
西城,2室,南北,无电梯,其他,62.0,1986.0,555.0
西城,1室,北,有电梯,简装,51.0,2004.0,440.0
西城,1室,南,无电梯,简装,41.0,1987.0,480.0
西城,其他,西,未知,精装,71.0,2012.0,400.0
西城,1室,南北,无电梯,精装,63.0,1999.0,850.0
西城,1室,东北,未知,精装,74.0,2005.0,650.0
西城,3室,东西,无电梯,其他,53.0,1978.0,650.0
西城,1室,东,有电梯,精装,75.0,2008.0,1175.0
西城,1室,西,有电梯,其他,64.0,2001.0,560.0
西城,1室,南,有电梯,精装,61.0,2006.0,520.0
西城,1室,东南,有电梯,其他,64.0,2002.0,505.0
西城,1室,西北,有电梯,精装,68.0,2005.0,722.0
西城,2室,北,有电梯,简装,91.0,2005.0,750.0
西城,1室,南,有电梯,简装,51.0,2004.0,430.0
西城,1室,北,有电梯,精装,58.0,2004.0,630.0
西城,2室,西北,有电梯,精装,58.0,1990.0,782.0
西城,1室,东,有电梯,精装,40.0,1985.0,470.0
西城,2室,南北,未知,简装,60.0,1980.0,846.0
西城,2室,东西,未知,简装,122.0,2003.0,960.0
西城,2室,东西,无电梯,简装,57.0,1980.0,550.0
西城,2室,东南,有电梯,其他,60.0,1989.0,750.0
西城,2室,南北,无电梯,其他,62.0,1996.0,610.0
西城,1室,南,有电梯,其他,62.0,2004.0,550.0
西城,2室,东,无电梯,精装,89.0,2003.0,782.0
西城,2室,南北,有电梯,其他,70.0,2000.0,570.0
西城,2室,南北,未知,其他,58.0,1981.0,513.0
西城,1室,北,有电梯,其他,62.0,2004.0,540.0
西城,3室,东南,有电梯,精装,110.0,2001.0,750.0
西城,2室,西,有电梯,其他,64.0,2004.0,630.0
西城,3室,西,有电梯,精装,123.0,2003.0,980.0
西城,2室,东北,无电梯,简装,64.0,1980.0,485.0
西城,2室,南北,未知,简装,47.0,1975.0,622.0
西城,2室,南,无电梯,简装,71.0,1994.0,890.0
西城,3室,西南,有电梯,简装,166.0,1998.0,1760.0
西城,2室,西南,有电梯,精装,104.0,2004.0,1350.0
西城,2室,南北,有电梯,其他,89.0,2013.0,1070.0
西城,3室,东南,有电梯,简装,85.0,2003.0,900.0
西城,2室,南北,未知,其他,60.0,1985.0,600.0
西城,2室,南北,无电梯,精装,57.0,1986.0,530.0
西城,3室,东南,无电梯,简装,77.0,1987.0,780.0
西城,2室,南北,无电梯,其他,58.0,1992.0,515.0
西城,2室,东,无电梯,简装,58.0,1982.0,660.0
西城,2室,东西,有电梯,其他,130.0,2000.0,945.0
西城,2室,东西,未知,其他,54.0,1992.0,530.0
西城,4室,东,有电梯,精装,187.0,1999.0,1295.0
西城,2室,南北,无电梯,简装,63.0,1990.0,580.0
西城,3室,东西,有电梯,精装,68.0,1980.0,660.0
西城,2室,东,有电梯,简装,136.0,2006.0,720.0
西城,2室,南北,无电梯,简装,59.0,1995.0,520.0
西城,1室,西南,未知,精装,40.0,1992.0,475.0
西城,2室,东西,无电梯,精装,61.0,1983.0,850.0
西城,2室,东,有电梯,其他,51.0,1989.0,760.0
西城,1室,西,未知,毛坯,54.0,1994.0,543.0
西城,2室,南,未知,精装,50.0,1979.0,515.0
西城,2室,南,未知,精装,68.0,2005.0,795.0
西城,1室,南,有电梯,简装,80.0,2007.0,790.0
西城,3室,西南,有电梯,精装,144.0,2001.0,1290.0
西城,3室,西南,有电梯,精装,152.0,2009.0,1250.0
西城,2室,东北,无电梯,其他,71.0,1992.0,1050.0
西城,2室,南北,无电梯,简装,88.0,2000.0,630.0
西城,3室,西,有电梯,其他,187.0,2000.0,1179.0
西城,2室,南北,有电梯,精装,59.0,1990.0,530.0
西城,1室,西,有电梯,简装,53.0,1999.0,410.0
西城,2室,南,无电梯,精装,50.0,1980.0,490.0
西城,2室,南北,无电梯,简装,65.0,1991.0,590.0
西城,2室,东,无电梯,精装,89.0,2003.0,782.0
西城,1室,南,有电梯,其他,62.0,2004.0,550.0
西城,2室,南北,未知,简装,60.0,1980.0,846.0
西城,2室,南北,无电梯,其他,62.0,1996.0,610.0
西城,3室,东北,有电梯,精装,64.0,1989.0,690.0
西城,2室,南北,未知,简装,50.0,1992.0,454.0
西城,2室,南北,无电梯,简装,68.0,1991.0,650.0
西城,2室,南北,有电梯,简装,68.0,1985.0,586.0
西城,2室,南北,无电梯,其他,58.0,1987.0,850.0
西城,3室,南北,无电梯,简装,77.0,1986.0,740.0
西城,2室,东西,未知,精装,50.0,2004.0,515.0
西城,3室,南北,无电梯,简装,85.0,1984.0,932.0
西城,2室,西南,未知,精装,133.0,2011.0,1450.0
西城,2室,南北,无电梯,简装,73.0,2003.0,950.0
西城,3室,东西,未知,其他,70.0,1983.0,680.0
西城,1室,东,未知,简装,19.0,2006.0,280.0
西城,2室,南北,无电梯,简装,68.0,1996.0,620.0
西城,1室,东,有电梯,简装,34.0,2006.0,380.0
西城,2室,南北,未知,简装,53.0,1986.0,698.0
西城,2室,东西,有电梯,简装,60.0,1985.0,579.0
西城,2室,南北,无电梯,毛坯,57.0,1983.0,550.0
西城,2室,南北,有电梯,精装,128.0,2006.0,980.0
西城,3室,南北,无电梯,简装,86.0,1987.0,1280.0
西城,2室,东西,有电梯,精装,60.0,1980.0,500.0
西城,2室,东西,有电梯,简装,70.0,1998.0,630.0
西城,3室,东南,未知,简装,92.0,1988.0,1154.0
西城,2室,南北,未知,其他,55.0,1987.0,700.0
西城,1室,西,无电梯,其他,44.0,1990.0,620.0
西城,3室,东西,有电梯,简装,85.0,1988.0,853.0
西城,3室,东西,有电梯,其他,74.0,1985.0,770.0
西城,2室,东南,未知,其他,73.0,1999.0,600.0
西城,2室,南北,未知,简装,57.0,1986.0,700.0
西城,3室,东西,有电梯,简装,115.0,1998.0,1150.0
西城,3室,东北,有电梯,其他,100.0,2002.0,1010.0
西城,4室,东南,未知,其他,176.0,2002.0,1678.0
西城,2室,东,未知,精装,104.0,2004.0,1200.0
西城,2室,南北,未知,简装,64.0,1998.0,803.0
西城,2室,西南,无电梯,简装,86.0,1999.0,900.0
西城,2室,西北,无电梯,其他,59.0,1985.0,710.0
西城,2室,西南,有电梯,其他,109.0,2007.0,1050.0
西城,3室,南北,无电梯,简装,83.0,1991.0,710.0
西城,2室,南北,无电梯,其他,60.0,1982.0,748.0
西城,2室,西南,无电梯,其他,78.0,1983.0,940.0
西城,1室,北,有电梯,精装,73.0,2007.0,580.0
西城,2室,南北,无电梯,精装,60.0,1991.0,510.0
西城,1室,东,有电梯,精装,89.0,2008.0,1260.0
西城,2室,东南,有电梯,简装,73.0,2003.0,600.0
西城,2室,南北,无电梯,简装,57.0,1990.0,480.0
西城,2室,东西,无电梯,其他,61.0,1989.0,858.0
西城,2室,南,未知,简装,71.0,1996.0,700.0
西城,2室,东南,无电梯,简装,54.0,1984.0,600.0
西城,1室,南北,未知,简装,43.0,1990.0,450.0
西城,3室,南北,无电梯,其他,73.0,1986.0,680.0
西城,3室,东北,有电梯,精装,64.0,1989.0,690.0
西城,3室,东西,未知,其他,56.0,1980.0,750.0
西城,2室,西南,未知,精装,100.0,1999.0,652.0
西城,2室,东南,有电梯,其他,78.0,2005.0,950.0
西城,2室,南北,无电梯,简装,58.0,1984.0,750.0
西城,1室,南,有电梯,其他,61.0,2006.0,455.0
西城,2室,南北,无电梯,其他,58.0,1989.0,510.0
西城,3室,南北,无电梯,精装,87.0,1990.0,960.0
西城,2室,南北,无电梯,其他,58.0,1992.0,520.0
西城,3室,南北,无电梯,精装,68.0,1984.0,648.0
西城,2室,南北,无电梯,精装,56.0,1995.0,550.0
西城,2室,南北,无电梯,其他,58.0,1984.0,700.0
西城,1室,西北,有电梯,简装,68.0,2003.0,615.0
西城,2室,南北,未知,精装,58.0,1985.0,535.0
西城,2室,西,有电梯,简装,87.0,2009.0,1160.0
西城,2室,东,有电梯,其他,88.0,2009.0,1250.0
西城,1室,东,有电梯,简装,39.0,1980.0,475.0
西城,2室,南北,未知,简装,57.0,1986.0,700.0
西城,2室,南北,无电梯,精装,53.0,1988.0,518.0
西城,2室,西,有电梯,其他,97.0,2002.0,980.0
西城,2室,西南,无电梯,其他,78.0,1983.0,940.0
西城,2室,西南,无电梯,简装,86.0,1999.0,900.0
西城,2室,东南,未知,其他,73.0,1999.0,600.0
西城,3室,东西,有电梯,简装,115.0,1998.0,1150.0
西城,2室,东西,有电梯,其他,75.0,1980.0,655.0
西城,2室,西北,有电梯,简装,71.0,1991.0,880.0
西城,2室,南,未知,简装,65.0,1990.0,780.0
西城,2室,东南,未知,简装,66.0,1999.0,705.0
西城,2室,南,有电梯,简装,60.0,1979.0,601.0
西城,2室,东西,未知,简装,73.0,2000.0,890.0
西城,3室,南北,无电梯,精装,73.0,1992.0,995.0
西城,2室,东南,有电梯,毛坯,123.0,2013.0,1770.0
西城,2室,东西,无电梯,简装,61.0,1985.0,460.0
西城,1室,南北,无电梯,其他,65.0,2000.0,700.0
西城,2室,南,无电梯,简装,55.0,1984.0,430.0
西城,1室,北,未知,精装,43.0,2003.0,355.0
西城,2室,南,无电梯,简装,62.0,1987.0,838.0
西城,2室,东北,有电梯,简装,62.0,1983.0,570.0
西城,1室,南,有电梯,简装,39.0,1983.0,500.0
西城,1室,西,有电梯,精装,33.0,2006.0,380.0
西城,1室,东,未知,精装,44.0,1988.0,456.0
西城,1室,东,未知,精装,49.0,2005.0,510.0
西城,2室,南北,未知,简装,55.0,1993.0,480.0
西城,2室,西南,无电梯,其他,79.0,2002.0,648.0
西城,1室,东北,有电梯,简装,38.0,1995.0,460.0
西城,2室,南北,无电梯,简装,58.0,1995.0,529.0
西城,2室,东西,有电梯,其他,71.0,1998.0,580.0
西城,2室,东西,无电梯,其他,58.0,1997.0,590.0
西城,2室,南,无电梯,其他,72.0,2004.0,730.0
西城,1室,南,无电梯,精装,44.0,1982.0,475.0
西城,1室,南,有电梯,简装,33.0,1981.0,450.0
西城,1室,南,无电梯,简装,45.0,1984.0,720.0
西城,3室,东西,无电梯,其他,84.0,1996.0,680.0
西城,2室,南北,无电梯,简装,48.0,1976.0,400.0
西城,1室,南,有电梯,其他,61.0,2006.0,455.0
西城,3室,东西,有电梯,精装,156.0,2007.0,1268.0
西城,3室,东西,有电梯,简装,86.0,1999.0,956.0
西城,2室,东西,无电梯,精装,72.0,1998.0,600.0
西城,3室,东北,有电梯,精装,143.0,2004.0,950.0
西城,2室,东,无电梯,简装,68.0,1994.0,780.0
西城,3室,南北,无电梯,其他,80.0,1983.0,1049.0
西城,3室,南北,无电梯,其他,78.0,1989.0,864.0
西城,2室,南,有电梯,简装,50.0,2005.0,650.0
西城,3室,西北,有电梯,简装,81.0,1980.0,760.0
西城,3室,东西,有电梯,简装,174.0,2000.0,872.0
西城,2室,西北,有电梯,精装,98.0,2003.0,1480.0
西城,2室,东西,有电梯,精装,110.0,1997.0,930.0
西城,2室,南北,未知,精装,58.0,1980.0,810.0
西城,2室,西北,有电梯,精装,122.0,2000.0,980.0
西城,3室,西南,有电梯,其他,87.0,1994.0,1088.0
西城,2室,南北,无电梯,精装,61.0,1986.0,583.0
西城,2室,东,未知,其他,81.0,2005.0,690.0
西城,3室,南北,无电梯,精装,102.0,2005.0,1100.0
西城,3室,西南,无电梯,精装,65.0,1980.0,530.0
西城,2室,南北,无电梯,简装,80.0,1992.0,690.0
西城,2室,东南,无电梯,简装,78.0,1991.0,600.0
西城,3室,南北,未知,简装,81.0,1985.0,789.0
西城,3室,南北,未知,其他,71.0,1996.0,780.0
西城,2室,南北,有电梯,其他,73.0,2003.0,685.0
西城,2室,东西,有电梯,其他,77.0,1997.0,630.0
西城,2室,东,有电梯,其他,76.0,1997.0,645.0
西城,2室,东西,未知,精装,53.0,1986.0,510.0
西城,2室,东南,有电梯,毛坯,123.0,2013.0,1770.0
西城,3室,南北,无电梯,精装,73.0,1992.0,995.0
西城,3室,东西,无电梯,精装,118.0,1997.0,1040.0
西城,1室,南,有电梯,精装,62.0,2004.0,520.0
西城,2室,南北,无电梯,精装,44.0,1990.0,500.0
西城,1室,东,有电梯,精装,57.0,2008.0,800.0
西城,2室,南,未知,其他,70.0,1986.0,650.0
西城,3室,南北,未知,其他,78.0,1985.0,942.0
西城,3室,南北,无电梯,其他,75.0,1992.0,685.0
西城,3室,西南,未知,精装,150.0,2000.0,1240.0
西城,2室,东南,有电梯,精装,90.0,2011.0,1350.0
西城,2室,西北,未知,精装,63.0,1989.0,610.0
西城,2室,南北,未知,精装,89.0,2008.0,1400.0
西城,1室,东西,未知,简装,48.0,1989.0,496.0
西城,1室,东,未知,精装,41.0,1993.0,400.0
西城,2室,南北,无电梯,简装,57.0,1985.0,525.0
西城,2室,南北,无电梯,毛坯,55.0,1979.0,505.0
西城,2室,南北,未知,简装,54.0,1979.0,450.0
西城,1室,东,未知,其他,42.0,1992.0,450.0
西城,3室,东南,有电梯,简装,88.0,1996.0,796.0
西城,3室,东北,未知,简装,106.0,2000.0,840.0
西城,1室,西,有电梯,简装,25.0,2006.0,315.0
西城,1室,南北,有电梯,简装,25.0,2006.0,330.0
西城,1室,东,有电梯,精装,46.0,2008.0,419.0
西城,1室,南,未知,其他,25.0,2006.0,320.0
西城,1室,南,无电梯,简装,39.0,1994.0,375.0
西城,3室,东西,未知,精装,130.0,2000.0,980.0
西城,3室,南北,未知,简装,76.0,1985.0,960.0
西城,2室,东西,无电梯,精装,72.0,1998.0,600.0
西城,1室,北,未知,精装,58.0,2006.0,552.0
西城,1室,南,有电梯,其他,34.0,2006.0,350.0
西城,1室,北,未知,其他,46.0,2001.0,668.0
西城,1室,东,未知,精装,71.0,2008.0,1143.0
西城,2室,南,无电梯,精装,53.0,1976.0,470.0
西城,3室,东西,未知,简装,72.0,1986.0,660.0
西城,1室,西南,无电梯,精装,47.0,1993.0,450.0
西城,1室,西,未知,简装,59.0,2002.0,620.0
西城,1室,东,有电梯,简装,67.0,2008.0,550.0
西城,1室,东,无电梯,简装,51.0,2004.0,595.0
西城,1室,南,有电梯,简装,52.0,1994.0,658.0
西城,2室,东南,有电梯,简装,64.0,1991.0,780.0
西城,2室,西南,有电梯,简装,92.0,2003.0,850.0
西城,2室,东,无电梯,其他,70.0,1980.0,780.0
西城,2室,东南,有电梯,简装,82.0,2004.0,910.0
西城,3室,南北,未知,其他,78.0,1990.0,1000.0
西城,3室,东西,有电梯,精装,148.0,2004.0,1300.0
西城,2室,东西,无电梯,简装,56.0,1985.0,488.0
西城,2室,东北,无电梯,毛坯,55.0,1986.0,510.0
西城,1室,东,未知,简装,52.0,2002.0,410.0
西城,2室,东,未知,简装,79.0,1997.0,570.0
西城,1室,南,无电梯,简装,51.0,2000.0,545.0
西城,1室,东,有电梯,其他,46.0,2004.0,460.0
西城,3室,东西,无电梯,简装,116.0,1997.0,850.0
西城,2室,西南,无电梯,简装,103.0,2000.0,1350.0
西城,3室,南北,无电梯,简装,59.0,1979.0,740.0
西城,2室,南,有电梯,其他,52.0,1986.0,750.0
西城,4室,东南,有电梯,简装,222.0,2000.0,1550.0
西城,2室,南北,无电梯,简装,54.0,1986.0,500.0
西城,2室,南,未知,精装,95.0,2001.0,800.0
西城,2室,南,无电梯,简装,59.0,1984.0,645.0
西城,2室,南北,无电梯,简装,62.0,1991.0,858.0
西城,2室,南北,未知,其他,58.0,1981.0,530.0
西城,2室,南北,有电梯,精装,60.0,1989.0,470.0
西城,2室,南北,无电梯,简装,60.0,1983.0,750.0
西城,3室,西,有电梯,简装,137.0,1999.0,1100.0
西城,2室,南北,无电梯,简装,58.0,1987.0,850.0
西城,2室,西,有电梯,其他,99.0,1999.0,850.0
西城,2室,南北,未知,简装,58.0,1992.0,787.0
西城,3室,南北,无电梯,其他,109.0,1994.0,1138.0
西城,2室,南北,无电梯,简装,54.0,1983.0,677.0
西城,2室,南北,有电梯,其他,55.0,1984.0,655.0
西城,1室,北,有电梯,简装,27.0,2004.0,360.0
西城,2室,南,无电梯,其他,48.0,1981.0,630.0
西城,2室,东,有电梯,精装,66.0,1993.0,545.0
西城,2室,南北,无电梯,其他,59.0,1989.0,655.5
西城,1室,南,有电梯,其他,52.0,2008.0,680.0
西城,2室,南北,无电梯,其他,61.0,1982.0,650.0
西城,1室,北,有电梯,简装,31.0,2004.0,400.0
西城,2室,南北,无电梯,精装,57.0,1980.0,850.0
西城,2室,南,无电梯,精装,56.0,1982.0,789.0
西城,2室,东西,有电梯,简装,73.0,1998.0,590.0
西城,2室,东南,未知,精装,77.0,1996.0,558.0
西城,3室,南北,未知,简装,80.0,1999.0,760.0
西城,2室,南北,未知,其他,54.0,1981.0,518.0
西城,1室,北,未知,精装,58.0,2006.0,552.0
西城,3室,西北,有电梯,简装,105.0,2000.0,880.0
西城,2室,西南,有电梯,其他,74.0,1999.0,600.0
西城,3室,南北,无电梯,简装,69.0,1986.0,630.0
西城,1室,西北,有电梯,简装,56.0,2006.0,475.0
西城,1室,北,有电梯,精装,25.0,2006.0,315.0
西城,1室,南,有电梯,简装,32.0,2005.0,408.0
西城,1室,南,有电梯,简装,51.0,2005.0,595.0
西城,2室,南北,无电梯,简装,63.0,1989.0,813.0
西城,1室,南,有电梯,精装,70.0,2009.0,700.0
西城,3室,东西,未知,简装,67.0,1985.0,656.0
西城,3室,南北,未知,简装,71.0,1987.0,680.0
西城,2室,南北,无电梯,简装,62.0,1997.0,600.0
西城,2室,南北,无电梯,精装,76.0,1998.0,670.0
西城,1室,东,有电梯,精装,72.0,2007.0,990.0
西城,2室,西,有电梯,精装,66.0,1993.0,550.0
西城,1室,南,有电梯,精装,25.0,2006.0,330.0
西城,1室,南北,未知,简装,66.0,2000.0,665.0
西城,1室,东北,未知,精装,56.0,2004.0,510.0
西城,1室,北,有电梯,精装,55.0,2004.0,450.0
西城,1室,西南,有电梯,精装,58.0,2003.0,430.0
西城,1室,南,无电梯,精装,48.0,1996.0,525.0
西城,2室,南,未知,精装,59.0,1998.0,522.0
西城,1室,东,有电梯,简装,55.0,2004.0,508.0
西城,3室,东西,有电梯,简装,112.0,2000.0,1013.0
西城,3室,西北,有电梯,简装,113.0,2008.0,1412.0
西城,1室,南,无电梯,精装,44.0,1989.0,620.0
西城,3室,南北,无电梯,简装,78.0,1992.0,1065.0
西城,2室,南,有电梯,简装,70.0,1981.0,790.0
西城,2室,南西,有电梯,精装,91.0,2011.0,1300.0
西城,2室,南北,无电梯,简装,57.0,1984.0,685.0
西城,2室,东西,无电梯,简装,57.0,1987.0,600.0
西城,3室,西南,有电梯,简装,124.0,2002.0,1248.5
西城,2室,西南,有电梯,精装,81.0,1999.0,733.0
西城,2室,南,有电梯,简装,70.0,1988.0,765.0
西城,2室,南北,无电梯,其他,58.0,1985.0,690.0
西城,2室,南北,未知,简装,57.0,1985.0,497.0
西城,3室,南北,未知,精装,78.0,1981.0,800.0
西城,2室,西,有电梯,精装,101.0,2004.0,680.0
西城,2室,东南,有电梯,简装,86.0,1999.0,700.0
西城,2室,南,未知,精装,65.0,1991.0,800.0
西城,3室,南北,无电梯,简装,84.0,1994.0,1110.0
西城,3室,东南,无电梯,精装,64.0,1980.0,761.0
西城,2室,南北,无电梯,简装,69.0,2004.0,820.0
西城,2室,南北,无电梯,精装,54.0,1989.0,536.0
西城,2室,西南,有电梯,精装,73.0,1999.0,600.0
西城,2室,东西,无电梯,简装,80.0,1997.0,700.0
西城,2室,西南,有电梯,简装,70.0,1997.0,618.0
西城,1室,西南,有电梯,简装,43.0,1989.0,475.0
西城,2室,东西,未知,精装,90.0,2011.0,990.0
西城,2室,南北,未知,其他,60.0,1986.0,730.0
西城,1室,西,有电梯,简装,60.0,2008.0,560.0
西城,1室,北,有电梯,简装,43.0,2003.0,375.0
西城,3室,西北,有电梯,其他,67.0,1989.0,718.0
西城,2室,南北,未知,简装,62.0,1990.0,845.0
西城,3室,南北,无电梯,精装,129.0,1993.0,1420.0
西城,2室,南,未知,简装,50.0,1978.0,709.0
西城,2室,南北,无电梯,其他,88.0,2004.0,760.0
西城,2室,东西,无电梯,简装,56.0,1995.0,580.0
西城,2室,南北,无电梯,精装,88.0,1994.0,992.0
西城,2室,西南,有电梯,精装,73.0,1991.0,913.0
西城,2室,南,有电梯,精装,64.0,1987.0,928.0
西城,2室,东南,有电梯,其他,58.0,1988.0,452.0
西城,2室,南北,无电梯,简装,59.0,1979.0,728.0
西城,3室,南北,无电梯,简装,73.0,1985.0,900.0
西城,1室,北,有电梯,精装,38.0,1988.0,485.0
西城,3室,西南,未知,其他,59.0,1976.0,700.0
西城,2室,北,有电梯,精装,84.0,2008.0,750.0
西城,2室,南北,无电梯,简装,58.0,1988.0,485.0
西城,1室,南,未知,精装,38.0,2004.0,475.0
西城,1室,西,有电梯,简装,71.0,2005.0,650.0
西城,2室,东西,有电梯,精装,81.0,2004.0,1100.0
西城,2室,东西,未知,简装,49.0,1978.0,472.0
西城,2室,南北,无电梯,简装,64.0,1985.0,660.0
西城,1室,南,无电梯,简装,60.0,2003.0,730.0
西城,2室,南北,未知,简装,64.0,1994.0,910.0
西城,2室,东南,未知,精装,50.0,1987.0,690.0
西城,2室,西,有电梯,精装,138.0,2005.0,1645.0
西城,3室,东南,未知,简装,191.0,1999.0,1166.0
西城,1室,南,无电梯,其他,49.0,1997.0,506.0
西城,1室,北,有电梯,简装,35.0,2005.0,420.0
西城,3室,西北,有电梯,简装,76.0,1991.0,850.0
西城,2室,东南,未知,精装,113.0,2007.0,999.0
西城,2室,东南,有电梯,精装,63.0,1994.0,780.0
西城,1室,南北,无电梯,精装,53.0,2000.0,480.0
西城,1室,南北,未知,简装,47.0,1996.0,420.0
西城,2室,东南,无电梯,精装,63.0,1983.0,600.0
西城,1室,西南,有电梯,简装,45.0,2004.0,425.0
西城,1室,东,无电梯,精装,49.0,2004.0,600.0
西城,1室,南,有电梯,精装,66.0,2004.0,566.5
西城,2室,南北,无电梯,简装,65.0,1979.0,782.0
西城,1室,西,有电梯,精装,26.0,2006.0,315.0
西城,1室,北,有电梯,简装,53.0,2004.0,400.0
西城,3室,南北,未知,其他,73.0,1992.0,960.0
西城,1室,南,无电梯,其他,37.0,1981.0,379.0
西城,1室,西,有电梯,精装,57.0,2004.0,500.0
西城,2室,南北,未知,简装,54.0,1986.0,678.0
西城,2室,东南,有电梯,简装,75.0,2003.0,880.0
西城,2室,东西,无电梯,其他,49.0,1982.0,570.0
西城,2室,南,无电梯,简装,55.0,1981.0,570.0
西城,4室,东西,未知,毛坯,174.0,2004.0,1280.0
西城,2室,南北,无电梯,简装,58.0,1984.0,600.0
西城,2室,东北,有电梯,简装,85.0,2003.0,960.0
西城,1室,北,有电梯,精装,28.0,2005.0,380.0
西城,1室,南,无电梯,其他,47.0,1982.0,660.0
西城,2室,南北,未知,简装,64.0,1999.0,608.0
西城,2室,东西,有电梯,其他,77.0,1998.0,650.0
西城,3室,南北,无电梯,简装,63.0,1976.0,630.0
西城,2室,南北,未知,毛坯,69.0,1980.0,558.0
西城,1室,南北,有电梯,简装,44.0,1990.0,620.0
西城,3室,南北,无电梯,简装,130.0,1997.0,970.0
西城,2室,南北,无电梯,简装,55.0,1993.0,495.0
西城,2室,南,无电梯,精装,53.0,1984.0,818.0
西城,1室,东,未知,精装,68.0,2004.0,445.0
西城,2室,东,有电梯,简装,70.0,2004.0,650.0
西城,1室,南,无电梯,精装,48.0,1992.0,410.0
西城,1室,南,无电梯,精装,32.0,1982.0,520.0
西城,1室,西,未知,其他,58.0,2006.0,560.0
西城,2室,南北,未知,其他,46.0,1991.0,480.0
西城,1室,东,有电梯,精装,48.0,2004.0,460.0
西城,1室,西,有电梯,简装,56.0,2004.0,499.0
西城,1室,东南,有电梯,其他,39.0,2005.0,520.0
西城,1室,东北,有电梯,精装,52.0,2005.0,460.0
西城,3室,东南,有电梯,简装,85.0,2003.0,1030.0
西城,1室,东,有电梯,简装,40.0,1980.0,470.0
西城,1室,东西,无电梯,简装,44.0,1992.0,434.0
西城,2室,南北,无电梯,简装,57.0,1983.0,610.0
西城,2室,西北,有电梯,精装,92.0,2004.0,788.0
西城,2室,东西,无电梯,简装,60.0,1982.0,700.0
西城,2室,东西,未知,精装,68.0,1989.0,650.0
西城,1室,西,有电梯,简装,66.0,2006.0,615.0
西城,1室,东,有电梯,精装,26.0,2006.0,320.0
西城,1室,西,未知,简装,60.0,2004.0,580.0
西城,1室,北,有电梯,精装,54.0,2004.0,490.0
西城,1室,东北,有电梯,精装,56.0,2006.0,496.0
西城,3室,南北,有电梯,精装,162.0,2000.0,1150.0
西城,1室,东,无电梯,简装,52.0,2003.0,515.0
西城,1室,北,未知,精装,54.0,2004.0,515.0
西城,1室,西,有电梯,精装,47.0,2007.0,455.0
西城,2室,西北,未知,简装,90.0,2002.0,880.0
西城,1室,南,无电梯,其他,49.0,1996.0,520.0
西城,2室,西北,无电梯,简装,64.0,1980.0,463.0
西城,1室,南北,有电梯,其他,52.0,1993.0,750.0
西城,2室,东西,无电梯,精装,95.0,2001.0,860.0
西城,3室,东西,无电梯,精装,96.0,2004.0,921.5
西城,3室,南北,未知,其他,167.0,1996.0,1650.0
西城,2室,西南,有电梯,精装,91.0,2002.0,860.0
西城,3室,南北,有电梯,其他,135.0,2004.0,1350.0
西城,3室,东西,有电梯,简装,81.0,1990.0,830.0
西城,2室,东,有电梯,精装,65.0,1990.0,660.0
西城,2室,东西,无电梯,简装,68.0,2003.0,695.0
西城,3室,东西,有电梯,简装,72.0,1980.0,687.0
西城,2室,西南,未知,简装,63.0,1992.0,810.0
西城,3室,东西,有电梯,简装,85.0,1990.0,1070.0
西城,2室,南北,未知,精装,57.0,1985.0,550.0
西城,1室,西,有电梯,简装,52.0,2004.0,420.0
西城,3室,东西,有电梯,其他,162.0,2003.0,1650.0
西城,3室,南北,未知,简装,71.0,1988.0,750.0
西城,2室,南北,有电梯,精装,71.0,2001.0,932.0
西城,2室,西北,有电梯,其他,90.0,2000.0,765.0
西城,2室,东西,无电梯,简装,55.0,1980.0,510.0
西城,2室,南西,未知,其他,69.0,1982.0,605.0
西城,4室,南北,无电梯,精装,133.0,1999.0,1596.0
西城,3室,西北,未知,其他,127.0,2009.0,1230.0
西城,3室,东南,有电梯,其他,87.0,1991.0,1150.0
西城,2室,南北,无电梯,其他,90.0,1998.0,817.0
西城,2室,西,未知,精装,101.0,2004.0,735.0
西城,2室,西,有电梯,简装,105.0,2001.0,880.0
西城,2室,西北,无电梯,精装,80.0,1996.0,1050.0
西城,2室,东西,无电梯,简装,58.0,1995.0,790.0
西城,2室,东,有电梯,简装,91.0,2000.0,774.0
西城,2室,西,未知,精装,85.0,2000.0,770.0
西城,3室,西北,有电梯,其他,119.0,1999.0,1130.0
西城,2室,南北,无电梯,简装,56.0,1980.0,640.0
西城,1室,东南,未知,其他,47.0,1989.0,510.0
西城,1室,东,有电梯,其他,34.0,2007.0,465.0
西城,2室,西北,有电梯,其他,82.0,2002.0,820.0
西城,2室,东西,有电梯,简装,73.0,1998.0,600.0
西城,2室,东南,未知,简装,93.0,2004.0,715.0
西城,2室,东北,未知,精装,116.0,2007.0,1100.0
西城,2室,南北,未知,精装,63.0,1992.0,695.0
西城,3室,西,有电梯,简装,97.0,2002.0,1020.0
西城,1室,南,有电梯,简装,51.0,2004.0,460.0
西城,3室,东西,有电梯,其他,67.0,1989.0,608.0
西城,1室,北,有电梯,精装,57.0,2006.0,490.0
西城,1室,北,未知,精装,54.0,2004.0,515.0
西城,1室,东北,有电梯,精装,56.0,2006.0,496.0
西城,2室,西,有电梯,精装,109.0,1999.0,950.0
西城,1室,东北,未知,简装,29.0,2007.0,400.0
西城,3室,东西,未知,其他,81.0,1982.0,1046.0
西城,3室,南北,无电梯,其他,97.0,1992.0,850.0
西城,1室,西,有电梯,精装,53.0,1998.0,560.0
西城,3室,南北,未知,简装,105.0,1997.0,800.0
西城,2室,东西,有电梯,精装,110.0,2003.0,1180.0
西城,2室,东,有电梯,精装,87.0,2013.0,1399.0
西城,1室,东,无电梯,简装,39.0,1991.0,363.0
西城,2室,东,无电梯,简装,64.0,1992.0,850.0
西城,3室,东西,有电梯,其他,88.0,1991.0,980.0
西城,2室,南北,未知,简装,67.0,1989.0,845.0
西城,2室,南北,无电梯,精装,61.0,1984.0,810.0
西城,3室,南北,无电梯,其他,73.0,1985.0,1060.0
西城,2室,东西,有电梯,简装,104.0,2003.0,1630.0
西城,2室,南北,未知,其他,60.0,1984.0,770.0
西城,2室,东,有电梯,其他,96.0,2002.0,960.0
西城,4室,东南,未知,简装,96.0,1995.0,765.0
西城,1室,南,无电梯,精装,56.0,2005.0,610.0
西城,2室,南,未知,简装,55.0,1987.0,715.0
西城,1室,东,未知,精装,61.0,2007.0,570.0
西城,1室,南,未知,精装,52.0,1998.0,575.0
西城,3室,南北,有电梯,精装,147.0,2011.0,1400.0
西城,2室,东南,有电梯,精装,97.0,2008.0,1530.0
西城,2室,东南,有电梯,精装,75.0,2003.0,905.0
西城,2室,南北,未知,精装,64.0,1999.0,608.0
西城,3室,东南,未知,简装,78.0,1985.0,1080.0
西城,2室,南西,未知,其他,69.0,1982.0,605.0
西城,2室,东西,无电梯,简装,55.0,1980.0,510.0
西城,2室,南北,无电梯,其他,62.0,1987.0,570.0
西城,2室,南,无电梯,简装,53.0,1975.0,630.0
西城,1室,东,有电梯,其他,39.0,2003.0,420.0
西城,1室,南,有电梯,简装,52.0,2003.0,560.0
西城,3室,东南,未知,简装,257.0,2002.0,1300.0
西城,2室,西南,未知,精装,65.0,1990.0,780.0
西城,2室,西北,有电梯,精装,124.0,1999.0,790.0
西城,2室,东,未知,简装,87.0,2004.0,615.0
西城,2室,东,有电梯,其他,81.0,2005.0,720.0
西城,3室,西南,有电梯,其他,85.0,1994.0,1050.0
西城,1室,东,未知,简装,54.0,1998.0,565.0
西城,2室,南北,无电梯,简装,57.0,1982.0,850.0
西城,2室,东西,未知,简装,61.0,1980.0,850.0
西城,1室,北,未知,精装,41.0,2004.0,369.0
西城,2室,东南,有电梯,简装,91.0,1999.0,824.0
西城,2室,南北,未知,精装,59.0,1984.0,746.0
西城,4室,东南,未知,其他,72.0,1978.0,743.0
西城,3室,东南,有电梯,精装,67.0,1990.0,920.0
西城,3室,南,有电梯,精装,134.0,2005.0,1470.0
西城,1室,东北,未知,简装,29.0,2007.0,400.0
西城,3室,南北,有电梯,简装,85.0,1988.0,870.0
西城,2室,西,有电梯,精装,109.0,1999.0,950.0
西城,3室,东北,未知,毛坯,134.0,2000.0,898.0
西城,3室,南北,有电梯,其他,97.0,1993.0,1215.0
西城,2室,南北,无电梯,其他,55.0,1986.0,698.0
西城,1室,南,有电梯,简装,57.0,1996.0,488.0
西城,1室,南,未知,简装,42.0,1985.0,650.0
西城,2室,南北,无电梯,精装,57.0,1981.0,780.0
西城,1室,北,未知,精装,48.0,2004.0,415.0
西城,2室,东西,无电梯,精装,70.0,1990.0,900.0
西城,2室,南西,无电梯,简装,53.0,1986.0,499.0
西城,2室,南北,无电梯,毛坯,54.0,1981.0,585.0
西城,2室,东,无电梯,精装,51.0,1995.0,559.0
西城,3室,南,未知,精装,146.0,2004.0,1190.0
西城,2室,南北,无电梯,简装,57.0,1988.0,619.0
西城,2室,南北,无电梯,简装,59.0,1989.0,748.0
西城,2室,南北,有电梯,简装,74.0,1993.0,938.0
西城,1室,西北,有电梯,精装,65.0,2004.0,550.0
西城,4室,东西,无电梯,简装,94.0,1981.0,860.0
西城,2室,南,无电梯,简装,52.0,1984.0,800.0
西城,3室,南北,无电梯,毛坯,104.0,1996.0,1330.0
西城,3室,东,有电梯,精装,97.0,2009.0,830.0
西城,1室,南,有电梯,精装,52.0,1993.0,735.0
西城,1室,北,有电梯,简装,59.0,2003.0,456.0
西城,2室,南,有电梯,简装,86.0,2006.0,675.0
西城,1室,北,有电梯,精装,59.0,2004.0,705.0
西城,2室,西,有电梯,精装,79.0,2004.0,520.0
西城,2室,南北,未知,其他,71.0,2001.0,1030.0
西城,2室,东北,有电梯,简装,91.0,2000.0,820.0
西城,2室,南北,无电梯,其他,62.0,1987.0,570.0
西城,2室,南,无电梯,简装,53.0,1975.0,630.0
西城,2室,南北,无电梯,毛坯,48.0,1977.0,750.0
西城,3室,南北,无电梯,简装,65.0,1978.0,660.0
西城,3室,东西,无电梯,简装,68.0,1988.0,600.0
西城,3室,东北,有电梯,简装,126.0,1996.0,950.0
西城,1室,南,有电梯,简装,65.0,2000.0,540.0
西城,1室,西,有电梯,精装,49.0,2008.0,435.0
西城,2室,西南,有电梯,精装,90.0,2002.0,950.0
西城,1室,东,未知,精装,49.0,1987.0,745.0
西城,2室,东南,未知,简装,66.0,1992.0,830.0
西城,1室,南,无电梯,简装,65.0,1995.0,868.0
西城,3室,西北,有电梯,精装,151.0,1999.0,1280.0
西城,2室,东西,无电梯,简装,65.0,1980.0,760.0
西城,1室,南,未知,精装,72.0,2004.0,509.0
西城,2室,东,未知,简装,62.0,1990.0,650.0
西城,2室,南,无电梯,精装,59.0,1995.0,900.0
西城,2室,南北,未知,简装,54.0,1983.0,480.0
西城,1室,西,有电梯,精装,66.0,2006.0,650.0
西城,2室,南北,有电梯,简装,50.0,1979.0,498.0
西城,2室,南北,无电梯,简装,94.0,2000.0,686.0
西城,1室,北,未知,精装,57.0,2002.0,600.0
西城,1室,西,有电梯,精装,65.0,2009.0,670.0
西城,1室,西南,有电梯,精装,47.0,2004.0,475.0
西城,1室,南,无电梯,精装,51.0,1996.0,699.0
西城,1室,东南,有电梯,精装,48.0,1989.0,586.8
西城,1室,西,有电梯,精装,58.0,2006.0,598.0
西城,2室,南北,无电梯,简装,61.0,1991.0,570.0
西城,1室,西南,有电梯,简装,55.0,1994.0,570.0
西城,2室,南北,未知,精装,106.0,2005.0,1300.0
西城,2室,南北,未知,精装,60.0,1995.0,750.0
西城,3室,南北,未知,其他,65.0,1986.0,850.0
西城,1室,东,未知,精装,51.0,2004.0,600.0
西城,2室,南北,未知,精装,71.0,1999.0,720.0
西城,1室,东西,无电梯,精装,46.0,1980.0,620.0
西城,2室,西南,未知,简装,92.0,2004.0,720.0
西城,2室,南,有电梯,其他,57.0,1987.0,665.0
西城,2室,南北,未知,简装,65.0,1993.0,900.0
西城,2室,东西,未知,简装,64.0,1993.0,825.0
西城,3室,西北,未知,精装,130.0,2002.0,998.0
西城,2室,东北,未知,精装,103.0,2009.0,960.0
西城,2室,西北,无电梯,其他,85.0,2000.0,1050.0
西城,3室,南北,无电梯,其他,79.0,1992.0,755.0
西城,4室,南北,未知,精装,144.0,1996.0,1200.0
西城,3室,南北,有电梯,简装,127.0,2003.0,1650.0
西城,2室,东北,有电梯,简装,58.0,1991.0,610.0
西城,2室,南,有电梯,其他,62.0,1989.0,713.0
西城,3室,东南,无电梯,精装,61.0,1982.0,828.0
西城,2室,东西,无电梯,其他,79.0,1993.0,1151.3
西城,3室,东,有电梯,精装,131.0,2004.0,1778.0
西城,2室,南西,有电梯,简装,66.0,1990.0,898.0
西城,2室,西南,有电梯,其他,99.0,2006.0,1085.0
西城,2室,南,有电梯,精装,100.0,2004.0,1100.0
西城,3室,南北,未知,精装,68.0,1984.0,1008.0
西城,2室,南,有电梯,精装,88.0,2003.0,1020.0
西城,2室,东,有电梯,其他,177.0,2006.0,910.0
西城,2室,东西,有电梯,其他,86.0,1999.0,720.0
西城,3室,东北,有电梯,简装,143.0,2003.0,1200.0
西城,2室,东南,有电梯,简装,105.0,2003.0,850.0
西城,2室,东西,未知,简装,110.0,2003.0,1200.0
西城,2室,南,有电梯,简装,61.0,1986.0,645.8
西城,3室,西北,未知,简装,70.0,1987.0,900.0
西城,1室,南北,未知,精装,51.0,2003.0,660.0
西城,2室,东南,有电梯,精装,60.0,1991.0,880.0
西城,2室,南北,无电梯,简装,61.0,1992.0,489.0
西城,2室,南北,未知,简装,56.0,1986.0,698.0
西城,2室,南北,有电梯,精装,109.0,2009.0,1740.0
西城,2室,南北,未知,毛坯,56.0,1975.0,555.0
西城,2室,南北,未知,精装,54.0,1987.0,460.0
西城,2室,西,有电梯,简装,78.0,2006.0,750.0
西城,2室,南北,未知,简装,61.0,1983.0,498.0
西城,2室,东西,无电梯,精装,54.0,1983.0,530.0
西城,1室,南,未知,精装,44.0,1990.0,620.0
西城,3室,东南,未知,精装,76.0,1987.0,691.0
西城,3室,南北,无电梯,精装,97.0,1996.0,830.0
西城,3室,南北,未知,简装,141.0,2010.0,1720.0
西城,2室,西,有电梯,简装,91.0,1997.0,1100.0
西城,2室,南,无电梯,简装,64.0,1997.0,640.0
西城,2室,东,无电梯,简装,70.0,1980.0,788.0
西城,2室,南北,未知,精装,106.0,2005.0,1300.0
西城,1室,西南,有电梯,简装,55.0,1994.0,570.0
西城,2室,南北,无电梯,其他,50.0,1983.0,590.0
西城,3室,南西,有电梯,简装,93.0,1998.0,1040.0
西城,1室,南北,未知,其他,45.0,1996.0,525.0
西城,2室,东,未知,精装,60.0,1985.0,600.0
西城,1室,南北,有电梯,其他,39.0,1990.0,580.0
西城,2室,东南,未知,简装,88.0,2004.0,1198.0
西城,1室,南北,未知,精装,53.0,2004.0,490.0
西城,1室,南,有电梯,其他,54.0,1999.0,490.0
西城,2室,南北,无电梯,其他,71.0,1997.0,790.0
西城,1室,北,有电梯,精装,84.0,2008.0,710.0
西城,1室,南,无电梯,精装,61.0,2004.0,520.0
西城,3室,西南,有电梯,简装,85.0,2003.0,1000.0
西城,2室,南北,无电梯,简装,53.0,1983.0,485.0
西城,2室,南北,无电梯,简装,57.0,1980.0,459.0
西城,1室,北,有电梯,精装,69.0,2007.0,518.0
西城,2室,东西,无电梯,精装,98.0,1997.0,880.0
西城,2室,南,有电梯,精装,92.0,2002.0,1000.0
西城,2室,南,未知,精装,60.0,2008.0,790.0
西城,3室,南北,无电梯,其他,96.0,1992.0,866.0
西城,3室,南北,未知,其他,72.0,1985.0,981.0
西城,2室,南,有电梯,简装,74.0,1985.0,750.0
西城,3室,东北,未知,精装,79.0,1987.0,1115.0
西城,3室,东南,无电梯,简装,78.0,1980.0,650.0
西城,2室,西北,未知,精装,72.0,1991.0,880.0
西城,2室,西北,未知,精装,96.0,2007.0,822.0
西城,2室,南,有电梯,其他,53.0,2007.0,660.0
西城,2室,西南,有电梯,精装,66.0,1995.0,790.0
西城,2室,南北,未知,精装,63.0,1995.0,720.0
西城,2室,东北,未知,精装,81.0,2005.0,680.0
西城,2室,南北,有电梯,其他,65.0,1993.0,920.0
西城,3室,东西,有电梯,毛坯,138.0,2002.0,1560.0
西城,3室,东西,无电梯,简装,72.0,1982.0,810.0
西城,2室,西,有电梯,简装,103.0,1999.0,673.0
西城,3室,东西,未知,简装,115.0,1999.0,1150.0
西城,3室,东南,有电梯,精装,134.0,2004.0,1300.0
西城,2室,东西,有电梯,精装,97.0,2009.0,1300.0
西城,3室,南北,无电梯,简装,77.0,1980.0,793.0
西城,1室,东西,未知,简装,46.0,1998.0,385.0
西城,1室,北,未知,精装,64.0,2003.0,1000.0
西城,1室,南,无电梯,简装,44.0,1982.0,485.0
西城,4室,西南,有电梯,其他,139.0,2004.0,1050.0
西城,1室,东,有电梯,简装,53.0,1989.0,570.0
西城,3室,东西,有电梯,简装,75.0,1980.0,640.0
西城,3室,南北,无电梯,其他,72.0,1985.0,990.0
西城,1室,南,无电梯,简装,41.0,1992.0,503.0
西城,3室,东西,有电梯,其他,83.0,1980.0,698.0
西城,3室,西北,有电梯,精装,126.0,2000.0,990.0
西城,1室,东,有电梯,精装,43.0,1980.0,439.0
西城,2室,南北,无电梯,精装,57.0,1980.0,450.0
西城,3室,西北,有电梯,其他,102.0,1997.0,1220.0
西城,2室,南北,无电梯,其他,50.0,1983.0,590.0
西城,2室,南,无电梯,简装,59.0,1998.0,533.0
西城,3室,东,未知,简装,121.0,1999.0,1020.0
西城,1室,东西,无电梯,精装,48.0,1989.0,680.0
西城,1室,南北,无电梯,简装,52.0,1987.0,470.0
西城,1室,西北,有电梯,简装,72.0,2007.0,610.0
西城,2室,东,有电梯,简装,83.0,2005.0,998.0
西城,3室,南北,无电梯,毛坯,68.0,1987.0,549.0
西城,2室,东南,有电梯,简装,67.0,1999.0,548.0
西城,2室,东西,未知,精装,97.0,2009.0,1350.0
西城,3室,西北,未知,简装,88.0,1994.0,842.0
西城,2室,南北,无电梯,精装,58.0,1984.0,755.0
西城,2室,东西,无电梯,其他,54.0,1985.0,505.0
西城,3室,东北,未知,简装,67.0,1979.0,606.0
西城,4室,南北,无电梯,简装,85.0,1980.0,1200.0
西城,2室,南北,未知,精装,57.0,1989.0,699.0
西城,1室,北,有电梯,精装,35.0,2005.0,445.0
西城,2室,东西,无电梯,精装,54.0,1995.0,677.0
西城,2室,西北,有电梯,简装,104.0,2005.0,870.0
西城,2室,东北,有电梯,简装,67.0,1989.0,920.0
西城,2室,南北,有电梯,简装,108.0,2002.0,1743.0
西城,2室,东北,未知,精装,87.0,2003.0,720.0
西城,3室,东南,有电梯,精装,126.0,2003.0,1200.0
西城,2室,东北,有电梯,精装,112.0,2003.0,880.0
西城,2室,东西,无电梯,简装,61.0,1983.0,550.0
西城,3室,东北,有电梯,简装,143.0,2004.0,980.0
西城,2室,西南,有电梯,其他,104.0,2004.0,1360.0
西城,1室,南,有电梯,简装,44.0,1990.0,495.0
西城,3室,西南,有电梯,精装,102.0,1992.0,1356.0
西城,3室,西南,有电梯,简装,95.0,1999.0,850.0
西城,3室,西南,有电梯,简装,166.0,2001.0,1180.0
西城,2室,东南,有电梯,简装,63.0,1994.0,780.0
西城,2室,东西,未知,简装,51.0,1984.0,540.0
西城,2室,西北,有电梯,简装,97.0,2003.0,1567.0
西城,2室,南,有电梯,精装,97.0,1998.0,1380.0
西城,2室,南北,未知,简装,63.0,2000.0,730.0
西城,1室,东,有电梯,精装,44.0,2004.0,445.0
西城,1室,北,有电梯,简装,54.0,2004.0,476.0
西城,2室,南北,无电梯,精装,47.0,1976.0,428.0
西城,2室,南北,有电梯,简装,58.0,1983.0,673.5
西城,2室,西南,未知,简装,72.0,1990.0,888.0
西城,2室,东北,有电梯,简装,89.0,2004.0,716.0
西城,3室,南北,无电梯,精装,73.0,1992.0,900.0
西城,2室,东南,未知,毛坯,66.0,1991.0,650.0
西城,1室,南,未知,其他,42.0,1992.0,440.0
西城,3室,东西,未知,精装,143.0,2003.0,1500.0
西城,2室,东西,未知,简装,61.0,1985.0,635.0
西城,2室,南,无电梯,其他,67.0,1993.0,920.0
西城,3室,西,有电梯,精装,110.0,2007.0,1045.0
西城,2室,南北,无电梯,简装,80.0,1999.0,849.0
西城,1室,东西,无电梯,精装,48.0,1989.0,680.0
西城,3室,南北,有电梯,简装,219.0,2001.0,1250.0
西城,2室,东西,无电梯,其他,71.0,1994.0,1026.0
西城,3室,南北,无电梯,其他,101.0,1988.0,1450.0
西城,2室,南北,无电梯,毛坯,88.0,2004.0,750.0
西城,3室,南北,未知,精装,152.0,2003.0,1299.0
西城,2室,东,有电梯,其他,93.0,2004.0,1050.0
西城,2室,东南,有电梯,简装,72.0,2000.0,560.0
西城,1室,西,有电梯,精装,63.0,2000.0,518.0
西城,3室,南北,未知,精装,122.0,2006.0,1330.0
西城,3室,南北,未知,精装,118.0,2002.0,1738.0
西城,3室,西南,有电梯,毛坯,122.0,2003.0,1248.0
西城,2室,东南,有电梯,精装,93.0,2009.0,910.0
西城,2室,北,未知,其他,28.0,2005.0,380.0
西城,3室,东北,未知,简装,183.0,1999.0,1193.0
西城,3室,南北,无电梯,简装,69.0,1984.0,706.0
西城,1室,西,有电梯,简装,53.0,1998.0,568.0
西城,1室,东,无电梯,简装,58.0,2002.0,468.0
西城,2室,南北,无电梯,简装,65.0,1987.0,620.0
西城,2室,西北,未知,简装,78.0,2000.0,750.0
西城,3室,南北,无电梯,毛坯,71.0,1984.0,605.0
西城,2室,西北,未知,简装,59.0,1985.0,670.0
西城,2室,南北,无电梯,简装,58.0,1990.0,730.0
西城,2室,南,有电梯,简装,69.0,1994.0,798.0
西城,3室,东西,未知,简装,53.0,1978.0,700.0
西城,1室,东,有电梯,精装,58.0,2006.0,455.0
西城,2室,南北,无电梯,简装,58.0,1987.0,819.0
西城,3室,南北,无电梯,精装,72.0,1990.0,850.0
西城,2室,南北,无电梯,精装,60.0,1986.0,752.0
西城,3室,南西,有电梯,精装,77.0,1989.0,1150.0
西城,3室,南北,无电梯,其他,118.0,1998.0,980.0
西城,1室,东南,有电梯,精装,45.0,2004.0,399.0
西城,3室,东西,有电梯,简装,86.0,1991.0,980.0
西城,2室,东西,有电梯,简装,70.0,1998.0,595.0
西城,2室,东南,有电梯,精装,70.0,1995.0,562.0
西城,2室,东北,未知,简装,63.0,1995.0,571.5
西城,3室,西南,未知,简装,71.0,1995.0,545.0
西城,2室,南北,未知,精装,63.0,1984.0,680.0
西城,2室,南,未知,简装,65.0,1994.0,639.0
西城,2室,西北,有电梯,精装,74.0,1996.0,680.0
西城,3室,南北,未知,精装,70.0,1980.0,610.0
西城,2室,西南,未知,精装,106.0,2003.0,1050.0
西城,2室,南北,未知,精装,61.0,1995.0,533.0
西城,1室,西,有电梯,精装,71.0,2005.0,608.0
西城,1室,东西,无电梯,简装,45.0,1993.0,608.0
西城,2室,西北,有电梯,精装,96.0,2008.0,780.0
西城,1室,南,无电梯,精装,47.0,1981.0,420.0
西城,1室,南,未知,精装,40.0,1986.0,403.0
西城,4室,西南,有电梯,简装,166.0,2001.0,1160.0
西城,3室,西南,未知,精装,127.0,1999.0,1650.0
西城,2室,东西,无电梯,其他,63.0,1980.0,570.0
西城,3室,东南,有电梯,其他,159.0,2000.0,1400.0
西城,1室,南,未知,精装,72.0,2004.0,550.0
西城,2室,南北,未知,其他,124.0,2002.0,1799.0
西城,3室,东西,有电梯,其他,86.0,1991.0,1076.0
西城,2室,西南,有电梯,简装,67.0,1999.0,700.0
西城,3室,东北,有电梯,简装,127.0,2000.0,880.0
西城,3室,南北,无电梯,精装,106.0,1990.0,1100.0
西城,2室,西,无电梯,简装,60.0,1992.0,610.0
西城,1室,南,有电梯,其他,49.0,2004.0,458.0
西城,2室,东南,未知,精装,58.0,1995.0,630.0
西城,1室,西南,有电梯,其他,47.0,2004.0,490.0
西城,2室,南北,无电梯,其他,60.0,1982.0,800.0
西城,2室,南北,无电梯,精装,58.0,1984.0,757.8
西城,2室,南,有电梯,精装,47.0,1984.0,650.0
西城,2室,南,有电梯,精装,60.0,1986.0,625.0
西城,2室,东西,未知,精装,57.0,1992.0,600.0
西城,2室,南北,无电梯,简装,94.0,1992.0,930.0
西城,1室,西,有电梯,简装,105.0,2006.0,550.0
西城,2室,东西,未知,其他,95.0,2011.0,1330.0
西城,2室,东西,无电梯,其他,62.0,1992.0,596.0
西城,2室,南北,未知,精装,57.0,1986.0,710.0
西城,2室,南,有电梯,其他,74.0,1997.0,660.0
西城,1室,西,未知,精装,49.0,2008.0,580.0
西城,3室,东北,未知,简装,152.0,1999.0,1295.0
西城,3室,东西,有电梯,简装,102.0,1996.0,920.0
西城,1室,北,有电梯,精装,30.0,2005.0,430.0
西城,1室,北,有电梯,精装,54.0,2004.0,520.0
西城,1室,南,有电梯,简装,63.0,2007.0,500.0
西城,2室,南,未知,精装,62.0,1986.0,810.0
西城,3室,南北,未知,精装,96.0,1991.0,850.0
西城,2室,东西,无电梯,精装,78.0,1999.0,1100.0
西城,2室,南,无电梯,简装,60.0,1984.0,736.0
西城,2室,西南,有电梯,精装,71.0,1996.0,640.0
西城,1室,南,有电梯,简装,55.0,1996.0,450.0
西城,2室,西,有电梯,精装,87.0,2009.0,1168.0
西城,2室,北,有电梯,简装,62.0,2004.0,550.0
西城,2室,南北,无电梯,简装,56.0,1984.0,710.0
西城,2室,东西,有电梯,简装,107.0,2002.0,1608.0
西城,3室,南北,无电梯,简装,70.0,1983.0,890.0
西城,3室,东西,有电梯,精装,138.0,2002.0,1560.0
西城,2室,南北,有电梯,简装,122.0,2003.0,1400.0
西城,2室,南北,无电梯,简装,59.0,1987.0,644.0
西城,2室,东西,未知,精装,120.0,2004.0,1430.0
西城,2室,西,无电梯,精装,60.0,2003.0,610.0
西城,2室,南,无电梯,简装,56.0,1990.0,450.0
西城,2室,东,有电梯,其他,101.0,2004.0,1000.0
西城,2室,南北,无电梯,简装,71.0,2003.0,920.0
西城,3室,西北,未知,简装,82.0,1985.0,950.0
西城,2室,南,有电梯,精装,78.0,2000.0,628.0
西城,2室,南北,有电梯,精装,99.0,2008.0,1580.0
西城,1室,南,未知,精装,35.0,2005.0,470.0
西城,2室,东西,未知,精装,87.0,1994.0,760.0
西城,2室,东西,无电梯,其他,57.0,1991.0,530.0
西城,1室,北,有电梯,其他,59.0,2004.0,700.0
西城,3室,南北,未知,简装,69.0,1983.0,580.0
西城,2室,东南,有电梯,其他,75.0,2004.0,720.0
西城,2室,南,有电梯,精装,75.0,1996.0,650.0
西城,2室,西南,有电梯,简装,67.0,1999.0,700.0
西城,3室,东北,有电梯,简装,127.0,2000.0,880.0
西城,2室,西,无电梯,简装,60.0,1992.0,610.0
西城,2室,东南,有电梯,简装,73.0,2003.0,787.0
西城,3室,西南,未知,其他,82.0,1995.0,820.0
西城,3室,南北,无电梯,精装,106.0,1990.0,1100.0
西城,1室,东南,无电梯,精装,53.0,1998.0,575.0
西城,3室,东南,未知,简装,80.0,1990.0,830.0
西城,1室,东南,无电梯,简装,53.0,1998.0,570.0
西城,3室,东南,有电梯,精装,117.0,2006.0,1350.0
西城,2室,东南,有电梯,其他,74.0,1989.0,1190.0
西城,2室,西南,有电梯,精装,93.0,2004.0,745.0
西城,2室,南,有电梯,简装,68.0,1985.0,750.0
西城,2室,南,有电梯,精装,58.0,1989.0,690.0
西城,3室,西南,有电梯,简装,111.0,2002.0,911.0
西城,2室,南北,无电梯,精装,71.0,2001.0,1000.0
西城,3室,南北,未知,其他,88.0,1987.0,1150.0
西城,2室,东西,有电梯,精装,109.0,2003.0,1180.0
西城,2室,南北,未知,简装,64.0,1982.0,550.0
西城,2室,南北,无电梯,其他,57.0,1992.0,610.0
西城,3室,南北,无电梯,其他,78.0,1987.0,790.0
西城,2室,东南,未知,其他,59.0,1987.0,666.0
西城,2室,东西,有电梯,简装,60.0,1985.0,580.0
西城,3室,西北,未知,精装,117.0,2004.0,1400.0
西城,2室,东西,未知,其他,110.0,2003.0,1180.0
西城,2室,南北,无电梯,其他,53.0,1983.0,490.0
西城,2室,东,有电梯,其他,79.0,2008.0,715.0
西城,2室,南北,无电梯,精装,56.0,1989.0,535.0
西城,4室,南北,无电梯,简装,86.0,1980.0,1160.0
西城,2室,东南,有电梯,精装,80.0,2001.0,682.0
西城,3室,北,有电梯,精装,80.0,2006.0,608.0
西城,2室,南北,无电梯,简装,56.0,1984.0,710.0
西城,2室,西,有电梯,精装,87.0,2009.0,1168.0
西城,1室,北,有电梯,简装,57.0,2006.0,628.0
西城,2室,东西,无电梯,简装,64.0,1998.0,580.0
西城,1室,北,有电梯,其他,43.0,2004.0,370.0
西城,1室,东,有电梯,简装,43.0,2003.0,399.0
西城,2室,东南,无电梯,简装,52.0,1983.0,400.0
西城,2室,南北,未知,简装,58.0,1989.0,513.0
西城,2室,南北,有电梯,精装,65.0,1993.0,880.0
西城,2室,西北,有电梯,简装,93.0,2006.0,880.0
西城,1室,西,有电梯,精装,61.0,2000.0,500.0
西城,2室,南,无电梯,精装,92.0,1997.0,1240.0
西城,2室,西北,有电梯,简装,73.0,2005.0,750.0
西城,2室,南北,有电梯,精装,71.0,2000.0,950.0
西城,2室,南北,无电梯,简装,65.0,1980.0,720.0
西城,3室,东西,无电梯,简装,56.0,1980.0,513.0
西城,2室,东南,有电梯,精装,96.0,2003.0,890.0
西城,1室,东,有电梯,精装,71.0,2009.0,680.0
西城,2室,西南,有电梯,简装,79.0,2001.0,672.0
西城,2室,南北,无电梯,精装,66.0,1991.0,830.0
西城,2室,西南,有电梯,精装,87.0,2004.0,660.0
西城,2室,南北,无电梯,其他,60.0,1989.0,872.0
西城,1室,西,有电梯,精装,62.0,2011.0,988.0
西城,2室,南,有电梯,精装,59.0,1991.0,738.0
西城,2室,南,未知,简装,55.0,1982.0,470.0
西城,1室,东,有电梯,精装,57.0,2005.0,485.0
西城,3室,南北,未知,精装,80.0,1992.0,1120.0
西城,2室,西,有电梯,简装,105.0,2000.0,740.0
西城,2室,南北,无电梯,其他,67.0,2003.0,730.0
西城,1室,东南,无电梯,精装,53.0,1998.0,575.0
西城,3室,东南,未知,简装,80.0,1990.0,830.0
西城,1室,东南,无电梯,简装,53.0,1998.0,570.0
西城,3室,东南,有电梯,简装,137.0,2003.0,1720.0
西城,2室,南北,无电梯,精装,54.0,1980.0,755.0
西城,2室,南北,无电梯,精装,57.0,1982.0,720.0
西城,2室,西北,有电梯,精装,77.0,1984.0,920.0
西城,3室,西北,未知,精装,71.0,1984.0,860.0
西城,3室,南北,无电梯,精装,99.0,1998.0,855.0
西城,2室,西,有电梯,简装,85.0,2000.0,720.0
西城,3室,南北,有电梯,简装,107.0,2001.0,839.0
西城,3室,东北,有电梯,其他,134.0,2004.0,1200.0
西城,2室,东南,有电梯,其他,92.0,2004.0,670.0
西城,3室,东南,有电梯,精装,126.0,2004.0,1200.0
西城,3室,东北,有电梯,简装,84.0,1996.0,883.0
西城,2室,东,有电梯,简装,122.0,2002.0,1050.0
西城,2室,南,有电梯,精装,87.0,1999.0,695.0
西城,2室,西北,有电梯,简装,130.0,2002.0,980.0
西城,2室,西,有电梯,精装,66.0,2011.0,930.0
西城,3室,东西,有电梯,精装,106.0,1993.0,1116.0
西城,3室,东南,未知,精装,56.0,1982.0,556.0
西城,3室,南北,有电梯,简装,71.0,1981.0,788.0
西城,2室,东西,有电梯,精装,60.0,1985.0,600.0
西城,1室,南北,有电梯,精装,43.0,1988.0,480.0
西城,3室,南北,未知,简装,82.0,1990.0,786.0
西城,1室,西,有电梯,精装,37.0,2008.0,420.0
西城,1室,南,未知,精装,51.0,1998.0,446.0
西城,2室,南北,无电梯,精装,54.0,1990.0,700.0
西城,2室,南,未知,精装,32.0,2005.0,450.0
西城,1室,西南,未知,精装,57.0,1999.0,480.0
西城,1室,北,有电梯,精装,57.0,2006.0,630.0
西城,1室,北,有电梯,简装,57.0,2006.0,628.0
西城,2室,南北,无电梯,简装,54.0,1986.0,517.0
西城,3室,东南,未知,其他,84.0,1985.0,1200.0
西城,2室,南北,无电梯,其他,54.0,1988.0,510.0
西城,2室,东北,有电梯,其他,67.0,2003.0,650.0
西城,2室,东西,未知,简装,60.0,1980.0,788.0
西城,1室,南北,无电梯,简装,53.0,1996.0,460.0
西城,2室,南西,未知,简装,71.0,1983.0,880.0
西城,3室,东西,无电梯,精装,72.0,1986.0,670.0
西城,2室,西南,有电梯,简装,76.0,2002.0,648.0
西城,2室,南北,无电梯,简装,61.0,1980.0,550.0
西城,2室,东西,有电梯,精装,85.0,2005.0,772.0
西城,3室,西,未知,精装,93.0,2003.0,1215.0
西城,2室,南北,无电梯,简装,71.0,1998.0,645.0
西城,2室,南北,有电梯,简装,100.0,1999.0,900.0
西城,2室,东南,无电梯,简装,71.0,1998.0,810.0
西城,2室,东南,有电梯,精装,68.0,2000.0,630.0
西城,2室,西北,未知,精装,88.0,2003.0,758.0
西城,3室,东西,未知,简装,72.0,1984.0,580.0
西城,2室,南,无电梯,精装,53.0,1976.0,525.0
西城,2室,东南,未知,简装,66.0,1992.0,810.0
西城,3室,西北,无电梯,简装,86.0,1992.0,790.0
西城,2室,南北,未知,简装,49.0,1977.0,695.0
西城,2室,东,有电梯,精装,70.0,1995.0,800.0
西城,2室,东西,有电梯,其他,96.0,2009.0,910.0
西城,2室,南,有电梯,简装,66.0,1984.0,660.0
西城,3室,西南,有电梯,简装,85.0,2003.0,1030.0
西城,2室,东西,无电梯,简装,67.0,1991.0,640.0
西城,2室,南北,有电梯,精装,115.0,2002.0,1580.0
西城,2室,东西,未知,简装,65.0,1990.0,870.0
西城,3室,西北,有电梯,简装,109.0,1999.0,930.0
西城,3室,东南,无电梯,精装,125.0,2000.0,1600.0
西城,2室,东南,无电梯,精装,61.0,1982.0,720.0
西城,3室,南北,未知,简装,78.0,1995.0,811.0
西城,1室,西,有电梯,简装,72.0,2007.0,650.0
西城,3室,南北,无电梯,简装,78.0,1992.0,842.0
西城,3室,东,有电梯,简装,99.0,1999.0,850.0
西城,1室,东,未知,精装,34.0,2007.0,500.0
西城,2室,东西,未知,简装,60.0,1983.0,599.0
西城,2室,南,有电梯,精装,52.0,2008.0,783.0
西城,2室,西南,有电梯,精装,99.0,2002.0,889.0
西城,2室,南,有电梯,其他,56.0,1981.0,495.0
西城,3室,南北,有电梯,简装,80.0,1984.0,988.0
西城,3室,南北,无电梯,精装,68.0,1990.0,920.0
西城,3室,南北,无电梯,精装,151.0,1998.0,1750.0
西城,2室,南北,无电梯,简装,62.0,1987.0,820.0
西城,3室,东西,无电梯,简装,80.0,1992.0,720.0
西城,2室,东西,未知,简装,71.0,1998.0,595.0
西城,2室,西北,有电梯,简装,87.0,2000.0,660.0
西城,2室,东北,有电梯,精装,85.0,2004.0,740.0
西城,2室,南北,未知,精装,58.0,1991.0,520.0
西城,3室,东西,未知,精装,65.0,1989.0,816.0
西城,2室,西南,未知,简装,49.0,1978.0,545.5
西城,2室,东南,未知,精装,129.0,1999.0,1200.0
西城,3室,西南,有电梯,简装,70.0,1984.0,880.0
西城,2室,东西,未知,简装,60.0,1980.0,788.0
西城,2室,南北,无电梯,其他,54.0,1988.0,510.0
西城,2室,东北,有电梯,其他,67.0,2003.0,650.0
西城,1室,南,有电梯,其他,42.0,1985.0,650.0
西城,3室,东南,无电梯,精装,62.0,1980.0,760.0
西城,1室,西,有电梯,精装,51.0,2004.0,465.0
西城,3室,东北,未知,精装,74.0,1984.0,940.0
西城,2室,南,无电梯,其他,50.0,1987.0,429.0
西城,3室,东南,有电梯,精装,127.0,2009.0,1300.0
西城,2室,东南,有电梯,其他,91.0,2006.0,766.0
西城,2室,南北,有电梯,精装,80.0,2000.0,861.0
西城,2室,东西,无电梯,精装,58.0,1992.0,750.0
西城,2室,西,有电梯,其他,88.0,2005.0,755.0
西城,2室,东北,有电梯,其他,75.0,2004.0,590.0
西城,2室,西南,有电梯,简装,66.0,1999.0,555.0
西城,3室,东北,有电梯,精装,74.0,1986.0,860.0
西城,3室,西南,未知,简装,75.0,1993.0,1120.0
西城,3室,东西,无电梯,简装,69.0,1987.0,535.0
西城,2室,东,未知,精装,89.0,2013.0,1195.0
西城,2室,东南,有电梯,其他,92.0,2004.0,658.0
西城,4室,东南,未知,简装,229.0,1999.0,1700.0
西城,4室,西南,未知,简装,166.0,2000.0,1680.0
西城,3室,东南,有电梯,精装,69.0,1980.0,855.0
西城,3室,南北,未知,简装,79.0,1992.0,910.0
西城,2室,南北,未知,精装,97.0,1993.0,1320.0
西城,2室,南北,未知,精装,88.0,2011.0,1380.0
西城,3室,西南,有电梯,精装,104.0,2002.0,830.0
西城,2室,东西,未知,简装,53.0,1987.0,470.0
西城,2室,东南,未知,简装,84.0,1992.0,760.0
西城,1室,南,未知,其他,47.0,1991.0,660.0
西城,1室,南,有电梯,精装,53.0,2007.0,680.0
西城,3室,西北,有电梯,简装,109.0,1999.0,930.0
西城,2室,西南,有电梯,简装,66.0,2002.0,600.0
西城,其他,东南,有电梯,其他,120.0,2009.0,660.0
西城,2室,西南,有电梯,简装,56.0,1989.0,620.0
西城,3室,南北,无电梯,简装,56.0,1978.0,530.0
西城,2室,西,未知,其他,69.0,1992.0,630.0
西城,3室,东,无电梯,简装,84.0,1980.0,740.0
西城,1室,西,有电梯,精装,61.0,2004.0,585.0
西城,3室,南北,无电梯,简装,77.0,1984.0,929.0
西城,2室,南北,无电梯,精装,60.0,1989.0,796.0
西城,2室,南北,有电梯,精装,71.0,1993.0,860.0
西城,1室,西北,未知,简装,56.0,2004.0,515.0
西城,3室,东南,无电梯,精装,78.0,1989.0,864.0
西城,2室,南北,有电梯,精装,68.0,1989.0,875.0
西城,2室,东,有电梯,其他,83.0,2001.0,666.0
西城,3室,东南,有电梯,简装,85.0,2003.0,900.0
西城,3室,东,无电梯,简装,73.0,1996.0,1014.3
西城,3室,南北,未知,精装,60.0,1981.0,620.0
西城,1室,南北,无电梯,精装,49.0,2003.0,535.0
西城,2室,南北,无电梯,精装,67.0,2002.0,813.0
西城,2室,南北,有电梯,精装,77.0,1999.0,1048.0
西城,2室,南,未知,简装,103.0,2000.0,911.0
西城,1室,南北,无电梯,其他,53.0,2003.0,800.0
西城,1室,南,有电梯,其他,42.0,1985.0,650.0
西城,1室,北,有电梯,简装,54.0,2004.0,499.0
西城,1室,南,无电梯,简装,36.0,1985.0,360.0
西城,2室,南北,无电梯,简装,53.0,1982.0,475.0
西城,1室,东,未知,精装,36.0,2006.0,366.0
西城,3室,东南,有电梯,简装,81.0,1991.0,868.0
西城,3室,南北,无电梯,简装,90.0,1989.0,999.0
西城,3室,东西,未知,简装,142.0,2003.0,1530.0
西城,2室,西,有电梯,精装,92.0,2001.0,680.0
西城,3室,西北,无电梯,毛坯,65.0,1985.0,915.0
西城,2室,东,有电梯,简装,69.0,1997.0,945.0
西城,2室,西南,有电梯,简装,66.0,1995.0,825.0
西城,2室,南,有电梯,简装,68.0,1986.0,610.0
西城,2室,南北,无电梯,精装,63.0,1996.0,549.0
西城,2室,西,未知,精装,87.0,2006.0,830.0
西城,3室,东南,有电梯,简装,85.0,1994.0,930.0
西城,3室,南北,无电梯,简装,71.0,1993.0,975.0
西城,2室,南北,无电梯,简装,60.0,1979.0,676.0
西城,3室,东南,有电梯,简装,79.0,1992.0,1060.0
西城,2室,西北,有电梯,简装,74.0,2006.0,850.0
西城,2室,西南,未知,精装,108.0,2000.0,880.0
西城,3室,西南,有电梯,其他,119.0,2004.0,1000.0
西城,2室,北,有电梯,简装,61.0,1985.0,660.0
西城,2室,西北,未知,简装,77.0,2004.0,725.0
西城,3室,西北,有电梯,简装,82.0,2003.0,790.0
西城,3室,东南,未知,精装,93.0,2002.0,850.0
西城,2室,南北,无电梯,简装,56.0,1990.0,452.0
西城,2室,南,未知,其他,52.0,1987.0,495.0
西城,2室,南,无电梯,毛坯,50.0,1980.0,599.0
西城,2室,南北,未知,其他,60.0,1991.0,635.0
西城,2室,东南,未知,简装,68.0,1996.0,560.0
西城,3室,南北,未知,精装,128.0,1998.0,1650.0
西城,2室,南北,无电梯,其他,94.0,2000.0,768.0
西城,2室,南北,有电梯,精装,113.0,2008.0,1695.0
西城,2室,南北,未知,精装,58.0,2004.0,725.0
西城,3室,南北,无电梯,精装,87.0,1990.0,755.0
西城,1室,北,有电梯,精装,41.0,2004.0,395.0
西城,2室,南,无电梯,精装,46.0,1976.0,730.0
西城,3室,西南,有电梯,精装,85.0,2003.0,880.0
西城,2室,南北,无电梯,简装,62.0,1985.0,520.0
西城,2室,北,未知,简装,73.0,1996.0,580.0
西城,3室,西南,有电梯,其他,151.0,2003.0,1150.0
西城,1室,北,有电梯,简装,62.0,2004.0,530.0
西城,2室,西南,未知,简装,77.0,2003.0,875.0
西城,2室,西,未知,精装,102.0,2009.0,865.0
西城,1室,东南,未知,精装,35.0,2005.0,450.0
西城,1室,西南,未知,精装,34.0,2005.0,450.0
西城,1室,东,无电梯,其他,40.0,1982.0,490.0
西城,2室,东南,未知,其他,53.0,1983.0,528.0
西城,1室,东,未知,精装,42.0,1983.0,460.0
西城,3室,南北,有电梯,简装,122.0,1998.0,988.0
西城,2室,南北,有电梯,精装,117.0,2003.0,990.0
西城,2室,南北,未知,其他,69.0,1997.0,690.0
西城,2室,东北,有电梯,精装,98.0,2003.0,1470.0
西城,2室,东北,未知,精装,55.0,1984.0,680.0
西城,2室,南,有电梯,简装,73.0,1991.0,773.0
西城,2室,东,无电梯,简装,65.0,1988.0,718.0
西城,2室,南北,无电梯,精装,56.0,1987.0,606.0
西城,2室,南,未知,简装,64.0,1990.0,608.0
西城,2室,南北,无电梯,精装,79.0,2001.0,1100.0
西城,2室,东南,未知,其他,66.0,1991.0,650.0
西城,3室,西南,未知,精装,79.0,1991.0,900.0
西城,3室,东西,无电梯,简装,68.0,1977.0,660.0
西城,2室,南西,有电梯,精装,48.0,1991.0,660.0
西城,1室,北,有电梯,精装,69.0,2007.0,500.0
西城,3室,东北,未知,简装,106.0,1999.0,855.0
西城,2室,东西,有电梯,精装,94.0,2009.0,1220.0
西城,3室,南北,无电梯,简装,85.0,1990.0,810.0
西城,1室,南北,无电梯,其他,41.0,1990.0,600.0
西城,2室,南北,未知,简装,61.0,1990.0,850.0
西城,1室,北,有电梯,其他,21.0,2004.0,293.0
西城,3室,东南,有电梯,简装,94.0,1995.0,799.0
西城,2室,西北,未知,其他,73.0,1991.0,820.0
西城,2室,东西,未知,其他,59.0,1980.0,565.0
西城,2室,西,有电梯,简装,73.0,1999.0,750.0
西城,2室,西南,未知,精装,68.0,1994.0,750.0
西城,1室,北,未知,简装,28.0,2005.0,388.0
西城,2室,南北,未知,精装,113.0,2008.0,1695.0
西城,2室,西南,未知,简装,60.0,1989.0,580.0
西城,2室,东西,无电梯,精装,54.0,1995.0,539.0
西城,2室,东北,有电梯,简装,103.0,2009.0,950.0
西城,2室,东西,未知,简装,52.0,1976.0,735.0
西城,1室,北,有电梯,精装,41.0,2004.0,395.0
西城,3室,南北,无电梯,精装,87.0,1990.0,755.0
西城,3室,东西,未知,简装,75.0,1992.0,1042.0
西城,2室,南北,未知,精装,58.0,2004.0,725.0
西城,2室,南北,未知,其他,65.0,1998.0,600.0
西城,2室,西南,有电梯,其他,73.0,1999.0,600.0
西城,3室,南北,无电梯,其他,77.0,1986.0,660.0
西城,2室,南北,未知,其他,57.0,1992.0,716.0
西城,2室,西南,有电梯,简装,123.0,1999.0,1417.0
西城,2室,南,有电梯,精装,88.0,2008.0,900.0
西城,2室,东,有电梯,精装,89.0,2013.0,1298.0
西城,2室,西南,有电梯,精装,66.0,1999.0,925.0
西城,2室,南北,有电梯,简装,112.0,2008.0,1800.0
西城,2室,南,无电梯,其他,63.0,1996.0,570.0
西城,2室,东西,无电梯,其他,60.0,2003.0,630.0
西城,2室,东西,无电梯,其他,73.0,2001.0,950.0
西城,1室,南,有电梯,其他,38.0,1981.0,450.0
西城,2室,南北,未知,简装,53.0,1981.0,600.0
西城,3室,南,未知,精装,150.0,2004.0,1170.0
西城,2室,南北,无电梯,其他,66.0,1987.0,720.0
西城,2室,东,未知,其他,86.0,2003.0,880.0
西城,3室,南北,未知,精装,86.0,1999.0,800.0
西城,3室,南北,未知,其他,91.0,1993.0,1373.0
西城,2室,南北,未知,精装,57.0,1992.0,590.0
西城,2室,南,未知,精装,59.0,1992.0,780.0
西城,2室,南西,无电梯,其他,56.0,1992.0,545.0
西城,3室,南北,无电梯,其他,81.0,1986.0,985.0
西城,2室,南北,未知,简装,75.0,2003.0,976.0
西城,1室,东南,未知,简装,57.0,1999.0,470.0
西城,3室,东南,未知,简装,57.0,1985.0,590.0
西城,2室,东南,无电梯,精装,53.0,1980.0,560.0
西城,2室,南北,有电梯,精装,69.0,2003.0,845.0
西城,2室,南北,未知,简装,59.0,1986.0,623.7
西城,2室,南北,未知,简装,79.0,2001.0,640.0
西城,3室,东西,无电梯,精装,69.0,1995.0,645.0
西城,3室,东南,未知,简装,152.0,2003.0,1080.0
西城,3室,东南,无电梯,简装,91.0,1999.0,890.0
西城,3室,东南,无电梯,毛坯,72.0,1992.0,620.0
西城,2室,南北,无电梯,简装,62.0,1982.0,595.0
西城,3室,南北,无电梯,其他,83.0,2004.0,900.0
西城,2室,南,有电梯,简装,107.0,2000.0,930.0
西城,2室,西,有电梯,精装,89.0,2006.0,840.0
西城,3室,东南,有电梯,简装,134.0,2000.0,1330.0
西城,3室,东南,无电梯,简装,70.0,1986.0,983.0
西城,3室,东南,有电梯,精装,135.0,2004.0,1080.0
西城,2室,西,未知,其他,79.0,2001.0,670.0
西城,2室,西北,有电梯,简装,63.0,1992.0,430.0
西城,3室,东北,未知,精装,71.0,1992.0,940.0
西城,3室,南北,有电梯,精装,139.0,2002.0,1390.0
西城,2室,南北,无电梯,精装,60.0,1983.0,750.0
西城,2室,西北,有电梯,精装,88.0,2006.0,849.0
西城,2室,东南,未知,精装,75.0,2004.0,700.0
西城,2室,东西,无电梯,精装,79.0,1999.0,1050.0
西城,1室,东,未知,其他,55.0,2004.0,580.0
西城,2室,南北,无电梯,精装,58.0,1987.0,650.0
西城,3室,东南,无电梯,简装,76.0,1985.0,953.0
西城,2室,南北,未知,简装,62.0,1993.0,660.0
西城,4室,南北,无电梯,简装,111.0,1995.0,1420.0
西城,1室,西,未知,简装,51.0,2004.0,550.0
西城,2室,南北,无电梯,精装,58.0,1991.0,578.0
西城,2室,南,无电梯,其他,63.0,1996.0,570.0
西城,2室,西南,有电梯,简装,123.0,1999.0,1417.0
西城,3室,南北,未知,精装,69.0,1997.0,650.0
西城,1室,南,未知,简装,22.0,2006.0,305.0
西城,1室,西南,有电梯,毛坯,56.0,1999.0,470.0
西城,1室,南,未知,简装,28.0,2004.0,340.0
西城,4室,南北,无电梯,精装,148.0,2000.0,1830.0
西城,2室,南,无电梯,简装,53.0,1984.0,765.0
西城,1室,东西,无电梯,简装,49.0,1998.0,405.0
西城,2室,南,无电梯,简装,59.0,1978.0,610.0
西城,2室,南北,无电梯,简装,53.0,1984.0,485.0
西城,2室,东北,无电梯,毛坯,61.0,1989.0,680.0
西城,2室,南北,无电梯,简装,62.0,1980.0,840.0
西城,3室,南北,未知,其他,69.0,1978.0,899.0
西城,1室,北,有电梯,简装,63.0,1997.0,535.0
西城,1室,南,未知,其他,37.0,2004.0,436.0
西城,3室,东南,未知,精装,59.0,1980.0,789.0
西城,3室,南北,未知,精装,73.0,1979.0,660.0
西城,2室,东西,无电梯,简装,67.0,1992.0,658.0
西城,3室,西南,有电梯,精装,79.0,1992.0,970.0
西城,2室,南北,未知,简装,60.0,1987.0,820.0
西城,2室,南北,未知,简装,56.0,1995.0,528.0
西城,2室,南,未知,简装,55.0,1980.0,565.0
西城,2室,西南,未知,简装,53.0,1994.0,500.0
西城,1室,西,有电梯,简装,51.0,1994.0,598.0
西城,2室,东西,无电梯,简装,78.0,2002.0,650.0
西城,2室,南北,有电梯,简装,66.0,1989.0,900.0
西城,2室,南北,无电梯,简装,60.0,1990.0,810.0
西城,2室,南北,无电梯,简装,59.0,1997.0,560.0
西城,3室,西北,有电梯,简装,115.0,2001.0,720.0
西城,2室,南,未知,精装,52.0,2008.0,660.0
西城,2室,南,未知,精装,52.0,1984.0,527.0
西城,2室,东西,无电梯,精装,60.0,1992.0,560.0
西城,1室,南,未知,简装,42.0,1987.0,655.0
西城,2室,南北,未知,精装,55.0,1987.0,450.0
西城,2室,南北,未知,简装,57.0,1980.0,558.0
西城,3室,东西,有电梯,精装,74.0,1987.0,815.0
西城,3室,东西,未知,简装,94.0,1980.0,1280.0
西城,3室,南北,无电梯,简装,83.0,1991.0,750.0
西城,2室,南,有电梯,精装,102.0,2000.0,880.0
西城,2室,南北,无电梯,其他,79.0,1995.0,695.0
西城,2室,南,无电梯,精装,55.0,1980.0,596.0
西城,2室,东南,无电梯,简装,53.0,1983.0,690.0
西城,4室,东西,有电梯,简装,101.0,1985.0,916.0
西城,2室,南北,未知,简装,68.0,1990.0,962.0
西城,2室,南北,未知,精装,58.0,1987.0,810.0
西城,2室,东西,未知,精装,61.0,1983.0,530.0
西城,2室,东,未知,其他,92.0,2001.0,618.0
西城,2室,南北,未知,精装,54.0,1978.0,750.0
西城,2室,西北,未知,其他,87.0,2000.0,680.0
西城,2室,南北,无电梯,简装,81.0,1999.0,720.0
西城,1室,南,未知,简装,43.0,1990.0,500.0
西城,2室,西,未知,精装,102.0,2009.0,900.0
西城,2室,南北,无电梯,精装,57.0,1986.0,775.0
西城,2室,西,未知,精装,55.0,1990.0,540.0
西城,2室,南,有电梯,简装,64.0,1987.0,832.0
西城,1室,南,未知,简装,41.0,1986.0,398.0
西城,1室,南,有电梯,简装,34.0,2004.0,345.0
西城,1室,东北,有电梯,精装,55.0,2004.0,510.0
西城,2室,南,未知,其他,56.0,1985.0,850.0
西城,3室,南北,未知,简装,79.0,1981.0,855.0
西城,2室,北,未知,精装,77.0,2006.0,565.0
西城,2室,西南,有电梯,精装,133.0,2002.0,1050.0
西城,2室,南北,有电梯,简装,82.0,1987.0,910.0
西城,2室,东西,无电梯,其他,57.0,1987.0,500.0
西城,1室,南,未知,简装,64.0,1999.0,570.0
西城,1室,东,未知,精装,51.0,2004.0,580.0
西城,3室,南北,无电梯,其他,96.0,1999.0,1250.0
西城,1室,西南,有电梯,其他,46.0,1988.0,670.0
西城,1室,北,未知,简装,54.0,2004.0,498.0
西城,1室,北,未知,精装,63.0,2003.0,966.0
西城,1室,南,未知,精装,43.0,1989.0,520.0
西城,1室,北,未知,简装,38.0,1990.0,485.0
西城,2室,南,未知,其他,54.0,1986.0,490.0
西城,1室,东,未知,简装,43.0,2005.0,385.0
西城,3室,东北,未知,精装,109.0,1999.0,1400.0
西城,4室,西南,有电梯,简装,176.0,2002.0,1050.0
西城,4室,东南,有电梯,精装,157.0,1996.0,1680.0
西城,1室,东,未知,精装,52.0,1991.0,700.0
西城,2室,东西,无电梯,精装,60.0,1992.0,560.0
西城,2室,南,未知,精装,52.0,2008.0,660.0
西城,2室,南,未知,精装,52.0,1984.0,527.0
西城,2室,西北,未知,其他,73.0,1992.0,820.0
西城,2室,西南,有电梯,精装,76.0,2002.0,650.0
西城,2室,西南,有电梯,精装,105.0,1999.0,1390.0
西城,2室,南,有电梯,精装,105.0,2003.0,1680.0
西城,3室,东南,无电梯,简装,73.0,1978.0,736.0
西城,2室,南北,未知,精装,63.0,1990.0,667.0
西城,2室,南北,无电梯,精装,78.0,1991.0,638.0
西城,2室,南北,有电梯,简装,77.0,1998.0,950.0
西城,3室,西南,有电梯,简装,77.0,1990.0,640.0
西城,2室,南,有电梯,精装,119.0,2003.0,1350.0
西城,1室,西北,未知,精装,71.0,2003.0,700.0
西城,2室,南北,未知,精装,49.0,1985.0,507.0
西城,4室,东南,有电梯,简装,108.0,1999.0,830.0
西城,1室,西,未知,精装,55.0,2004.0,570.0
西城,2室,南北,未知,简装,62.0,1992.0,610.0
西城,1室,南北,未知,精装,24.0,2006.0,298.0
西城,2室,南北,有电梯,精装,71.0,1999.0,740.0
西城,2室,东,未知,精装,96.0,2009.0,955.0
西城,3室,西北,有电梯,其他,72.0,1991.0,835.0
西城,2室,东南,未知,简装,53.0,1983.0,520.0
西城,3室,南北,未知,简装,105.0,2001.0,820.0
西城,2室,西,有电梯,简装,76.0,2002.0,646.0
西城,2室,西北,有电梯,精装,83.0,2005.0,650.0
西城,2室,南北,无电梯,毛坯,82.0,1997.0,865.0
西城,2室,西南,有电梯,简装,86.0,2008.0,680.0
西城,1室,西,未知,简装,61.0,2013.0,599.0
西城,1室,东,未知,精装,76.0,2008.0,1190.0
西城,2室,南,有电梯,简装,64.0,1987.0,832.0
西城,1室,东,有电梯,精装,66.0,2006.0,615.0
西城,2室,东,未知,精装,96.0,2002.0,950.0
西城,2室,东西,未知,简装,60.0,1982.0,715.0
西城,2室,南,未知,精装,126.0,2005.0,1530.0
西城,2室,南,未知,精装,102.0,2003.0,850.0
西城,1室,东南,未知,简装,60.0,2003.0,500.0
西城,3室,南北,无电梯,简装,80.0,1986.0,965.0
西城,3室,西南,无电梯,精装,71.0,2002.0,925.0
西城,2室,东,无电梯,精装,54.0,1985.0,450.0
西城,2室,南北,未知,简装,65.0,2004.0,630.0
西城,3室,东西,未知,简装,85.0,1987.0,850.0
西城,2室,西南,有电梯,简装,128.0,1999.0,1280.0
西城,1室,南北,未知,简装,46.0,1989.0,550.0
西城,1室,西南,有电梯,精装,64.0,2005.0,525.0
西城,2室,南北,无电梯,精装,60.0,1986.0,750.0
西城,2室,西北,有电梯,简装,96.0,2007.0,822.0
西城,1室,东,无电梯,简装,56.0,2003.0,635.0
西城,1室,西,有电梯,精装,63.0,1998.0,487.0
西城,1室,西,无电梯,简装,50.0,1997.0,485.0
西城,1室,西,未知,精装,31.0,2004.0,420.0
西城,2室,南北,无电梯,简装,47.0,1976.0,718.5
西城,2室,南北,有电梯,其他,65.0,1990.0,765.0
西城,2室,东南,有电梯,简装,94.0,2000.0,750.0
西城,2室,西北,未知,其他,73.0,1992.0,820.0
西城,2室,西南,有电梯,精装,76.0,2002.0,650.0
西城,2室,西南,有电梯,精装,105.0,1999.0,1390.0
西城,2室,西南,未知,毛坯,56.0,1986.0,520.0
西城,3室,西南,无电梯,简装,77.0,1986.0,695.0
西城,3室,东南,未知,简装,92.0,1998.0,1100.0
西城,2室,南北,无电梯,简装,54.0,1991.0,650.0
西城,2室,南北,未知,精装,57.0,1989.0,563.0
西城,1室,西南,未知,简装,43.0,1992.0,434.9
西城,2室,东北,有电梯,精装,83.0,1999.0,720.0
西城,3室,东南,无电梯,简装,56.0,1987.0,610.0
西城,2室,东南,有电梯,简装,61.0,1989.0,730.0
西城,2室,南,未知,简装,68.0,1993.0,1030.0
西城,3室,南北,无电梯,简装,84.0,1992.0,1209.0
西城,1室,西,未知,精装,57.0,2004.0,470.0
西城,1室,南,未知,精装,80.0,1999.0,1050.0
西城,3室,东南,未知,精装,153.0,2004.0,1080.0
西城,2室,南西,有电梯,精装,71.0,1991.0,840.0
西城,2室,南,未知,简装,66.0,2004.0,665.0
西城,1室,东,有电梯,精装,72.0,2007.0,635.0
西城,2室,东北,未知,其他,58.0,1992.0,700.0
西城,2室,西南,未知,精装,93.0,2002.0,820.0
西城,2室,南北,未知,简装,59.0,1989.0,688.0
西城,2室,南北,未知,简装,54.0,1982.0,510.0
西城,2室,南北,未知,简装,57.0,1983.0,558.0
西城,2室,南北,未知,精装,75.0,1999.0,712.0
西城,3室,东南,有电梯,毛坯,138.0,2006.0,1355.0
西城,3室,东北,未知,简装,123.0,1999.0,1060.0
西城,3室,东西,有电梯,精装,76.0,1984.0,993.0
西城,3室,南北,有电梯,精装,139.0,2006.0,1450.0
西城,2室,南北,有电梯,精装,89.0,2008.0,1420.0
西城,1室,南,未知,精装,45.0,2004.0,405.0
西城,2室,西北,有电梯,精装,50.0,1979.0,469.0
西城,2室,东,未知,简装,102.0,2004.0,715.0
西城,2室,南北,未知,精装,63.0,1984.0,795.0
西城,2室,南,未知,其他,54.0,1984.0,745.0
西城,2室,东北,未知,精装,97.0,2003.0,1448.0
西城,3室,西南,有电梯,精装,81.0,1996.0,1160.0
西城,3室,南北,未知,简装,80.0,2003.0,880.0
西城,2室,南北,有电梯,简装,68.0,1991.0,610.0
西城,1室,北,未知,简装,43.0,2003.0,355.0
西城,2室,南北,未知,精装,85.0,2000.0,850.0
西城,1室,西,有电梯,精装,57.0,1999.0,548.0
西城,2室,东南,未知,简装,59.0,1980.0,621.6
西城,3室,南北,未知,简装,73.0,1985.0,772.0
西城,2室,东南,未知,简装,74.0,1989.0,1190.0
西城,3室,南北,未知,简装,75.0,1989.0,899.0
西城,1室,南,有电梯,简装,71.0,2009.0,680.0
西城,2室,南北,未知,毛坯,60.0,1981.0,780.0
西城,3室,南北,无电梯,简装,71.0,1982.0,697.0
西城,3室,南北,有电梯,精装,140.0,2007.0,1298.0
西城,3室,南北,未知,简装,74.0,1989.0,890.0
西城,2室,东,有电梯,简装,56.0,1986.0,565.0
西城,2室,东西,未知,简装,58.0,1992.0,580.0
西城,2室,南,未知,精装,59.0,1983.0,620.0
西城,2室,东南,未知,精装,104.0,2004.0,950.0
西城,3室,东西,有电梯,精装,172.0,2003.0,1550.0
西城,2室,东南,有电梯,精装,71.0,1996.0,622.0
西城,2室,西,未知,简装,73.0,2003.0,605.0
西城,2室,南北,未知,精装,83.0,1993.0,830.0
西城,3室,南,有电梯,简装,94.0,1999.0,1200.0
西城,1室,西南,未知,简装,43.0,1992.0,434.9
西城,3室,东南,无电梯,简装,56.0,1987.0,610.0
西城,3室,东南,未知,其他,73.0,1992.0,960.0
西城,3室,东南,未知,其他,66.0,1989.0,827.0
西城,3室,西南,未知,精装,85.0,2003.0,930.0
西城,2室,南北,未知,简装,63.0,1999.0,588.0
西城,1室,东,未知,精装,46.0,2004.0,435.0
西城,1室,南,未知,简装,40.0,1982.0,369.0
西城,2室,西北,未知,简装,60.0,1985.0,760.0
西城,2室,西北,未知,简装,61.0,1990.0,780.0
西城,2室,东南,未知,简装,92.0,2004.0,660.0
西城,2室,南北,未知,简装,65.0,1991.0,570.0
西城,2室,南,未知,简装,50.0,1980.0,549.0
西城,3室,南北,未知,精装,128.0,1998.0,1680.0
西城,2室,东西,未知,简装,70.0,1995.0,668.0
西城,2室,东西,未知,简装,60.0,1982.0,750.0
西城,2室,南,有电梯,精装,69.0,1991.0,658.0
西城,2室,南北,未知,简装,67.0,1997.0,730.0
西城,2室,南北,未知,简装,55.0,1987.0,655.0
西城,2室,东西,未知,精装,62.0,1994.0,590.0
西城,3室,南北,未知,精装,81.0,1991.0,838.0
西城,2室,南北,未知,简装,58.0,1986.0,697.0
西城,3室,西南,未知,精装,146.0,2002.0,1300.0
西城,2室,南,未知,简装,50.0,1990.0,510.0
西城,2室,南北,未知,其他,58.0,1996.0,646.0
西城,2室,西南,未知,精装,49.0,1980.0,465.0
西城,3室,东南,未知,简装,123.0,2004.0,860.0
西城,2室,南北,未知,精装,63.0,1984.0,795.0
西城,2室,东西,无电梯,精装,60.0,1997.0,632.0
西城,2室,南,未知,精装,111.0,2006.0,1220.0
西城,2室,东西,未知,毛坯,54.0,1983.0,438.0
西城,2室,南,无电梯,简装,49.0,1980.0,455.0
西城,2室,西南,未知,精装,83.0,2006.0,795.0
西城,2室,南,未知,简装,69.0,2003.0,855.0
西城,2室,南北,未知,简装,54.0,1992.0,470.0
西城,1室,南,未知,精装,40.0,1991.0,500.0
西城,2室,西,有电梯,简装,49.0,2008.0,630.0
西城,1室,北,有电梯,简装,27.0,2004.0,368.0
西城,2室,南北,未知,精装,87.0,1992.0,892.0
西城,2室,南北,有电梯,简装,97.0,1998.0,1280.0
西城,3室,东西,未知,简装,70.0,1984.0,759.0
西城,2室,西南,未知,精装,104.0,1999.0,920.0
西城,2室,东,未知,精装,88.0,2006.0,880.0
西城,2室,南,未知,简装,70.0,2002.0,775.0
西城,2室,南北,未知,简装,88.0,1994.0,992.0
西城,1室,南,未知,精装,53.0,1999.0,720.0
西城,2室,南北,未知,精装,61.0,1981.0,635.0
西城,1室,东,未知,精装,46.0,1993.0,480.0
西城,2室,东南,未知,简装,60.0,1991.0,715.0
西城,2室,西,未知,精装,64.0,2000.0,555.0
西城,3室,东西,未知,精装,84.0,1992.0,785.0
西城,2室,南北,无电梯,简装,78.0,1992.0,850.0
西城,2室,东南,未知,精装,48.0,1990.0,570.0
西城,3室,南北,未知,简装,89.0,1991.0,1170.0
西城,3室,东南,有电梯,精装,114.0,1990.0,1000.0
西城,2室,南北,未知,简装,62.0,1987.0,828.0
西城,2室,南北,未知,精装,60.0,1991.0,755.0
西城,2室,南,未知,简装,55.0,1980.0,440.0
西城,2室,西北,未知,简装,72.0,1991.0,860.0
西城,2室,南,未知,精装,60.0,1984.0,610.0
西城,2室,东,未知,毛坯,65.0,1992.0,660.0
西城,2室,南,未知,其他,56.0,1982.0,530.0
西城,2室,东,未知,简装,57.0,1988.0,708.0
西城,4室,南北,有电梯,简装,125.0,2001.0,1388.0
西城,1室,南,未知,简装,32.0,2005.0,420.0
西城,1室,南北,无电梯,简装,42.0,1989.0,620.0
西城,2室,西南,未知,精装,76.0,2002.0,650.0
西城,2室,南北,未知,精装,62.0,1987.0,796.0
西城,3室,西南,有电梯,简装,72.0,1988.0,900.0
西城,2室,东西,无电梯,其他,56.0,1993.0,480.0
西城,2室,西南,未知,精装,63.0,1994.0,670.0
西城,2室,东北,未知,精装,103.0,2009.0,930.0
西城,2室,南北,无电梯,简装,60.0,1986.0,735.0
西城,2室,东南,有电梯,精装,58.0,1989.0,690.0
西城,2室,南北,未知,简装,80.0,1992.0,650.0
西城,2室,东西,无电梯,精装,66.0,2004.0,760.0
西城,2室,南北,未知,精装,50.0,1979.0,750.0
西城,1室,西,无电梯,简装,44.0,1993.0,480.0
西城,2室,南北,未知,简装,106.0,2002.0,1700.0
西城,2室,南北,未知,精装,85.0,2005.0,799.0
西城,2室,西,未知,精装,83.0,2004.0,780.0
西城,2室,东南,未知,其他,75.0,1998.0,690.0
西城,2室,西南,有电梯,简装,78.0,2002.0,830.0
西城,2室,南北,未知,简装,56.0,1982.0,480.0
西城,3室,东南,未知,精装,91.0,1989.0,942.0
东城,3室,东西,无电梯,其他,67.0,1979.0,580.0
东城,3室,南,有电梯,其他,127.0,2002.0,980.0
东城,2室,南北,无电梯,其他,62.0,1990.0,550.0
东城,2室,西,有电梯,其他,80.0,2004.0,795.0
东城,1室,南,有电梯,其他,46.0,2002.0,455.0
东城,1室,北,有电梯,其他,81.0,2005.0,810.0
东城,3室,东西,有电梯,简装,140.0,2003.0,1600.0
东城,1室,西,未知,精装,99.0,2006.0,1280.0
东城,其他,北,未知,精装,29.0,2007.0,178.0
东城,2室,西北,未知,精装,143.0,2006.0,1599.0
东城,3室,南北,无电梯,简装,83.0,2003.0,920.0
东城,2室,南北,有电梯,其他,115.0,2001.0,690.0
东城,2室,南,有电梯,简装,110.0,2003.0,1220.0
东城,1室,西,有电梯,精装,63.0,2009.0,460.0
东城,2室,南北,有电梯,精装,127.0,2004.0,1650.0
东城,其他,西,有电梯,精装,77.0,2005.0,410.0
东城,1室,南,无电梯,其他,38.0,1990.0,400.0
东城,1室,北,有电梯,精装,51.0,2005.0,500.0
东城,2室,南,无电梯,精装,55.0,1988.0,680.0
东城,2室,东,有电梯,精装,156.0,2008.0,990.0
东城,3室,西南,未知,精装,87.0,1980.0,750.0
东城,1室,西北,有电梯,其他,69.0,2006.0,610.0
东城,1室,东,有电梯,精装,107.0,2009.0,750.0
东城,1室,北,未知,其他,78.0,2006.0,880.0
东城,3室,东北,有电梯,精装,175.0,2000.0,1800.0
东城,2室,西北,未知,精装,145.0,2006.0,1680.0
东城,1室,东南,无电梯,简装,41.0,1996.0,440.0
东城,3室,南北,有电梯,其他,110.0,2006.0,715.0
东城,3室,东西,有电梯,简装,124.0,2002.0,1800.0
东城,1室,西,有电梯,简装,93.0,2009.0,530.0
东城,3室,南北,未知,简装,169.0,1998.0,1360.0
东城,2室,北,未知,简装,96.0,2005.0,915.0
东城,2室,东,未知,简装,68.0,2006.0,595.0
东城,1室,西南,无电梯,简装,50.0,1997.0,579.0
东城,1室,西,有电梯,其他,63.0,2004.0,572.0
东城,1室,南北,无电梯,其他,52.0,2003.0,475.0
东城,1室,南,有电梯,精装,74.0,2007.0,769.0
东城,1室,南,有电梯,其他,59.0,2005.0,640.0
东城,其他,北,有电梯,简装,87.0,2008.0,420.0
东城,3室,南北,未知,简装,68.0,1986.0,730.0
东城,2室,南,未知,其他,63.0,1995.0,560.0
东城,1室,西,有电梯,精装,75.0,2004.0,615.0
东城,1室,南,未知,简装,58.0,2010.0,440.0
东城,3室,南,未知,其他,154.0,2008.0,990.0
东城,1室,东西,有电梯,简装,52.0,1996.0,585.0
东城,2室,南北,未知,简装,53.0,1981.0,490.0
东城,2室,南,无电梯,简装,52.0,1981.0,540.0
东城,1室,西,有电梯,其他,57.0,2008.0,450.0
东城,1室,东,有电梯,简装,51.0,1990.0,535.0
东城,3室,南,未知,精装,103.0,1993.0,1350.0
东城,1室,东南,有电梯,精装,130.0,2002.0,1400.0
东城,3室,东北,有电梯,其他,72.0,1979.0,800.0
东城,3室,东南,有电梯,精装,79.0,1988.0,720.0
东城,3室,东西,无电梯,其他,67.0,1979.0,580.0
东城,2室,东西,无电梯,精装,77.0,2003.0,910.0
东城,2室,东北,无电梯,简装,59.0,1985.0,430.0
东城,3室,北,有电梯,精装,260.0,2000.0,1820.0
东城,1室,西南,有电梯,精装,55.0,1999.0,570.0
东城,2室,西南,未知,简装,54.0,1980.0,486.0
东城,3室,南北,有电梯,简装,90.0,2002.0,820.0
东城,3室,南北,无电梯,简装,119.0,1995.0,1110.0
东城,3室,东北,有电梯,简装,99.0,2005.0,880.0
东城,其他,东,未知,精装,59.0,2010.0,280.0
东城,2室,南,有电梯,简装,76.0,2002.0,850.0
东城,3室,西北,有电梯,简装,135.0,2001.0,1350.0
东城,3室,东西,有电梯,精装,147.0,2004.0,1430.0
东城,3室,东南,有电梯,精装,156.0,2006.0,1800.0
东城,2室,西北,有电梯,精装,92.0,2004.0,1100.0
东城,2室,南,未知,精装,55.0,1980.0,530.0
东城,2室,东西,无电梯,简装,58.0,1990.0,490.0
东城,4室,南北,有电梯,精装,182.0,2000.0,1650.0
东城,2室,西,有电梯,简装,108.0,2002.0,710.0
东城,2室,南北,无电梯,简装,47.0,1985.0,710.0
东城,2室,南西,未知,其他,66.0,2005.0,570.0
东城,1室,北,未知,简装,30.0,1990.0,400.0
东城,2室,东西,未知,简装,56.0,1987.0,360.0
东城,2室,西,有电梯,精装,80.0,2004.0,750.0
东城,2室,南北,无电梯,简装,69.0,1985.0,950.0
东城,4室,南北,未知,简装,117.0,2003.0,1350.0
东城,3室,西南,无电梯,简装,91.0,2002.0,1290.0
东城,3室,东西,有电梯,简装,124.0,2002.0,1800.0
东城,3室,南北,有电梯,其他,110.0,2006.0,715.0
东城,2室,南北,无电梯,其他,57.0,1990.0,618.0
东城,3室,东南,无电梯,简装,88.0,2002.0,988.0
东城,2室,南北,未知,简装,61.0,1990.0,800.0
东城,2室,南北,未知,简装,50.0,1990.0,610.0
东城,3室,东北,未知,简装,81.0,1988.0,900.0
东城,3室,东南,有电梯,简装,94.0,2002.0,1050.0
东城,3室,南北,无电梯,其他,105.0,1996.0,1000.0
东城,2室,东,无电梯,其他,51.0,1985.0,435.0
东城,4室,东南,无电梯,其他,66.0,2002.0,395.0
东城,3室,东西,有电梯,精装,90.0,2004.0,855.0
东城,1室,南北,有电梯,简装,48.0,1985.0,430.0
东城,3室,东西,有电梯,简装,156.0,1999.0,1802.0
东城,2室,西,未知,其他,45.0,2002.0,270.0
东城,1室,东,未知,其他,46.0,2002.0,295.0
东城,2室,南,未知,其他,64.0,1990.0,774.0
东城,3室,西南,未知,简装,60.0,1988.0,695.0
东城,3室,东南,无电梯,简装,81.0,1990.0,880.0
东城,1室,南,未知,精装,41.0,1986.0,480.0
东城,2室,西,未知,其他,152.0,2000.0,1100.0
东城,2室,东西,有电梯,精装,47.0,1989.0,480.0
东城,1室,东,未知,简装,46.0,1994.0,398.0
东城,2室,南北,无电梯,其他,57.0,1988.0,530.0
东城,3室,西,有电梯,精装,158.0,2002.0,1750.0
东城,3室,南北,无电梯,精装,110.0,1990.0,980.0
东城,3室,东西,无电梯,简装,58.0,1988.0,570.0
东城,3室,东西,无电梯,简装,69.0,1980.0,788.0
东城,2室,东北,无电梯,简装,59.0,1985.0,430.0
东城,1室,东北,有电梯,精装,91.0,2009.0,566.0
东城,3室,南北,无电梯,简装,84.0,1990.0,756.0
东城,其他,西,有电梯,精装,20.0,2007.0,98.0
东城,1室,东,未知,精装,40.0,2000.0,450.0
东城,1室,南北,有电梯,其他,39.0,1990.0,430.0
东城,1室,东,有电梯,其他,44.0,2006.0,435.0
东城,1室,东,未知,精装,96.0,2008.0,1060.0
东城,1室,北,无电梯,简装,54.0,2002.0,525.0
东城,2室,东西,未知,精装,58.0,1985.0,550.0
东城,3室,西南,无电梯,精装,62.0,1980.0,420.0
东城,2室,东西,未知,简装,111.0,2005.0,860.0
东城,3室,西,有电梯,精装,176.0,2001.0,1300.0
东城,3室,东南,有电梯,精装,197.0,1996.0,1100.0
东城,其他,东,未知,毛坯,20.0,2007.0,105.0
东城,1室,东南,未知,简装,60.0,2007.0,565.0
东城,4室,北,有电梯,其他,205.0,2001.0,1370.0
东城,3室,南,有电梯,精装,167.0,2003.0,1480.0
东城,3室,东西,未知,简装,68.0,1990.0,1020.0
东城,1室,南北,有电梯,其他,57.0,2004.0,555.0
东城,2室,东北,未知,精装,53.0,1988.0,570.0
东城,2室,东南,有电梯,其他,75.0,1983.0,670.0
东城,2室,西,未知,精装,76.0,2002.0,650.0
东城,3室,东西,有电梯,其他,122.0,2005.0,1288.0
东城,2室,东西,无电梯,精装,80.0,2003.0,950.0
东城,2室,东,无电梯,毛坯,145.0,2006.0,843.0
东城,1室,南,有电梯,精装,47.0,2003.0,740.0
东城,3室,东西,有电梯,简装,196.0,2004.0,1770.0
东城,2室,东北,有电梯,简装,61.0,1990.0,590.0
东城,1室,西,有电梯,其他,54.0,2006.0,470.0
东城,1室,西南,无电梯,其他,49.0,2002.0,443.0
东城,3室,西北,未知,其他,53.0,1978.0,470.0
东城,3室,南,未知,简装,92.0,1999.0,1050.0
东城,1室,南,有电梯,简装,43.0,1984.0,416.0
东城,1室,西,有电梯,精装,47.0,2007.0,530.0
东城,2室,东,未知,简装,80.0,2009.0,760.0
东城,4室,南北,未知,简装,112.0,2003.0,850.0
东城,3室,东北,无电梯,简装,73.0,1989.0,730.0
东城,1室,南,未知,精装,39.0,2004.0,420.0
东城,1室,东,未知,精装,35.0,2000.0,400.0
东城,1室,南,无电梯,简装,39.0,1991.0,450.0
东城,1室,南,未知,精装,59.0,2004.0,700.0
东城,2室,东西,无电梯,其他,77.0,2003.0,930.0
东城,1室,南,未知,简装,40.0,1990.0,450.0
东城,1室,北,未知,简装,69.0,2000.0,720.0
东城,1室,东,无电梯,精装,50.0,2002.0,456.0
东城,1室,东,无电梯,简装,50.0,1990.0,425.0
东城,2室,西,有电梯,精装,79.0,2004.0,820.0
东城,1室,东北,有电梯,其他,69.0,2006.0,650.0
东城,1室,东,有电梯,精装,79.0,2009.0,500.0
东城,1室,北,有电梯,简装,53.0,2002.0,710.0
东城,1室,东,未知,精装,42.0,2000.0,442.0
东城,其他,西,有电梯,精装,51.0,2010.0,235.0
东城,2室,西北,有电梯,其他,153.0,2000.0,990.0
东城,2室,南北,未知,其他,55.0,1996.0,600.0
东城,2室,南北,无电梯,简装,50.0,2016.0,420.0
东城,2室,东,未知,简装,61.0,1992.0,680.0
东城,2室,南北,无电梯,精装,58.0,1987.0,760.0
东城,2室,南北,无电梯,精装,70.0,1990.0,880.0
东城,3室,南北,无电梯,其他,75.0,1990.0,1000.0
东城,2室,西南,未知,精装,78.0,2002.0,880.0
东城,1室,东,有电梯,精装,101.0,1998.0,598.0
东城,2室,东西,无电梯,简装,62.0,1987.0,730.0
东城,2室,南,有电梯,精装,49.0,1979.0,480.0
东城,1室,东南,无电梯,简装,47.0,2002.0,550.0
东城,其他,南,有电梯,简装,16.0,2006.0,90.0
东城,其他,西,有电梯,精装,55.0,2010.0,230.0
东城,其他,西南,有电梯,精装,50.0,2009.0,249.0
东城,1室,北,有电梯,精装,64.0,2000.0,510.0
东城,2室,南北,未知,其他,49.0,1983.0,435.0
东城,1室,东,未知,精装,46.0,1990.0,435.0
东城,3室,北,有电梯,简装,148.0,2004.0,1580.0
东城,1室,东西,未知,其他,67.0,2008.0,690.0
东城,1室,东,未知,精装,86.0,2009.0,550.0
东城,3室,南北,有电梯,精装,77.0,1988.0,780.0
东城,1室,西,有电梯,精装,120.0,2009.0,1060.0
东城,2室,南北,无电梯,精装,57.0,1990.0,610.0
东城,4室,东南,无电梯,其他,93.0,1987.0,1290.0
东城,2室,南北,无电梯,其他,47.0,1976.0,427.0
东城,1室,东南,有电梯,精装,57.0,1990.0,610.0
东城,2室,西,有电梯,精装,73.0,2008.0,690.0
东城,2室,南北,未知,简装,58.0,1986.0,570.0
东城,2室,西南,有电梯,其他,66.0,1989.0,430.0
东城,2室,东西,有电梯,简装,91.0,2004.0,1150.0
东城,3室,南北,无电梯,其他,97.0,1993.0,698.0
东城,2室,西,未知,精装,54.0,1980.0,465.0
东城,1室,东,无电梯,其他,50.0,2003.0,556.0
东城,3室,南北,有电梯,简装,78.0,1992.0,770.0
东城,2室,东西,有电梯,简装,61.0,1987.0,520.0
东城,3室,西南,有电梯,其他,123.0,2001.0,1270.0
东城,2室,西北,有电梯,精装,149.0,2005.0,1266.0
东城,2室,西,有电梯,精装,102.0,2007.0,980.0
东城,其他,东西,有电梯,其他,53.0,2010.0,265.0
东城,其他,南,未知,精装,54.0,2010.0,260.0
东城,1室,东,有电梯,简装,52.0,2003.0,520.0
东城,1室,东,有电梯,精装,27.0,2004.0,307.0
东城,1室,西,未知,精装,122.0,2009.0,960.0
东城,1室,南,有电梯,精装,57.0,2003.0,625.0
东城,2室,南北,无电梯,其他,55.0,1991.0,559.0
东城,3室,东西,无电梯,简装,88.0,2002.0,1050.0
东城,2室,北,有电梯,精装,122.0,2008.0,1159.0
东城,2室,南北,无电梯,简装,50.0,1991.0,399.0
东城,1室,南,无电梯,精装,42.0,1990.0,455.0
东城,3室,南北,有电梯,其他,166.0,2003.0,1680.0
东城,其他,南,有电梯,简装,16.0,2006.0,90.0
东城,1室,西,有电梯,精装,70.0,2004.0,810.0
东城,2室,南北,未知,简装,57.0,1989.0,376.0
东城,2室,东北,有电梯,简装,61.0,1991.0,615.0
东城,2室,南北,未知,其他,64.0,1977.0,490.0
东城,1室,北,有电梯,精装,120.0,2000.0,1080.0
东城,1室,北,有电梯,精装,66.0,2009.0,570.0
东城,3室,南北,未知,简装,78.0,1985.0,985.0
东城,2室,南北,未知,精装,139.0,2003.0,1590.0
东城,2室,西,有电梯,精装,123.0,2002.0,1550.0
东城,3室,东南,未知,精装,56.0,1978.0,630.0
东城,2室,南北,无电梯,其他,55.0,1991.0,555.0
东城,2室,西北,有电梯,简装,89.0,2001.0,557.0
东城,3室,西南,有电梯,简装,88.0,1995.0,828.0
东城,1室,东,有电梯,简装,83.0,2003.0,650.0
东城,1室,西北,有电梯,精装,78.0,2010.0,766.0
东城,3室,南北,无电梯,简装,113.0,1995.0,980.0
东城,2室,南北,无电梯,简装,57.0,1988.0,470.0
东城,3室,南北,有电梯,精装,74.0,1992.0,850.0
东城,1室,东西,无电梯,精装,48.0,1992.0,319.9
东城,2室,南北,无电梯,简装,49.0,1979.0,495.0
东城,2室,西,有电梯,精装,80.0,2004.0,800.0
东城,2室,南北,无电梯,其他,47.0,1985.0,710.0
东城,2室,南北,无电梯,简装,67.0,1995.0,450.0
东城,2室,南,有电梯,精装,90.0,2010.0,998.0
东城,1室,北,有电梯,其他,62.0,2005.0,480.0
东城,1室,南,无电梯,简装,37.0,1986.0,415.0
东城,3室,南北,未知,简装,78.0,2002.0,850.0
东城,3室,南北,无电梯,简装,105.0,1994.0,880.0
东城,2室,西南,无电梯,其他,47.0,1989.0,560.0
东城,2室,东南,有电梯,其他,77.0,2003.0,1026.0
东城,2室,南北,无电梯,简装,58.0,1985.0,680.0
东城,2室,南北,无电梯,简装,105.0,1994.0,918.0
东城,其他,西,未知,精装,55.0,2010.0,245.0
东城,4室,东北,有电梯,精装,155.0,2013.0,1300.0
东城,1室,北,未知,其他,83.0,1993.0,630.0
东城,2室,南北,有电梯,简装,155.0,2001.0,700.0
东城,1室,北,有电梯,其他,62.0,2005.0,485.0
东城,1室,南,有电梯,精装,59.0,2004.0,700.0
东城,2室,东北,未知,精装,55.0,1980.0,560.0
东城,2室,西,无电梯,精装,61.0,1987.0,800.0
东城,2室,东西,无电梯,精装,52.0,1987.0,660.0
东城,2室,东南,有电梯,精装,70.0,1989.0,780.0
东城,1室,西,有电梯,精装,30.0,2008.0,400.0
东城,3室,东南,无电梯,精装,58.0,1986.0,555.0
东城,2室,南,无电梯,简装,61.0,1985.0,560.0
东城,1室,西,有电梯,精装,99.0,2006.0,1089.0
东城,1室,南,未知,精装,46.0,2002.0,485.0
东城,1室,西,有电梯,其他,59.0,2004.0,570.0
东城,1室,南,无电梯,其他,44.0,1987.0,560.0
东城,1室,南,未知,其他,36.0,1980.0,395.0
东城,2室,南北,有电梯,精装,132.0,2001.0,1787.0
东城,1室,西北,有电梯,精装,61.0,2010.0,606.0
东城,1室,西,有电梯,精装,70.0,2004.0,810.0
东城,1室,北,有电梯,精装,86.0,2008.0,600.0
东城,2室,南,无电梯,精装,40.0,1989.0,408.7
东城,2室,南,未知,精装,51.0,1985.0,500.0
东城,1室,南,有电梯,其他,48.0,1987.0,384.0
东城,1室,北,有电梯,简装,55.0,2003.0,510.0
东城,1室,南,无电梯,其他,48.0,2002.0,550.0
东城,2室,西北,有电梯,其他,53.0,1985.0,560.0
东城,2室,东,有电梯,精装,60.0,1980.0,680.0
东城,1室,东西,无电梯,简装,46.0,2002.0,580.0
东城,2室,南北,无电梯,精装,62.0,1988.0,560.0
东城,2室,南,未知,其他,51.0,1978.0,425.0
东城,1室,南,无电梯,精装,46.0,1990.0,430.0
东城,1室,北,有电梯,其他,49.0,2005.0,530.0
东城,2室,西北,无电梯,简装,64.0,1987.0,710.0
东城,1室,东,有电梯,精装,62.0,2003.0,810.0
东城,3室,西南,有电梯,简装,93.0,2003.0,1212.0
东城,2室,南,有电梯,简装,61.0,1993.0,616.0
东城,2室,南,无电梯,精装,70.0,2003.0,960.0
东城,2室,南北,无电梯,简装,55.0,1990.0,600.0
东城,1室,东,无电梯,简装,38.0,1986.0,450.0
东城,2室,西北,有电梯,精装,81.0,2003.0,600.0
东城,1室,西,有电梯,其他,65.0,2003.0,670.0
东城,2室,东西,有电梯,其他,49.0,1979.0,580.0
东城,1室,北,有电梯,精装,53.0,2006.0,715.0
东城,3室,南北,有电梯,精装,190.0,1996.0,1530.0
东城,1室,南,未知,其他,42.0,1990.0,400.0
东城,3室,南北,无电梯,简装,105.0,1994.0,880.0
东城,2室,西北,未知,其他,63.0,1992.0,560.0
东城,1室,北,有电梯,其他,58.0,2005.0,450.0
东城,3室,南北,无电梯,简装,68.0,1991.0,650.0
东城,1室,北,有电梯,简装,49.0,2005.0,550.0
东城,2室,东南,无电梯,精装,58.0,1981.0,450.0
东城,1室,北,有电梯,精装,75.0,2004.0,726.0
东城,3室,西南,有电梯,简装,69.0,1980.0,520.0
东城,1室,西北,未知,精装,41.0,1980.0,396.0
东城,2室,东南,有电梯,简装,76.0,2003.0,1100.0
东城,2室,东西,无电梯,简装,64.0,1989.0,730.0
东城,1室,南,有电梯,简装,44.0,1993.0,582.0
东城,1室,南,有电梯,其他,66.0,2004.0,565.0
东城,2室,南北,无电梯,其他,60.0,1990.0,435.0
东城,1室,北,有电梯,精装,60.0,2008.0,555.0
东城,2室,西,未知,精装,49.0,1979.0,425.0
东城,2室,东,未知,其他,105.0,2005.0,810.0
东城,2室,西北,有电梯,简装,77.0,2004.0,564.0
东城,3室,南北,无电梯,精装,64.0,1984.0,780.0
东城,1室,西,未知,精装,63.0,2008.0,500.0
东城,1室,南,无电梯,其他,43.0,1988.0,655.0
东城,1室,西南,有电梯,精装,66.0,2003.0,615.0
东城,1室,南北,无电梯,其他,51.0,2003.0,620.0
东城,2室,南北,无电梯,精装,59.0,1988.0,450.0
东城,2室,西,有电梯,精装,71.0,2009.0,560.0
东城,2室,南北,无电梯,简装,64.0,2002.0,760.0
东城,1室,北,有电梯,精装,30.0,2004.0,325.0
东城,2室,南,无电梯,精装,40.0,1989.0,408.7
东城,1室,东,无电梯,精装,39.0,1988.0,490.0
东城,2室,南,未知,精装,64.0,1993.0,750.0
东城,3室,西南,未知,精装,79.0,2009.0,700.0
东城,2室,南北,未知,简装,61.0,1985.0,650.0
东城,2室,东西,未知,精装,90.0,2003.0,830.0
东城,2室,东,无电梯,精装,65.0,1995.0,600.0
东城,1室,南,有电梯,简装,81.0,2000.0,520.0
东城,1室,东西,有电梯,精装,53.0,2009.0,516.0
东城,1室,东南,未知,精装,60.0,2007.0,550.0
东城,2室,西,有电梯,精装,94.0,2007.0,948.0
东城,1室,南,无电梯,其他,36.0,1985.0,500.0
东城,1室,南,无电梯,简装,48.0,1995.0,430.0
东城,2室,东北,有电梯,其他,110.0,2002.0,990.0
东城,2室,西北,有电梯,其他,82.0,2004.0,980.0
东城,1室,南北,无电梯,简装,51.0,2002.0,620.0
东城,1室,南,未知,精装,60.0,1990.0,720.0
东城,1室,西,无电梯,简装,49.0,2002.0,440.0
东城,1室,东西,有电梯,简装,62.0,2008.0,660.0
东城,1室,南,有电梯,精装,78.0,2013.0,845.0
东城,1室,北,有电梯,其他,68.0,2003.0,598.0
东城,3室,东西,无电梯,毛坯,66.0,1987.0,600.0
东城,3室,西南,有电梯,简装,100.0,2003.0,1350.0
东城,2室,南,有电梯,精装,63.0,1980.0,580.0
东城,2室,南北,无电梯,简装,54.0,1980.0,500.0
东城,2室,北,有电梯,其他,151.0,2012.0,1550.0
东城,2室,东西,无电梯,精装,70.0,2003.0,760.0
东城,2室,南北,无电梯,精装,56.0,1986.0,545.0
东城,1室,南,有电梯,简装,54.0,2001.0,560.0
东城,2室,西北,未知,其他,63.0,1992.0,560.0
东城,2室,南北,有电梯,简装,69.0,2004.0,910.0
东城,3室,南北,无电梯,其他,92.0,1996.0,950.0
东城,2室,南北,无电梯,简装,51.0,1990.0,450.0
东城,2室,南北,无电梯,精装,57.0,1990.0,634.0
东城,1室,西,有电梯,其他,55.0,2004.0,685.0
东城,2室,东南,有电梯,其他,137.0,2001.0,1075.0
东城,1室,南北,无电梯,简装,51.0,2003.0,715.0
东城,2室,南北,未知,简装,69.0,2000.0,720.0
东城,1室,西南,无电梯,精装,49.0,1990.0,590.0
东城,2室,东西,未知,简装,73.0,1992.0,780.0
东城,2室,东北,未知,精装,69.0,2003.0,840.0
东城,3室,西南,未知,其他,77.0,1989.0,690.0
东城,2室,东南,有电梯,精装,69.0,2004.0,795.0
东城,3室,南北,有电梯,其他,72.0,1992.0,850.0
东城,2室,东西,未知,精装,76.0,2002.0,770.0
东城,3室,东西,未知,简装,118.0,2003.0,1250.0
东城,1室,西南,有电梯,其他,68.0,2004.0,610.0
东城,3室,西北,有电梯,其他,69.0,1990.0,560.0
东城,2室,东南,未知,精装,72.0,1990.0,873.0
东城,1室,北,有电梯,精装,90.0,2003.0,700.0
东城,1室,南,无电梯,简装,42.0,1990.0,355.0
东城,2室,南,有电梯,简装,105.0,2001.0,640.0
东城,2室,南,未知,精装,85.0,2003.0,1100.0
东城,1室,南北,未知,简装,101.0,2004.0,800.0
东城,2室,东西,无电梯,简装,57.0,1980.0,560.0
东城,2室,西南,有电梯,简装,67.0,2003.0,816.0
东城,2室,东南,有电梯,其他,58.0,1992.0,379.0
东城,2室,东北,未知,精装,60.0,1980.0,510.0
东城,1室,东,未知,其他,62.0,2006.0,626.0
东城,1室,南,无电梯,其他,42.0,1988.0,588.0
东城,2室,东西,无电梯,精装,59.0,2000.0,402.0
东城,1室,东,有电梯,精装,100.0,2006.0,1050.0
东城,2室,南北,无电梯,简装,68.0,1997.0,330.0
东城,2室,东西,有电梯,精装,78.0,2002.0,789.0
东城,2室,南北,未知,其他,60.0,1988.0,740.0
东城,2室,南,未知,精装,72.0,2003.0,675.0
东城,2室,西南,无电梯,精装,46.0,1980.0,703.0
东城,3室,东南,无电梯,精装,83.0,2002.0,980.0
东城,1室,西北,无电梯,其他,53.0,2002.0,650.0
东城,2室,南北,未知,简装,61.0,1985.0,668.0
东城,其他,东,有电梯,其他,20.0,2007.0,98.0
东城,2室,南北,未知,其他,50.0,1976.0,390.0
东城,2室,东,有电梯,其他,60.0,2003.0,650.0
东城,2室,北,有电梯,其他,65.0,2003.0,720.0
东城,1室,南,无电梯,简装,50.0,2003.0,570.0
东城,1室,南,无电梯,精装,42.0,1989.0,498.0
东城,3室,南北,无电梯,其他,84.0,1988.0,780.0
东城,2室,南北,未知,其他,62.0,1979.0,540.0
东城,4室,南北,未知,精装,128.0,1999.0,850.0
东城,2室,东南,无电梯,简装,59.0,1990.0,560.0
东城,1室,西北,有电梯,精装,48.0,1990.0,480.0
东城,1室,南北,有电梯,精装,60.0,2003.0,800.0
东城,2室,东南,有电梯,精装,69.0,1988.0,766.0
东城,2室,东西,无电梯,精装,67.0,2002.0,830.0
东城,3室,东南,未知,精装,56.0,1978.0,580.0
东城,2室,东西,有电梯,其他,74.0,2006.0,760.0
东城,2室,南北,有电梯,简装,69.0,2004.0,910.0
东城,3室,东西,未知,简装,96.0,2003.0,960.0
东城,2室,南北,未知,精装,59.0,1985.0,630.0
东城,2室,南,无电梯,精装,59.0,1994.0,580.0
东城,2室,南北,有电梯,简装,64.0,2001.0,730.0
东城,1室,西,有电梯,简装,66.0,2001.0,430.0
东城,1室,东,有电梯,其他,143.0,2008.0,1000.0
东城,2室,东北,有电梯,其他,61.0,2010.0,588.0
东城,2室,南北,无电梯,其他,49.0,1976.0,390.0
东城,1室,东南,无电梯,精装,44.0,1990.0,410.0
东城,3室,西南,有电梯,其他,81.0,1980.0,693.0
东城,2室,南北,无电梯,精装,66.0,2003.0,900.0
东城,2室,东,有电梯,其他,96.0,2008.0,1300.0
东城,1室,东,有电梯,简装,46.0,1994.0,438.0
东城,4室,东南,有电梯,简装,227.0,1996.0,1800.0
东城,3室,东西,有电梯,精装,68.0,2004.0,825.0
东城,3室,南北,有电梯,简装,97.0,2003.0,1019.0
东城,3室,南北,无电梯,其他,70.0,1996.0,760.0
东城,2室,东西,无电梯,简装,60.0,1992.0,480.0
东城,2室,东西,无电梯,精装,57.0,1987.0,405.0
东城,2室,西南,有电梯,精装,91.0,2007.0,815.0
东城,2室,东西,无电梯,其他,54.0,1990.0,460.0
东城,4室,南北,无电梯,精装,181.0,1996.0,1720.0
东城,1室,北,未知,其他,39.0,1992.0,355.0
东城,1室,南,未知,简装,42.0,1990.0,510.0
东城,1室,东,有电梯,精装,45.0,2004.0,540.0
东城,1室,东,有电梯,精装,100.0,2006.0,1050.0
东城,2室,东西,无电梯,精装,59.0,2000.0,402.0
东城,2室,东,有电梯,精装,119.0,2003.0,1480.0
东城,2室,东南,有电梯,精装,76.0,2002.0,865.0
东城,2室,西南,无电梯,简装,67.0,1986.0,870.0
东城,2室,南北,无电梯,其他,69.0,2003.0,830.0
东城,4室,东,有电梯,其他,134.0,1999.0,828.0
东城,2室,东西,无电梯,其他,60.0,1990.0,690.0
东城,3室,南,有电梯,简装,171.0,2001.0,1100.0
东城,3室,南北,有电梯,其他,139.0,2002.0,1100.0
东城,3室,西南,有电梯,其他,147.0,2001.0,875.0
东城,2室,南北,有电梯,其他,52.0,1979.0,465.0
东城,3室,东西,未知,精装,94.0,1987.0,690.0
东城,2室,南北,无电梯,其他,79.0,1998.0,756.0
东城,2室,东西,有电梯,简装,188.0,2001.0,870.0
东城,2室,西,无电梯,其他,65.0,1995.0,580.0
东城,2室,南北,未知,简装,57.0,1980.0,420.0
东城,2室,南北,无电梯,精装,65.0,1996.0,610.0
东城,1室,北,有电梯,其他,52.0,2006.0,670.0
东城,2室,东西,有电梯,精装,90.0,2003.0,850.0
东城,2室,东西,无电梯,简装,60.0,1992.0,500.0
东城,2室,东北,有电梯,简装,119.0,2001.0,630.0
东城,3室,南,有电梯,简装,130.0,2005.0,1000.0
东城,1室,东,未知,精装,64.0,2007.0,690.0
东城,2室,西北,有电梯,精装,103.0,2004.0,1300.0
东城,2室,东,有电梯,精装,102.0,2000.0,1130.0
东城,2室,西北,有电梯,精装,86.0,2007.0,805.0
东城,2室,东南,未知,其他,59.0,1985.0,635.0
东城,3室,东西,有电梯,其他,129.0,2004.0,1579.0
东城,1室,东,有电梯,其他,143.0,2008.0,1000.0
东城,2室,南北,有电梯,简装,64.0,2001.0,730.0
东城,1室,南,无电梯,其他,33.0,1985.0,340.0
东城,3室,东南,未知,其他,147.0,2005.0,1065.0
东城,3室,西南,有电梯,其他,133.0,2005.0,960.0
东城,3室,东西,无电梯,简装,63.0,1984.0,635.0
东城,2室,西,未知,精装,71.0,2009.0,560.0
东城,2室,南,未知,其他,60.0,1990.0,545.0
东城,2室,南北,未知,精装,56.0,2002.0,750.0
东城,2室,东西,有电梯,精装,73.0,2005.0,731.0
东城,2室,东南,有电梯,简装,71.0,1995.0,460.0
东城,3室,东北,有电梯,精装,99.0,2004.0,850.0
东城,1室,西南,未知,精装,62.0,2005.0,650.0
东城,2室,南北,有电梯,精装,115.0,1999.0,1150.0
东城,3室,南北,无电梯,其他,77.0,1989.0,800.0
东城,3室,西北,有电梯,简装,75.0,1990.0,735.0
东城,2室,北,有电梯,精装,156.0,2000.0,1300.0
东城,2室,东,无电梯,精装,52.0,1987.0,590.0
东城,2室,东西,未知,简装,47.0,1988.0,400.0
东城,2室,北,有电梯,其他,83.0,2008.0,810.0
东城,2室,南北,无电梯,简装,56.0,1986.0,540.0
东城,2室,东西,有电梯,简装,76.0,2006.0,700.0
东城,2室,南,无电梯,其他,50.0,1985.0,620.0
东城,3室,东西,有电梯,精装,140.0,2003.0,1550.0
东城,2室,南北,有电梯,其他,75.0,2003.0,850.0
东城,3室,南北,无电梯,其他,77.0,1992.0,900.0
东城,1室,西北,有电梯,精装,73.0,2005.0,850.0
东城,1室,西,有电梯,精装,70.0,2005.0,500.0
东城,2室,东西,无电梯,简装,60.0,1992.0,500.0
东城,1室,北,有电梯,其他,52.0,2006.0,670.0
东城,3室,东西,未知,精装,123.0,2005.0,1113.0
东城,2室,西,无电梯,其他,65.0,1995.0,580.0
东城,2室,东西,无电梯,简装,57.0,1984.0,560.0
东城,2室,东南,有电梯,简装,89.0,2004.0,668.0
东城,2室,东西,无电梯,精装,65.0,1991.0,572.0
东城,3室,东南,无电梯,精装,87.0,1997.0,560.0
东城,2室,西,有电梯,精装,77.0,2003.0,799.0
东城,3室,南北,未知,其他,69.0,1982.0,550.0
东城,2室,东北,有电梯,精装,96.0,2004.0,1212.0
东城,1室,西,有电梯,精装,107.0,2012.0,1280.0
东城,2室,东西,有电梯,简装,74.0,2003.0,730.0
东城,2室,南北,无电梯,其他,60.0,1990.0,450.0
东城,1室,东,无电梯,简装,40.0,1980.0,340.0
东城,2室,西南,有电梯,精装,113.0,2003.0,850.0
东城,2室,东西,有电梯,精装,134.0,1996.0,1200.0
东城,2室,南北,无电梯,简装,70.0,1998.0,750.0
东城,2室,南北,无电梯,精装,62.0,1988.0,550.0
东城,2室,东南,有电梯,精装,72.0,2003.0,870.0
东城,2室,东南,无电梯,其他,54.0,1980.0,520.0
东城,2室,东西,无电梯,简装,57.0,1986.0,620.0
东城,2室,南北,无电梯,精装,149.0,1995.0,1230.0
东城,2室,南北,未知,简装,53.0,1977.0,560.0
东城,2室,西北,未知,简装,48.0,1977.0,450.0
东城,2室,西,有电梯,简装,142.0,2001.0,960.0
东城,1室,北,有电梯,简装,53.0,2002.0,730.0
东城,3室,西北,无电梯,简装,62.0,1989.0,750.0
东城,3室,东,有电梯,其他,191.0,2008.0,1130.0
东城,3室,东西,有电梯,简装,211.0,1999.0,1400.0
东城,1室,南,有电梯,精装,47.0,1990.0,490.0
东城,3室,东南,未知,其他,147.0,2005.0,1065.0
东城,2室,东西,无电梯,简装,58.0,1986.0,568.0
东城,1室,西,有电梯,精装,120.0,2009.0,949.0
东城,2室,东北,未知,简装,59.0,1979.0,535.5
东城,2室,东西,未知,简装,57.0,1996.0,575.0
东城,2室,南,未知,精装,59.0,2000.0,475.0
东城,1室,南,有电梯,精装,73.0,2007.0,750.0
东城,1室,南北,无电梯,简装,51.0,2002.0,630.0
东城,2室,南北,无电梯,其他,61.0,1990.0,720.0
东城,2室,南,无电梯,其他,57.0,1990.0,485.0
东城,2室,南北,无电梯,精装,57.0,1976.0,500.0
东城,2室,南,未知,精装,69.0,2005.0,610.0
东城,2室,西南,有电梯,简装,94.0,1999.0,620.0
东城,1室,东,有电梯,其他,62.0,2003.0,780.0
东城,1室,西南,无电梯,毛坯,37.0,1996.0,330.0
东城,2室,东西,有电梯,精装,74.0,2006.0,750.0
东城,3室,东南,有电梯,精装,132.0,2004.0,1500.0
东城,1室,西,未知,精装,32.0,2004.0,350.0
东城,2室,南北,未知,其他,38.0,1983.0,365.0
东城,2室,东西,无电梯,精装,60.0,1995.0,560.0
东城,2室,南,有电梯,其他,71.0,2003.0,880.0
东城,3室,南北,无电梯,其他,78.0,1987.0,810.0
东城,3室,南北,无电梯,简装,100.0,1998.0,1500.0
东城,3室,东西,无电梯,精装,77.0,2002.0,1020.0
东城,3室,南北,有电梯,精装,170.0,1996.0,1600.0
东城,3室,东西,有电梯,精装,156.0,1996.0,1450.0
东城,3室,南北,未知,精装,73.0,1990.0,800.0
东城,2室,南北,有电梯,简装,74.0,2003.0,824.0
东城,3室,东西,有电梯,简装,69.0,1987.0,580.0
东城,2室,南北,无电梯,毛坯,66.0,1985.0,600.0
东城,1室,西,有电梯,精装,94.0,2007.0,980.0
东城,1室,南,有电梯,精装,57.0,1991.0,428.0
东城,1室,北,有电梯,其他,65.0,2009.0,570.0
东城,2室,东南,有电梯,简装,73.0,1997.0,810.0
东城,1室,西,未知,精装,70.0,2005.0,780.0
东城,2室,西,有电梯,简装,70.0,2002.0,945.0
东城,1室,北,有电梯,简装,53.0,2003.0,775.0
东城,3室,东西,无电梯,简装,63.0,1988.0,850.0
东城,3室,东南,有电梯,其他,134.0,1999.0,830.0
东城,3室,东西,未知,简装,77.0,1992.0,960.0
东城,1室,南,有电梯,精装,59.0,2004.0,700.0
东城,2室,东北,有电梯,精装,173.0,1998.0,1500.0
东城,2室,南北,有电梯,精装,112.0,2008.0,1200.0
东城,2室,南北,无电梯,简装,56.0,1988.0,620.0
东城,3室,南西,无电梯,简装,67.0,1980.0,519.0
东城,2室,西,有电梯,简装,92.0,2001.0,890.0
东城,3室,南北,无电梯,精装,68.0,1985.0,575.0
东城,1室,西,有电梯,精装,64.0,2006.0,570.0
东城,2室,东西,有电梯,简装,76.0,2006.0,620.0
东城,2室,南北,有电梯,简装,67.0,1994.0,460.0
东城,3室,东西,有电梯,精装,91.0,2003.0,950.0
东城,3室,南北,无电梯,精装,80.0,1990.0,1050.0
东城,3室,东北,有电梯,简装,138.0,2002.0,1280.0
东城,2室,东南,有电梯,其他,111.0,2003.0,1150.0
东城,3室,西南,未知,精装,111.0,2003.0,1400.0
东城,1室,南,有电梯,精装,73.0,2007.0,750.0
东城,2室,西,有电梯,精装,87.0,2009.0,920.0
东城,1室,西南,未知,精装,70.0,2013.0,704.0
东城,2室,西北,无电梯,简装,61.0,1988.0,570.0
东城,1室,南,有电梯,精装,59.0,2004.0,568.0
东城,2室,东南,未知,其他,49.0,1978.0,420.0
东城,1室,南北,无电梯,简装,46.0,1996.0,435.0
东城,3室,西南,有电梯,其他,108.0,2007.0,704.0
东城,3室,南北,未知,简装,68.0,1985.0,630.0
东城,1室,东南,有电梯,其他,69.0,2005.0,560.0
东城,2室,南北,有电梯,精装,69.0,2004.0,810.0
东城,1室,南,有电梯,其他,45.0,1990.0,520.0
东城,1室,东南,有电梯,毛坯,60.0,2007.0,565.0
东城,1室,南,未知,精装,59.0,2005.0,643.0
东城,1室,东,有电梯,精装,60.0,2002.0,423.0
东城,3室,东西,有电梯,精装,140.0,2003.0,1650.0
东城,1室,东,无电梯,其他,47.0,1990.0,440.0
东城,2室,北,有电梯,其他,89.0,2002.0,830.0
东城,3室,南北,有电梯,简装,89.0,2005.0,840.0
东城,3室,南西,无电梯,简装,66.0,2000.0,800.0
东城,3室,西南,有电梯,简装,138.0,2003.0,1238.0
东城,1室,西,有电梯,简装,46.0,1991.0,480.0
东城,1室,南,未知,简装,56.0,2005.0,420.0
东城,1室,北,有电梯,其他,29.0,2004.0,320.0
东城,2室,东,未知,精装,51.0,1980.0,450.0
东城,2室,南北,未知,其他,47.0,1985.0,550.0
东城,2室,南北,无电梯,毛坯,66.0,1985.0,600.0
东城,3室,南北,无电梯,精装,92.0,1996.0,860.0
东城,3室,东西,有电梯,简装,69.0,1987.0,580.0
东城,1室,东,无电梯,其他,40.0,1994.0,508.0
东城,3室,东西,有电梯,其他,120.0,1998.0,760.0
东城,1室,南,无电梯,精装,56.0,2003.0,599.0
东城,3室,东南,无电梯,其他,74.0,1982.0,675.0
东城,1室,南,有电梯,精装,59.0,2004.0,740.0
东城,2室,南北,无电梯,简装,52.0,1990.0,380.0
东城,2室,西,未知,简装,69.0,2003.0,940.0
东城,1室,东西,未知,其他,67.0,2008.0,730.0
东城,2室,东南,有电梯,精装,86.0,2008.0,880.0
东城,4室,南北,无电梯,其他,77.0,1990.0,900.0
东城,2室,北,有电梯,简装,64.0,2005.0,580.0
东城,1室,南北,无电梯,精装,62.0,1996.0,660.0
东城,1室,西南,未知,精装,65.0,2004.0,550.0
东城,1室,西,有电梯,其他,38.0,2008.0,520.0
东城,2室,南北,未知,其他,55.0,1996.0,610.0
东城,3室,南北,无电梯,精装,84.0,1988.0,778.0
东城,1室,北,有电梯,精装,54.0,2003.0,820.0
东城,2室,南,有电梯,精装,76.0,2003.0,840.0
东城,2室,东,有电梯,简装,75.0,2003.0,700.0
东城,1室,西,有电梯,精装,75.0,2004.0,638.0
东城,3室,东西,未知,精装,83.0,1987.0,886.0
东城,2室,东西,无电梯,其他,66.0,1987.0,703.0
东城,2室,西,有电梯,精装,87.0,2009.0,920.0
东城,1室,西南,未知,精装,70.0,2013.0,704.0
东城,2室,东西,未知,简装,65.0,1992.0,690.0
东城,2室,东西,有电梯,精装,69.0,1986.0,620.0
东城,1室,南,有电梯,精装,59.0,2004.0,568.0
东城,2室,西北,无电梯,简装,61.0,1988.0,570.0
东城,1室,南,无电梯,简装,38.0,1985.0,508.0
东城,2室,东西,无电梯,简装,56.0,1988.0,495.0
东城,2室,东西,未知,简装,73.0,2002.0,745.0
东城,1室,东,无电梯,其他,41.0,1980.0,423.0
东城,2室,东南,有电梯,精装,69.0,1990.0,800.0
东城,2室,西北,有电梯,精装,68.0,1986.0,700.0
东城,1室,西南,有电梯,精装,83.0,2009.0,635.0
东城,1室,西,有电梯,其他,57.0,2003.0,630.0
东城,2室,南北,有电梯,精装,125.0,2003.0,1330.0
东城,1室,南,未知,精装,59.0,2004.0,700.0
东城,1室,东,有电梯,精装,82.0,2000.0,830.0
东城,1室,北,有电梯,精装,30.0,2004.0,330.0
东城,2室,东,有电梯,简装,143.0,2008.0,800.0
东城,2室,西北,有电梯,其他,133.0,1998.0,890.0
东城,1室,西,有电梯,简装,70.0,2005.0,770.0
东城,3室,南北,有电梯,其他,173.0,2002.0,1550.0
东城,2室,西北,有电梯,简装,155.0,2003.0,1200.0
东城,2室,东西,有电梯,其他,71.0,1999.0,720.0
东城,2室,东西,无电梯,其他,111.0,2000.0,1260.0
东城,2室,东北,有电梯,简装,57.0,1991.0,560.0
东城,3室,西南,有电梯,精装,103.0,2002.0,1150.0
东城,3室,南北,有电梯,精装,97.0,2003.0,1100.0
东城,2室,南北,无电梯,简装,57.0,1988.0,540.0
东城,2室,西,有电梯,精装,71.0,2009.0,560.0
东城,3室,南北,无电梯,精装,208.0,1993.0,1650.0
东城,3室,南北,未知,精装,85.0,2004.0,1150.0
东城,2室,南,无电梯,精装,42.0,1987.0,540.0
东城,3室,西南,有电梯,简装,134.0,1999.0,750.0
东城,2室,西北,有电梯,其他,78.0,1999.0,715.0
东城,3室,东北,无电梯,简装,73.0,1988.0,560.0
东城,2室,东,未知,其他,71.0,2003.0,930.0
东城,2室,东北,无电梯,简装,49.0,1980.0,730.0
东城,2室,西北,未知,简装,64.0,1988.0,660.0
东城,1室,北,有电梯,精装,60.0,2000.0,482.0
东城,2室,东,无电梯,其他,49.0,1986.0,550.0
东城,2室,东西,无电梯,简装,63.0,1990.0,610.0
东城,2室,东西,无电梯,简装,51.0,1990.0,650.0
东城,1室,北,有电梯,精装,64.0,2008.0,600.0
东城,2室,南北,未知,简装,56.0,1988.0,508.0
东城,1室,南,未知,简装,78.0,2013.0,845.0
东城,1室,北,未知,简装,83.0,1993.0,680.0
东城,1室,西,未知,简装,93.0,2009.0,535.0
东城,2室,南北,未知,其他,64.0,1991.0,960.0
东城,1室,南,未知,精装,73.0,2004.0,532.0
东城,3室,南北,未知,精装,61.0,1986.0,580.0
东城,2室,东北,无电梯,其他,50.0,1984.0,500.0
东城,4室,南北,无电梯,其他,180.0,1996.0,950.0
东城,2室,南北,无电梯,简装,61.0,1983.0,680.0
东城,1室,南,未知,简装,43.0,1984.0,415.0
东城,1室,西南,无电梯,其他,51.0,2003.0,620.0
东城,2室,南北,未知,简装,58.0,1990.0,498.0
东城,1室,南北,有电梯,精装,55.0,2004.0,533.0
东城,1室,东,有电梯,其他,48.0,2003.0,695.0
东城,1室,西,有电梯,精装,51.0,2003.0,575.0
东城,1室,西,有电梯,精装,67.0,2006.0,670.0
东城,2室,东西,无电梯,简装,52.0,1995.0,380.0
东城,2室,南,未知,简装,58.0,1988.0,660.0
东城,1室,西,有电梯,其他,60.0,2002.0,625.0
东城,3室,西南,未知,其他,88.0,2003.0,798.0
东城,3室,东西,未知,其他,156.0,1999.0,1725.0
东城,2室,西北,无电梯,简装,55.0,1995.0,465.0
东城,1室,南,无电梯,精装,42.0,1988.0,485.0
东城,1室,西,有电梯,简装,59.0,2005.0,570.0
东城,1室,南,有电梯,简装,50.0,2003.0,620.0
东城,2室,东西,未知,精装,69.0,2003.0,568.0
东城,1室,东,有电梯,精装,43.0,1989.0,480.0
东城,3室,南北,未知,其他,67.0,1990.0,715.0
东城,2室,东北,有电梯,简装,121.0,2006.0,1090.0
东城,1室,南,有电梯,简装,56.0,1997.0,520.0
东城,1室,东南,有电梯,简装,36.0,1993.0,310.0
东城,3室,南北,无电梯,精装,84.0,1988.0,780.0
东城,2室,东,未知,简装,68.0,2003.0,750.0
东城,2室,西北,有电梯,简装,116.0,2001.0,960.0
东城,2室,南北,未知,简装,58.0,1990.0,650.0
东城,2室,东西,有电梯,精装,127.0,2004.0,1270.0
东城,1室,南北,无电梯,精装,59.0,2002.0,660.0
东城,2室,南,有电梯,精装,70.0,2002.0,798.0
东城,3室,南北,无电梯,其他,169.0,1996.0,1560.0
东城,3室,东西,有电梯,精装,192.0,1999.0,1500.0
东城,3室,西南,未知,精装,59.0,1985.0,830.0
东城,2室,南北,有电梯,简装,112.0,1995.0,720.0
东城,2室,东西,无电梯,精装,64.0,1996.0,490.0
东城,2室,南,未知,简装,72.0,2002.0,920.0
东城,1室,北,有电梯,精装,62.0,2004.0,465.0
东城,2室,南,未知,精装,91.0,2010.0,1018.0
东城,2室,东北,有电梯,简装,89.0,2005.0,970.0
东城,2室,东西,未知,其他,60.0,1988.0,528.0
东城,3室,南北,有电梯,简装,145.0,1999.0,1350.0
东城,2室,南,未知,精装,156.0,2000.0,1568.0
东城,3室,南北,未知,简装,88.0,1999.0,960.0
东城,2室,西南,有电梯,精装,91.0,2004.0,735.0
东城,3室,东北,未知,精装,99.0,2004.0,850.0
东城,1室,南,有电梯,其他,107.0,2000.0,780.0
东城,1室,西,有电梯,其他,123.0,2009.0,950.0
东城,2室,南,有电梯,精装,80.0,2004.0,850.0
东城,3室,东,未知,精装,129.0,2002.0,830.0
东城,3室,南北,未知,精装,66.0,1985.0,750.0
东城,2室,南北,无电梯,其他,64.0,1993.0,690.0
东城,2室,南北,无电梯,简装,67.0,2003.0,780.0
东城,3室,东西,未知,其他,69.0,1991.0,622.0
东城,3室,南北,无电梯,其他,56.0,1987.0,750.0
东城,2室,东西,未知,简装,57.0,1985.0,491.0
东城,2室,西北,有电梯,精装,55.0,1990.0,465.0
东城,1室,西南,有电梯,其他,55.0,1999.0,580.0
东城,2室,西,有电梯,其他,93.0,2006.0,1200.0
东城,2室,南北,无电梯,其他,61.0,1992.0,680.0
东城,2室,南北,无电梯,其他,139.0,1996.0,1180.0
东城,1室,西,有电梯,精装,46.0,2007.0,529.0
东城,1室,东北,有电梯,简装,55.0,2003.0,770.0
东城,2室,东西,无电梯,简装,54.0,1984.0,635.0
东城,2室,南北,无电梯,简装,56.0,1992.0,560.0
东城,1室,东,有电梯,简装,99.0,1998.0,600.0
东城,1室,南,有电梯,精装,55.0,2004.0,695.0
东城,2室,西南,未知,简装,64.0,1995.0,400.0
东城,2室,南北,未知,简装,56.0,1994.0,560.0
东城,1室,东,无电梯,精装,41.0,1987.0,499.0
东城,2室,南北,未知,其他,74.0,2003.0,780.0
东城,3室,南北,未知,简装,90.0,2003.0,1025.0
东城,2室,西北,无电梯,简装,57.0,1985.0,599.0
东城,3室,东南,无电梯,精装,114.0,2003.0,1085.0
东城,1室,东南,有电梯,简装,46.0,1990.0,545.0
东城,2室,南北,无电梯,简装,70.0,1994.0,850.0
东城,1室,东,有电梯,精装,63.0,2004.0,538.0
东城,3室,南北,有电梯,精装,125.0,2003.0,1310.0
东城,1室,北,有电梯,精装,73.0,2006.0,730.0
东城,2室,东北,有电梯,简装,93.0,2001.0,550.0
东城,2室,东,有电梯,其他,90.0,2003.0,980.0
东城,2室,东北,未知,其他,50.0,1982.0,388.0
东城,2室,南北,无电梯,精装,67.0,1990.0,602.0
东城,1室,东,有电梯,精装,45.0,2004.0,540.0
东城,2室,南,未知,精装,71.0,1990.0,570.0
东城,2室,南西,有电梯,精装,97.0,2013.0,900.0
东城,2室,南北,有电梯,精装,81.0,2005.0,840.0
东城,2室,东,有电梯,其他,112.0,2013.0,1050.0
东城,3室,南北,无电梯,精装,109.0,1998.0,950.0
东城,2室,东北,有电梯,简装,95.0,2005.0,730.0
东城,2室,东北,有电梯,简装,89.0,2005.0,970.0
东城,2室,东西,无电梯,简装,74.0,1979.0,692.0
东城,3室,南北,无电梯,简装,86.0,1990.0,835.0
东城,1室,南,无电梯,简装,41.0,1987.0,460.0
东城,2室,南北,未知,精装,54.0,1985.0,610.0
东城,1室,东,无电梯,毛坯,42.0,1987.0,490.0
东城,3室,东南,未知,精装,79.0,1987.0,720.0
东城,4室,南北,无电梯,精装,232.0,1990.0,1699.0
东城,4室,东西,有电梯,精装,266.0,1999.0,1750.0
东城,2室,南北,未知,简装,55.0,1987.0,503.0
东城,2室,南北,有电梯,精装,144.0,2009.0,1589.0
东城,2室,南北,未知,简装,61.0,1985.0,680.0
东城,2室,南,未知,精装,48.0,1985.0,633.0
东城,2室,南北,无电梯,精装,62.0,1990.0,428.0
东城,2室,东南,有电梯,其他,71.0,1999.0,450.0
东城,2室,东西,无电梯,简装,57.0,1980.0,458.0
东城,3室,西南,未知,简装,57.0,1982.0,735.0
东城,2室,南北,无电梯,简装,56.0,1985.0,550.0
东城,2室,南,未知,精装,90.0,2010.0,999.0
东城,2室,东,有电梯,精装,87.0,2000.0,785.0
东城,3室,西,有电梯,精装,71.0,2003.0,725.0
东城,2室,西,无电梯,精装,57.0,1987.0,740.0
东城,1室,南,无电梯,精装,55.0,2003.0,620.0
东城,2室,南北,有电梯,简装,127.0,2003.0,1650.0
东城,2室,东西,未知,精装,59.0,1990.0,605.0
东城,2室,东西,无电梯,简装,56.0,1988.0,503.0
东城,2室,南北,未知,其他,74.0,2003.0,780.0
东城,3室,南北,未知,简装,90.0,2003.0,1025.0
东城,1室,东,无电梯,精装,41.0,1987.0,499.0
东城,2室,东西,有电梯,简装,120.0,2005.0,1450.0
东城,2室,西,有电梯,简装,79.0,2005.0,545.0
东城,2室,西,有电梯,其他,84.0,2000.0,883.0
东城,1室,南西,未知,精装,62.0,2005.0,650.0
东城,2室,南,有电梯,精装,104.0,2001.0,1070.0
东城,2室,东,有电梯,其他,127.0,1996.0,990.0
东城,2室,南,未知,精装,50.0,1982.0,725.0
东城,1室,东,未知,其他,55.0,2004.0,760.0
东城,1室,南,未知,其他,78.0,2009.0,875.0
东城,1室,西,有电梯,其他,49.0,2009.0,430.0
东城,2室,南北,无电梯,简装,61.0,1989.0,680.0
东城,3室,西南,未知,其他,168.0,1997.0,1600.0
东城,3室,南北,无电梯,简装,69.0,1988.0,800.0
东城,2室,西北,有电梯,精装,146.0,2006.0,1700.0
东城,3室,南北,无电梯,简装,80.0,1990.0,920.0
东城,3室,东南,有电梯,简装,134.0,1999.0,830.0
东城,2室,东南,有电梯,简装,69.0,1990.0,800.0
东城,3室,西南,无电梯,简装,122.0,1996.0,1450.0
东城,2室,南北,无电梯,简装,61.0,1989.0,710.0
东城,2室,西南,有电梯,精装,113.0,2001.0,1140.0
东城,2室,西,未知,简装,66.0,2005.0,596.0
东城,3室,南北,未知,精装,78.0,1980.0,864.0
东城,2室,南北,无电梯,精装,68.0,2003.0,1093.0
东城,2室,南北,无电梯,精装,47.0,1985.0,660.0
东城,1室,北,有电梯,精装,52.0,2008.0,565.0
东城,2室,西,未知,精装,116.0,2004.0,1380.0
东城,1室,西,未知,简装,52.0,2003.0,496.0
东城,1室,北,有电梯,简装,66.0,2006.0,580.0
东城,2室,东西,无电梯,精装,61.0,1987.0,379.0
东城,3室,东南,有电梯,简装,73.0,1989.0,450.0
东城,2室,东西,无电梯,简装,74.0,1979.0,692.0
东城,2室,东西,未知,精装,50.0,1990.0,580.0
东城,2室,东西,未知,精装,65.0,1990.0,565.0
东城,2室,西,有电梯,精装,71.0,2009.0,560.0
东城,3室,东南,未知,简装,134.0,1999.0,830.0
东城,1室,东南,未知,精装,57.0,2004.0,549.0
东城,2室,东北,未知,其他,87.0,2003.0,710.0
东城,3室,东南,未知,其他,81.0,1990.0,800.0
东城,2室,东南,有电梯,精装,71.0,2001.0,782.0
东城,1室,南,有电梯,精装,139.0,2002.0,1480.0
东城,1室,东,未知,精装,47.0,1990.0,435.0
东城,3室,东西,有电梯,精装,84.0,2004.0,980.0
东城,2室,西北,有电梯,简装,114.0,1999.0,720.0
东城,1室,南北,未知,精装,87.0,2008.0,890.0
东城,1室,东,有电梯,简装,68.0,2001.0,700.0
东城,1室,西,有电梯,精装,53.0,2003.0,578.0
东城,2室,南北,无电梯,简装,54.0,1980.0,395.0
东城,1室,东,有电梯,其他,47.0,2003.0,700.0
东城,2室,南北,无电梯,简装,59.0,1984.0,580.0
东城,2室,南北,无电梯,精装,64.0,2003.0,790.0
东城,2室,南北,无电梯,简装,58.0,1988.0,650.0
东城,2室,西北,有电梯,精装,61.0,2009.0,530.0
东城,3室,西,有电梯,精装,185.0,1998.0,1160.0
东城,3室,南北,未知,其他,110.0,1990.0,890.0
东城,3室,东西,有电梯,其他,64.0,1983.0,520.0
东城,3室,东南,有电梯,简装,95.0,1990.0,1050.0
东城,2室,东西,无电梯,精装,81.0,2003.0,950.0
东城,2室,西,有电梯,其他,84.0,2000.0,883.0
东城,2室,南,有电梯,精装,104.0,2001.0,1070.0
东城,1室,南西,未知,精装,62.0,2005.0,650.0
东城,3室,南北,无电梯,简装,148.0,1990.0,1188.0
东城,2室,东西,有电梯,其他,108.0,2003.0,1280.0
东城,3室,西南,无电梯,精装,80.0,1990.0,910.0
东城,3室,南北,无电梯,简装,93.0,1995.0,658.0
东城,2室,西北,有电梯,简装,79.0,2004.0,1000.0
东城,3室,西北,有电梯,简装,153.0,2002.0,980.0
东城,3室,东南,有电梯,精装,116.0,2002.0,1160.0
东城,3室,西北,无电梯,简装,70.0,1985.0,540.0
东城,2室,北,有电梯,简装,86.0,2002.0,880.0
东城,2室,南,有电梯,精装,71.0,2002.0,820.0
东城,2室,南北,有电梯,精装,147.0,1996.0,1380.0
东城,2室,东北,未知,精装,107.0,2011.0,1180.0
东城,3室,东西,无电梯,简装,85.0,1989.0,890.0
东城,2室,东西,有电梯,精装,74.0,2003.0,730.0
东城,1室,南,未知,其他,39.0,1982.0,633.0
东城,2室,东西,未知,精装,73.0,2002.0,850.0
东城,1室,北,有电梯,精装,63.0,2004.0,508.0
东城,2室,东,有电梯,简装,51.0,1990.0,530.0
东城,1室,东南,有电梯,精装,64.0,2004.0,540.0
东城,2室,西北,有电梯,简装,114.0,1999.0,720.0
东城,2室,西,未知,简装,89.0,1994.0,529.0
东城,2室,东南,有电梯,精装,109.0,2004.0,990.0
东城,1室,北,有电梯,其他,55.0,2003.0,550.0
东城,3室,东西,无电梯,简装,85.0,1995.0,688.0
东城,2室,南,未知,精装,167.0,2003.0,1420.0
东城,3室,东南,未知,简装,134.0,1999.0,830.0
东城,1室,东南,未知,精装,57.0,2004.0,549.0
东城,2室,东西,未知,精装,50.0,1990.0,580.0
东城,2室,东西,未知,精装,65.0,1990.0,565.0
东城,3室,东南,未知,精装,90.0,2002.0,900.0
东城,2室,南北,未知,简装,53.0,1989.0,650.0
东城,2室,西南,无电梯,精装,74.0,1993.0,820.0
东城,3室,南北,无电梯,简装,113.0,1993.0,1420.0
东城,2室,西,有电梯,其他,104.0,2005.0,1020.0
东城,3室,东南,有电梯,简装,75.0,1992.0,558.0
东城,2室,东西,无电梯,其他,70.0,1987.0,567.0
东城,2室,东北,无电梯,简装,56.0,1994.0,465.0
东城,2室,南北,无电梯,简装,54.0,1988.0,680.0
东城,1室,南,未知,精装,45.0,1989.0,570.0
东城,1室,北,未知,精装,71.0,2004.0,570.0
东城,1室,南,无电梯,毛坯,44.0,1988.0,350.0
东城,1室,西,未知,其他,140.0,2008.0,795.0
东城,3室,东南,有电梯,其他,88.0,2003.0,960.0
东城,1室,东,有电梯,精装,60.0,2002.0,650.0
东城,2室,东南,有电梯,精装,103.0,2003.0,1000.0
东城,2室,东,有电梯,其他,83.0,2001.0,875.0
东城,2室,南,有电梯,简装,56.0,1983.0,480.0
东城,3室,南北,未知,精装,121.0,2002.0,1500.0
东城,2室,南北,未知,其他,71.0,1993.0,830.0
东城,3室,南北,有电梯,其他,76.0,1992.0,800.0
东城,2室,东西,无电梯,简装,53.0,1986.0,560.0
东城,2室,东,有电梯,精装,86.0,2000.0,548.0
东城,2室,北,有电梯,简装,64.0,2005.0,578.0
东城,2室,南北,有电梯,精装,73.0,2002.0,790.0
东城,2室,东西,未知,精装,49.0,1980.0,440.0
东城,3室,东西,有电梯,精装,92.0,1990.0,920.0
东城,2室,南,未知,精装,51.0,1985.0,555.0
东城,2室,东西,无电梯,简装,69.0,2003.0,840.0
东城,2室,北,未知,其他,65.0,2003.0,715.0
东城,1室,南,未知,精装,46.0,1988.0,555.0
东城,1室,东南,未知,精装,45.0,1994.0,600.0
东城,1室,东南,无电梯,精装,54.0,1995.0,535.0
东城,2室,南,无电梯,精装,52.0,1981.0,390.0
东城,2室,南北,有电梯,精装,87.0,2003.0,960.0
东城,2室,东西,有电梯,其他,85.0,2005.0,599.0
东城,2室,东南,有电梯,简装,75.0,1990.0,850.0
东城,2室,南北,无电梯,精装,54.0,1982.0,350.0
东城,2室,南北,未知,简装,68.0,1977.0,532.0
东城,2室,西,有电梯,其他,130.0,2002.0,1040.0
东城,2室,西南,有电梯,精装,148.0,2005.0,1485.1
东城,2室,东北,有电梯,简装,78.0,1999.0,740.0
东城,2室,东,有电梯,简装,126.0,2002.0,1260.0
东城,1室,西,有电梯,精装,46.0,2004.0,560.0
东城,2室,东西,有电梯,简装,115.0,2005.0,1292.0
东城,3室,南北,无电梯,精装,82.0,2002.0,1100.0
东城,1室,东,有电梯,精装,63.0,2004.0,530.0
东城,2室,西北,有电梯,精装,89.0,2001.0,557.0
东城,2室,西,有电梯,精装,67.0,2005.0,580.0
东城,3室,东北,未知,简装,71.0,1988.0,680.0
东城,3室,西南,无电梯,其他,75.0,1990.0,800.0
东城,2室,南北,未知,简装,77.0,2002.0,896.0
东城,2室,东,有电梯,简装,91.0,2001.0,596.0
东城,3室,东西,有电梯,精装,144.0,2004.0,1380.0
东城,2室,南北,无电梯,简装,57.0,1985.0,780.0
东城,3室,东南,有电梯,简装,147.0,2005.0,1100.0
东城,2室,东西,有电梯,简装,76.0,2006.0,660.0
东城,1室,北,有电梯,精装,57.0,2008.0,515.0
东城,3室,西南,无电梯,简装,78.0,1990.0,700.0
东城,1室,东,未知,简装,44.0,1992.0,305.0
东城,2室,南北,无电梯,简装,56.0,1990.0,630.0
东城,3室,东南,未知,精装,90.0,2002.0,960.0
东城,2室,西,无电梯,精装,60.0,1995.0,578.0
东城,3室,南北,未知,简装,79.0,1991.0,650.0
东城,2室,西南,有电梯,精装,86.0,2003.0,980.0
东城,3室,东南,无电梯,简装,59.0,1988.0,690.0
东城,1室,南,无电梯,简装,52.0,2003.0,501.0
东城,3室,东南,有电梯,精装,164.0,2005.0,1638.0
东城,3室,南西,有电梯,精装,98.0,2003.0,1250.0
东城,2室,西南,有电梯,简装,57.0,1990.0,615.0
东城,4室,南北,未知,精装,112.0,2002.0,850.0
东城,3室,东西,有电梯,简装,85.0,2003.0,1100.0
东城,2室,东西,有电梯,精装,76.0,2006.0,730.0
东城,2室,东西,无电梯,简装,65.0,1999.0,650.0
东城,1室,南,未知,精装,60.0,2003.0,750.0
东城,1室,西北,有电梯,精装,61.0,2010.0,620.0
东城,2室,南,未知,简装,50.0,1982.0,725.0
东城,2室,西南,未知,精装,114.0,2004.0,1000.0
东城,2室,南北,无电梯,精装,69.0,2002.0,1043.0
东城,3室,南北,有电梯,简装,99.0,1990.0,1228.0
东城,2室,南北,无电梯,精装,67.0,1990.0,555.0
东城,2室,南北,无电梯,其他,58.0,1987.0,650.0
东城,3室,南北,无电梯,简装,78.0,1995.0,540.0
东城,2室,东西,未知,简装,65.0,1992.0,660.0
东城,2室,东西,无电梯,简装,69.0,2003.0,840.0
东城,3室,东,有电梯,其他,131.0,2002.0,1080.0
东城,1室,南,有电梯,精装,60.0,2005.0,420.0
东城,3室,南北,无电梯,精装,78.0,1988.0,778.0
东城,1室,东南,有电梯,简装,63.0,2003.0,720.0
东城,2室,东南,有电梯,其他,105.0,2003.0,980.0
东城,3室,南北,未知,精装,155.0,2000.0,1499.0
东城,2室,东北,有电梯,其他,107.0,2009.0,995.0
东城,4室,东北,有电梯,简装,103.0,2003.0,770.0
东城,4室,南北,无电梯,精装,133.0,1990.0,1050.0
东城,3室,南北,有电梯,简装,146.0,2005.0,1700.0
东城,2室,东,无电梯,简装,50.0,1984.0,497.0
东城,2室,西北,有电梯,精装,58.0,1980.0,508.0
东城,1室,东,有电梯,简装,56.0,2006.0,465.0
东城,2室,东,有电梯,其他,70.0,2001.0,437.0
东城,2室,北,有电梯,其他,89.0,2003.0,850.0
东城,1室,东,无电梯,简装,39.0,1987.0,498.0
东城,1室,西,有电梯,精装,60.0,2006.0,550.0
东城,1室,东南,未知,精装,95.0,2007.0,980.0
东城,3室,南北,有电梯,简装,73.0,1982.0,750.0
东城,2室,东南,有电梯,简装,70.0,1986.0,630.0
东城,3室,东南,有电梯,精装,116.0,2002.0,1180.0
东城,1室,东,未知,精装,63.0,2004.0,525.0
东城,3室,南北,无电梯,简装,71.0,1990.0,760.0
东城,3室,南北,有电梯,简装,76.0,1980.0,688.0
东城,2室,南北,有电梯,精装,90.0,2010.0,1080.0
东城,2室,东西,无电梯,简装,71.0,2002.0,560.0
东城,2室,南北,无电梯,其他,60.0,1993.0,392.0
东城,1室,西,未知,其他,72.0,2009.0,690.0
东城,1室,北,有电梯,精装,57.0,2008.0,515.0
东城,3室,西南,无电梯,精装,80.0,1990.0,1000.0
东城,2室,东西,无电梯,精装,73.0,2002.0,780.0
东城,1室,西,未知,精装,42.0,1988.0,495.0
东城,2室,南,有电梯,其他,121.0,2004.0,999.0
东城,1室,北,有电梯,简装,61.0,2004.0,488.0
东城,2室,东西,有电梯,简装,64.0,2002.0,750.0
东城,3室,东南,未知,精装,84.0,1985.0,730.0
东城,2室,东西,无电梯,精装,73.0,2003.0,911.0
东城,2室,东,有电梯,简装,66.0,2005.0,570.0
东城,1室,东,有电梯,精装,75.0,2004.0,655.0
东城,3室,西南,有电梯,毛坯,93.0,2003.0,1066.0
东城,1室,西南,有电梯,精装,77.0,2006.0,660.0
东城,2室,南,未知,其他,127.0,2007.0,1380.0
东城,2室,西北,未知,精装,53.0,1992.0,485.7
东城,1室,南,有电梯,简装,53.0,2003.0,790.0
东城,3室,东南,有电梯,精装,163.0,2001.0,1600.0
东城,2室,南北,未知,简装,57.0,1998.0,559.0
东城,1室,南,无电梯,精装,47.0,2002.0,580.0
东城,1室,南,无电梯,其他,41.0,1993.0,319.0
东城,3室,西南,有电梯,精装,171.0,2009.0,1800.0
东城,2室,南北,未知,简装,54.0,1985.0,580.0
东城,2室,南,有电梯,精装,56.0,1991.0,535.8
东城,3室,东南,无电梯,其他,74.0,1989.0,810.0
东城,2室,东西,有电梯,简装,68.0,2004.0,785.0
东城,2室,南,无电梯,简装,44.0,1984.0,650.0
东城,2室,东,有电梯,精装,152.0,2000.0,1600.0
东城,2室,西,有电梯,简装,188.0,2003.0,1250.0
东城,2室,南,有电梯,简装,69.0,1980.0,510.0
东城,3室,东,有电梯,其他,131.0,2002.0,1080.0
东城,3室,南北,未知,简装,85.0,2003.0,1200.0
东城,3室,东南,未知,其他,136.0,2009.0,939.0
东城,2室,南北,无电梯,其他,92.0,1996.0,600.0
东城,3室,东西,未知,精装,62.0,1985.0,750.0
东城,1室,西北,未知,简装,66.0,2002.0,419.0
东城,3室,西南,无电梯,简装,96.0,2003.0,1060.0
东城,1室,东南,未知,精装,51.0,1991.0,680.0
东城,3室,西北,有电梯,简装,165.0,2003.0,1100.0
东城,2室,西,未知,简装,58.0,1989.0,580.0
东城,3室,东西,无电梯,精装,110.0,2002.0,1130.0
东城,2室,南北,无电梯,其他,139.0,1996.0,1120.0
东城,1室,西,有电梯,简装,59.0,2004.0,550.0
东城,4室,南北,有电梯,简装,163.0,1999.0,1550.0
东城,2室,东南,无电梯,精装,54.0,1990.0,610.0
东城,2室,南北,无电梯,其他,60.0,1992.0,380.0
东城,1室,东,未知,其他,37.0,1999.0,415.0
东城,3室,南北,无电梯,精装,75.0,1983.0,680.0
东城,1室,西北,有电梯,简装,73.0,2005.0,659.0
东城,1室,东,有电梯,精装,57.0,2006.0,480.0
东城,2室,东南,未知,精装,146.0,2001.0,1100.0
东城,2室,西北,未知,精装,58.0,1992.0,548.0
东城,2室,北,有电梯,简装,154.0,2000.0,1128.0
东城,1室,东西,未知,精装,60.0,1988.0,720.0
东城,2室,南北,未知,简装,60.0,1983.0,580.0
东城,2室,东,无电梯,简装,59.0,1992.0,620.0
东城,1室,西,有电梯,精装,55.0,2005.0,470.0
东城,2室,南北,无电梯,精装,68.0,2003.0,930.0
东城,2室,南北,有电梯,精装,64.0,2002.0,730.0
东城,1室,西,有电梯,简装,53.0,1990.0,555.0
东城,2室,南北,无电梯,简装,69.0,1997.0,438.0
东城,1室,南北,未知,简装,53.0,2003.0,766.0
东城,2室,南北,无电梯,简装,55.0,1990.0,568.0
东城,2室,东西,有电梯,精装,74.0,2006.0,695.0
东城,2室,南北,无电梯,精装,64.0,2002.0,420.0
东城,1室,南,有电梯,简装,58.0,2004.0,560.0
东城,1室,南,无电梯,简装,53.0,2003.0,495.0
东城,1室,南,有电梯,其他,60.0,2004.0,580.0
东城,3室,南北,有电梯,其他,130.0,1999.0,1220.0
东城,2室,南北,有电梯,其他,118.0,2003.0,1460.0
东城,2室,南北,无电梯,简装,46.0,1986.0,540.0
东城,3室,南北,有电梯,其他,144.0,2003.0,1800.0
东城,3室,东西,无电梯,毛坯,77.0,1988.0,690.0
东城,3室,南北,无电梯,简装,82.0,2003.0,930.0
东城,3室,南北,无电梯,简装,83.0,1993.0,960.0
东城,4室,东,有电梯,精装,134.0,2002.0,1299.0
东城,2室,南北,有电梯,简装,74.0,2006.0,780.0
东城,2室,南,无电梯,其他,72.0,2003.0,688.0
东城,2室,东南,有电梯,简装,75.0,1999.0,790.0
东城,2室,南北,有电梯,精装,118.0,2001.0,760.0
东城,3室,西南,无电梯,简装,73.0,1988.0,850.0
东城,2室,南,有电梯,精装,71.0,2003.0,930.0
东城,1室,南,有电梯,精装,60.0,2003.0,660.0
东城,3室,南北,有电梯,简装,76.0,1980.0,688.0
东城,2室,东,未知,简装,76.0,1994.0,650.0
东城,1室,西北,未知,简装,66.0,2002.0,419.0
东城,2室,南北,无电梯,其他,92.0,1996.0,600.0
东城,3室,东南,未知,其他,136.0,2009.0,939.0
东城,2室,西,有电梯,精装,79.0,2003.0,795.0
东城,2室,南北,无电梯,精装,69.0,2002.0,950.0
东城,2室,西北,有电梯,精装,94.0,2005.0,940.0
东城,2室,东西,有电梯,简装,90.0,2005.0,610.0
东城,2室,南北,未知,精装,139.0,1996.0,1210.0
东城,4室,东南,无电梯,精装,120.0,1991.0,1150.0
东城,2室,东西,有电梯,简装,90.0,2003.0,830.0
东城,2室,南北,有电梯,简装,123.0,2004.0,1370.0
东城,3室,东南,未知,精装,168.0,1997.0,1270.0
东城,3室,西北,有电梯,精装,140.0,2004.0,1600.0
东城,2室,南,有电梯,简装,86.0,2009.0,830.0
东城,3室,南北,未知,精装,79.0,1996.0,639.0
东城,2室,东南,无电梯,精装,66.0,2002.0,866.0
东城,3室,东南,未知,其他,114.0,1990.0,1220.0
东城,1室,南,未知,精装,55.0,2004.0,730.0
东城,2室,东北,有电梯,精装,111.0,2002.0,1110.0
东城,2室,东西,无电梯,简装,54.0,1980.0,610.0
东城,2室,东西,无电梯,精装,57.0,1980.0,625.0
东城,1室,南,未知,简装,40.0,1993.0,582.0
东城,1室,西,未知,精装,48.0,1990.0,570.0
东城,1室,东,有电梯,精装,96.0,2007.0,1050.0
东城,3室,西北,有电梯,简装,111.0,2002.0,1150.0
东城,2室,东西,未知,简装,54.0,1984.0,570.0
东城,2室,东西,无电梯,精装,54.0,1990.0,540.0
东城,1室,西南,有电梯,精装,63.0,2004.0,550.0
东城,2室,东南,有电梯,精装,68.0,1980.0,580.0
东城,1室,西,有电梯,简装,53.0,1990.0,555.0
东城,3室,东西,有电梯,精装,193.0,2004.0,1480.0
东城,2室,南北,有电梯,简装,76.0,2002.0,785.0
东城,3室,西,有电梯,精装,113.0,2004.0,960.0
东城,2室,东西,无电梯,简装,48.0,1985.0,465.0
东城,2室,南北,未知,精装,66.0,2003.0,760.0
东城,2室,南北,无电梯,精装,57.0,1988.0,509.0
东城,2室,西北,未知,精装,61.0,2010.0,608.0
东城,3室,南北,未知,精装,92.0,2002.0,1200.0
东城,2室,东西,未知,精装,60.0,1990.0,550.0
东城,2室,西,无电梯,精装,59.0,1992.0,600.0
东城,1室,北,有电梯,精装,74.0,2001.0,620.0
东城,1室,东,有电梯,简装,37.0,2008.0,495.0
东城,3室,西南,有电梯,简装,105.0,2002.0,1200.0
东城,3室,南北,有电梯,精装,151.0,2005.0,1789.0
东城,3室,南北,无电梯,精装,93.0,2003.0,870.0
东城,2室,东西,有电梯,精装,74.0,2004.0,840.0
东城,2室,西,未知,精装,97.0,2004.0,1280.0
东城,3室,东北,无电梯,简装,65.0,1980.0,525.0
东城,2室,南北,有电梯,精装,116.0,2004.0,980.0
东城,3室,南北,有电梯,其他,151.0,2001.0,880.0
东城,2室,西南,有电梯,简装,107.0,1999.0,697.0
东城,1室,东北,有电梯,精装,86.0,2009.0,850.0
东城,3室,南,有电梯,简装,89.0,1990.0,900.0
东城,3室,南北,未知,精装,115.0,1990.0,1042.0
东城,2室,南北,未知,精装,54.0,1985.0,600.0
东城,2室,南北,无电梯,简装,65.0,1997.0,350.0
东城,2室,东南,有电梯,简装,127.0,2003.0,980.0
东城,3室,东,有电梯,简装,230.0,2000.0,1600.0
东城,3室,南北,未知,其他,92.0,1993.0,950.0
东城,2室,东西,未知,精装,54.0,1991.0,485.0
东城,2室,南北,无电梯,精装,57.0,1989.0,540.0
东城,3室,东南,无电梯,简装,78.0,1988.0,860.0
东城,2室,南,未知,精装,72.0,2003.0,970.0
东城,2室,东南,未知,其他,75.0,2005.0,650.0
东城,2室,南北,未知,其他,49.0,1980.0,400.0
东城,4室,东西,有电梯,精装,127.0,2003.0,1220.0
东城,2室,东西,未知,精装,72.0,2002.0,810.0
东城,2室,东西,未知,精装,73.0,2002.0,870.0
东城,3室,西南,未知,简装,185.0,1996.0,1650.0
东城,3室,西,有电梯,简装,110.0,2006.0,950.0
东城,2室,东南,有电梯,精装,68.0,1990.0,750.0
东城,2室,南北,无电梯,精装,93.0,2004.0,1050.0
东城,3室,南北,有电梯,精装,137.0,2002.0,1450.0
东城,2室,西,有电梯,简装,82.0,2003.0,850.0
东城,2室,南北,无电梯,简装,54.0,1985.0,560.0
东城,1室,东西,有电梯,精装,62.0,2008.0,630.0
东城,3室,南北,有电梯,简装,139.0,2002.0,1100.0
东城,2室,东,有电梯,毛坯,71.0,2009.0,530.0
东城,3室,东南,有电梯,精装,173.0,2001.0,1700.0
东城,1室,西,未知,精装,71.0,2005.0,770.0
东城,3室,东西,无电梯,简装,81.0,1990.0,820.0
东城,2室,东北,有电梯,简装,116.0,1999.0,720.0
东城,2室,西南,有电梯,精装,83.0,2006.0,700.0
东城,3室,南北,无电梯,精装,83.0,1993.0,980.0
东城,3室,东西,无电梯,精装,83.0,2002.0,1100.0
东城,2室,南,无电梯,精装,61.0,1976.0,585.0
东城,3室,东西,无电梯,简装,80.0,1987.0,880.0
东城,3室,东西,有电梯,精装,193.0,2004.0,1480.0
东城,2室,西南,有电梯,精装,107.0,2004.0,1300.0
东城,2室,南北,有电梯,简装,72.0,2003.0,745.0
东城,2室,东北,有电梯,简装,119.0,2002.0,680.0
东城,2室,西,有电梯,精装,77.0,2003.0,799.0
东城,3室,南,未知,精装,87.0,1991.0,836.0
东城,2室,东西,未知,精装,63.0,1996.0,608.0
东城,1室,西,未知,简装,48.0,1992.0,486.0
东城,1室,东,有电梯,精装,80.0,2000.0,800.0
东城,2室,南北,无电梯,简装,58.0,1987.0,630.0
东城,1室,南,未知,简装,51.0,1994.0,375.0
东城,1室,南,有电梯,精装,48.0,2003.0,720.0
东城,4室,东北,未知,精装,239.0,1996.0,1700.0
东城,2室,东西,有电梯,精装,50.0,1990.0,580.0
东城,1室,南,未知,简装,47.0,2003.0,700.0
东城,1室,东,未知,其他,47.0,1993.0,435.0
东城,2室,东西,无电梯,简装,67.0,2003.0,880.0
东城,1室,东北,有电梯,精装,58.0,2004.0,630.0
东城,1室,东,未知,简装,58.0,2003.0,415.0
东城,1室,东,有电梯,精装,41.0,2006.0,338.0
东城,1室,西,有电梯,精装,69.0,2005.0,500.0
东城,1室,东西,有电梯,简装,65.0,2008.0,695.0
东城,2室,南北,无电梯,简装,56.0,1988.0,498.0
东城,2室,南北,无电梯,其他,53.0,1982.0,500.0
东城,2室,东,未知,其他,106.0,2002.0,935.0
东城,1室,西南,有电梯,精装,60.0,2009.0,512.0
东城,2室,南北,无电梯,简装,60.0,1989.0,680.0
东城,2室,南北,未知,其他,65.0,1984.0,520.0
东城,3室,东南,有电梯,精装,79.0,2009.0,699.0
东城,2室,南北,无电梯,精装,68.0,2003.0,648.0
东城,2室,西,有电梯,简装,59.0,2003.0,620.0
东城,2室,东,未知,简装,58.0,1983.0,560.0
东城,2室,东,无电梯,简装,53.0,1984.0,555.0
东城,2室,南北,有电梯,精装,76.0,2003.0,960.0
东城,1室,北,未知,简装,107.0,2000.0,710.0
东城,2室,西,未知,其他,64.0,1995.0,420.0
东城,3室,南北,未知,精装,77.0,1992.0,860.0
东城,3室,东西,未知,精装,78.0,1985.0,950.0
东城,2室,东北,未知,精装,143.0,2006.0,1558.0
东城,3室,西北,有电梯,精装,113.0,2002.0,1060.0
东城,3室,东西,无电梯,简装,83.0,2003.0,1100.0
东城,2室,东西,有电梯,简装,83.0,2003.0,798.0
东城,2室,东北,无电梯,简装,66.0,1995.0,478.0
东城,2室,南北,未知,简装,53.0,1985.0,550.0
东城,3室,南北,无电梯,简装,91.0,1992.0,658.0
东城,2室,西,未知,精装,101.0,1997.0,830.0
东城,2室,南北,有电梯,精装,108.0,2006.0,1170.0
东城,3室,东南,未知,简装,105.0,1991.0,1200.0
东城,3室,南北,无电梯,精装,84.0,2003.0,1220.0
东城,3室,东,有电梯,精装,111.0,2005.0,765.0
东城,3室,西南,有电梯,简装,134.0,1999.0,760.0
东城,3室,南,有电梯,精装,117.0,2003.0,935.0
东城,2室,北,有电梯,简装,83.0,2004.0,750.0
东城,3室,西南,有电梯,精装,102.0,2006.0,850.0
东城,2室,东,未知,精装,54.0,1992.0,621.0
东城,2室,南北,无电梯,简装,59.0,1985.0,580.0
东城,2室,南,有电梯,精装,64.0,1987.0,512.0
东城,2室,西,有电梯,其他,63.0,2005.0,550.0
东城,1室,南,有电梯,简装,60.0,2004.0,578.0
东城,2室,南,未知,精装,92.0,2010.0,1030.0
东城,1室,南,未知,简装,38.0,1991.0,398.0
东城,2室,南北,有电梯,精装,56.0,1989.0,668.0
东城,2室,南北,未知,精装,66.0,2003.0,760.0
东城,3室,东西,无电梯,精装,86.0,1988.0,850.0
东城,3室,东西,无电梯,毛坯,72.0,1982.0,652.0
东城,2室,南,有电梯,其他,73.0,1989.0,660.0
东城,3室,南北,未知,简装,78.0,1991.0,1150.0
东城,3室,东西,有电梯,其他,129.0,2004.0,1580.0
东城,2室,东南,有电梯,简装,68.0,1990.0,750.0
东城,2室,东,未知,精装,127.0,1995.0,980.0
东城,4室,南北,未知,精装,112.0,2002.0,850.0
东城,3室,西南,无电梯,简装,57.0,1989.0,610.0
东城,2室,东西,未知,简装,60.0,1991.0,460.0
东城,3室,东南,无电梯,精装,77.0,1992.0,830.0
东城,2室,南北,无电梯,简装,47.0,1985.0,690.0
东城,3室,南北,未知,精装,85.0,1995.0,796.0
东城,2室,南北,未知,精装,59.0,1985.0,650.0
东城,2室,南,有电梯,精装,163.0,1998.0,1150.0
东城,2室,东南,无电梯,精装,76.0,2003.0,838.0
东城,1室,东,有电梯,其他,63.0,2004.0,530.0
东城,1室,南,无电梯,精装,47.0,2003.0,580.0
东城,2室,南北,无电梯,精装,72.0,1998.0,799.0
东城,1室,东南,有电梯,精装,78.0,2003.0,710.0
东城,3室,西南,有电梯,精装,158.0,2003.0,1500.0
东城,2室,南,无电梯,精装,71.0,2003.0,950.0
东城,2室,南北,未知,简装,74.0,2003.0,760.0
东城,2室,南北,无电梯,简装,67.0,2003.0,900.0
东城,2室,东南,无电梯,精装,62.0,1990.0,578.0
东城,2室,南,有电梯,精装,117.0,2006.0,1170.0
东城,3室,南北,无电梯,精装,71.0,1988.0,840.0
东城,3室,西北,未知,简装,87.0,1999.0,820.0
东城,2室,南北,有电梯,精装,62.0,1992.0,560.0
东城,2室,南北,有电梯,精装,192.0,1996.0,1400.0
东城,2室,南北,有电梯,简装,123.0,2005.0,890.0
东城,3室,南北,有电梯,精装,137.0,2003.0,1320.0
东城,2室,南北,无电梯,精装,61.0,1990.0,730.0
东城,2室,东南,未知,简装,75.0,2005.0,640.0
东城,2室,南北,有电梯,简装,81.0,2005.0,830.0
东城,2室,西,有电梯,其他,64.0,1990.0,740.0
东城,2室,南,未知,简装,59.0,1990.0,660.0
东城,2室,东西,未知,简装,73.0,2002.0,798.0
东城,2室,东西,有电梯,简装,85.0,2005.0,898.0
东城,2室,东,未知,简装,52.0,1988.0,452.0
东城,2室,东南,无电梯,精装,47.0,1985.0,650.0
东城,2室,南北,未知,简装,81.0,2005.0,840.0
东城,3室,南北,未知,其他,70.0,1988.0,880.0
东城,2室,西北,有电梯,其他,44.0,2003.0,499.0
东城,2室,南北,有电梯,其他,60.0,1979.0,540.0
东城,2室,西北,未知,精装,126.0,2003.0,1150.0
东城,2室,东,未知,简装,126.0,2002.0,980.0
东城,2室,南,有电梯,简装,100.0,2006.0,1185.0
东城,2室,南北,未知,简装,54.0,1983.0,340.0
东城,3室,西北,有电梯,精装,96.0,2004.0,850.0
东城,3室,东南,未知,精装,158.0,2003.0,1500.0
东城,2室,西北,有电梯,精装,79.0,2005.0,550.0
东城,2室,南北,未知,其他,83.0,2003.0,710.0
东城,3室,东西,有电梯,简装,85.0,1990.0,730.0
东城,3室,南北,未知,精装,77.0,1989.0,800.0
东城,3室,西北,有电梯,精装,80.0,1990.0,645.0
东城,4室,东南,未知,精装,244.0,1996.0,1800.0
东城,1室,北,未知,精装,53.0,2003.0,760.0
东城,2室,南北,未知,精装,129.0,2003.0,1650.0
东城,4室,西南,有电梯,精装,187.0,2003.0,1800.0
东城,3室,南北,有电梯,精装,168.0,2009.0,1800.0
东城,1室,南,有电梯,精装,59.0,2005.0,605.0
东城,2室,西北,有电梯,精装,58.0,1992.0,595.0
东城,3室,东南,有电梯,精装,195.0,2004.0,1661.0
东城,2室,南北,未知,简装,57.0,1990.0,580.0
东城,2室,南北,无电梯,简装,54.0,1980.0,368.0
东城,2室,南北,未知,简装,69.0,2002.0,860.0
东城,2室,东南,有电梯,简装,104.0,1999.0,670.0
东城,2室,东北,有电梯,简装,143.0,2006.0,1650.0
东城,1室,东南,有电梯,精装,123.0,2002.0,1280.0
东城,3室,西北,有电梯,精装,107.0,2005.0,970.0
东城,2室,西,有电梯,精装,102.0,2001.0,1050.0
东城,2室,南,无电梯,简装,67.0,1994.0,480.0
东城,3室,东西,有电梯,精装,112.0,2003.0,1180.0
东城,3室,东西,未知,简装,67.0,1988.0,600.0
东城,3室,南北,未知,精装,100.0,2003.0,1398.0
东城,2室,南北,有电梯,精装,74.0,2003.0,899.0
东城,2室,西南,未知,精装,69.0,2003.0,600.0
东城,2室,东,无电梯,精装,51.0,1978.0,439.0
东城,2室,南北,无电梯,简装,72.0,2002.0,650.0
东城,3室,东北,有电梯,精装,82.0,1980.0,700.0
东城,3室,西北,有电梯,精装,173.0,2004.0,1830.0
东城,2室,东南,未知,精装,79.0,2007.0,739.0
东城,2室,南北,无电梯,简装,56.0,1990.0,498.0
东城,2室,东,未知,简装,65.0,1995.0,605.0
东城,3室,南北,无电梯,简装,75.0,1995.0,520.0
东城,2室,东南,有电梯,简装,71.0,2001.0,410.0
东城,1室,西,无电梯,简装,46.0,1990.0,385.0
东城,2室,南北,未知,毛坯,53.0,1980.0,494.0
东城,2室,南北,有电梯,精装,84.0,2000.0,972.0
东城,5室,东西,有电梯,精装,175.0,2005.0,1180.0
东城,2室,南北,未知,精装,96.0,1990.0,1050.0
东城,3室,东西,未知,精装,79.0,1980.0,830.0
东城,3室,东西,有电梯,精装,102.0,2003.0,1080.0
东城,2室,南北,未知,简装,87.0,2005.0,630.0
东城,3室,南北,无电梯,精装,135.0,2002.0,1100.0
东城,1室,南,未知,精装,72.0,2008.0,760.0
东城,1室,东,未知,精装,64.0,2007.0,680.0
东城,2室,南北,未知,简装,78.0,1996.0,710.0
东城,2室,西,未知,其他,67.0,2006.0,510.0
东城,2室,南北,有电梯,精装,122.0,2002.0,1220.0
东城,2室,南北,有电梯,精装,123.0,2005.0,880.0
东城,3室,南北,未知,精装,165.0,2005.0,1580.0
东城,2室,南北,有电梯,简装,69.0,2004.0,790.0
东城,2室,南,无电梯,简装,58.0,1990.0,580.0
东城,3室,东南,未知,精装,109.0,1990.0,1070.0
东城,2室,东南,未知,其他,116.0,2003.0,980.0
东城,4室,东,有电梯,简装,142.0,2003.0,1200.0
东城,2室,南北,无电梯,简装,54.0,1986.0,660.0
东城,3室,东南,未知,简装,73.0,1987.0,580.0
东城,4室,东南,无电梯,简装,184.0,1994.0,1330.0
东城,4室,南北,有电梯,精装,244.0,2005.0,1510.0
东城,2室,西北,有电梯,简装,64.0,2004.0,480.0
东城,2室,西,未知,精装,73.0,2007.0,690.0
东城,2室,东,有电梯,精装,70.0,2005.0,605.0
东城,2室,东,无电梯,精装,61.0,1994.0,520.0
东城,2室,东,未知,精装,80.0,2003.0,650.0
东城,2室,南北,未知,简装,62.0,1987.0,560.0
东城,3室,南西,有电梯,简装,94.0,2004.0,730.0
东城,2室,南北,有电梯,精装,71.0,2003.0,880.0
东城,2室,西南,有电梯,精装,88.0,2008.0,930.0
东城,3室,西南,有电梯,其他,96.0,1999.0,1000.0
东城,3室,南北,未知,其他,103.0,2002.0,723.0
东城,2室,南北,无电梯,简装,67.0,2003.0,930.0
东城,2室,东北,有电梯,精装,119.0,2001.0,690.0
东城,2室,西,无电梯,精装,55.0,1982.0,545.0
东城,1室,南,有电梯,精装,38.0,1992.0,330.0
东城,2室,南北,有电梯,精装,126.0,1990.0,1050.0
东城,2室,东西,无电梯,简装,60.0,1995.0,533.5
东城,2室,南,有电梯,精装,124.0,2004.0,1666.0
东城,2室,南北,有电梯,精装,73.0,2005.0,780.0
东城,2室,南北,未知,其他,67.0,2002.0,830.0
东城,2室,东,有电梯,简装,60.0,1992.0,500.0
东城,2室,南北,有电梯,简装,65.0,1989.0,550.0
东城,1室,西,未知,简装,61.0,2001.0,650.0
东城,2室,东西,未知,简装,69.0,1995.0,430.0
东城,1室,东,未知,简装,47.0,2003.0,700.0
东城,1室,北,未知,精装,55.0,2003.0,498.0
东城,1室,西,未知,简装,55.0,2006.0,598.0
东城,2室,南,有电梯,简装,73.0,1991.0,596.0
东城,2室,东,有电梯,精装,92.0,2001.0,860.0
东城,3室,南北,无电梯,简装,77.0,1989.0,810.0
东城,2室,南北,未知,简装,56.0,1980.0,555.0
东城,1室,南,未知,精装,55.0,2003.0,610.0
东城,1室,东,未知,精装,101.0,2005.0,703.0
东城,1室,西,未知,精装,63.0,2002.0,550.0
东城,2室,东西,有电梯,精装,71.0,2003.0,880.0
东城,2室,东西,无电梯,简装,58.0,2003.0,500.0
东城,1室,东南,未知,其他,109.0,1996.0,763.0
东城,3室,南西,有电梯,简装,132.0,2003.0,1200.0
东城,2室,南北,无电梯,简装,68.0,1988.0,650.0
东城,3室,东北,有电梯,简装,138.0,2002.0,1300.0
东城,3室,南北,有电梯,简装,96.0,2003.0,1150.0
东城,3室,南北,有电梯,毛坯,115.0,2004.0,850.0
东城,2室,南北,有电梯,简装,82.0,2004.0,790.0
东城,3室,南北,有电梯,简装,69.0,1990.0,699.0
东城,1室,东西,无电梯,简装,41.0,1990.0,319.0
东城,2室,西,有电梯,简装,49.0,1979.0,445.0
东城,1室,南,无电梯,简装,55.0,2003.0,605.0
东城,2室,南北,未知,简装,56.0,1980.0,560.0
东城,2室,南北,未知,简装,57.0,1989.0,380.0
东城,2室,东南,未知,精装,69.0,1995.0,650.0
东城,2室,东西,未知,毛坯,54.0,1984.0,490.0
东城,4室,东南,未知,简装,122.0,1996.0,1300.0
东城,1室,西,未知,精装,51.0,2009.0,435.0
东城,2室,西南,无电梯,简装,56.0,1989.0,540.0
东城,2室,南北,未知,精装,59.0,1985.0,650.0
东城,2室,东南,未知,简装,71.0,2003.0,938.0
东城,2室,东,未知,简装,62.0,1992.0,685.0
东城,3室,南北,未知,精装,125.0,2004.0,1293.0
东城,3室,东西,未知,精装,91.0,2004.0,870.0
东城,2室,西南,未知,精装,46.0,1980.0,686.0
东城,2室,南,未知,简装,59.0,1998.0,572.0
东城,2室,东西,未知,简装,74.0,2003.0,699.0
东城,2室,南北,未知,精装,73.0,2002.0,760.0
东城,3室,东,未知,精装,113.0,2004.0,950.0
东城,3室,南北,未知,简装,67.0,1990.0,670.0
东城,2室,西,未知,精装,79.0,2006.0,800.0
东城,1室,西南,未知,简装,40.0,1996.0,430.0
东城,3室,东北,未知,精装,64.0,1984.0,419.0
东城,2室,西北,有电梯,简装,63.0,2010.0,599.0
东城,2室,南北,未知,精装,55.0,1984.0,365.0
东城,3室,南北,未知,简装,82.0,2003.0,950.0
东城,2室,西南,未知,精装,119.0,2013.0,1050.0
东城,2室,南北,未知,简装,69.0,2002.0,880.0
东城,3室,南北,未知,简装,56.0,1983.0,565.0
东城,2室,南北,未知,简装,97.0,2008.0,1010.0
东城,2室,南北,未知,简装,66.0,1995.0,468.0
东城,3室,南北,未知,简装,155.0,2000.0,1400.0
东城,4室,南北,未知,简装,107.0,1990.0,1100.0
东城,1室,南北,未知,精装,81.0,2008.0,790.0
东城,3室,东西,未知,精装,75.0,1988.0,780.0
东城,2室,南北,无电梯,精装,60.0,1988.0,705.0
东城,3室,南西,有电梯,其他,210.0,1996.0,1400.0
东城,1室,南,未知,精装,39.0,2004.0,420.0
东城,2室,南,有电梯,精装,90.0,2010.0,998.0
东城,2室,南北,有电梯,其他,111.0,2003.0,1180.0
东城,1室,南,无电梯,其他,42.0,1992.0,319.0
东城,2室,南,有电梯,其他,105.0,1999.0,640.0
东城,3室,南北,有电梯,精装,161.0,2003.0,1780.0
东城,2室,东北,有电梯,精装,127.0,2002.0,1300.0
东城,1室,南,无电梯,精装,37.0,1986.0,405.0
东城,2室,南,无电梯,其他,50.0,1985.0,700.0
东城,1室,西,有电梯,精装,54.0,2004.0,462.0
东城,1室,西,有电梯,精装,64.0,2000.0,518.0
西城,3室,西南,有电梯,其他,146.0,2002.0,960.0
西城,2室,西北,未知,简装,58.0,1986.0,610.0
西城,其他,北,有电梯,精装,33.0,2011.0,340.0
西城,3室,西南,有电梯,其他,78.0,1990.0,1120.0
西城,1室,北,有电梯,精装,28.0,2006.0,320.0
西城,2室,南北,有电梯,简装,59.0,1999.0,596.0
西城,2室,南北,有电梯,精装,78.0,1988.0,888.0
西城,1室,西北,无电梯,其他,45.0,1991.0,405.0
西城,2室,南北,无电梯,简装,60.0,1997.0,650.0
西城,2室,南北,无电梯,精装,61.0,1992.0,470.0
