system,query,response
你是一位道德判断模型。根据给出的有关环境报道的新闻文本，请判断其倾向于以下哪一个维度：责任/利益、实用/理想、创新/守旧、非道德。你的回答必须只包含其中的一个维度。,部署集中式可持续智能平台，以促进和简化PETRONAS供应链脱碳的努力。,责任/利益
你是一位道德判断模型。根据给出的有关环境报道的新闻文本，请判断其倾向于以下哪一个维度：责任/利益、实用/理想、创新/守旧、非道德。你的回答必须只包含其中的一个维度。,我国也由此提出碳达峰和碳中和目标,责任/利益
你是一位道德判断模型。根据给出的有关环境报道的新闻文本，请判断其倾向于以下哪一个维度：责任/利益、实用/理想、创新/守旧、非道德。你的回答必须只包含其中的一个维度。,它坚持认为，北爱尔兰'作为欧洲最风大的地区之一'，意味着它可能是一个'小地区在小岛上，但我们有实现净零排放的手段',实用/理想
你是一位道德判断模型。根据给出的有关环境报道的新闻文本，请判断其倾向于以下哪一个维度：责任/利益、实用/理想、创新/守旧、非道德。你的回答必须只包含其中的一个维度。,悠可集团是中国领先的美妆全价值链品牌管理集团，一直十分注重企业与经济、社会、环境共同可持续发展，不断地通过大力推动节能减排、持续提升内部管理体系、积极参与社会公益事业等活动来履行企业的社会责任。,责任/利益
你是一位道德判断模型。根据给出的有关环境报道的新闻文本，请判断其倾向于以下哪一个维度：责任/利益、实用/理想、创新/守旧、非道德。你的回答必须只包含其中的一个维度。,研究警告称，一半的英国机构投资者面临严重的气候风险，仅有 10% 的资产所有者面临“低水平”的气候风险。,责任/利益
你是一位道德判断模型。根据给出的有关环境报道的新闻文本，请判断其倾向于以下哪一个维度：责任/利益、实用/理想、创新/守旧、非道德。你的回答必须只包含其中的一个维度。,鉴于矿产供应对实现国家基础设施和住房目标的重要性，同时提高我们应对气候变化和实现净零的韧性，确保2042年及以后的供应和补充现在就必须解决。,实用/理想
你是一位道德判断模型。根据给出的有关环境报道的新闻文本，请判断其倾向于以下哪一个维度：责任/利益、实用/理想、创新/守旧、非道德。你的回答必须只包含其中的一个维度。,"the scheme has been funded by Thirteen, Homes England and the Government’s Brownfield Housing Fund.",实用/理想
你是一位道德判断模型。根据给出的有关环境报道的新闻文本，请判断其倾向于以下哪一个维度：责任/利益、实用/理想、创新/守旧、非道德。你的回答必须只包含其中的一个维度。,印度太阳能市场预计将创纪录高位，报告称新绿色协议将为印度创造1万亿美元和5000万个工作岗位。,责任/利益
你是一位道德判断模型。根据给出的有关环境报道的新闻文本，请判断其倾向于以下哪一个维度：责任/利益、实用/理想、创新/守旧、非道德。你的回答必须只包含其中的一个维度。,"The ZEDpod is an exceptionally cost-effective way of building, and the scope is huge. They can be installed at any large surface car park, such as those owned by local authorities, supermarkets, universities, schools and hospitals, and as all these locations tend to have good transport links, they come with in-built work and leisure accessibility.",实用/理想
你是一位道德判断模型。根据给出的有关环境报道的新闻文本，请判断其倾向于以下哪一个维度：责任/利益、实用/理想、创新/守旧、非道德。你的回答必须只包含其中的一个维度。,湖南省在编制省‘十四五’能源发展规划时，未落实《关于全面推动矿业绿色发展的若干意见》中的‘全面退出石煤开发’要求，仍允许怀化发电项目采用当地石煤作为燃料，环境风险隐患较大。,创新/守旧
你是一位道德判断模型。根据给出的有关环境报道的新闻文本，请判断其倾向于以下哪一个维度：责任/利益、实用/理想、创新/守旧、非道德。你的回答必须只包含其中的一个维度。,把亚士功能型建筑涂料带入新疆，让城市焕发生机。积极响应碳中和、节能环保的国家政策，坚定推动行业产业结构优化和智能制造部署，同时也推动了新疆当地建筑业发展。,非道德
你是一位道德判断模型。根据给出的有关环境报道的新闻文本，请判断其倾向于以下哪一个维度：责任/利益、实用/理想、创新/守旧、非道德。你的回答必须只包含其中的一个维度。,以工业领域中碳排放量最大的钢铁产业为例，“十三五”期间，我国钢铁行业碳排放总量年均增长不足 1%，部分重点企业的碳排放强度已达国际先进水平；随着粗钢需求量趋于饱和，行业有望在“十四五”期间提前实现碳达峰,责任/利益
你是一位道德判断模型。根据给出的有关环境报道的新闻文本，请判断其倾向于以下哪一个维度：责任/利益、实用/理想、创新/守旧、非道德。你的回答必须只包含其中的一个维度。,要打好关键核心技术攻坚战，加快建设现代化产业体系。,非道德
你是一位道德判断模型。根据给出的有关环境报道的新闻文本，请判断其倾向于以下哪一个维度：责任/利益、实用/理想、创新/守旧、非道德。你的回答必须只包含其中的一个维度。,"加快推进环境保护'民生工程',不断优化生产生活环境，着力提升生态文明建设水平",责任/利益
你是一位道德判断模型。根据给出的有关环境报道的新闻文本，请判断其倾向于以下哪一个维度：责任/利益、实用/理想、创新/守旧、非道德。你的回答必须只包含其中的一个维度。,加强与企业、科研院所等创新体开展联合攻关，加快能源清洁高效开发利用和绿色低碳转型关键共性技术新突破，促进科技成果转移转化,创新/守旧
你是一位道德判断模型。根据给出的有关环境报道的新闻文本，请判断其倾向于以下哪一个维度：责任/利益、实用/理想、创新/守旧、非道德。你的回答必须只包含其中的一个维度。,根据研究，美国对智利精炼铜的进口依赖度高达60%，但智利对美国的精炼铜出口仅占其总出口的20%。,非道德
你是一位道德判断模型。根据给出的有关环境报道的新闻文本，请判断其倾向于以下哪一个维度：责任/利益、实用/理想、创新/守旧、非道德。你的回答必须只包含其中的一个维度。,Jersey 代表团包括外部关系部长 Ian Gorst。,非道德
你是一位道德判断模型。根据给出的有关环境报道的新闻文本，请判断其倾向于以下哪一个维度：责任/利益、实用/理想、创新/守旧、非道德。你的回答必须只包含其中的一个维度。,'美丽浙江建设'包括五水共治、蓝天保卫战、无废城市建设、碳达峰碳中和、美丽城镇（美丽乡村）建设、绿色出行、垃圾分类、光盘行动等，这些活动都是为了让我们的生态环境更好，生活环境更加宜居，老百姓幸福感更高。,责任/利益
你是一位道德判断模型。根据给出的有关环境报道的新闻文本，请判断其倾向于以下哪一个维度：责任/利益、实用/理想、创新/守旧、非道德。你的回答必须只包含其中的一个维度。,国家能源集团重组成立以来，以习近平新时代中国特色社会主义思想为指导，贯彻习近平总书记视察宁夏煤制油和榆林化工重要讲话精神，落实“四个革命、一个合作”能源安全新战略，实施“一个目标、三型五化、七个一流”企业发展战略，主动担当作为，积极稳价保供，着力履行“能源供应压舱石、能源革命排头兵”的企业使命。,责任/利益
你是一位道德判断模型。根据给出的有关环境报道的新闻文本，请判断其倾向于以下哪一个维度：责任/利益、实用/理想、创新/守旧、非道德。你的回答必须只包含其中的一个维度。,要深入推进环境污染防治，持续改善生态环境质量，积极稳妥推进碳达峰碳中和。,责任/利益
你是一位道德判断模型。根据给出的有关环境报道的新闻文本，请判断其倾向于以下哪一个维度：责任/利益、实用/理想、创新/守旧、非道德。你的回答必须只包含其中的一个维度。,Aaron Kendrick分享了强生外科手术的电子使用指南（e-DFU）以及他们通过选择可再生能源，寻求在2030年前实现碳平衡，不向垃圾填埋场发送任何东西的目标。,实用/理想
你是一位道德判断模型。根据给出的有关环境报道的新闻文本，请判断其倾向于以下哪一个维度：责任/利益、实用/理想、创新/守旧、非道德。你的回答必须只包含其中的一个维度。,全力推进长三角（东台）康养基地建设，加快瑞金医院、华东疗养院、中福会幼儿园等功能性项目开工建设，快速导入国内外优质康养资源,实用/理想
你是一位道德判断模型。根据给出的有关环境报道的新闻文本，请判断其倾向于以下哪一个维度：责任/利益、实用/理想、创新/守旧、非道德。你的回答必须只包含其中的一个维度。,该电站总投资 58.03 亿元，总装机容量 120 万千瓦，安装 4 台单机容量 30 万千瓦抽蓄机组，以 500 千伏线路接入东北电网。全面投产发电以来，机组随调随启，快速响应，为增强电网调节能力、助力能源转型和实现“碳达峰、碳中和”目标发挥新的更大作用。,实用/理想
你是一位道德判断模型。根据给出的有关环境报道的新闻文本，请判断其倾向于以下哪一个维度：责任/利益、实用/理想、创新/守旧、非道德。你的回答必须只包含其中的一个维度。,独立任务小组将汇集行业、学术界、监管机构和非政府组织，制定'金标准'的英国公司转型计划和相关指标。,实用/理想
你是一位道德判断模型。根据给出的有关环境报道的新闻文本，请判断其倾向于以下哪一个维度：责任/利益、实用/理想、创新/守旧、非道德。你的回答必须只包含其中的一个维度。,县委书记毕升等县四套班子在家领导及国网能源和丰煤电有限公司负责同志，县发改委、住建局、商工信局、自然资源局、交通运输局、水利局等单位负责同志参加仪式。,责任/利益
你是一位道德判断模型。根据给出的有关环境报道的新闻文本，请判断其倾向于以下哪一个维度：责任/利益、实用/理想、创新/守旧、非道德。你的回答必须只包含其中的一个维度。,发布了上市后首份 ESG 报告，对公司的环境、社会与管治情况做了报告。已在中国取得三十多项引领行业的技术专利，包括发明自主研发的导电绢云母粉的制备方法，如制备 KMg3(AlSi3O10)F2 晶体粉、导电绢云母粉的制备方法及具有 3D 效果的磁性珠光颜料及其制备方法。公司加大环境管理投资，推广“绿色工厂”和“绿色办公室”，获得 ISO 14001 环境管理认证及 ISO 9001 质量管理认证；在广西柳州市鹿寨县的工厂植树、绿化；积极筹备屋顶分布式光伏项目，助力节能减排，促进环境可持续发展；制定节能减排目标，分三个阶段实现企业的碳中和。,创新/守旧
你是一位道德判断模型。根据给出的有关环境报道的新闻文本，请判断其倾向于以下哪一个维度：责任/利益、实用/理想、创新/守旧、非道德。你的回答必须只包含其中的一个维度。,实现 90 亿人在地球边界内过上美好生活的愿景，需要政府推动全球系统的变革。,责任/利益
你是一位道德判断模型。根据给出的有关环境报道的新闻文本，请判断其倾向于以下哪一个维度：责任/利益、实用/理想、创新/守旧、非道德。你的回答必须只包含其中的一个维度。,伦敦金融城正在通过英国合作伙伴战略，努力将机会扩散到全国各地，同时确保最优秀的人才能够脱颖而出。,实用/理想
你是一位道德判断模型。根据给出的有关环境报道的新闻文本，请判断其倾向于以下哪一个维度：责任/利益、实用/理想、创新/守旧、非道德。你的回答必须只包含其中的一个维度。,该银行是华尔街六大银行之一，在石油和天然气融资目标方面尚未与将全球升温限制在1.5摄氏度的关键阈值相一致，这使得该行业及其高管面临来自股东和活动团体的批评。,责任/利益
你是一位道德判断模型。根据给出的有关环境报道的新闻文本，请判断其倾向于以下哪一个维度：责任/利益、实用/理想、创新/守旧、非道德。你的回答必须只包含其中的一个维度。,被 Fortescue 收购的英国公司，将保持独立运营，其领先的电池技术部门将与 FFI 紧密合作。,非道德
你是一位道德判断模型。根据给出的有关环境报道的新闻文本，请判断其倾向于以下哪一个维度：责任/利益、实用/理想、创新/守旧、非道德。你的回答必须只包含其中的一个维度。,本·西蒙斯在篮网队的训练中投了几球，但他在球队的首秀时间表没有变化。,非道德
你是一位道德判断模型。根据给出的有关环境报道的新闻文本，请判断其倾向于以下哪一个维度：责任/利益、实用/理想、创新/守旧、非道德。你的回答必须只包含其中的一个维度。,质量管理体系认证能够有效提升服务品质，对即墨区检验检测行业规范发展有极大的引领带动效应。即墨区市场监管局将充分发挥质量管理体系认证对检验检测企业高质量发展的助推作用，继续加强业务培训和现场指导，进一步激发检验检测企业创新发展活力。,实用/理想
你是一位道德判断模型。根据给出的有关环境报道的新闻文本，请判断其倾向于以下哪一个维度：责任/利益、实用/理想、创新/守旧、非道德。你的回答必须只包含其中的一个维度。,腾讯始终致力于发挥“连接”的优势，通过数字化的方式，践行社会责任。,责任/利益
你是一位道德判断模型。根据给出的有关环境报道的新闻文本，请判断其倾向于以下哪一个维度：责任/利益、实用/理想、创新/守旧、非道德。你的回答必须只包含其中的一个维度。,积极构建更具竞争力影响力的锂电产业生态，全力建设绿色安全新能源典范城市、打造“中国北方锂电之都”,责任/利益
你是一位道德判断模型。根据给出的有关环境报道的新闻文本，请判断其倾向于以下哪一个维度：责任/利益、实用/理想、创新/守旧、非道德。你的回答必须只包含其中的一个维度。,楚雄州大姚县、文山州西畴县、大理州古生村分别就国家‘绿水青山就是金山银山’基地建设进行了交流发言。,非道德
你是一位道德判断模型。根据给出的有关环境报道的新闻文本，请判断其倾向于以下哪一个维度：责任/利益、实用/理想、创新/守旧、非道德。你的回答必须只包含其中的一个维度。,NMBS在2022年取得了显著的成功，包括成功实施新的ERP系统，推出了OnePlace在线订购和产品信息平台，以及支持商家的数字化采购指南，以帮助实现净零排放目标。,实用/理想
你是一位道德判断模型。根据给出的有关环境报道的新闻文本，请判断其倾向于以下哪一个维度：责任/利益、实用/理想、创新/守旧、非道德。你的回答必须只包含其中的一个维度。,自2008年以来，WWF每年都会举办地球一小时活动，这是一个全球性的运动，旨在提高人们对能源使用和气候变化的认识。组织和个人可以通过参与地球一小时活动，关灯一小时，并承诺做出改变，减少对环境的影响。今年的地球一小时活动将于3月30日晚上8:30至9:30举行，很高兴地宣布，在我国，我们将通过关闭全国173家商店的 Tesco 大标志和调暗内部照明，为抗击气候变化做出贡献。,创新/守旧
你是一位道德判断模型。根据给出的有关环境报道的新闻文本，请判断其倾向于以下哪一个维度：责任/利益、实用/理想、创新/守旧、非道德。你的回答必须只包含其中的一个维度。,全市商场、宾馆、餐厅、娱乐场所、写字楼等要将空调温度设置不低于 26℃，严格控制户外广告、装饰性景观照明的时间和数量;在用电高峰时段减少使用或停用大功率用电设备和非必要照明灯具，积极推广使用节能型电器。,责任/利益
你是一位道德判断模型。根据给出的有关环境报道的新闻文本，请判断其倾向于以下哪一个维度：责任/利益、实用/理想、创新/守旧、非道德。你的回答必须只包含其中的一个维度。,英国分布式能源协会CEO Lily Frencham表示，英国政府正在通过推出绿色热网基金，加速英国零碳供暖的转变。,实用/理想
你是一位道德判断模型。根据给出的有关环境报道的新闻文本，请判断其倾向于以下哪一个维度：责任/利益、实用/理想、创新/守旧、非道德。你的回答必须只包含其中的一个维度。,审理温室气体排放民事侵权案件、大气污染防治行政、刑事案件，要坚持生态修复优先，处理好固碳和增汇的关系，积极引导和规范侵权人购买碳汇产品折抵赔偿碳汇损失、生态环境受到损害至修复完成期间服务功能丧失导致的损失。,责任/利益
你是一位道德判断模型。根据给出的有关环境报道的新闻文本，请判断其倾向于以下哪一个维度：责任/利益、实用/理想、创新/守旧、非道德。你的回答必须只包含其中的一个维度。,通过被告购买碳汇进行环境替代性修复的方式，顺利执结一起由重庆市人民检察院第五分院提起的民事公益诉讼案件。,责任/利益
你是一位道德判断模型。根据给出的有关环境报道的新闻文本，请判断其倾向于以下哪一个维度：责任/利益、实用/理想、创新/守旧、非道德。你的回答必须只包含其中的一个维度。,BP已在一个即将到来的Harbor Energy碳捕获项目中占据了大份额，并更加重视这种尚处于萌芽阶段的脱碳方法。这家能源巨头正努力实现其在英国的投资目标，并在本十年的贸易中承诺花费180亿英镑用于国内能源项目。,实用/理想
你是一位道德判断模型。根据给出的有关环境报道的新闻文本，请判断其倾向于以下哪一个维度：责任/利益、实用/理想、创新/守旧、非道德。你的回答必须只包含其中的一个维度。,默克尔表示，中国宣布国家自主贡献目标对全球应对气候变化非常重要。,实用/理想
你是一位道德判断模型。根据给出的有关环境报道的新闻文本，请判断其倾向于以下哪一个维度：责任/利益、实用/理想、创新/守旧、非道德。你的回答必须只包含其中的一个维度。,The Nor-Shipping director believes there’s a danger that this week’s high-profile report could be viewed with“unhelpful pessimism”rather than acting as a catalyst for required industry action.,实用/理想
你是一位道德判断模型。根据给出的有关环境报道的新闻文本，请判断其倾向于以下哪一个维度：责任/利益、实用/理想、创新/守旧、非道德。你的回答必须只包含其中的一个维度。,美国总统 Joe Biden 呼吁各国领导人采取行动，应对气候变化,责任/利益
你是一位道德判断模型。根据给出的有关环境报道的新闻文本，请判断其倾向于以下哪一个维度：责任/利益、实用/理想、创新/守旧、非道德。你的回答必须只包含其中的一个维度。,要加强相关舆情、举报信息收集，对发现的问题及时会商、研判、处置。从 10 月份起，有关部门将联合开展常态化监测，并将监测、处置结果在一定范围内公布,非道德
你是一位道德判断模型。根据给出的有关环境报道的新闻文本，请判断其倾向于以下哪一个维度：责任/利益、实用/理想、创新/守旧、非道德。你的回答必须只包含其中的一个维度。,PGE 的可持续发展和资源规划总监 Kristen Sheeran 表示：“我们的责任重大，我们不断发展和实践以推进可持续性和社会公平。”,责任/利益
你是一位道德判断模型。根据给出的有关环境报道的新闻文本，请判断其倾向于以下哪一个维度：责任/利益、实用/理想、创新/守旧、非道德。你的回答必须只包含其中的一个维度。,位于格里姆斯比的复杂化学工程设施 Solenis 正在招聘两名学徒，该公司正考虑地热供暖作为其水处理产品的市场，这些产品传统上用于油井和矿山。,创新/守旧
你是一位道德判断模型。根据给出的有关环境报道的新闻文本，请判断其倾向于以下哪一个维度：责任/利益、实用/理想、创新/守旧、非道德。你的回答必须只包含其中的一个维度。,当前，世界经济格局发生着深刻变化，一方面是不确定性不稳定性因素仍然存在，地缘政治影响着各国合作，保护主义、单边主义抬头；另一方面则是全球减碳浪潮迭起，以技术革新实现绿色发展已经成为当今世界各国的共识。,实用/理想
你是一位道德判断模型。根据给出的有关环境报道的新闻文本，请判断其倾向于以下哪一个维度：责任/利益、实用/理想、创新/守旧、非道德。你的回答必须只包含其中的一个维度。,政府发布了对Rock Review的回应，其中涉及到环境方案和租赁农场领域的改进建议。,非道德
你是一位道德判断模型。根据给出的有关环境报道的新闻文本，请判断其倾向于以下哪一个维度：责任/利益、实用/理想、创新/守旧、非道德。你的回答必须只包含其中的一个维度。,Carrizo Comecrudo 部落的主席 Juan Mancias 在一份新闻稿中表示，似乎没有人在 Rio Grande LNG 或 Texas LNG 中愿意与 Carrizo Comecrudo 成员进行沟通。,责任/利益
你是一位道德判断模型。根据给出的有关环境报道的新闻文本，请判断其倾向于以下哪一个维度：责任/利益、实用/理想、创新/守旧、非道德。你的回答必须只包含其中的一个维度。,该数据中心将把浸泡冷却技术推向新的高度并将为利用可再生能源进行数据处理树立新标准。BitFury 正引领该领域创新，设立新的数据中心并与我们的全球合作伙伴携手合作推进这一重要工作让我们引以为傲,创新/守旧
你是一位道德判断模型。根据给出的有关环境报道的新闻文本，请判断其倾向于以下哪一个维度：责任/利益、实用/理想、创新/守旧、非道德。你的回答必须只包含其中的一个维度。,Avangrid 公司表示正在分析决定，并寻求获得监管机构的批准。,责任/利益
你是一位道德判断模型。根据给出的有关环境报道的新闻文本，请判断其倾向于以下哪一个维度：责任/利益、实用/理想、创新/守旧、非道德。你的回答必须只包含其中的一个维度。,根据中证指数有限公司公布的数据，截至 2021 年底，累计有 45 只绿色指数，其中 10 只为 2021 年新发布，包括信用债、综合债、主题、策略等类别，涵盖股票、债券、固定收益三类资产。,非道德
你是一位道德判断模型。根据给出的有关环境报道的新闻文本，请判断其倾向于以下哪一个维度：责任/利益、实用/理想、创新/守旧、非道德。你的回答必须只包含其中的一个维度。,中国石化始终注重加强品牌建设，致力于向社会提供更洁净、更高端、更多元的能源化工产品，满足人民美好生活需要，公司品牌价值、美誉度和影响力持续提升。,实用/理想
你是一位道德判断模型。根据给出的有关环境报道的新闻文本，请判断其倾向于以下哪一个维度：责任/利益、实用/理想、创新/守旧、非道德。你的回答必须只包含其中的一个维度。,我市印发《重庆市生态环境保护督察五年工作计划（2021-2025 年）》，紧紧围绕“十四五”生态文明建设和生态环境保护目标任务，结合我市工作实际，前瞻性、系统性、科学性谋划规划好未来五年全市生态环境保护督察工作，并在全国率先将市级部门和市属国有企业纳入市级生态环境保护督察范围。,责任/利益
你是一位道德判断模型。根据给出的有关环境报道的新闻文本，请判断其倾向于以下哪一个维度：责任/利益、实用/理想、创新/守旧、非道德。你的回答必须只包含其中的一个维度。,全市上下要提高政治站位，强化思想认识，切实增强水环境治理的历史担当，带着责任、带着感情，全力以赴抓好污水处理提质增效各项工作，因地制宜优化方案，实事求是推进工作，确保各项目标任务顺利完成。,责任/利益
你是一位道德判断模型。根据给出的有关环境报道的新闻文本，请判断其倾向于以下哪一个维度：责任/利益、实用/理想、创新/守旧、非道德。你的回答必须只包含其中的一个维度。,中国宣布到2030年，将把二氧化碳排放量降低65%，将非化石燃料在主要能源消费中的份额提高到约25%，森林蓄积量增加60亿立方米，风能和太阳能的总装机容量超过12亿千瓦。,实用/理想
你是一位道德判断模型。根据给出的有关环境报道的新闻文本，请判断其倾向于以下哪一个维度：责任/利益、实用/理想、创新/守旧、非道德。你的回答必须只包含其中的一个维度。,以最大的政治决心和智慧推动达成应对气候变化《巴黎协定》,责任/利益
你是一位道德判断模型。根据给出的有关环境报道的新闻文本，请判断其倾向于以下哪一个维度：责任/利益、实用/理想、创新/守旧、非道德。你的回答必须只包含其中的一个维度。,Colin Davie批评英国政府在能源政策上失败了20年，并表示我们需要认真讨论是否能够实现净零目标。,责任/利益
你是一位道德判断模型。根据给出的有关环境报道的新闻文本，请判断其倾向于以下哪一个维度：责任/利益、实用/理想、创新/守旧、非道德。你的回答必须只包含其中的一个维度。,中国宣布国家自主贡献目标对全球应对气候变化非常重要。,责任/利益
你是一位道德判断模型。根据给出的有关环境报道的新闻文本，请判断其倾向于以下哪一个维度：责任/利益、实用/理想、创新/守旧、非道德。你的回答必须只包含其中的一个维度。,报告还强调了需要实施竞标，以吸引投资于大型水电、太阳能和风能项目。,非道德
你是一位道德判断模型。根据给出的有关环境报道的新闻文本，请判断其倾向于以下哪一个维度：责任/利益、实用/理想、创新/守旧、非道德。你的回答必须只包含其中的一个维度。,Institute for Environmental Sustainability的主任Jonathan Levy 同意Miami有“道德义务”至少尝试履行承诺的目标,责任/利益
你是一位道德判断模型。根据给出的有关环境报道的新闻文本，请判断其倾向于以下哪一个维度：责任/利益、实用/理想、创新/守旧、非道德。你的回答必须只包含其中的一个维度。,我非常高兴欢迎Sandi成为我们的新主席。Sandi对行业的了解广泛而深入，她了解行业在社会中的地位，这对于一名建筑专业人士非常重要。我知道她将在解决这个重要行业的一些关键挑战方面做出宝贵贡献，并为CIOB和更广泛的行业提供真正的领导力。,责任/利益
你是一位道德判断模型。根据给出的有关环境报道的新闻文本，请判断其倾向于以下哪一个维度：责任/利益、实用/理想、创新/守旧、非道德。你的回答必须只包含其中的一个维度。,从习近平同志调研丽水指示精神中汲取智慧力量，加快推动跨越式高质量发展，努力实现与全省同步共同富裕宏伟目标,实用/理想
你是一位道德判断模型。根据给出的有关环境报道的新闻文本，请判断其倾向于以下哪一个维度：责任/利益、实用/理想、创新/守旧、非道德。你的回答必须只包含其中的一个维度。,中国石油始终坚持“在保护中开发、在开发中保护、环保优先”原则，推动整个生产过程清洁化，加快绿色矿山建设，加强生态环境保护，走出了一条清洁低碳的创新之路。,实用/理想
你是一位道德判断模型。根据给出的有关环境报道的新闻文本，请判断其倾向于以下哪一个维度：责任/利益、实用/理想、创新/守旧、非道德。你的回答必须只包含其中的一个维度。,强化绿色低碳教育，全方位推广绿色低碳生活方式，让绿色发展理念入心入脑。思想决定行动，碳达峰、碳中和更需要人们具备强烈的绿色意识。建议开展更加务实、高效的全民绿色低碳教育，让低碳绿色理念入心入脑，为全民自觉践行绿色低碳生活方式打下坚实的思想基础。,责任/利益
你是一位道德判断模型。根据给出的有关环境报道的新闻文本，请判断其倾向于以下哪一个维度：责任/利益、实用/理想、创新/守旧、非道德。你的回答必须只包含其中的一个维度。,除了能源产业以外，“十四五”期间为工业、交通、建筑等产业升级提供了重要的转型窗口。,非道德
你是一位道德判断模型。根据给出的有关环境报道的新闻文本，请判断其倾向于以下哪一个维度：责任/利益、实用/理想、创新/守旧、非道德。你的回答必须只包含其中的一个维度。,全球领先的私募市场公司 Partners Group 代表其客户进行投资，收购并建设现有和未来的数据中心站点，投资额最高达 12 亿美元。今天在容量和电力受限的圣克拉拉宣布新建项目是 EdgeCore 计划于 2023 年开始的几个开发项目中的第一个。,非道德
你是一位道德判断模型。根据给出的有关环境报道的新闻文本，请判断其倾向于以下哪一个维度：责任/利益、实用/理想、创新/守旧、非道德。你的回答必须只包含其中的一个维度。,邀请人大代表、政协委员、村民代表以及部分中小学生共计 300 余人参与旁听,非道德
你是一位道德判断模型。根据给出的有关环境报道的新闻文本，请判断其倾向于以下哪一个维度：责任/利益、实用/理想、创新/守旧、非道德。你的回答必须只包含其中的一个维度。,BlackRock CEO Larry Fink对环境、社会和治理（ESG）投资标准的辩论感到“羞愧”，并认为这个术语被“极左和极右”误用。,实用/理想
你是一位道德判断模型。根据给出的有关环境报道的新闻文本，请判断其倾向于以下哪一个维度：责任/利益、实用/理想、创新/守旧、非道德。你的回答必须只包含其中的一个维度。,近日，生态环境部部长黄润秋带领部核安全总工程师、办公厅主任田为勇，中央生态环境保护督察办公室常务副主任徐必久，固体废物与化学品司司长任勇，西北督察局局长邓志耕等一行赴白河县调研废弃硫铁矿污染治理工作。,非道德
你是一位道德判断模型。根据给出的有关环境报道的新闻文本，请判断其倾向于以下哪一个维度：责任/利益、实用/理想、创新/守旧、非道德。你的回答必须只包含其中的一个维度。,巴黎协定，单独来看，不能让我们达到宜居的世界。,实用/理想
你是一位道德判断模型。根据给出的有关环境报道的新闻文本，请判断其倾向于以下哪一个维度：责任/利益、实用/理想、创新/守旧、非道德。你的回答必须只包含其中的一个维度。,瑞安航空表示，我们应该关注英国成为世界领先者的巨大潜力，以及飞机和发动机技术、可持续航空燃料和新兴碳市场等方面的新创新。,创新/守旧
你是一位道德判断模型。根据给出的有关环境报道的新闻文本，请判断其倾向于以下哪一个维度：责任/利益、实用/理想、创新/守旧、非道德。你的回答必须只包含其中的一个维度。,要将黑土地保护利用作为落实粮食安全党政同责的重要指标，强化农民和各类经营主体保护黑土地的责任，加强监测评价和监督考核，严厉打击偷采盗挖黑土行为，确保黑土地保护扎实有效推进。,责任/利益
你是一位道德判断模型。根据给出的有关环境报道的新闻文本，请判断其倾向于以下哪一个维度：责任/利益、实用/理想、创新/守旧、非道德。你的回答必须只包含其中的一个维度。,澳大利亚正在推动 G20 和世界贸易组织解决农场补贴在碳排放中的重要作用问题。,非道德
你是一位道德判断模型。根据给出的有关环境报道的新闻文本，请判断其倾向于以下哪一个维度：责任/利益、实用/理想、创新/守旧、非道德。你的回答必须只包含其中的一个维度。,接受绿地球公益基金的捐赠，安装智能公益纸巾机，解决用户上厕所用纸问题,责任/利益
你是一位道德判断模型。根据给出的有关环境报道的新闻文本，请判断其倾向于以下哪一个维度：责任/利益、实用/理想、创新/守旧、非道德。你的回答必须只包含其中的一个维度。,生态文明建设是关系中华民族永续发展的根本大计，是关系党的使命宗旨的重大政治问题，是关系民生福祉的重大社会问题。在全面建设社会主义现代化国家新征程上，要保持加强生态文明建设的战略定力，注重同步推进高质量发展和高水平保护，以“双碳”工作为引领，推动能耗双控逐步转向碳排放双控，持续推进生产方式和生活方式绿色低碳转型，加快推进人与自然和谐共生的现代化，全面推进美丽中国建设。,责任/利益
你是一位道德判断模型。根据给出的有关环境报道的新闻文本，请判断其倾向于以下哪一个维度：责任/利益、实用/理想、创新/守旧、非道德。你的回答必须只包含其中的一个维度。,是推动经济社会全方位高质量发展的内在要求,非道德
你是一位道德判断模型。根据给出的有关环境报道的新闻文本，请判断其倾向于以下哪一个维度：责任/利益、实用/理想、创新/守旧、非道德。你的回答必须只包含其中的一个维度。,要坚持降碳、减污、增绿、增长四位一体协同推进，坚决抵制和反对各种形式的能源浪费，让践行绿色低碳生活成为全民的自觉行动，为建设人与自然和谐共生的现代化铺就幸福底色，为建设美丽中国赢得绿色未来。,责任/利益
你是一位道德判断模型。根据给出的有关环境报道的新闻文本，请判断其倾向于以下哪一个维度：责任/利益、实用/理想、创新/守旧、非道德。你的回答必须只包含其中的一个维度。,产能持续扩张，在建项目产能是‘十三五’增量的数倍,非道德
你是一位道德判断模型。根据给出的有关环境报道的新闻文本，请判断其倾向于以下哪一个维度：责任/利益、实用/理想、创新/守旧、非道德。你的回答必须只包含其中的一个维度。,要深入学习贯彻习近平生态文明思想，贯彻共抓大保护、不搞大开发方针，统筹抓好长江流域生态环境保护和绿色低碳发展，切实筑牢长江上游重要生态屏障，为守护好一江清水出川作出泸州应有的贡献。,责任/利益
你是一位道德判断模型。根据给出的有关环境报道的新闻文本，请判断其倾向于以下哪一个维度：责任/利益、实用/理想、创新/守旧、非道德。你的回答必须只包含其中的一个维度。,WNS (Holdings) Limited 是一家领先的业务流程管理 (BPM) 公司，结合深度行业知识、技术和流程专业知识，与 400 多家客户共创创新的数字化转型解决方案。,非道德
你是一位道德判断模型。根据给出的有关环境报道的新闻文本，请判断其倾向于以下哪一个维度：责任/利益、实用/理想、创新/守旧、非道德。你的回答必须只包含其中的一个维度。,山西省计划上马 178 个‘两高’项目，预计能耗 5942 万吨标准煤，大幅超出‘十四五’新增用能空间，能耗双控形势严峻。178 个项目中，101 个在建或已建，其中 72 个手续不全，比例高达 71.3%。,责任/利益
你是一位道德判断模型。根据给出的有关环境报道的新闻文本，请判断其倾向于以下哪一个维度：责任/利益、实用/理想、创新/守旧、非道德。你的回答必须只包含其中的一个维度。,“二氧化碳货币化”即“碳货币”是非常重大的货币金融事件，在人类货币发展史上，可称得上是继黄金货币化、美元与黄金脱钩之后的最重大变革，其等级要超过石油美元和粮食美元。这也是一次无比巨大的利益再分配。,责任/利益
你是一位道德判断模型。根据给出的有关环境报道的新闻文本，请判断其倾向于以下哪一个维度：责任/利益、实用/理想、创新/守旧、非道德。你的回答必须只包含其中的一个维度。,该数据中心将把浸泡冷却技术推向新的高度并将为利用可再生能源进行数据处理树立新标准。BitFury 正引领该领域创新，设立新的数据中心并与我们的全球合作伙伴携手合作推进这一重要工作让我们引以为傲,创新/守旧
你是一位道德判断模型。根据给出的有关环境报道的新闻文本，请判断其倾向于以下哪一个维度：责任/利益、实用/理想、创新/守旧、非道德。你的回答必须只包含其中的一个维度。,乌克兰冲突，同时，已经给全球能源市场带来冲击波，更高的价格引发了包括亚洲在内的一些计划使用更多天然气的地区的质疑，这是否是未来正确的答案，能源专家说。,责任/利益
你是一位道德判断模型。根据给出的有关环境报道的新闻文本，请判断其倾向于以下哪一个维度：责任/利益、实用/理想、创新/守旧、非道德。你的回答必须只包含其中的一个维度。,盐化工企业要进行专业的学习、交流，才能科学的做出研判，正确把脉企业发展的走向。,非道德
你是一位道德判断模型。根据给出的有关环境报道的新闻文本，请判断其倾向于以下哪一个维度：责任/利益、实用/理想、创新/守旧、非道德。你的回答必须只包含其中的一个维度。,公司各级纪委结合实际，通过座谈交流、调研督导、专项检查、大数据分析等方式，紧盯任务分解、措施制定、工作推进、制度及管理机制建设等方面开展监督检查。,责任/利益
你是一位道德判断模型。根据给出的有关环境报道的新闻文本，请判断其倾向于以下哪一个维度：责任/利益、实用/理想、创新/守旧、非道德。你的回答必须只包含其中的一个维度。,Sempra 的多元化与包容环境也延伸到了它所服务的社区。在 2021 年，Sempra 家族企业和 Sempra 基金会将社区投资集中在四个关键优先事项上 – 气候行动、多元化和包容性、经济繁荣和能源获取，投资了超过 1650 家非营利组织，其中近四分之三支持了多元或弱势社区。,创新/守旧
你是一位道德判断模型。根据给出的有关环境报道的新闻文本，请判断其倾向于以下哪一个维度：责任/利益、实用/理想、创新/守旧、非道德。你的回答必须只包含其中的一个维度。,'蓝天保卫战'指的是治理大气污染，旨在持续改善空气质量，留住更多蓝天白云。2022 年杭州持续实施空气质量提升行动，空气优良率 83.3%，PM2.5 浓度 29.6 微克/立方米，为历史第二好。,责任/利益
你是一位道德判断模型。根据给出的有关环境报道的新闻文本，请判断其倾向于以下哪一个维度：责任/利益、实用/理想、创新/守旧、非道德。你的回答必须只包含其中的一个维度。,要科学务实推进碳达峰碳中和，立足资源禀赋，坚持稳中求进、精准发力、长远谋划，一手抓传统产业转型升级，一手抓新兴产业培育壮大，促进传统能源与新能源优化组合。,非道德
你是一位道德判断模型。根据给出的有关环境报道的新闻文本，请判断其倾向于以下哪一个维度：责任/利益、实用/理想、创新/守旧、非道德。你的回答必须只包含其中的一个维度。,Employees have also either transferred or been offered the opportunity to lease an electric or hybrid vehicle as part of the British Engines Group Tusker car scheme.,责任/利益
你是一位道德判断模型。根据给出的有关环境报道的新闻文本，请判断其倾向于以下哪一个维度：责任/利益、实用/理想、创新/守旧、非道德。你的回答必须只包含其中的一个维度。,《食品战略白皮书》中，我们看到发展强大、繁荣的农业食品部门，生产健康、可持续的食品的雄心。,实用/理想
你是一位道德判断模型。根据给出的有关环境报道的新闻文本，请判断其倾向于以下哪一个维度：责任/利益、实用/理想、创新/守旧、非道德。你的回答必须只包含其中的一个维度。,我们签订了一份合同，以约 205 亿美元的价格收购了一处 432 单元的多户资产。我们预计位于 DC 的联合市场的 The Batley 新建筑的年稳定收益将达 8000 万美元至 8500 万美元，相当于年稳定资本化率约为 4%。我们计划在年底前完成收购，并将其作为对 Pen Place 的类似交换。,非道德
你是一位道德判断模型。根据给出的有关环境报道的新闻文本，请判断其倾向于以下哪一个维度：责任/利益、实用/理想、创新/守旧、非道德。你的回答必须只包含其中的一个维度。,作为中国油气企业甲烷控排联盟理事长单位，中国石油持续推动应对气候变化合作，积极推进甲烷排放控制行动。,责任/利益
你是一位道德判断模型。根据给出的有关环境报道的新闻文本，请判断其倾向于以下哪一个维度：责任/利益、实用/理想、创新/守旧、非道德。你的回答必须只包含其中的一个维度。,BitFury 正引领该领域创新，设立新的数据中心并与我们的全球合作伙伴携手合作推进这一重要工作让我们引以为傲。,创新/守旧
你是一位道德判断模型。根据给出的有关环境报道的新闻文本，请判断其倾向于以下哪一个维度：责任/利益、实用/理想、创新/守旧、非道德。你的回答必须只包含其中的一个维度。,李强指出，要按照党中央对今年工作的部署，着力抓好重点任务落实，在新的起点上推动各项工作开好局、起好步。,责任/利益
你是一位道德判断模型。根据给出的有关环境报道的新闻文本，请判断其倾向于以下哪一个维度：责任/利益、实用/理想、创新/守旧、非道德。你的回答必须只包含其中的一个维度。,全力推进“碳中和”“碳达峰”目标，积极承接吉林省“陆上风光三峡”重点项目，全力打造全省最优营商环境，为所有扎根洮南、深耕洮南的企业保驾护航，让各企业在这里放心投资、安心发展。,责任/利益
你是一位道德判断模型。根据给出的有关环境报道的新闻文本，请判断其倾向于以下哪一个维度：责任/利益、实用/理想、创新/守旧、非道德。你的回答必须只包含其中的一个维度。,MAN Energy Solutions公司负责售后海洋工程的部门主管，他表示，这是公司改装业务的重要里程碑，为客户提供了将现有舰队转换为气体燃料的可能性。,非道德
你是一位道德判断模型。根据给出的有关环境报道的新闻文本，请判断其倾向于以下哪一个维度：责任/利益、实用/理想、创新/守旧、非道德。你的回答必须只包含其中的一个维度。,中国工程院院士、浙江大学能源工程学院高翔教授，与煤打了半辈子交道。他说：“要实现碳达峰碳中和的目标，加强煤炭清洁高效利用、建设新型能源体系尤为重要。我和团队将继续以这一战略需求为导向，瞄准‘卡脖子’技术领域，持续推进绿色低碳科技创新，推动低碳产业迭代升级，为祖国天更蓝、山更绿、水更清贡献自己的力量。”,实用/理想
你是一位道德判断模型。根据给出的有关环境报道的新闻文本，请判断其倾向于以下哪一个维度：责任/利益、实用/理想、创新/守旧、非道德。你的回答必须只包含其中的一个维度。,Avangrid 及其母公司 Iberdrola 试图收购 PNM Resources 及其在德克萨斯州和新墨西哥州的电力子公司,非道德
你是一位道德判断模型。根据给出的有关环境报道的新闻文本，请判断其倾向于以下哪一个维度：责任/利益、实用/理想、创新/守旧、非道德。你的回答必须只包含其中的一个维度。,我可以在家里一样高效地工作，而且我在家里可以更好地完成工作，把碳排放在环境里只是为了坐在这里似乎是不对的。,责任/利益
你是一位道德判断模型。根据给出的有关环境报道的新闻文本，请判断其倾向于以下哪一个维度：责任/利益、实用/理想、创新/守旧、非道德。你的回答必须只包含其中的一个维度。,欧洲能源交易所正在推动绿色氢气项目的发展，并计划成为该市场分析师预计到 2050 年将达到 1.2 万亿美元的市场领导者。,实用/理想
你是一位道德判断模型。根据给出的有关环境报道的新闻文本，请判断其倾向于以下哪一个维度：责任/利益、实用/理想、创新/守旧、非道德。你的回答必须只包含其中的一个维度。,巴西被指责在马德里阻碍应对气候危机的进展。,责任/利益
你是一位道德判断模型。根据给出的有关环境报道的新闻文本，请判断其倾向于以下哪一个维度：责任/利益、实用/理想、创新/守旧、非道德。你的回答必须只包含其中的一个维度。,Adelphe正在帮助行业采用新的环保包装设计，帮助减少酒类行业整个价值链中温室气体的排放。作为其策略的一部分，Adelphe已经征召了可持续发展战略顾问Didier Livio的专业知识。,创新/守旧
你是一位道德判断模型。根据给出的有关环境报道的新闻文本，请判断其倾向于以下哪一个维度：责任/利益、实用/理想、创新/守旧、非道德。你的回答必须只包含其中的一个维度。,为了实现美国的气候目标，社区太阳能项目成为美国社会脱碳的一种关键手段，每年的清洁能源产能涨幅超过 9%。,实用/理想
你是一位道德判断模型。根据给出的有关环境报道的新闻文本，请判断其倾向于以下哪一个维度：责任/利益、实用/理想、创新/守旧、非道德。你的回答必须只包含其中的一个维度。,欧洲能源交易所关注能源供应紧张的情况，已经开始鼓励能源配额制度。,责任/利益
你是一位道德判断模型。根据给出的有关环境报道的新闻文本，请判断其倾向于以下哪一个维度：责任/利益、实用/理想、创新/守旧、非道德。你的回答必须只包含其中的一个维度。,要全面加强政府自身建设，把政治建设摆在首位，大兴调查研究之风，认真落实机构改革任务，坚持严格依法行政，提高创造性执行效能，为完成各项目标任务提供有力保障。,责任/利益
你是一位道德判断模型。根据给出的有关环境报道的新闻文本，请判断其倾向于以下哪一个维度：责任/利益、实用/理想、创新/守旧、非道德。你的回答必须只包含其中的一个维度。,要有效防范化解重大风险，牢牢守住不发生系统性风险的底线。,非道德
你是一位道德判断模型。根据给出的有关环境报道的新闻文本，请判断其倾向于以下哪一个维度：责任/利益、实用/理想、创新/守旧、非道德。你的回答必须只包含其中的一个维度。,李强指出，要按照党中央对今年工作的部署，着力抓好重点任务落实，在新的起点上推动各项工作开好局、起好步。,责任/利益
你是一位道德判断模型。根据给出的有关环境报道的新闻文本，请判断其倾向于以下哪一个维度：责任/利益、实用/理想、创新/守旧、非道德。你的回答必须只包含其中的一个维度。,"The joint venture between TotalEnergies, Macquarie的Green Investment Group (GIG) and RIDG has secured rights in the N1 area to develop a 2 GW offshore wind farm project in the ScotWind leasing round. The West of Orkney development will be located 30 km off the west coast of Orkney in Scotland.",实用/理想
你是一位道德判断模型。根据给出的有关环境报道的新闻文本，请判断其倾向于以下哪一个维度：责任/利益、实用/理想、创新/守旧、非道德。你的回答必须只包含其中的一个维度。,该数据中心将把浸泡冷却技术推向新的高度并将为利用可再生能源进行数据处理树立新标准。BitFury 正引领该领域创新，设立新的数据中心并与我们的全球合作伙伴携手合作推进这一重要工作让我们引以为傲,实用/理想
你是一位道德判断模型。根据给出的有关环境报道的新闻文本，请判断其倾向于以下哪一个维度：责任/利益、实用/理想、创新/守旧、非道德。你的回答必须只包含其中的一个维度。,'三线一单'生态环境分区管控制度落地实施。,非道德
你是一位道德判断模型。根据给出的有关环境报道的新闻文本，请判断其倾向于以下哪一个维度：责任/利益、实用/理想、创新/守旧、非道德。你的回答必须只包含其中的一个维度。,该数据中心将把浸泡冷却技术推向新的高度并将为利用可再生能源进行数据处理树立新标准。BitFury 正引领该领域创新，设立新的数据中心并与我们的全球合作伙伴携手合作推进这一重要工作让我们引以为傲,创新/守旧
你是一位道德判断模型。根据给出的有关环境报道的新闻文本，请判断其倾向于以下哪一个维度：责任/利益、实用/理想、创新/守旧、非道德。你的回答必须只包含其中的一个维度。,全球领先的费用优化公司Emburse宣布与GreeMko建立新的联盟，帮助企业实现其ESG承诺并实现更可持续的旅行。,责任/利益
你是一位道德判断模型。根据给出的有关环境报道的新闻文本，请判断其倾向于以下哪一个维度：责任/利益、实用/理想、创新/守旧、非道德。你的回答必须只包含其中的一个维度。,为实现这一目标，亚马逊将从初创公司Rivian购买大量电动送货车。预计这些车辆将从2021年开始为亚马逊客户送货。亚马逊计划到2022年将道路上行驶的电动车辆增加到1万辆，到2030年全部10万辆车辆都将投入使用。,实用/理想
你是一位道德判断模型。根据给出的有关环境报道的新闻文本，请判断其倾向于以下哪一个维度：责任/利益、实用/理想、创新/守旧、非道德。你的回答必须只包含其中的一个维度。,Immutable 的全球商务发展副总裁 Andrew Sorokovsky 表示：“凭借超过四个世纪的 AAA 游戏建设和发布经验，Emergent 团队在为 web3 游戏带来新水平质量方面具有独特的优势。我们很高兴欢迎 Resurgence 加入 IMX 生态系统，以提供引人入胜且不可妥协的用户体验。”,非道德
你是一位道德判断模型。根据给出的有关环境报道的新闻文本，请判断其倾向于以下哪一个维度：责任/利益、实用/理想、创新/守旧、非道德。你的回答必须只包含其中的一个维度。,这些项目是英国电力传输网络重大升级的一部分，有助于实现英国和苏格兰政府 2030 年可再生能源和气候变化目标。,实用/理想
你是一位道德判断模型。根据给出的有关环境报道的新闻文本，请判断其倾向于以下哪一个维度：责任/利益、实用/理想、创新/守旧、非道德。你的回答必须只包含其中的一个维度。,ResponsibleSteel 的执行总监 Alison Lucas 补充说：'企业和公共部门对负责任和零排放钢铁的需求对减少全球排放、鼓励脱碳技术和降低再利用钢和钢基产品排放有重要作用。SteelZero 将帮助我们实现这一目标。,责任/利益
你是一位道德判断模型。根据给出的有关环境报道的新闻文本，请判断其倾向于以下哪一个维度：责任/利益、实用/理想、创新/守旧、非道德。你的回答必须只包含其中的一个维度。,人们已经觉醒，意识到人与自然需要和睦共处，世界各国签订了各种环保协定，节能减排成为普罗大众的共识，植树造林的绿色版图蔚为壮观。,实用/理想
你是一位道德判断模型。根据给出的有关环境报道的新闻文本，请判断其倾向于以下哪一个维度：责任/利益、实用/理想、创新/守旧、非道德。你的回答必须只包含其中的一个维度。,Green Heat Network Fund是一个由英国政府推出的2.88亿英镑的基金，旨在促进绿色热网项目的发展。,非道德
你是一位道德判断模型。根据给出的有关环境报道的新闻文本，请判断其倾向于以下哪一个维度：责任/利益、实用/理想、创新/守旧、非道德。你的回答必须只包含其中的一个维度。,Sempra 被评选为 2022 年《福布斯》'美国多元化最佳雇主'百强之一，这是该公司连续四年荣获此项殊荣。Sempra 在 2021 年投资了超过 1650 家非营利组织，其中近四分之三支持了多元或弱势社区。,实用/理想
你是一位道德判断模型。根据给出的有关环境报道的新闻文本，请判断其倾向于以下哪一个维度：责任/利益、实用/理想、创新/守旧、非道德。你的回答必须只包含其中的一个维度。,建议关注华宏科技、浙富控股等。,非道德
你是一位道德判断模型。根据给出的有关环境报道的新闻文本，请判断其倾向于以下哪一个维度：责任/利益、实用/理想、创新/守旧、非道德。你的回答必须只包含其中的一个维度。,云霄法院、云霄检察院与漳江口红树林国家级自然保护区管理局签订共建协议，挂牌成立漳江口红树林蓝碳司法生态修复示范基地，由保护区管理局提供技术指导，进一步推进蓝碳司法与生态修复。,实用/理想
你是一位道德判断模型。根据给出的有关环境报道的新闻文本，请判断其倾向于以下哪一个维度：责任/利益、实用/理想、创新/守旧、非道德。你的回答必须只包含其中的一个维度。,广大求职者不妨顺应发展趋势，眼光放远、格局打开，保持平实之心，勇于尝试新职业、新产业及自己感兴趣的职位，并不断锤炼技能、提升自我。,非道德
你是一位道德判断模型。根据给出的有关环境报道的新闻文本，请判断其倾向于以下哪一个维度：责任/利益、实用/理想、创新/守旧、非道德。你的回答必须只包含其中的一个维度。,GFANZ 成立于 2021 年的联合国气候变化大会，如今已吸引越来越多的气候和环保导向的成员。它代表了包括银行、保险、资产所有权和资产管理在内的 550 多个组织的部门。,非道德
你是一位道德判断模型。根据给出的有关环境报道的新闻文本，请判断其倾向于以下哪一个维度：责任/利益、实用/理想、创新/守旧、非道德。你的回答必须只包含其中的一个维度。,过去几年里，DC 的领导层一直致力于加速城市建筑环境的绿色和可持续实践。,责任/利益
你是一位道德判断模型。根据给出的有关环境报道的新闻文本，请判断其倾向于以下哪一个维度：责任/利益、实用/理想、创新/守旧、非道德。你的回答必须只包含其中的一个维度。,习近平希望全社会行动起来，做绿水青山就是金山银山理念的积极传播者和模范践行者，身体力行、久久为功，为共建清洁美丽世界作出更大贡献。,责任/利益
你是一位道德判断模型。根据给出的有关环境报道的新闻文本，请判断其倾向于以下哪一个维度：责任/利益、实用/理想、创新/守旧、非道德。你的回答必须只包含其中的一个维度。,法国总统马克龙在发言中呼吁各国应共同致力于落实应对气候变化《巴黎协定》。他提议欧盟找到一条到 2050 年实现碳中和的可行之路，并呼吁欧盟采取一致和负责任的行动，借助经济复苏计划促进绿色发展。,实用/理想
你是一位道德判断模型。根据给出的有关环境报道的新闻文本，请判断其倾向于以下哪一个维度：责任/利益、实用/理想、创新/守旧、非道德。你的回答必须只包含其中的一个维度。,创新是引领发展的第一动力，也是推动标准建设提质增效的必然要求。,创新/守旧
你是一位道德判断模型。根据给出的有关环境报道的新闻文本，请判断其倾向于以下哪一个维度：责任/利益、实用/理想、创新/守旧、非道德。你的回答必须只包含其中的一个维度。,英国首相Theresa May宣布，计划到2050年消除英国对气候变化的净贡献，这是欧洲减缓全球变暖行动加速的一部分。,实用/理想
你是一位道德判断模型。根据给出的有关环境报道的新闻文本，请判断其倾向于以下哪一个维度：责任/利益、实用/理想、创新/守旧、非道德。你的回答必须只包含其中的一个维度。,Brown将离开奢侈品行业，寻找新的机会。Brown在Burberry的CFO和COO职位上发挥了关键作用，支持了一个高质量的团队。她曾是生物制药公司AstraZeneca的25年老将，并在医疗技术公司Smith & Nephew担任了四年的CFO。,非道德
你是一位道德判断模型。根据给出的有关环境报道的新闻文本，请判断其倾向于以下哪一个维度：责任/利益、实用/理想、创新/守旧、非道德。你的回答必须只包含其中的一个维度。,HITEK 的产品支持阿联酋政府的战略任务，如无纸化&数字化和 2050 年净零排放愿景，所有 HITEK 产品都是实现国家目标的重要组成部分。,责任/利益
你是一位道德判断模型。根据给出的有关环境报道的新闻文本，请判断其倾向于以下哪一个维度：责任/利益、实用/理想、创新/守旧、非道德。你的回答必须只包含其中的一个维度。,迪拜商会 (Dubai Chamber) 副主席 Hisham Al Shirawi 祝贺所有获奖公司，并赞扬他们在 CSR 和可持续性方面的坚定承诺。,创新/守旧
你是一位道德判断模型。根据给出的有关环境报道的新闻文本，请判断其倾向于以下哪一个维度：责任/利益、实用/理想、创新/守旧、非道德。你的回答必须只包含其中的一个维度。,在碳汇经济上抢得先机，加快实现产业生态化、生活低碳化、能源绿色化,实用/理想
你是一位道德判断模型。根据给出的有关环境报道的新闻文本，请判断其倾向于以下哪一个维度：责任/利益、实用/理想、创新/守旧、非道德。你的回答必须只包含其中的一个维度。,我国工业保持快速发展势头，减排成效持续显现，为应对气候变化、推动绿色发展增添了信心和底气,责任/利益
你是一位道德判断模型。根据给出的有关环境报道的新闻文本，请判断其倾向于以下哪一个维度：责任/利益、实用/理想、创新/守旧、非道德。你的回答必须只包含其中的一个维度。,中美两国元首指示双方团队就宏观经济政策、两国经贸等问题进行对话。我们希望两国元首达成的共识能够切实落实，两国能够确立对话而非对抗、双赢而非零和的交往基调，推动中美关系重回健康稳定发展正轨。,实用/理想
你是一位道德判断模型。根据给出的有关环境报道的新闻文本，请判断其倾向于以下哪一个维度：责任/利益、实用/理想、创新/守旧、非道德。你的回答必须只包含其中的一个维度。,纽约州伍德伯里的民主党参议员，表示准备与当地社区、建筑行业和环保利益相关者合作，提出一个符合纽约气候法律并满足当地需求的 Danskammer 项目。,实用/理想
你是一位道德判断模型。根据给出的有关环境报道的新闻文本，请判断其倾向于以下哪一个维度：责任/利益、实用/理想、创新/守旧、非道德。你的回答必须只包含其中的一个维度。,中国国家气候变化特使解振华表示，中国已经制定了一系列支持技术、税收、金融和碳汇的措施。,创新/守旧
你是一位道德判断模型。根据给出的有关环境报道的新闻文本，请判断其倾向于以下哪一个维度：责任/利益、实用/理想、创新/守旧、非道德。你的回答必须只包含其中的一个维度。,几百名亚马逊员工周三罢工，抗议公司的复工政策、对气候的影响以及史上最严重的裁员。,责任/利益
你是一位道德判断模型。根据给出的有关环境报道的新闻文本，请判断其倾向于以下哪一个维度：责任/利益、实用/理想、创新/守旧、非道德。你的回答必须只包含其中的一个维度。,在葡萄牙北部的 Estarreja，当地公司 Bondalti Chemicals 计划在氢气工厂投资 240 亿欧元。,非道德
你是一位道德判断模型。根据给出的有关环境报道的新闻文本，请判断其倾向于以下哪一个维度：责任/利益、实用/理想、创新/守旧、非道德。你的回答必须只包含其中的一个维度。,汪文斌在例行记者会上表示，美方发布的所谓'中国破坏环境事实清单'实际上是一份谎言清单。中国应对气候变化成就有目共睹，且一直在为全球环境保护作出贡献。,责任/利益
你是一位道德判断模型。根据给出的有关环境报道的新闻文本，请判断其倾向于以下哪一个维度：责任/利益、实用/理想、创新/守旧、非道德。你的回答必须只包含其中的一个维度。,IPPR智囊团能源、气候、住房与基础设施部门副主管Luke Murphy表示：“财政大臣的声明没有提供实现净零排放和恢复自然所带来巨大繁荣的政策、投资或战略。在能源效率方面，虽然有一些欢迎的举措，但在其他方面，政府正在走向相反的方向。它取消了暂停水力压裂的禁令，加快了开采更多气候破坏性更大、价格更高的石油和天然气的许可证审批，并提议取消环保保护。”,创新/守旧
你是一位道德判断模型。根据给出的有关环境报道的新闻文本，请判断其倾向于以下哪一个维度：责任/利益、实用/理想、创新/守旧、非道德。你的回答必须只包含其中的一个维度。,深圳居民低碳用电应用程序“碳普惠”上线一年以来，已有 80.5 万户家庭开通碳账户，累计减碳量约 1.2 万吨。,创新/守旧
你是一位道德判断模型。根据给出的有关环境报道的新闻文本，请判断其倾向于以下哪一个维度：责任/利益、实用/理想、创新/守旧、非道德。你的回答必须只包含其中的一个维度。,国际社会日益认识到，地球生态系统是一个不可分割的整体，应对气候变化、生物多样性丧失等挑战，需要国际社会携手同行，共同应对。,责任/利益
你是一位道德判断模型。根据给出的有关环境报道的新闻文本，请判断其倾向于以下哪一个维度：责任/利益、实用/理想、创新/守旧、非道德。你的回答必须只包含其中的一个维度。,Tai 表示，她致力于在世界贸易组织 (WTO) 内加强规则，打击非法采伐和过度捕捞等问题。,责任/利益
你是一位道德判断模型。根据给出的有关环境报道的新闻文本，请判断其倾向于以下哪一个维度：责任/利益、实用/理想、创新/守旧、非道德。你的回答必须只包含其中的一个维度。,Lynn Jurich是最著名的太阳能行业的女性之一，她将Sunrun从初创时期带向IPO，并且仍在不断发展壮大。,创新/守旧
你是一位道德判断模型。根据给出的有关环境报道的新闻文本，请判断其倾向于以下哪一个维度：责任/利益、实用/理想、创新/守旧、非道德。你的回答必须只包含其中的一个维度。,The Catalyst将与Hub71合作，为气候技术和清洁技术初创企业开发一个以行业为重点的加速器计划，提高他们在金融等方面的收益。,责任/利益
你是一位道德判断模型。根据给出的有关环境报道的新闻文本，请判断其倾向于以下哪一个维度：责任/利益、实用/理想、创新/守旧、非道德。你的回答必须只包含其中的一个维度。,健全生态环境保护机制，实行最严格的生态保护制度，全面推进大气污染防治,责任/利益
你是一位道德判断模型。根据给出的有关环境报道的新闻文本，请判断其倾向于以下哪一个维度：责任/利益、实用/理想、创新/守旧、非道德。你的回答必须只包含其中的一个维度。,BAT 英美烟草集团表示，它对 Glo 进行了 200 多项化学测试和 75 次生物测试，表明其产品产生的烟雾中的有毒物质显著减少，甚至无法被检测到。BAT 之前便宣布，其目标是到 2030 年实现净零排放。该公司已投入 13.2 亿美元用于研发生产新型加热不燃烧产品,创新/守旧
你是一位道德判断模型。根据给出的有关环境报道的新闻文本，请判断其倾向于以下哪一个维度：责任/利益、实用/理想、创新/守旧、非道德。你的回答必须只包含其中的一个维度。,西班牙生态转型和人口挑战部（MITECO）已经得到了内阁对《气候变化和能源转型法》（PLCCTE）草案的绿灯，现在将提交给议会进行最后批准。该法案旨在使西班牙成为碳中性国家，并在 2050 年达到 100% 可再生能源发电的目标。,责任/利益
你是一位道德判断模型。根据给出的有关环境报道的新闻文本，请判断其倾向于以下哪一个维度：责任/利益、实用/理想、创新/守旧、非道德。你的回答必须只包含其中的一个维度。,树立绿色低碳理念，大力弘扬勤俭节约的传统美德，从自己做起、从点滴做起，养成节约用能用电好习惯，共同构建资源节约型社会。,责任/利益
你是一位道德判断模型。根据给出的有关环境报道的新闻文本，请判断其倾向于以下哪一个维度：责任/利益、实用/理想、创新/守旧、非道德。你的回答必须只包含其中的一个维度。,英国 COP26 总统将举办专门的科学和创新日，以加强气候行动的科学论据，将研究和创新带入谈判的核心，并强调所有决策都应基于最佳科学。,创新/守旧
你是一位道德判断模型。根据给出的有关环境报道的新闻文本，请判断其倾向于以下哪一个维度：责任/利益、实用/理想、创新/守旧、非道德。你的回答必须只包含其中的一个维度。,2 月 1 日，中央广播电视总台 8K 超高清电视频道试验开播，这是全球首次实现 8K 超高清电视直播和 5G 网络下的 8K 电视播出。,非道德
你是一位道德判断模型。根据给出的有关环境报道的新闻文本，请判断其倾向于以下哪一个维度：责任/利益、实用/理想、创新/守旧、非道德。你的回答必须只包含其中的一个维度。,乔治城大学教授Joanna Lewis表示，中国近年来几乎实现了所有气候和能源目标。,实用/理想
你是一位道德判断模型。根据给出的有关环境报道的新闻文本，请判断其倾向于以下哪一个维度：责任/利益、实用/理想、创新/守旧、非道德。你的回答必须只包含其中的一个维度。,李强强调，要坚定维护以习近平同志为核心的党中央权威和集中统一领导，全面贯彻党的二十大精神，紧紧围绕新时代新征程党的中心任务开展工作，为全面建设社会主义现代化国家、实现中华民族伟大复兴的中国梦不懈奋斗。,责任/利益
你是一位道德判断模型。根据给出的有关环境报道的新闻文本，请判断其倾向于以下哪一个维度：责任/利益、实用/理想、创新/守旧、非道德。你的回答必须只包含其中的一个维度。,中国宣布国家自主贡献目标对全球应对气候变化非常重要。,责任/利益
你是一位道德判断模型。根据给出的有关环境报道的新闻文本，请判断其倾向于以下哪一个维度：责任/利益、实用/理想、创新/守旧、非道德。你的回答必须只包含其中的一个维度。,据海南检察微信公众号 8 日消息，海南省三亚市城郊人民检察院在履行公益诉讼检察职责中发现，网民“罗某平”于 2021 年 10 月 6 日在新浪微博发布侮辱抗美援朝“冰雕连”英雄烈士的违法言论，侵害了抗美援朝志愿军英雄烈士的名誉、荣誉，伤害了广大人民对抗美援朝志愿军英雄烈士的特殊民族情感，严重损害了社会公共利益。,责任/利益
你是一位道德判断模型。根据给出的有关环境报道的新闻文本，请判断其倾向于以下哪一个维度：责任/利益、实用/理想、创新/守旧、非道德。你的回答必须只包含其中的一个维度。,绿色产品认证体系不完善，市场上绿色产品标识较多，容易导致消费者混淆。同时，高碳替代性产品的标准缺失，不利于绿色金融碳减排工具的精准聚焦。,责任/利益
你是一位道德判断模型。根据给出的有关环境报道的新闻文本，请判断其倾向于以下哪一个维度：责任/利益、实用/理想、创新/守旧、非道德。你的回答必须只包含其中的一个维度。,自 2021 年 1 月以来，中纪委已敲掉了 26 位能源大“虎”，月均打“虎”达到 5 人次以上。,责任/利益
你是一位道德判断模型。根据给出的有关环境报道的新闻文本，请判断其倾向于以下哪一个维度：责任/利益、实用/理想、创新/守旧、非道德。你的回答必须只包含其中的一个维度。,建立健全生态补偿制度，落实好重点生态功能区转移支付政策，引导基层政府加强生态环境保护，落实草原生态保护补助奖励和生态就业岗位补贴政策，支持草原生态修复治理，支持极高海拔地区生态搬迁后续发展，支持有序推进碳达峰碳中和,责任/利益
你是一位道德判断模型。根据给出的有关环境报道的新闻文本，请判断其倾向于以下哪一个维度：责任/利益、实用/理想、创新/守旧、非道德。你的回答必须只包含其中的一个维度。,县委副书记、代县长卢建波主持会议，沈兆幸、陈海平等参加会议。,非道德
你是一位道德判断模型。根据给出的有关环境报道的新闻文本，请判断其倾向于以下哪一个维度：责任/利益、实用/理想、创新/守旧、非道德。你的回答必须只包含其中的一个维度。,2021 年工业和信息化部加强“十四五”谋篇布局，出台了“十四五”信息通信行业发展规划和一系列的政策问题。,非道德
你是一位道德判断模型。根据给出的有关环境报道的新闻文本，请判断其倾向于以下哪一个维度：责任/利益、实用/理想、创新/守旧、非道德。你的回答必须只包含其中的一个维度。,科学治污再攀新高。深化“三长”联动治水，2022 年 6 月总投资 6000 多万元、日处理生活污水 6000 吨的城西污水处理厂投入运行，61 个行政村达到“双 60”治理标准，建成农村生态河道 75 条计 260 公里。,实用/理想
你是一位道德判断模型。根据给出的有关环境报道的新闻文本，请判断其倾向于以下哪一个维度：责任/利益、实用/理想、创新/守旧、非道德。你的回答必须只包含其中的一个维度。,德邦快递与科大讯飞等优秀企业开展战略合作，共同推进技术创新和业务发展,创新/守旧
你是一位道德判断模型。根据给出的有关环境报道的新闻文本，请判断其倾向于以下哪一个维度：责任/利益、实用/理想、创新/守旧、非道德。你的回答必须只包含其中的一个维度。,该战略强调可访问性和包容性，确保公交系统向所有人开放，无论背景或位置如何。电动公交车将被引入，配备轮椅区、听力诱导 loops、音频和视频公告以及防滑地板。可访问性改进还将包括创建更多可访问的公交车站和 在300个公交车站安装实时客户信息显示器。,创新/守旧
你是一位道德判断模型。根据给出的有关环境报道的新闻文本，请判断其倾向于以下哪一个维度：责任/利益、实用/理想、创新/守旧、非道德。你的回答必须只包含其中的一个维度。,面对全球资源约束趋紧、环境污染严重、生态系统退化的严峻形势，我国将碳达峰、碳中和纳入生态文明建设整体布局。,责任/利益
你是一位道德判断模型。根据给出的有关环境报道的新闻文本，请判断其倾向于以下哪一个维度：责任/利益、实用/理想、创新/守旧、非道德。你的回答必须只包含其中的一个维度。,北京有条件有能力率先实现碳中和，应在实现碳达峰碳中和上争当“领头羊”。,责任/利益
你是一位道德判断模型。根据给出的有关环境报道的新闻文本，请判断其倾向于以下哪一个维度：责任/利益、实用/理想、创新/守旧、非道德。你的回答必须只包含其中的一个维度。,一些发达国家在帮助发展中国家落实气候资金和技术援助、适应气候变化能力支持等方面没有发挥出应有作用,创新/守旧
你是一位道德判断模型。根据给出的有关环境报道的新闻文本，请判断其倾向于以下哪一个维度：责任/利益、实用/理想、创新/守旧、非道德。你的回答必须只包含其中的一个维度。,二是强化区域水污染治理协作，统筹推进水资源保护、水生态修复、水环境治理。推进滁河跨界河流水污染防治，确保水质持续改善。,责任/利益
你是一位道德判断模型。根据给出的有关环境报道的新闻文本，请判断其倾向于以下哪一个维度：责任/利益、实用/理想、创新/守旧、非道德。你的回答必须只包含其中的一个维度。,位于 Ebbw Vale 的 General Offices 的停车场的新停车安排原定于 9 月 20 日生效，然而这些计划遭到了居民的广泛反对，他们声称这可能严重影响车站的未来使用。,责任/利益
你是一位道德判断模型。根据给出的有关环境报道的新闻文本，请判断其倾向于以下哪一个维度：责任/利益、实用/理想、创新/守旧、非道德。你的回答必须只包含其中的一个维度。,英国政府正努力推动减少碳排放，实现碳中和，以保护地球和人类。,责任/利益
你是一位道德判断模型。根据给出的有关环境报道的新闻文本，请判断其倾向于以下哪一个维度：责任/利益、实用/理想、创新/守旧、非道德。你的回答必须只包含其中的一个维度。,政府应加大财税激励，鼓励龙头企业构建大企业引领全流程、全产业链能效提升格局，支持创新资源向优势企业聚集，构建融通创新生态，创新应用节能新技术、新材料、新工艺、新模式、新业态。,创新/守旧
你是一位道德判断模型。根据给出的有关环境报道的新闻文本，请判断其倾向于以下哪一个维度：责任/利益、实用/理想、创新/守旧、非道德。你的回答必须只包含其中的一个维度。,巴黎气候协定为全球设定了2050年达到碳中和的目标，拜登政府在其政策中积极响应这一目标。,责任/利益
你是一位道德判断模型。根据给出的有关环境报道的新闻文本，请判断其倾向于以下哪一个维度：责任/利益、实用/理想、创新/守旧、非道德。你的回答必须只包含其中的一个维度。,中国历来重信守诺，将以新发展理念为引领，在推动高质量发展中促进经济社会发展全面绿色转型，脚踏实地落实上述目标，为全球应对气候变化作出更大贡献。,实用/理想
你是一位道德判断模型。根据给出的有关环境报道的新闻文本，请判断其倾向于以下哪一个维度：责任/利益、实用/理想、创新/守旧、非道德。你的回答必须只包含其中的一个维度。,创新是发展的首要动力。未来，随着 5G、云计算、智能制造等数字经济逐渐成为经济发展的新引擎，运鸿集团将把自身发展“小目标”与国家战略“大局”有机结合，推动体制机制发展创新，加大研发投入，积极开拓全球市场。,实用/理想
你是一位道德判断模型。根据给出的有关环境报道的新闻文本，请判断其倾向于以下哪一个维度：责任/利益、实用/理想、创新/守旧、非道德。你的回答必须只包含其中的一个维度。,议会试图通过一项修正案，恢复英格兰的零碳房屋政策，但遭到政府的否决。,创新/守旧
你是一位道德判断模型。根据给出的有关环境报道的新闻文本，请判断其倾向于以下哪一个维度：责任/利益、实用/理想、创新/守旧、非道德。你的回答必须只包含其中的一个维度。,实施积极应对气候变化的国家战略，我国采取了调整产业结构、优化能源结构、节能提高能效、推进碳市场建设、增加森林碳汇等一系列措施，并取得显著成效。,创新/守旧
你是一位道德判断模型。根据给出的有关环境报道的新闻文本，请判断其倾向于以下哪一个维度：责任/利益、实用/理想、创新/守旧、非道德。你的回答必须只包含其中的一个维度。,英国仍存在支持留欧和脱欧的分裂。也许四分之一的国家仍然后悔脱欧的决定，积极鼓励自由民主党、苏格兰民族党和工党采取负面策略，反对所有与脱欧有关的事物，而不是接受民主判决。,责任/利益
你是一位道德判断模型。根据给出的有关环境报道的新闻文本，请判断其倾向于以下哪一个维度：责任/利益、实用/理想、创新/守旧、非道德。你的回答必须只包含其中的一个维度。,旨在统筹推进张江科学城应对气候变化和生态环境保护，推动经济社会发展全面绿色转型，助力实现碳达峰、碳中和，深入打好污染防治攻坚战，深化生态环境保护协作，加强生态文明建设,创新/守旧
你是一位道德判断模型。根据给出的有关环境报道的新闻文本，请判断其倾向于以下哪一个维度：责任/利益、实用/理想、创新/守旧、非道德。你的回答必须只包含其中的一个维度。,来自45个国家的银行、保险公司、养老基金、资产管理公司、出口信用机构、证券交易所、信用评级机构、指数提供者以及审计公司等450家公司做出了承诺。,责任/利益
你是一位道德判断模型。根据给出的有关环境报道的新闻文本，请判断其倾向于以下哪一个维度：责任/利益、实用/理想、创新/守旧、非道德。你的回答必须只包含其中的一个维度。,Xaar组织了一系列技术挑战，帮助50多名当地10年级学生（14-15岁）提高设计、焊接、电子和营销技能，并鼓励他们了解STEM相关职业和行业内的各种机会。,责任/利益
你是一位道德判断模型。根据给出的有关环境报道的新闻文本，请判断其倾向于以下哪一个维度：责任/利益、实用/理想、创新/守旧、非道德。你的回答必须只包含其中的一个维度。,建筑成本信息服务机构（BCIS）的分析显示，2022年9月与一年前相比，材料成本上涨了10.2%，这给建筑行业带来了压力。,非道德
你是一位道德判断模型。根据给出的有关环境报道的新闻文本，请判断其倾向于以下哪一个维度：责任/利益、实用/理想、创新/守旧、非道德。你的回答必须只包含其中的一个维度。,胡五岳指出，中央生态环境保护督察是习近平总书记亲自倡导、亲自推动的重大改革举措。各级各部门要深入学习贯彻习近平生态文明思想，提升思想认识，扛稳政治责任，把高质量做好中央环保督察交办案件整改工作作为必须完成的政治任务，作为践行新发展理念、推动高质量发展的有力抓手，真正把问题彻底整改到位，推动许昌环境质量持续提升，以实际行动践行“两个维护”。,责任/利益
你是一位道德判断模型。根据给出的有关环境报道的新闻文本，请判断其倾向于以下哪一个维度：责任/利益、实用/理想、创新/守旧、非道德。你的回答必须只包含其中的一个维度。,本次论坛由北外滩国际航运论坛组委会主办，旨在通过探讨当前绿色低碳航运的技术创新、管理措施、最佳实践，分享中国技术和方案，促进国际气候减缓目标实现,创新/守旧
你是一位道德判断模型。根据给出的有关环境报道的新闻文本，请判断其倾向于以下哪一个维度：责任/利益、实用/理想、创新/守旧、非道德。你的回答必须只包含其中的一个维度。,要争创亮点，加快推进生产方式和生活方式绿色转型，加快推进低碳试点和绿色示范创建行动，加快推进近零碳、碳中和、率先达峰等低碳试点示范工作，如期实现碳达峰、碳中和目标。,创新/守旧
你是一位道德判断模型。根据给出的有关环境报道的新闻文本，请判断其倾向于以下哪一个维度：责任/利益、实用/理想、创新/守旧、非道德。你的回答必须只包含其中的一个维度。,鼓励广大科研人员围绕碳达峰碳中和前沿理论与政策开展研究工作，优先支持碳达峰碳中和课题研究立项，努力为河北碳达峰碳中和工作提供政策咨询与服务。,责任/利益
你是一位道德判断模型。根据给出的有关环境报道的新闻文本，请判断其倾向于以下哪一个维度：责任/利益、实用/理想、创新/守旧、非道德。你的回答必须只包含其中的一个维度。,Shaw Industries负责可持续发展和企业通信的副总裁Susan Farris表示，可持续性的定义正在拓宽，包括对我们人类体验的影响，而不仅仅是产品中成分的重要性，还有声音、水分和其他设计元素的影响。除了过去几十年可持续性旅程的核心基准——能源、水、废物和排放，我们多样化的利益相关者中，建筑环境中的人类体验越来越重要。,创新/守旧
你是一位道德判断模型。根据给出的有关环境报道的新闻文本，请判断其倾向于以下哪一个维度：责任/利益、实用/理想、创新/守旧、非道德。你的回答必须只包含其中的一个维度。,The Green Powered Future Mission 确定了 80 个正在进行的和计划中的试点项目，这些项目使用高达 80% 的可变可再生能源，并宣布与欧盟的清洁能源转型伙伴关系开展多边研究计划。,创新/守旧
你是一位道德判断模型。根据给出的有关环境报道的新闻文本，请判断其倾向于以下哪一个维度：责任/利益、实用/理想、创新/守旧、非道德。你的回答必须只包含其中的一个维度。,在昨天的预算中，英国财政大臣里希·苏纳克公布了提供绿色房产改善的商业税率豁免以及计算税率的时间表更改的计划。,责任/利益
你是一位道德判断模型。根据给出的有关环境报道的新闻文本，请判断其倾向于以下哪一个维度：责任/利益、实用/理想、创新/守旧、非道德。你的回答必须只包含其中的一个维度。,PD Ports 投资 2300 万英镑购买了一艘新型疏浚船，名为 Emerald Duchess，该船将提高 Tees 河的经济效益和环保可持续性。这艘未来主义的疏浚船配备了智能电源管理系统，可以使用电池组和可再生能源柴油进行操作，并且可以进行现代化燃料 cells 的更换，支持公司到 2027 年实现碳平衡的目标。,实用/理想
你是一位道德判断模型。根据给出的有关环境报道的新闻文本，请判断其倾向于以下哪一个维度：责任/利益、实用/理想、创新/守旧、非道德。你的回答必须只包含其中的一个维度。,Crawford 承诺在Miami大学校园内推广“可持续性文化”，但当我们看到大学在实现九年前设定的较小可持续性目标后未能建立势头时，这个承诺听起来很空洞,实用/理想
你是一位道德判断模型。根据给出的有关环境报道的新闻文本，请判断其倾向于以下哪一个维度：责任/利益、实用/理想、创新/守旧、非道德。你的回答必须只包含其中的一个维度。,Iain Anderson 是 GAP 的总经理，他谈到 GAP 与苏格兰水务局的合作关系时表示，这种关系为企业提供了诸多优势，如决策路径短、适应变化能力强以及保持长期规划视野等。,非道德
你是一位道德判断模型。根据给出的有关环境报道的新闻文本，请判断其倾向于以下哪一个维度：责任/利益、实用/理想、创新/守旧、非道德。你的回答必须只包含其中的一个维度。,我们就是要推进美丽中国建设，把促进人与自然和谐共生作为谋划发展硬约束，更加突出了系统观念的实践深化和科学运用。,责任/利益
你是一位道德判断模型。根据给出的有关环境报道的新闻文本，请判断其倾向于以下哪一个维度：责任/利益、实用/理想、创新/守旧、非道德。你的回答必须只包含其中的一个维度。,通过《巴黎协定》，为 2020 年后的全球合作应对气候变化明确了方向，开启全球合作应对气候变化新阶段。,责任/利益
你是一位道德判断模型。根据给出的有关环境报道的新闻文本，请判断其倾向于以下哪一个维度：责任/利益、实用/理想、创新/守旧、非道德。你的回答必须只包含其中的一个维度。,机场气候挑战旨在支持拜登-哈里斯政府到2050年实现净零航空业的目标。,实用/理想
你是一位道德判断模型。根据给出的有关环境报道的新闻文本，请判断其倾向于以下哪一个维度：责任/利益、实用/理想、创新/守旧、非道德。你的回答必须只包含其中的一个维度。,Gap 集团 ESG 副总裁 Judy Adler 表示，Gap 集团的环境、社会和公司治理（ESG）愿景是成为行业的一股驱动力，共同为我们的业务、我们的社区以及我们的地球打造更具可持续性的未来。,责任/利益
你是一位道德判断模型。根据给出的有关环境报道的新闻文本，请判断其倾向于以下哪一个维度：责任/利益、实用/理想、创新/守旧、非道德。你的回答必须只包含其中的一个维度。,我们正在调整我们的忠诚度策略，为我们的整个旅行产品和服务合作伙伴提供更多价值，包括利用我们与美国航空的战略合作伙伴关系的人。,责任/利益
你是一位道德判断模型。根据给出的有关环境报道的新闻文本，请判断其倾向于以下哪一个维度：责任/利益、实用/理想、创新/守旧、非道德。你的回答必须只包含其中的一个维度。,Orange与Iberdrola签订多年太阳能PPA协议，将大幅度降低公司的年度碳排放。,实用/理想
你是一位道德判断模型。根据给出的有关环境报道的新闻文本，请判断其倾向于以下哪一个维度：责任/利益、实用/理想、创新/守旧、非道德。你的回答必须只包含其中的一个维度。,承诺在接下来的30年内实现净零排放，其中中国设定了2060年的目标。,实用/理想
你是一位道德判断模型。根据给出的有关环境报道的新闻文本，请判断其倾向于以下哪一个维度：责任/利益、实用/理想、创新/守旧、非道德。你的回答必须只包含其中的一个维度。,Perkins 和 Will 的可持续发展总监 Asif Din 表示，随着英国承诺到 2050 年实现净零，设计能源效率将确保这些气候适应性强和碳效率高的建筑具有吸引力和可行性,创新/守旧
你是一位道德判断模型。根据给出的有关环境报道的新闻文本，请判断其倾向于以下哪一个维度：责任/利益、实用/理想、创新/守旧、非道德。你的回答必须只包含其中的一个维度。,伊利积极响应“中国努力争取 2060 年前实现碳中和”的国家目标，率行业之先承诺实现碳中和。根据承诺，伊利将进一步加强节能减排措施，通过减少牧场温室气体排放、建设绿色工厂、全面使用环保包材等方式，抵消生产中二氧化碳的排放量，从而实现“零排放”，达到碳中和的目标。,责任/利益
你是一位道德判断模型。根据给出的有关环境报道的新闻文本，请判断其倾向于以下哪一个维度：责任/利益、实用/理想、创新/守旧、非道德。你的回答必须只包含其中的一个维度。,我们在格拉斯哥处于十字路口。我们现在的决策和回家后的行动将影响我们今天、明天和未来的生活。,实用/理想
你是一位道德判断模型。根据给出的有关环境报道的新闻文本，请判断其倾向于以下哪一个维度：责任/利益、实用/理想、创新/守旧、非道德。你的回答必须只包含其中的一个维度。,英国政府试图废除零碳房屋政策，这将导致新建筑的能源效率降低，增加气候变化和燃料贫困问题。,创新/守旧
你是一位道德判断模型。根据给出的有关环境报道的新闻文本，请判断其倾向于以下哪一个维度：责任/利益、实用/理想、创新/守旧、非道德。你的回答必须只包含其中的一个维度。,力争 2030 年前实现碳达峰、2060 年前实现碳中和，是以习近平同志为核心的党中央站在中华民族永续发展和构建人类命运共同体的高度，经过深思熟虑作出的重大战略决策，是一场广泛而深刻的经济社会系统性变革。,实用/理想
你是一位道德判断模型。根据给出的有关环境报道的新闻文本，请判断其倾向于以下哪一个维度：责任/利益、实用/理想、创新/守旧、非道德。你的回答必须只包含其中的一个维度。,中国将采取更加有力的政策和措施，二氧化碳排放力争于 2030 年前达到峰值，努力争取 2060 年前实现碳中和。,实用/理想
你是一位道德判断模型。根据给出的有关环境报道的新闻文本，请判断其倾向于以下哪一个维度：责任/利益、实用/理想、创新/守旧、非道德。你的回答必须只包含其中的一个维度。,让我们继往开来、并肩前行，助力《巴黎协定》行稳致远，开启全球应对气候变化新征程！,实用/理想
你是一位道德判断模型。根据给出的有关环境报道的新闻文本，请判断其倾向于以下哪一个维度：责任/利益、实用/理想、创新/守旧、非道德。你的回答必须只包含其中的一个维度。,中国始终是全球气候治理的积极参与者，言出必行，实施一系列应对气候变化的战略、措施和行动，坚持走生态优先、绿色低碳发展道路，加快构建绿色低碳循环发展的经济体系，持续推动产业结构调整，坚决遏制高耗能、高排放项目盲目发展，加快推进能源绿色低碳转型，大力发展可再生能源，规划建设大型风电光伏基地项目，推动中国应对气候变化实践不断取得新进步。,责任/利益
你是一位道德判断模型。根据给出的有关环境报道的新闻文本，请判断其倾向于以下哪一个维度：责任/利益、实用/理想、创新/守旧、非道德。你的回答必须只包含其中的一个维度。,JBG SMITH 的可持续性副总裁 Kim Pexton 表示，实施脱碳策略，实现真正的永久性业务变革和未来创新，对维持碳中和组合至关重要。我们将购买 RECs 和验证的碳抵消用于范围一和二的排放视为我们开发和实施更完善的策略以确保与零排放经济兼容的立即行动。,创新/守旧
你是一位道德判断模型。根据给出的有关环境报道的新闻文本，请判断其倾向于以下哪一个维度：责任/利益、实用/理想、创新/守旧、非道德。你的回答必须只包含其中的一个维度。,全球能源技术公司 Faraday Grid 宣布正式进入美国市场，将举办高规格活动，向美国能源行业专家展示其能源系统。该系统将为智能城市、电动汽车和脱碳提供支持，使所有人都能获得负担得起、可靠和清洁的能源。,责任/利益
你是一位道德判断模型。根据给出的有关环境报道的新闻文本，请判断其倾向于以下哪一个维度：责任/利益、实用/理想、创新/守旧、非道德。你的回答必须只包含其中的一个维度。,Edison International 的总裁兼首席执行官 Pedro J. Pizarro 表示：“我最喜欢的一年一度的时刻就是看到我们的最新 Edison Scholars 在收到消息时的表情。每次的惊喜访问都充满了情感，他们的亲人、同学和学校和学区工作人员都在场分享一切，从眼泪到笑声。”,实用/理想
你是一位道德判断模型。根据给出的有关环境报道的新闻文本，请判断其倾向于以下哪一个维度：责任/利益、实用/理想、创新/守旧、非道德。你的回答必须只包含其中的一个维度。,Google 宣布将投入创纪录的 20 亿美元建设可再生能源基础设施，包括从美国三个州的 720 兆瓦太阳能农场、智利的 125 兆瓦太阳能以及从芬兰、瑞典、比利时和丹麦购买的 793 兆瓦可再生能源容量。,实用/理想
你是一位道德判断模型。根据给出的有关环境报道的新闻文本，请判断其倾向于以下哪一个维度：责任/利益、实用/理想、创新/守旧、非道德。你的回答必须只包含其中的一个维度。,"Ashers Ice Cream,一家总部位于斯特灵的冰淇淋企业，最近采取了一系列可持续发展举措，包括购买使用柴油欧6发动机的新冰淇淋车，利用太阳能充电，将所有包装转换为100%可生物降解或可堆肥选项。该公司还从苏格兰银行获得了六位数的资金支持，以帮助购买新车辆并改造其他两辆。",创新/守旧
你是一位道德判断模型。根据给出的有关环境报道的新闻文本，请判断其倾向于以下哪一个维度：责任/利益、实用/理想、创新/守旧、非道德。你的回答必须只包含其中的一个维度。,"Gentari还致力于成为首选的绿色出行解决方案提供商，通过支持电动汽车生态系统，捕捉10%的市场份额，大约在亚太地区的关键市场建设25,000个充电点，马来西亚和印度为主要市场。",非道德
你是一位道德判断模型。根据给出的有关环境报道的新闻文本，请判断其倾向于以下哪一个维度：责任/利益、实用/理想、创新/守旧、非道德。你的回答必须只包含其中的一个维度。,中国一直是气候治理的行动派。,责任/利益
你是一位道德判断模型。根据给出的有关环境报道的新闻文本，请判断其倾向于以下哪一个维度：责任/利益、实用/理想、创新/守旧、非道德。你的回答必须只包含其中的一个维度。,副主任邹骥认为，《巴黎协定》确定的行动机制是一次新探索,创新/守旧
你是一位道德判断模型。根据给出的有关环境报道的新闻文本，请判断其倾向于以下哪一个维度：责任/利益、实用/理想、创新/守旧、非道德。你的回答必须只包含其中的一个维度。,电力和天然气公用事业行业面临着严重的劳动力挑战，如果得不到解决，将影响服务的可靠性。在未来十年，50%的公用事业劳动力将退休，没有足够的资深员工来填补空缺，而且新员工与即将退休的员工的员工保留时间相同。,责任/利益
你是一位道德判断模型。根据给出的有关环境报道的新闻文本，请判断其倾向于以下哪一个维度：责任/利益、实用/理想、创新/守旧、非道德。你的回答必须只包含其中的一个维度。,要扎实开展“我为群众办实事”实践活动，引导广大党员干部发挥先锋模范作用，聚焦贯彻新发展理念、全面推进乡村振兴、保障和改善民生、提供优质高效政务服务、加强和创新基层治理等重点领域，用心用情用力办实事。,责任/利益
你是一位道德判断模型。根据给出的有关环境报道的新闻文本，请判断其倾向于以下哪一个维度：责任/利益、实用/理想、创新/守旧、非道德。你的回答必须只包含其中的一个维度。,连接电网将允许世界某些地区向其他地区发送过剩的可再生能源。这将有助于解决全球变暖问题。,创新/守旧
你是一位道德判断模型。根据给出的有关环境报道的新闻文本，请判断其倾向于以下哪一个维度：责任/利益、实用/理想、创新/守旧、非道德。你的回答必须只包含其中的一个维度。,英国政府表示，已从占全球森林面积 85% 以上的各国领导人那里获得承诺，将在 2030 年前停止并逆转森林砍伐。其中包括巴西、中国、哥伦比亚、刚果、印度尼西亚、俄罗斯和美国等拥有大片森林的国家。为实现这一目标，已承诺提供超过 190 亿美元的公共和私人资金,责任/利益
你是一位道德判断模型。根据给出的有关环境报道的新闻文本，请判断其倾向于以下哪一个维度：责任/利益、实用/理想、创新/守旧、非道德。你的回答必须只包含其中的一个维度。,Iberdrola 公司在墨西哥的市场上受到了总统的批评，最后通过出售资产获得了资本收益，并达成了一个可以让他们摆脱诉讼并离开不舒适市场的协议。,责任/利益
你是一位道德判断模型。根据给出的有关环境报道的新闻文本，请判断其倾向于以下哪一个维度：责任/利益、实用/理想、创新/守旧、非道德。你的回答必须只包含其中的一个维度。,美国绿色建筑委员会认证了San Diego State University的South Campus Plaza新宿舍楼为LEED银奖，以表彰其可持续的运营实践。,创新/守旧
你是一位道德判断模型。根据给出的有关环境报道的新闻文本，请判断其倾向于以下哪一个维度：责任/利益、实用/理想、创新/守旧、非道德。你的回答必须只包含其中的一个维度。,我国钢铁行业已初步完成钢铁行业碳达峰实施方案，并正在继续征求各方面意见，基本明确了行业的达峰路径、重点任务及降碳潜力。,责任/利益
你是一位道德判断模型。根据给出的有关环境报道的新闻文本，请判断其倾向于以下哪一个维度：责任/利益、实用/理想、创新/守旧、非道德。你的回答必须只包含其中的一个维度。,作为世界上最大的发展中国家，中国克服自身经济、社会等方面困难，言出必行，实施一系列应对气候变化的战略、措施和行动。,责任/利益
你是一位道德判断模型。根据给出的有关环境报道的新闻文本，请判断其倾向于以下哪一个维度：责任/利益、实用/理想、创新/守旧、非道德。你的回答必须只包含其中的一个维度。,联合国秘书长安东尼奥·古特雷斯表示，人类对化石燃料的“沉迷”正将人类推向悬崖。,创新/守旧
你是一位道德判断模型。根据给出的有关环境报道的新闻文本，请判断其倾向于以下哪一个维度：责任/利益、实用/理想、创新/守旧、非道德。你的回答必须只包含其中的一个维度。,英格兰社区森林委员会主席Paul Nolan说：'在过去的两年里，英格兰的社区森林与Defra、森林委员会、自然英格兰以及70多个地方政府和大量的土地所有者密切合作，在英格兰建立了超过1000公顷的新林地。我们期待着继续这种共同努力，帮助国家实现我们的零排放目标。,创新/守旧
你是一位道德判断模型。根据给出的有关环境报道的新闻文本，请判断其倾向于以下哪一个维度：责任/利益、实用/理想、创新/守旧、非道德。你的回答必须只包含其中的一个维度。,受政策影响，中概互联网以及教育板块出现明显下跌。,责任/利益
你是一位道德判断模型。根据给出的有关环境报道的新闻文本，请判断其倾向于以下哪一个维度：责任/利益、实用/理想、创新/守旧、非道德。你的回答必须只包含其中的一个维度。,我对水总是很感兴趣。南加州大学的学生，瑞安·艾蒙斯在访问母亲的家族在夏威夷时，想到了用环保的方式瓶装这个宝贵资源。一天，他深受叔叔井里自然泉水的美味所折服。,创新/守旧
你是一位道德判断模型。根据给出的有关环境报道的新闻文本，请判断其倾向于以下哪一个维度：责任/利益、实用/理想、创新/守旧、非道德。你的回答必须只包含其中的一个维度。,Nigel Topping 表示，提供最佳实践案例的协作平台可以在全球价值链的深度脱碳中发挥关键作用。,责任/利益
你是一位道德判断模型。根据给出的有关环境报道的新闻文本，请判断其倾向于以下哪一个维度：责任/利益、实用/理想、创新/守旧、非道德。你的回答必须只包含其中的一个维度。,美国总统是彻底的气候否定者，退出巴黎气候协定，使我们的地球处于危险之中,责任/利益
你是一位道德判断模型。根据给出的有关环境报道的新闻文本，请判断其倾向于以下哪一个维度：责任/利益、实用/理想、创新/守旧、非道德。你的回答必须只包含其中的一个维度。,苹果今年最大的绿色举措之一是决定不为其最新的Apple Watch和iPhone 12耳机配备电源适配器。苹果表示，他们知道客户正在积累USB适配器，制造数百万个适配器会消耗资源并增加碳足迹。,创新/守旧
你是一位道德判断模型。根据给出的有关环境报道的新闻文本，请判断其倾向于以下哪一个维度：责任/利益、实用/理想、创新/守旧、非道德。你的回答必须只包含其中的一个维度。,对于违反本规定的汽车数据处理者，有关部门将依照《中华人民共和国网络安全法》《中华人民共和国数据安全法》等法律、行政法规的规定进行处罚,创新/守旧
你是一位道德判断模型。根据给出的有关环境报道的新闻文本，请判断其倾向于以下哪一个维度：责任/利益、实用/理想、创新/守旧、非道德。你的回答必须只包含其中的一个维度。,在城市的街头向公众做环保公益理念宣导,实用/理想
你是一位道德判断模型。根据给出的有关环境报道的新闻文本，请判断其倾向于以下哪一个维度：责任/利益、实用/理想、创新/守旧、非道德。你的回答必须只包含其中的一个维度。,英国政府警告说，如果不及早采取果断措施，英国有可能大幅低于2035年的目标。,实用/理想
你是一位道德判断模型。根据给出的有关环境报道的新闻文本，请判断其倾向于以下哪一个维度：责任/利益、实用/理想、创新/守旧、非道德。你的回答必须只包含其中的一个维度。,报告指出，尽管已经花费了1.68亿英镑，英国商业、能源和工业战略部还是未能支持英国首个大规模碳捕获和储存（CCS）项目的建设。,实用/理想
你是一位道德判断模型。根据给出的有关环境报道的新闻文本，请判断其倾向于以下哪一个维度：责任/利益、实用/理想、创新/守旧、非道德。你的回答必须只包含其中的一个维度。,相关部门也应积极引导绿色低碳消费，以更多绿色需求牵引产业供给,责任/利益
你是一位道德判断模型。根据给出的有关环境报道的新闻文本，请判断其倾向于以下哪一个维度：责任/利益、实用/理想、创新/守旧、非道德。你的回答必须只包含其中的一个维度。,以‘绿水青山颂百年党史，中外携手护美丽地球’为主题的第 52 个世界地球日系列宣传活动由南充市人民对外友好协会、市自然资源规划局、共青团西华师大委员会共同主办,实用/理想
你是一位道德判断模型。根据给出的有关环境报道的新闻文本，请判断其倾向于以下哪一个维度：责任/利益、实用/理想、创新/守旧、非道德。你的回答必须只包含其中的一个维度。,通过被告购买碳汇进行环境替代性修复的方式，执结该市首例司法'购碳'执行案件，为环境资源审判案件的胜诉权顺利'变现'探索了新路径。,责任/利益
你是一位道德判断模型。根据给出的有关环境报道的新闻文本，请判断其倾向于以下哪一个维度：责任/利益、实用/理想、创新/守旧、非道德。你的回答必须只包含其中的一个维度。,作为国家西部大开发战略重要布局的高等院校，西南科技大学将全面贯彻落实党的二十大精神，以习近平新时代中国特色社会主义思想为指导，全面落实创新驱动发展战略，深化新时代教育改革评价，为建设教育强国作出更大贡献。,责任/利益
你是一位道德判断模型。根据给出的有关环境报道的新闻文本，请判断其倾向于以下哪一个维度：责任/利益、实用/理想、创新/守旧、非道德。你的回答必须只包含其中的一个维度。,BAM公司区域总监Dave Ellis表示：'该建筑将在运行时实现净零碳排放，我们也在减少建筑材料中的碳含量。我们从Southam College学到的经验将反馈到教育领域减少碳的更广泛方法中。此外，我们通过使用供应链中的当地公司，以及在学校周围开展工作，使课程和活动不受项目干扰，从而为社区增加额外的社会价值。',责任/利益
你是一位道德判断模型。根据给出的有关环境报道的新闻文本，请判断其倾向于以下哪一个维度：责任/利益、实用/理想、创新/守旧、非道德。你的回答必须只包含其中的一个维度。,报告预测，政策将鼓励电动汽车和自动驾驶汽车上路，并加大在城镇和城市中推广自行车和步行的力度。,实用/理想
你是一位道德判断模型。根据给出的有关环境报道的新闻文本，请判断其倾向于以下哪一个维度：责任/利益、实用/理想、创新/守旧、非道德。你的回答必须只包含其中的一个维度。,工党影子能源大臣 Rebecca Long Bailey 对如何实施这一承诺表示担忧。她说，尽管这个声明在理论上受欢迎，但在实践中，它来自一个在实现现有气候目标方面走下坡路的保守党政府，没有减少排放所需的立法或投资计划，并且拆除了英国可再生能源部门，同时推动页岩气开发。,创新/守旧
你是一位道德判断模型。根据给出的有关环境报道的新闻文本，请判断其倾向于以下哪一个维度：责任/利益、实用/理想、创新/守旧、非道德。你的回答必须只包含其中的一个维度。,美国气候特使 John Kerry 表示，目前做出的承诺只能给世界带来 60% 的机会将全球气温上升限制在 1.5 摄氏度。,实用/理想
你是一位道德判断模型。根据给出的有关环境报道的新闻文本，请判断其倾向于以下哪一个维度：责任/利益、实用/理想、创新/守旧、非道德。你的回答必须只包含其中的一个维度。,该医院正在与市议会就一个多层停车场计划进行为期两天的争论。BRI在去年被市议会否决了其停车场概述计划后提出上诉。,实用/理想
你是一位道德判断模型。根据给出的有关环境报道的新闻文本，请判断其倾向于以下哪一个维度：责任/利益、实用/理想、创新/守旧、非道德。你的回答必须只包含其中的一个维度。,只有世界各国携手合作，坚持多边主义，坚持绿色低碳循环发展，才能有效应对这一全球性挑战。,责任/利益
你是一位道德判断模型。根据给出的有关环境报道的新闻文本，请判断其倾向于以下哪一个维度：责任/利益、实用/理想、创新/守旧、非道德。你的回答必须只包含其中的一个维度。,中国应对气候变化的决心和行动，为全球应对气候变化、推进绿【se】复苏注入新动力。,责任/利益
你是一位道德判断模型。根据给出的有关环境报道的新闻文本，请判断其倾向于以下哪一个维度：责任/利益、实用/理想、创新/守旧、非道德。你的回答必须只包含其中的一个维度。,英国首相表示，英国计划在 2035 年前实现“清洁电力”，作为国家实现净零碳排放目标的一部分,实用/理想
你是一位道德判断模型。根据给出的有关环境报道的新闻文本，请判断其倾向于以下哪一个维度：责任/利益、实用/理想、创新/守旧、非道德。你的回答必须只包含其中的一个维度。,中国为达成应对气候变化《巴黎协定》作出重要贡献，也是落实《巴黎协定》的积极践行者。,责任/利益
你是一位道德判断模型。根据给出的有关环境报道的新闻文本，请判断其倾向于以下哪一个维度：责任/利益、实用/理想、创新/守旧、非道德。你的回答必须只包含其中的一个维度。,Orsted 在特拉华州海岸外的 Skipjack 风能项目中遇到问题，包括在海底铺设高压电缆等。,非道德
你是一位道德判断模型。根据给出的有关环境报道的新闻文本，请判断其倾向于以下哪一个维度：责任/利益、实用/理想、创新/守旧、非道德。你的回答必须只包含其中的一个维度。,能源专家昨天在阿布贾对日益扩大的电力接入差距和其他能源来源的漏洞表示担忧。,责任/利益
你是一位道德判断模型。根据给出的有关环境报道的新闻文本，请判断其倾向于以下哪一个维度：责任/利益、实用/理想、创新/守旧、非道德。你的回答必须只包含其中的一个维度。,伍德·麦肯齐表示，那些非常大的公司将拥有非常深的口袋，额外的竞争可能会降低价格，预计这次轮次下开发的项目将不需要补贴即可建成。,实用/理想
你是一位道德判断模型。根据给出的有关环境报道的新闻文本，请判断其倾向于以下哪一个维度：责任/利益、实用/理想、创新/守旧、非道德。你的回答必须只包含其中的一个维度。,台当局农业部门负责人陈吉仲表示，目前鸡蛋每日供应量足够民众所需，没有缺蛋问题。,非道德
你是一位道德判断模型。根据给出的有关环境报道的新闻文本，请判断其倾向于以下哪一个维度：责任/利益、实用/理想、创新/守旧、非道德。你的回答必须只包含其中的一个维度。,美国总统乔·拜登希望此次峰会能促使全球领导人做出更强的承诺，以实现 2015 年巴黎气候协定的全球变暖控制目标。,实用/理想
你是一位道德判断模型。根据给出的有关环境报道的新闻文本，请判断其倾向于以下哪一个维度：责任/利益、实用/理想、创新/守旧、非道德。你的回答必须只包含其中的一个维度。,与Ecologique合作的天然气动力卡车实施将改善环境性能，因为LNG比燃油油减少30%的二氧化碳排放，比煤减少45%的二氧化碳排放。,创新/守旧
你是一位道德判断模型。根据给出的有关环境报道的新闻文本，请判断其倾向于以下哪一个维度：责任/利益、实用/理想、创新/守旧、非道德。你的回答必须只包含其中的一个维度。,他预计将在明年年底前与欧盟完成自由贸易协定的谈判，尽管欧盟对堪培拉取消与法国的潜艇合同感到愤怒。,实用/理想
你是一位道德判断模型。根据给出的有关环境报道的新闻文本，请判断其倾向于以下哪一个维度：责任/利益、实用/理想、创新/守旧、非道德。你的回答必须只包含其中的一个维度。,应积极参与和引领全球气候和环境治理，帮助发展中国家提高应对气候变化的能力和韧性，为发展中国家在资金、技术、能力建设等方面提供支持，最终实现以气候变化南南合作助推“绿色丝绸之路”建设。,责任/利益
你是一位道德判断模型。根据给出的有关环境报道的新闻文本，请判断其倾向于以下哪一个维度：责任/利益、实用/理想、创新/守旧、非道德。你的回答必须只包含其中的一个维度。,对此番中美“较量”进行了密集报道，而且多以“中美互怼”“中美新冷战”等为题。,实用/理想
你是一位道德判断模型。根据给出的有关环境报道的新闻文本，请判断其倾向于以下哪一个维度：责任/利益、实用/理想、创新/守旧、非道德。你的回答必须只包含其中的一个维度。,欧洲汽车租赁公司的汽车共享品牌 Ubeeqo 正在帮助房地产开发商满足规划要求并减少新建项目的环境影响。,实用/理想
你是一位道德判断模型。根据给出的有关环境报道的新闻文本，请判断其倾向于以下哪一个维度：责任/利益、实用/理想、创新/守旧、非道德。你的回答必须只包含其中的一个维度。,清洁增长战略设定了到2030年支持企业将能源效率提高至少20%的雄心，这将带来60亿英镑的成本节约。,实用/理想
你是一位道德判断模型。根据给出的有关环境报道的新闻文本，请判断其倾向于以下哪一个维度：责任/利益、实用/理想、创新/守旧、非道德。你的回答必须只包含其中的一个维度。,亚马逊宣布订购10万辆电动配送车辆，计划在2022年上路1万辆，2030年全部上路，到2030年将节省4000万吨碳。此外，亚马逊承诺到2024年达到80%的可再生能源，到2030年达到100%的可再生能源，并在2040年前实现净零碳排放。亚马逊还发起了100万美元的Right Now气候基金，与大自然保护协会合作保护和恢复全球森林、湿地和泥炭地。,责任/利益
你是一位道德判断模型。根据给出的有关环境报道的新闻文本，请判断其倾向于以下哪一个维度：责任/利益、实用/理想、创新/守旧、非道德。你的回答必须只包含其中的一个维度。,美国财政部部长Janet Yellen表示，气候变化既是巨大的金融挑战，也是我们这个时代的最大经济机遇。她还表示，许多可再生能源现在比基于碳的燃料替代品更便宜，且长期运营成本更低，因此绿色投资在经济上是可行的。,责任/利益
你是一位道德判断模型。根据给出的有关环境报道的新闻文本，请判断其倾向于以下哪一个维度：责任/利益、实用/理想、创新/守旧、非道德。你的回答必须只包含其中的一个维度。,由于 2014 年原油价格的下跌，全球的船舶和钻机建造商都在进行重组以保持生存。像 Shell Plc 和 Exxon Mobil Corp.这样的石油公司减少了钻井和其他海上设备的开支，导致订单减少，船厂关闭，数千个工作岗位被削减。,责任/利益
你是一位道德判断模型。根据给出的有关环境报道的新闻文本，请判断其倾向于以下哪一个维度：责任/利益、实用/理想、创新/守旧、非道德。你的回答必须只包含其中的一个维度。,英国政府已发布 2021 年国家基础设施和建设管道文件，规划在未来 10 年内投资 6500 亿英镑（7620 亿欧元）的基础设施项目。,实用/理想
你是一位道德判断模型。根据给出的有关环境报道的新闻文本，请判断其倾向于以下哪一个维度：责任/利益、实用/理想、创新/守旧、非道德。你的回答必须只包含其中的一个维度。,我国工业保持快速发展势头，减排成效持续显现，为应对气候变化、推动绿色发展增添了信心和底气,责任/利益
你是一位道德判断模型。根据给出的有关环境报道的新闻文本，请判断其倾向于以下哪一个维度：责任/利益、实用/理想、创新/守旧、非道德。你的回答必须只包含其中的一个维度。,Liz Truss作为英国首相，面临来自保守党内部的对她解除水力压裂法禁令的批评，同时也要面对有关养老金三重锁的潜在叛乱。,实用/理想
你是一位道德判断模型。根据给出的有关环境报道的新闻文本，请判断其倾向于以下哪一个维度：责任/利益、实用/理想、创新/守旧、非道德。你的回答必须只包含其中的一个维度。,大约80%至90%的美国人民严重低估了像碳税、全面可再生能源指令和绿色新政等政策的受欢迎程度。,实用/理想
你是一位道德判断模型。根据给出的有关环境报道的新闻文本，请判断其倾向于以下哪一个维度：责任/利益、实用/理想、创新/守旧、非道德。你的回答必须只包含其中的一个维度。,农行持续加强对“三农”重点领域的金融支持；并加大基础设施、制造业、科技创新等重点领域金融支持力度；同时，着力提升金融服务的普惠性、适配性和覆盖面，不断加大减费让利力度，主动为市场主体纾困解难。,责任/利益
你是一位道德判断模型。根据给出的有关环境报道的新闻文本，请判断其倾向于以下哪一个维度：责任/利益、实用/理想、创新/守旧、非道德。你的回答必须只包含其中的一个维度。,National Grid 是一家企业，它在最新的招聘中欢迎了 63 名学徒，帮助他们开始一个有助于清洁能源未来的职业。该公司的报告 '构建净零能源劳动力' 强调了到 2050 年实现净零排放的英国能源行业需要填补的 40 万个岗位。通过学徒计划支持有动力的年轻思想，帮助英国实现其气候目标。,责任/利益
你是一位道德判断模型。根据给出的有关环境报道的新闻文本，请判断其倾向于以下哪一个维度：责任/利益、实用/理想、创新/守旧、非道德。你的回答必须只包含其中的一个维度。,英国政府已经设定了到 2050 年实现净零排放的目标，运输业已被认定为主要的污染源，规划当局现在期望申请中包含减少发展项目对当地拥堵和污染影响的解决方案。,责任/利益
你是一位道德判断模型。根据给出的有关环境报道的新闻文本，请判断其倾向于以下哪一个维度：责任/利益、实用/理想、创新/守旧、非道德。你的回答必须只包含其中的一个维度。,亚利桑那州立大学未来社会创新学院的兼职教员Jane Flegal本周提出一个问题：我们是否已经达到了对排放峰值的炒作峰值？,实用/理想
你是一位道德判断模型。根据给出的有关环境报道的新闻文本，请判断其倾向于以下哪一个维度：责任/利益、实用/理想、创新/守旧、非道德。你的回答必须只包含其中的一个维度。,在首届联赛表中，这些航空公司被评为最清洁、最安静的机队。,责任/利益
你是一位道德判断模型。根据给出的有关环境报道的新闻文本，请判断其倾向于以下哪一个维度：责任/利益、实用/理想、创新/守旧、非道德。你的回答必须只包含其中的一个维度。,Alcon的Alex Long描述了他们公司追求无托盘 cassette 包装和可堆肥绿色细胞泡沫包装，以及全球转向 QR 码而不是厚重的“使用说明”文件。,创新/守旧
你是一位道德判断模型。根据给出的有关环境报道的新闻文本，请判断其倾向于以下哪一个维度：责任/利益、实用/理想、创新/守旧、非道德。你的回答必须只包含其中的一个维度。,瓦努阿图是世界上受气候变化影响最大的国家之一，因此，举办此次视频对话会意义重大，将为瓦努阿图青年学习中国在应对气候变化领域的经验提供宝贵机会，也将为两国青年今后各领域合作奠定良好基础。,责任/利益
你是一位道德判断模型。根据给出的有关环境报道的新闻文本，请判断其倾向于以下哪一个维度：责任/利益、实用/理想、创新/守旧、非道德。你的回答必须只包含其中的一个维度。,反对党领袖 Keir Starmer 批评政府的经济计划只是短期的小花招和遥远的承诺，缺乏实现变革的紧迫性和规模。,创新/守旧
你是一位道德判断模型。根据给出的有关环境报道的新闻文本，请判断其倾向于以下哪一个维度：责任/利益、实用/理想、创新/守旧、非道德。你的回答必须只包含其中的一个维度。,倡导使用节能型器具，规范设置空调温度，科学优化电梯使用频次，努力实现精细用电，对用电负荷进行精细分类和分级管控，走廊、楼道等公用区域照明做到“人走灯熄”。合理控制城市景观照明。,责任/利益
你是一位道德判断模型。根据给出的有关环境报道的新闻文本，请判断其倾向于以下哪一个维度：责任/利益、实用/理想、创新/守旧、非道德。你的回答必须只包含其中的一个维度。,英国政府需要与希思罗机场合作，支持希思罗2.0的实施，加快可持续航空燃料（SAF）政策的步伐，并支持民航局做出必要的让步，以实现本计划中设定的承诺。,实用/理想
你是一位道德判断模型。根据给出的有关环境报道的新闻文本，请判断其倾向于以下哪一个维度：责任/利益、实用/理想、创新/守旧、非道德。你的回答必须只包含其中的一个维度。,云南划定生态保护红线面积 11.35 万平方千米，形成'三屏两带'基本格局，全省约 59% 的森林、42% 的灌丛、33% 的草地和 59% 的湿地等重要生态系统保护得到强化。,实用/理想
你是一位道德判断模型。根据给出的有关环境报道的新闻文本，请判断其倾向于以下哪一个维度：责任/利益、实用/理想、创新/守旧、非道德。你的回答必须只包含其中的一个维度。,要坚定维护以中共中央总书记习近平为核心的党中央权威和集中统一领导，全面贯彻中共二十大精神，紧紧围绕新时代新征程中共的中心任务开展工作。,实用/理想
你是一位道德判断模型。根据给出的有关环境报道的新闻文本，请判断其倾向于以下哪一个维度：责任/利益、实用/理想、创新/守旧、非道德。你的回答必须只包含其中的一个维度。,日前决定将境内企业境外放款的宏观审慎调节系数由 0.3 上调至 0.5。政策调整后，有利于满足企业“走出去”的资金需求，扩大人民币跨境使用，促进跨境资金双向均衡流动。,责任/利益
你是一位道德判断模型。根据给出的有关环境报道的新闻文本，请判断其倾向于以下哪一个维度：责任/利益、实用/理想、创新/守旧、非道德。你的回答必须只包含其中的一个维度。,Dow的采购主管Cathy Budd表示，通过评估和改进我们的采购实践，我们可以进一步推动向碳中性经济的转变。,创新/守旧
你是一位道德判断模型。根据给出的有关环境报道的新闻文本，请判断其倾向于以下哪一个维度：责任/利益、实用/理想、创新/守旧、非道德。你的回答必须只包含其中的一个维度。,本次绿色低碳全民行动是济南市深化低碳试点工作之一，也是践行绿色低碳高质量发展的具体体现。,创新/守旧
你是一位道德判断模型。根据给出的有关环境报道的新闻文本，请判断其倾向于以下哪一个维度：责任/利益、实用/理想、创新/守旧、非道德。你的回答必须只包含其中的一个维度。,Murdoch 的儿子 James 对父亲的新闻业务处理危机的方式感到'沮丧'，他和他的妻子 Kathryn Murdoch 对澳大利亚的新闻媒体持续否认气候变化的明显证据特别失望。,创新/守旧
你是一位道德判断模型。根据给出的有关环境报道的新闻文本，请判断其倾向于以下哪一个维度：责任/利益、实用/理想、创新/守旧、非道德。你的回答必须只包含其中的一个维度。,该公司在周一的声明中表示，公司近期的运营、内部条件和外部商业环境并未发生重大变化。,非道德
你是一位道德判断模型。根据给出的有关环境报道的新闻文本，请判断其倾向于以下哪一个维度：责任/利益、实用/理想、创新/守旧、非道德。你的回答必须只包含其中的一个维度。,亚马逊CEO安迪·贾西在二月的一份备忘录中表示，公司要求员工每周三天到办公室工作是基于疫情期间对员工工作模式的观察，认为员工在亲自工作更积极、更合作。,创新/守旧
你是一位道德判断模型。根据给出的有关环境报道的新闻文本，请判断其倾向于以下哪一个维度：责任/利益、实用/理想、创新/守旧、非道德。你的回答必须只包含其中的一个维度。,国际社会普遍认为，在全球气候治理进程的关键时刻，中国推动高质量发展、加快绿色转型的自觉行动，发挥了积极表率作用。,责任/利益
你是一位道德判断模型。根据给出的有关环境报道的新闻文本，请判断其倾向于以下哪一个维度：责任/利益、实用/理想、创新/守旧、非道德。你的回答必须只包含其中的一个维度。,荷兰著名造船商 Neptune 与 PD Ports 的技术专家合作，设计并建造了这艘符合最高环保和安全标准的疏浚船，为未来的可持续船舶建造和运营提供了新的工具。,创新/守旧
你是一位道德判断模型。根据给出的有关环境报道的新闻文本，请判断其倾向于以下哪一个维度：责任/利益、实用/理想、创新/守旧、非道德。你的回答必须只包含其中的一个维度。,广东省妇联为了进一步鼓励广大妇女为建设更高水平的科技创新强省发挥半边天作用，评选出了第十二届南粤巾帼十杰 (广东省三八红旗手标兵)，同时授予广东省三八红旗手标兵称号。,责任/利益
你是一位道德判断模型。根据给出的有关环境报道的新闻文本，请判断其倾向于以下哪一个维度：责任/利益、实用/理想、创新/守旧、非道德。你的回答必须只包含其中的一个维度。,Ibstock Futures是Ibstock新成立的一个业务部门，将专注于开发与建筑行业两大关键趋势保持一致的技术、产品和解决方案：可持续性和建筑过程的工业化。,实用/理想
你是一位道德判断模型。根据给出的有关环境报道的新闻文本，请判断其倾向于以下哪一个维度：责任/利益、实用/理想、创新/守旧、非道德。你的回答必须只包含其中的一个维度。,Nissan的“智能工厂”几乎没有人类工人，机器人负责焊接、安装、喷漆以及检查自己的喷漆工作。这项技术已经发展到了这个水平。,非道德
你是一位道德判断模型。根据给出的有关环境报道的新闻文本，请判断其倾向于以下哪一个维度：责任/利益、实用/理想、创新/守旧、非道德。你的回答必须只包含其中的一个维度。,地球是人类唯一赖以生存的家园，面对全球气候挑战，人类是一荣俱荣、一损俱损的命运共同体，没有哪个国家能独善其身。应对气候变化也是艰巨曲折的过程，世界携手同行，守望相助，一步一个脚印向前迈进，保护好我们的地球家园，推动构建人与自然生命共同体，把一个清洁美丽的世界留给子孙后代。,责任/利益
你是一位道德判断模型。根据给出的有关环境报道的新闻文本，请判断其倾向于以下哪一个维度：责任/利益、实用/理想、创新/守旧、非道德。你的回答必须只包含其中的一个维度。,Cannabrew 的 Sesh IPA 在 Untappd 上的评分一直很高，这款酒以柑橘、新鲜口感和黑加仑的基调受到啤酒爱好者的喜爱。,非道德
你是一位道德判断模型。根据给出的有关环境报道的新闻文本，请判断其倾向于以下哪一个维度：责任/利益、实用/理想、创新/守旧、非道德。你的回答必须只包含其中的一个维度。,欧洲联盟试图从美国的通胀削减法案中吸取教训，宣布了自己的绿色技术目标。,责任/利益
你是一位道德判断模型。根据给出的有关环境报道的新闻文本，请判断其倾向于以下哪一个维度：责任/利益、实用/理想、创新/守旧、非道德。你的回答必须只包含其中的一个维度。,前奥地利总理、现任Interfloat董事会主席Christian Kern对这笔交易表示欢迎。他说，在这样困难的时候，一个强大的国际伙伴将确保欧洲的清洁能源生产。,责任/利益
你是一位道德判断模型。根据给出的有关环境报道的新闻文本，请判断其倾向于以下哪一个维度：责任/利益、实用/理想、创新/守旧、非道德。你的回答必须只包含其中的一个维度。,我们前南峪下一步要更加努力把红色旅游、绿色生态游以及果品深加工产业做得更大更强，让老百姓腰包越来越鼓，幸福指数越来越高,实用/理想
你是一位道德判断模型。根据给出的有关环境报道的新闻文本，请判断其倾向于以下哪一个维度：责任/利益、实用/理想、创新/守旧、非道德。你的回答必须只包含其中的一个维度。,公共监管委员会的一名听证会考官 Ashley Schannauer 在周一公布的一份报告和建议中称，此次合并的潜在弊端大于利益,责任/利益
你是一位道德判断模型。根据给出的有关环境报道的新闻文本，请判断其倾向于以下哪一个维度：责任/利益、实用/理想、创新/守旧、非道德。你的回答必须只包含其中的一个维度。,飞利浦大中华区作为全球第二大市场，承诺以“中国力量”，专注于“健康关护”、“循环经济”和“气候行动”三大领域，践行可持续发展。他指出，伴随着中国生态文明建设的加快推进和可持续消费理念的兴起，企业开展业务时对环境造成的影响愈发受到关注。,责任/利益
你是一位道德判断模型。根据给出的有关环境报道的新闻文本，请判断其倾向于以下哪一个维度：责任/利益、实用/理想、创新/守旧、非道德。你的回答必须只包含其中的一个维度。,举行碳达峰、碳中和知识讲座，邀请企业和居民共同学习碳达峰、碳中和相关知识。市发展改革委资源节约与生态环境科科长王晓辉说，通过讲座，传播“双碳”知识，推动多个行业深度融合，也鼓励和引导大家从小事做起，用实际行动为碳达峰、碳中和作出贡献。,责任/利益
你是一位道德判断模型。根据给出的有关环境报道的新闻文本，请判断其倾向于以下哪一个维度：责任/利益、实用/理想、创新/守旧、非道德。你的回答必须只包含其中的一个维度。,在 Air Canada 的 13 年职业生涯中，Amos Kazzaz 担任了公司两个最高财务职位，为公司的整体成功做出了巨大贡献。,责任/利益
你是一位道德判断模型。根据给出的有关环境报道的新闻文本，请判断其倾向于以下哪一个维度：责任/利益、实用/理想、创新/守旧、非道德。你的回答必须只包含其中的一个维度。,丰田的GR Corolla首席工程师Naoyuki Sakamoto解释说，丰田已经针对日益严格的碳排放规定，研究了多种延长内燃机寿命的方案。,创新/守旧
你是一位道德判断模型。根据给出的有关环境报道的新闻文本，请判断其倾向于以下哪一个维度：责任/利益、实用/理想、创新/守旧、非道德。你的回答必须只包含其中的一个维度。,铁路行业协会首席执行官Darren Caplan欢迎英国首相的'大胆脱碳策略'，并表示'铁路可以在这个愿景中发挥关键作用'。,责任/利益
你是一位道德判断模型。根据给出的有关环境报道的新闻文本，请判断其倾向于以下哪一个维度：责任/利益、实用/理想、创新/守旧、非道德。你的回答必须只包含其中的一个维度。,Just Stop Oil (JSO)组织正在要求英国停止新的石油、天然气和煤炭项目。,责任/利益
你是一位道德判断模型。根据给出的有关环境报道的新闻文本，请判断其倾向于以下哪一个维度：责任/利益、实用/理想、创新/守旧、非道德。你的回答必须只包含其中的一个维度。,拜登政府试图在世界事务中发挥牵头作用，但在解决新冠疫情的态度和力度上还有待提高,实用/理想
你是一位道德判断模型。根据给出的有关环境报道的新闻文本，请判断其倾向于以下哪一个维度：责任/利益、实用/理想、创新/守旧、非道德。你的回答必须只包含其中的一个维度。,碳达峰、碳中和落实情况将纳入中央生态环境保护督察。对督察整改不到位的将紧盯不放，严查严惩弄虚作假问题。,实用/理想
你是一位道德判断模型。根据给出的有关环境报道的新闻文本，请判断其倾向于以下哪一个维度：责任/利益、实用/理想、创新/守旧、非道德。你的回答必须只包含其中的一个维度。,NCA 的可持续发展主管 Heidi Barnard 补充说：“我们为大曼彻斯特地区大约一百万人的生活提供医院和社区健康护理，并将为未来的世代继续这样做。我们的绿色计划概述了我们对应对气候变化带来的健康紧急情况的回应，并确认了我们实现 NCA 净零的坚定承诺。,创新/守旧
你是一位道德判断模型。根据给出的有关环境报道的新闻文本，请判断其倾向于以下哪一个维度：责任/利益、实用/理想、创新/守旧、非道德。你的回答必须只包含其中的一个维度。,在国务院西部地区开发领导小组统筹指导下，通过西部省区市的艰苦努力，我国西部大开发取得明显成效。,实用/理想
你是一位道德判断模型。根据给出的有关环境报道的新闻文本，请判断其倾向于以下哪一个维度：责任/利益、实用/理想、创新/守旧、非道德。你的回答必须只包含其中的一个维度。,实现'双碳'目标是推动高质量发展的必由之路。中国已经从高速增长阶段转向高质量发展阶段。要走生态优先、绿色低碳的高质量发展道路。,实用/理想
你是一位道德判断模型。根据给出的有关环境报道的新闻文本，请判断其倾向于以下哪一个维度：责任/利益、实用/理想、创新/守旧、非道德。你的回答必须只包含其中的一个维度。,让践行绿色低碳生活成为全民的自觉行动，为建设人与自然和谐共生的现代化铺就幸福底色，为建设美丽中国赢得绿色未来。,非道德
你是一位道德判断模型。根据给出的有关环境报道的新闻文本，请判断其倾向于以下哪一个维度：责任/利益、实用/理想、创新/守旧、非道德。你的回答必须只包含其中的一个维度。,国防装备和支持是国防部的采购部门，其投资反映了英国皇家空军增加使用合成训练的雄心，以实现比实地训练更低的成本、时间和可持续性优势。,实用/理想
你是一位道德判断模型。根据给出的有关环境报道的新闻文本，请判断其倾向于以下哪一个维度：责任/利益、实用/理想、创新/守旧、非道德。你的回答必须只包含其中的一个维度。,习近平希望全社会行动起来，做绿水青山就是金山银山理念的积极传播者和模范践行者，身体力行、久久为功，为共建清洁美丽世界作出更大贡献。,责任/利益
你是一位道德判断模型。根据给出的有关环境报道的新闻文本，请判断其倾向于以下哪一个维度：责任/利益、实用/理想、创新/守旧、非道德。你的回答必须只包含其中的一个维度。,我们不愿看到地球气温升高，但非常希望看到中美合作‘升温’。”中国驻美大使秦刚 6 日在华盛顿表示，近半个世纪以来，中美经贸关系是两国关系的压舱石和推进器。我们绝不能使压舱石减少分量，让推进器失去动力，而是要加力赋能，推动中美关系这艘巨轮不偏向、不失速，穿越风雨，一路向前。,责任/利益
你是一位道德判断模型。根据给出的有关环境报道的新闻文本，请判断其倾向于以下哪一个维度：责任/利益、实用/理想、创新/守旧、非道德。你的回答必须只包含其中的一个维度。,党的十八大以来，以习近平同志为核心的党中央把生态文明建设作为关系中华民族永续发展的根本大计，开展了一系列开创性工作，决心之大、力度之大、成效之大前所未有，生态文明建设的成就举世瞩目，成为新时代党和国家事业取得历史性成就、发生历史性变革的显著标志。新时代新征程，要深入学习贯彻习近平生态文明思想，把建设美丽中国摆在强国建设、民族复兴的突出位置，以高品质生态环境支撑高质量发展，加快推进人与自然和谐共生的现代化。,责任/利益
你是一位道德判断模型。根据给出的有关环境报道的新闻文本，请判断其倾向于以下哪一个维度：责任/利益、实用/理想、创新/守旧、非道德。你的回答必须只包含其中的一个维度。,全球政府已经意识到，他们不能再过于依赖外部能源来源，因为预计未来20年全球能源需求将急剧上升。,实用/理想
你是一位道德判断模型。根据给出的有关环境报道的新闻文本，请判断其倾向于以下哪一个维度：责任/利益、实用/理想、创新/守旧、非道德。你的回答必须只包含其中的一个维度。,该平台为环境、能源和金融项目提供分析工具，帮助用户量化风险，降低战略风险。,创新/守旧
你是一位道德判断模型。根据给出的有关环境报道的新闻文本，请判断其倾向于以下哪一个维度：责任/利益、实用/理想、创新/守旧、非道德。你的回答必须只包含其中的一个维度。,Saudi Aramco 与欧洲和美国超级巨头合作，开始减少自身运营的排放，呼声越来越高，要求最大的污染者采取行动应对气候变化。,责任/利益
你是一位道德判断模型。根据给出的有关环境报道的新闻文本，请判断其倾向于以下哪一个维度：责任/利益、实用/理想、创新/守旧、非道德。你的回答必须只包含其中的一个维度。,邱碧华女士在任职期间，勤勉敬业，恪尽职守，在公司信息披露及管理和维护投资者关系等方面发挥了积极作用,责任/利益
你是一位道德判断模型。根据给出的有关环境报道的新闻文本，请判断其倾向于以下哪一个维度：责任/利益、实用/理想、创新/守旧、非道德。你的回答必须只包含其中的一个维度。,要做好社会事业发展、疫情防控等各方面工作，不断增强人民群众的获得感、幸福感、安全感。,责任/利益
你是一位道德判断模型。根据给出的有关环境报道的新闻文本，请判断其倾向于以下哪一个维度：责任/利益、实用/理想、创新/守旧、非道德。你的回答必须只包含其中的一个维度。,近日，生态环境部联合最高法、最高检和科技部、公安部等 11 个相关部门共 14 家单位印发了《生态环境损害赔偿管理规定》，意味着生态环境损害赔偿制度再度升级，加强生态环境执法和狠抓生态环境赔偿有了更明确的具体依据和更精准的尺度。,实用/理想
你是一位道德判断模型。根据给出的有关环境报道的新闻文本，请判断其倾向于以下哪一个维度：责任/利益、实用/理想、创新/守旧、非道德。你的回答必须只包含其中的一个维度。,Macron在总统竞选活动中提出了他的总统项目，包括启动三个重大项目：学校、卫生和我们的制度，并实施和让公民参与公共决策。,实用/理想
你是一位道德判断模型。根据给出的有关环境报道的新闻文本，请判断其倾向于以下哪一个维度：责任/利益、实用/理想、创新/守旧、非道德。你的回答必须只包含其中的一个维度。,欧洲理事会主席米歇尔表示，欧盟国家承诺，到 2030 年将实现碳排放比 1990 年水平降低 55%，未来数年将拿出约 300 亿欧元以实现这一目标。,实用/理想
你是一位道德判断模型。根据给出的有关环境报道的新闻文本，请判断其倾向于以下哪一个维度：责任/利益、实用/理想、创新/守旧、非道德。你的回答必须只包含其中的一个维度。,在全国第 33 个节能宣传周期间，明光市发改委等 17 个单位的志愿者一起，走上街头、走进人群，通过发放宣传资料、展板展示、现场讲解等方式，宣传节能降碳理念，引导大家从身边小事做起，为践行“双碳”战略作出贡献。,责任/利益
你是一位道德判断模型。根据给出的有关环境报道的新闻文本，请判断其倾向于以下哪一个维度：责任/利益、实用/理想、创新/守旧、非道德。你的回答必须只包含其中的一个维度。,以经济社会发展全面绿色转型为引领，以能源绿色低碳发展为关键，加快形成节约资源和保护环境的产业结构、生产方式、生活方式、空间格局,创新/守旧
你是一位道德判断模型。根据给出的有关环境报道的新闻文本，请判断其倾向于以下哪一个维度：责任/利益、实用/理想、创新/守旧、非道德。你的回答必须只包含其中的一个维度。,197 个国家，代表了地球上绝大多数的人口、经济和生态系统，承诺到 2050 年实现净零碳排放。,责任/利益
你是一位道德判断模型。根据给出的有关环境报道的新闻文本，请判断其倾向于以下哪一个维度：责任/利益、实用/理想、创新/守旧、非道德。你的回答必须只包含其中的一个维度。,本次绿色低碳全民行动是济南市深化低碳试点工作之一，也是践行绿色低碳高质量发展的具体体现。,创新/守旧
你是一位道德判断模型。根据给出的有关环境报道的新闻文本，请判断其倾向于以下哪一个维度：责任/利益、实用/理想、创新/守旧、非道德。你的回答必须只包含其中的一个维度。,绿党议员 Caroline Lucas 警告说，支持化石燃料的小部分保守党人可能会在所有党派中想要立即采取气候行动的大多数议员面前获胜。,责任/利益
你是一位道德判断模型。根据给出的有关环境报道的新闻文本，请判断其倾向于以下哪一个维度：责任/利益、实用/理想、创新/守旧、非道德。你的回答必须只包含其中的一个维度。,国网能源和丰煤电有限公司夏孜盖 30 万千瓦光伏发电项目开工，是公司党委认真贯彻落实习近平总书记关于碳达峰，碳中和的重要指示批示精神，助力塔城地区重点开发开放试验区及和丰工业园区建设的重要举措。,责任/利益
你是一位道德判断模型。根据给出的有关环境报道的新闻文本，请判断其倾向于以下哪一个维度：责任/利益、实用/理想、创新/守旧、非道德。你的回答必须只包含其中的一个维度。,中共一大代表王尽美的后人、81 岁的浙江大学关工委副主任王明华教授，认真聆听总书记的报告后，拿出自己孩童时期与母亲的一张合照感慨道：“那时的中国积贫积弱，今天我们能过上幸福生活，关键在于党的领导。党的二十大报告提出了一系列新思路、新战略、新举措，我要把这些重要内容融入宣讲中，引导同学们赓续红色血脉、厚植家国情怀，肩负起新时代赋予的历史使命。”,创新/守旧
你是一位道德判断模型。根据给出的有关环境报道的新闻文本，请判断其倾向于以下哪一个维度：责任/利益、实用/理想、创新/守旧、非道德。你的回答必须只包含其中的一个维度。,农业银行将环境和社会风险纳入全面风险管理体系，将绿色发展要求落实到调查、审查、贷后管理等业务各环节，持续完善气候风险管理工具和模式。,责任/利益
你是一位道德判断模型。根据给出的有关环境报道的新闻文本，请判断其倾向于以下哪一个维度：责任/利益、实用/理想、创新/守旧、非道德。你的回答必须只包含其中的一个维度。,空气质量专家，警告说忽视室内空气质量问题将导致不良后果，并强调正确的通风系统安装的重要性,实用/理想
你是一位道德判断模型。根据给出的有关环境报道的新闻文本，请判断其倾向于以下哪一个维度：责任/利益、实用/理想、创新/守旧、非道德。你的回答必须只包含其中的一个维度。,Azets为企业提供绿色科技私募股权投资服务，帮助企业解决绿色科技方面的问题。,责任/利益
你是一位道德判断模型。根据给出的有关环境报道的新闻文本，请判断其倾向于以下哪一个维度：责任/利益、实用/理想、创新/守旧、非道德。你的回答必须只包含其中的一个维度。,英国政府被要求在十年内投入巨资，实施一项十年的“投资战略”，以实现英国经济的脱碳和消除不平等。,责任/利益
你是一位道德判断模型。根据给出的有关环境报道的新闻文本，请判断其倾向于以下哪一个维度：责任/利益、实用/理想、创新/守旧、非道德。你的回答必须只包含其中的一个维度。,约翰逊在周一表示，印度将在 2070 年达到净零碳排放，比科学家认为的需要晚二十年。,实用/理想
你是一位道德判断模型。根据给出的有关环境报道的新闻文本，请判断其倾向于以下哪一个维度：责任/利益、实用/理想、创新/守旧、非道德。你的回答必须只包含其中的一个维度。,中国政府欧洲事务特别代表吴红波援引联合国秘书长古特雷斯近日表态并介绍说，中国率先实现联合国千年发展目标，提前 10 年实现联合国 2030 年可持续发展议程减贫目标。,责任/利益
你是一位道德判断模型。根据给出的有关环境报道的新闻文本，请判断其倾向于以下哪一个维度：责任/利益、实用/理想、创新/守旧、非道德。你的回答必须只包含其中的一个维度。,为助力国家在 2030 年前实现碳达峰、2060 年前实现碳中和，林草局除了要实现森林蓄积量 2030 年比 2005 年增加 60 亿立方米的目标外，还要扎实开展林业和草原碳汇行动，持续巩固提升林草生态系统碳汇能力，并重点在六个方面开展工作。,责任/利益
你是一位道德判断模型。根据给出的有关环境报道的新闻文本，请判断其倾向于以下哪一个维度：责任/利益、实用/理想、创新/守旧、非道德。你的回答必须只包含其中的一个维度。,环保组织在最近几天敦促拜登不要选择前奥巴马能源部长 Ernest Moniz 领导能源部，部分因为他曾经为英国石油公司工作。,责任/利益
你是一位道德判断模型。根据给出的有关环境报道的新闻文本，请判断其倾向于以下哪一个维度：责任/利益、实用/理想、创新/守旧、非道德。你的回答必须只包含其中的一个维度。,"中国碳排放强度比 2005 年下降 48.4%,超额完成向国际社会承诺的下降 40%―45% 的目标",责任/利益
你是一位道德判断模型。根据给出的有关环境报道的新闻文本，请判断其倾向于以下哪一个维度：责任/利益、实用/理想、创新/守旧、非道德。你的回答必须只包含其中的一个维度。,伦敦大学学院的气候学教授Mark Maslin告诉《独立报》，英国是抗击气候变化的领先国家，我们必须采纳2030年实现零碳排放的目标。这将给我们10年的时间来实施既减少碳排放又节省资金，使英国成为一个更好、更清洁的居住地。,创新/守旧
你是一位道德判断模型。根据给出的有关环境报道的新闻文本，请判断其倾向于以下哪一个维度：责任/利益、实用/理想、创新/守旧、非道德。你的回答必须只包含其中的一个维度。,Daimler Commercial Vehicles MENA的总裁兼首席执行官Kay-Wolf Ahlden表示：“今天，我们庆祝一个突破性的合作，体现了我们共同致力于更绿色、更可持续未来的DHL、Daimler Commercial Vehicles MENA、Emirates Motor Company – Commercial Vehicles (EMC CV)和Al Safa。DHL作为MENA地区首个采用我们梅赛德斯-奔驰eActros 300拖车的客户，为我们树立了一个强大的榜样，证明零排放运输解决方案是可行的。这个全电动奇迹，配备我们尖端的eAxle技术和两个集成式电动机，具有强大的动力和效率。40吨的总组合重量证明，重型分销运输可以在不牺牲性能的情况下实现环保。,责任/利益
你是一位道德判断模型。根据给出的有关环境报道的新闻文本，请判断其倾向于以下哪一个维度：责任/利益、实用/理想、创新/守旧、非道德。你的回答必须只包含其中的一个维度。,联合国秘书长古特雷斯在 3 月疫情爆发后呼吁战斗各方放下武器。他在 10 月 24 日的联合国日致辞中表示，我们今天的世界有一个共同的敌人：COVID-19。现在正是加大和平推动力度，实现全球停火的时候。我们也必须与我们的星球实现和平，动员整个世界在 2050 年前实现碳中性，实现温室气体净零排放。,责任/利益
你是一位道德判断模型。根据给出的有关环境报道的新闻文本，请判断其倾向于以下哪一个维度：责任/利益、实用/理想、创新/守旧、非道德。你的回答必须只包含其中的一个维度。,在气候变化挑战面前，人类命运与共，单边主义没有出路。我们只有坚持多边主义，讲团结、促合作，才能互利共赢，福泽各国人民。各方应该共同提振雄心，形成各尽所能的气候治理新体系。,责任/利益
你是一位道德判断模型。根据给出的有关环境报道的新闻文本，请判断其倾向于以下哪一个维度：责任/利益、实用/理想、创新/守旧、非道德。你的回答必须只包含其中的一个维度。,ACA 认证是目前唯一获得国际机场协会认可的机场碳管理认证标准，其目标是减少机场运营过程中的碳排放，最终实现碳中和。,非道德
你是一位道德判断模型。根据给出的有关环境报道的新闻文本，请判断其倾向于以下哪一个维度：责任/利益、实用/理想、创新/守旧、非道德。你的回答必须只包含其中的一个维度。,绿色和平组织的中国分析师李硕表示，中国在巴黎协定下的减排目标是一个逐步向正确方向发展的步骤，但需要做更多的工作来调整近期的行动和中国无碳的愿景。,责任/利益
你是一位道德判断模型。根据给出的有关环境报道的新闻文本，请判断其倾向于以下哪一个维度：责任/利益、实用/理想、创新/守旧、非道德。你的回答必须只包含其中的一个维度。,供应商可通过登陆华晟（广东）招标采购有限公司官网（www.gdhsbc.com）下载文件售卖/领购登记表，进行信息填写后打印《采购文件售卖/领购登记表》盖章后发送至邮箱 87700525@qq.com，进行线上缴纳标书款，并获取文件。,非道德
你是一位道德判断模型。根据给出的有关环境报道的新闻文本，请判断其倾向于以下哪一个维度：责任/利益、实用/理想、创新/守旧、非道德。你的回答必须只包含其中的一个维度。,为满足市场和消费者需求，公司通过技术创新，实现了人造草坪 100% 可回收降解。,创新/守旧
你是一位道德判断模型。根据给出的有关环境报道的新闻文本，请判断其倾向于以下哪一个维度：责任/利益、实用/理想、创新/守旧、非道德。你的回答必须只包含其中的一个维度。,消费者可以通过碳足迹标签在购物时选择不增加全球变暖的产品。,实用/理想
你是一位道德判断模型。根据给出的有关环境报道的新闻文本，请判断其倾向于以下哪一个维度：责任/利益、实用/理想、创新/守旧、非道德。你的回答必须只包含其中的一个维度。,世界卫生组织表示，Omicron变种'很可能'已经传播到世界其他地区，目前还不清楚当前的疫苗对英国人保护的效果如何。,责任/利益
你是一位道德判断模型。根据给出的有关环境报道的新闻文本，请判断其倾向于以下哪一个维度：责任/利益、实用/理想、创新/守旧、非道德。你的回答必须只包含其中的一个维度。,王捷、张威加、周全、顾卫钢、王宗辉、杨正权等 6 名青年校友代表发起倡议，将未来公司上市后属于个人的 1% 股权捐赠给学校，为母校“1-10-100”愿景贡献青年力量,责任/利益
你是一位道德判断模型。根据给出的有关环境报道的新闻文本，请判断其倾向于以下哪一个维度：责任/利益、实用/理想、创新/守旧、非道德。你的回答必须只包含其中的一个维度。,Gecina的副首席执行官尼古拉斯·杜特雷耶表示，'当你是单A评级时，获得流动性的难度要比三B或双B评级小得多，这与可持续性完全相同。',责任/利益
你是一位道德判断模型。根据给出的有关环境报道的新闻文本，请判断其倾向于以下哪一个维度：责任/利益、实用/理想、创新/守旧、非道德。你的回答必须只包含其中的一个维度。,绿色低碳成为时尚。编制碳达峰、碳中和行动方案，太阳能光伏发电、风力发电等绿色综合能源基地建设稳步推进，1 月至 5 月份，新能源发电企业年发电量达 112399 万度，占全县 1 月至 5 月份累计用电量的 37.9%。大力推进不锈钢、再生纸等重点行业节能改造，建成省级绿色工厂 2 家、全流程清洁生产企业 11 家。,创新/守旧
你是一位道德判断模型。根据给出的有关环境报道的新闻文本，请判断其倾向于以下哪一个维度：责任/利益、实用/理想、创新/守旧、非道德。你的回答必须只包含其中的一个维度。,在新一轮的行业洗牌过程中，大将军瓷砖通过产业优势和资源优势的重组，加快扩张的步伐，凸显强者恒强的态势。,创新/守旧
你是一位道德判断模型。根据给出的有关环境报道的新闻文本，请判断其倾向于以下哪一个维度：责任/利益、实用/理想、创新/守旧、非道德。你的回答必须只包含其中的一个维度。,作为新国品的代表，海信中央空调始终秉承‘绿色科技’创新精神，深耕产品技术研发，以高品质的创新产品和服务，为绿色建筑添砖加瓦，努力为国民创造更加美好的生活环境。,创新/守旧
你是一位道德判断模型。根据给出的有关环境报道的新闻文本，请判断其倾向于以下哪一个维度：责任/利益、实用/理想、创新/守旧、非道德。你的回答必须只包含其中的一个维度。,Amazon Employees for Climate Justice 是一个由关注气候变化和雇主作用的员工组成的团体，他们开始推动公司做出更多改变，包括组织罢工。,实用/理想
你是一位道德判断模型。根据给出的有关环境报道的新闻文本，请判断其倾向于以下哪一个维度：责任/利益、实用/理想、创新/守旧、非道德。你的回答必须只包含其中的一个维度。,联合国报告指出，2019年全球电子废物产生量达到创纪录的5360万吨，比2014年增长超过五分之一。,非道德
你是一位道德判断模型。根据给出的有关环境报道的新闻文本，请判断其倾向于以下哪一个维度：责任/利益、实用/理想、创新/守旧、非道德。你的回答必须只包含其中的一个维度。,中国已经与35个国家签署了38项气候变化合作协议，并帮助培训了来自120个发展中国家的2000名官员和技术人员。,责任/利益
你是一位道德判断模型。根据给出的有关环境报道的新闻文本，请判断其倾向于以下哪一个维度：责任/利益、实用/理想、创新/守旧、非道德。你的回答必须只包含其中的一个维度。,新爱迪生学者 Jackie Li 表示：“我想为环境做点什么，让世界变得更美好，并对未来产生影响。”,责任/利益
你是一位道德判断模型。根据给出的有关环境报道的新闻文本，请判断其倾向于以下哪一个维度：责任/利益、实用/理想、创新/守旧、非道德。你的回答必须只包含其中的一个维度。,该协会参与了全球木质宣言的制定，与欧洲木材行业以及加拿大、美国、新西兰和澳大利亚的同事们共同推动木质材料在建筑和翻新中的更广泛应用。,创新/守旧
你是一位道德判断模型。根据给出的有关环境报道的新闻文本，请判断其倾向于以下哪一个维度：责任/利益、实用/理想、创新/守旧、非道德。你的回答必须只包含其中的一个维度。,该部门制定能效项目和节能激励政策，规定参与企业必须配备注册能源管理师，推动注册能源管理师项目的实施,责任/利益
你是一位道德判断模型。根据给出的有关环境报道的新闻文本，请判断其倾向于以下哪一个维度：责任/利益、实用/理想、创新/守旧、非道德。你的回答必须只包含其中的一个维度。,超过 30 家金融机构承诺解决农业商品驱动的森林砍伐问题，并帮助推动可持续生产和基于自然的气候解决方案。,责任/利益
你是一位道德判断模型。根据给出的有关环境报道的新闻文本，请判断其倾向于以下哪一个维度：责任/利益、实用/理想、创新/守旧、非道德。你的回答必须只包含其中的一个维度。,国际社会普遍认为，在全球气候治理进程的关键时刻，中国推动高质量发展、加快绿色转型的自觉行动，发挥了积极表率作用。,责任/利益
你是一位道德判断模型。根据给出的有关环境报道的新闻文本，请判断其倾向于以下哪一个维度：责任/利益、实用/理想、创新/守旧、非道德。你的回答必须只包含其中的一个维度。,首批 19 家电力企业纳入全国碳市场交易，张掖、平凉迈出实质性步伐。,实用/理想
你是一位道德判断模型。根据给出的有关环境报道的新闻文本，请判断其倾向于以下哪一个维度：责任/利益、实用/理想、创新/守旧、非道德。你的回答必须只包含其中的一个维度。,生态环境部部长黄润秋表示，推动制定 2030 年前碳排放达峰行动方案，稳步推行碳强度和总量‘双控’制度，支持有条件的地方和重点行业、重点企业率先达峰。,责任/利益
你是一位道德判断模型。根据给出的有关环境报道的新闻文本，请判断其倾向于以下哪一个维度：责任/利益、实用/理想、创新/守旧、非道德。你的回答必须只包含其中的一个维度。,Aly Merritt 表示，选择与 APG 合作是因为他们不仅在脱碳方面有实践经验，而且真正热爱创建长期可持续的创新办公环境。,实用/理想
你是一位道德判断模型。根据给出的有关环境报道的新闻文本，请判断其倾向于以下哪一个维度：责任/利益、实用/理想、创新/守旧、非道德。你的回答必须只包含其中的一个维度。,习近平总书记作出重要指示强调，希望全社会行动起来，做绿水青山就是金山银山理念的积极传播者和模范践行者，身体力行、久久为功，为共建清洁美丽世界作出更大贡献。近年来，南京深入践行“两山”理念，精心呵护“山水城林”一体的生态格局，持续修复长江生态，扎实推进绿色低碳发展，一幅美丽南京的壮美画卷正徐徐展开,实用/理想
你是一位道德判断模型。根据给出的有关环境报道的新闻文本，请判断其倾向于以下哪一个维度：责任/利益、实用/理想、创新/守旧、非道德。你的回答必须只包含其中的一个维度。,挪威是航空业应对气候变化的前沿国家，Avinor 是推动这项环保工作的主要力量。,责任/利益
你是一位道德判断模型。根据给出的有关环境报道的新闻文本，请判断其倾向于以下哪一个维度：责任/利益、实用/理想、创新/守旧、非道德。你的回答必须只包含其中的一个维度。,中方欢迎各国支持《巴黎协定》、为应对气候变化作出更大贡献。,责任/利益
你是一位道德判断模型。根据给出的有关环境报道的新闻文本，请判断其倾向于以下哪一个维度：责任/利益、实用/理想、创新/守旧、非道德。你的回答必须只包含其中的一个维度。,如果实现碳中性目标，需要更雄心勃勃的目标。Michigan 的建筑物老旧，导致 Michiganders 在冬季居住寒冷的房屋，取暖费用高企。,创新/守旧
你是一位道德判断模型。根据给出的有关环境报道的新闻文本，请判断其倾向于以下哪一个维度：责任/利益、实用/理想、创新/守旧、非道德。你的回答必须只包含其中的一个维度。,德国拟修改法律草案，取消其中涉及的“在 2035 年之前能源行业实现碳中和”的气候目标，这一修改已经在德国的下议院获得通过。,创新/守旧
你是一位道德判断模型。根据给出的有关环境报道的新闻文本，请判断其倾向于以下哪一个维度：责任/利益、实用/理想、创新/守旧、非道德。你的回答必须只包含其中的一个维度。,射阳港电厂 2×100 万千瓦项目的建设，对优化全省能源产业布局，促进盐城新能源产业发展，对徐矿集团和国信集团实现共建共赢，意义重大。,责任/利益
你是一位道德判断模型。根据给出的有关环境报道的新闻文本，请判断其倾向于以下哪一个维度：责任/利益、实用/理想、创新/守旧、非道德。你的回答必须只包含其中的一个维度。,拜登提倡多边主义的外交策略，强调国际合作，贸易政策则以全球化和自由贸易为主。他认为透过贸易规范、结合欧亚盟国势力、重启讨论 TPP 才能制衡中国。,责任/利益
你是一位道德判断模型。根据给出的有关环境报道的新闻文本，请判断其倾向于以下哪一个维度：责任/利益、实用/理想、创新/守旧、非道德。你的回答必须只包含其中的一个维度。,撤销了在 2035 年之前，能源行业实现温室气体排放中和的法案,实用/理想
你是一位道德判断模型。根据给出的有关环境报道的新闻文本，请判断其倾向于以下哪一个维度：责任/利益、实用/理想、创新/守旧、非道德。你的回答必须只包含其中的一个维度。,泉州市发改委有关负责人表示，通过细化落实'三线一单'在空间布局、污染物排放、环境风险防控、资源开发利用等方面相应的管控要求，近年来，泉州有效引导产业园区科学招商引资、淘汰落后产能、落实环保措施。,责任/利益
你是一位道德判断模型。根据给出的有关环境报道的新闻文本，请判断其倾向于以下哪一个维度：责任/利益、实用/理想、创新/守旧、非道德。你的回答必须只包含其中的一个维度。,去年 8 月，RSK 集团签署了一项 10 亿英镑的贷款，利率与公司在碳减排、道德和健康安全方面的可持续性目标进展挂钩。,实用/理想
你是一位道德判断模型。根据给出的有关环境报道的新闻文本，请判断其倾向于以下哪一个维度：责任/利益、实用/理想、创新/守旧、非道德。你的回答必须只包含其中的一个维度。,胡五岳要求，要深化标本兼治，推动绿色发展。把中央环保督察整改作为重要契机，坚持不懈推动绿色低碳发展，抓紧研究制定碳达峰、碳中和方案，促进生态环境持续改善。,实用/理想
你是一位道德判断模型。根据给出的有关环境报道的新闻文本，请判断其倾向于以下哪一个维度：责任/利益、实用/理想、创新/守旧、非道德。你的回答必须只包含其中的一个维度。,习近平希望全社会行动起来，做绿水青山就是金山银山理念的积极传播者和模范践行者，身体力行、久久为功，为共建清洁美丽世界作出更大贡献。,实用/理想
你是一位道德判断模型。根据给出的有关环境报道的新闻文本，请判断其倾向于以下哪一个维度：责任/利益、实用/理想、创新/守旧、非道德。你的回答必须只包含其中的一个维度。,尽管没有达成自由贸易协定，但双方在其他许多领域的合作机会依然存在。,非道德
你是一位道德判断模型。根据给出的有关环境报道的新闻文本，请判断其倾向于以下哪一个维度：责任/利益、实用/理想、创新/守旧、非道德。你的回答必须只包含其中的一个维度。,志愿者们一边沿着公园绿道徒步捡拾垃圾，一边接受专家的关于红树林湿地生态的科普讲解，认识保护红树林具有维护生物多样性、发展生态旅游经济、助力碳中和、传播湛江城市形象与精神文化等多重价值和意义。,责任/利益
你是一位道德判断模型。根据给出的有关环境报道的新闻文本，请判断其倾向于以下哪一个维度：责任/利益、实用/理想、创新/守旧、非道德。你的回答必须只包含其中的一个维度。,英国将跌落到经合组织资本投资税收体系的 30 位，接近垫底，与墨西哥和希腊相当。边际有效税率——这才是关键——将大幅上升。,实用/理想
你是一位道德判断模型。根据给出的有关环境报道的新闻文本，请判断其倾向于以下哪一个维度：责任/利益、实用/理想、创新/守旧、非道德。你的回答必须只包含其中的一个维度。,广泛开展节能降碳宣传教育，大力倡导绿色低碳生产生活方式，对推进碳达峰碳中和、促进高质量发展具有重要意义。,实用/理想
你是一位道德判断模型。根据给出的有关环境报道的新闻文本，请判断其倾向于以下哪一个维度：责任/利益、实用/理想、创新/守旧、非道德。你的回答必须只包含其中的一个维度。,我们非常自豪地推出我们的新燃料模型，我们认为这是数字化的一个关键下一步。通过结合我们可用的最佳和最广泛的数据，我们创建了一个模型，可以为全球舰队中任何交易的船舶生成准确且快速的燃料消耗预测。这个新模型将从我们的平台生成更强大的优化，但更重要的是，还将使 ZeroNorth 能够为行业的脱碳做出更大的贡献。,创新/守旧
你是一位道德判断模型。根据给出的有关环境报道的新闻文本，请判断其倾向于以下哪一个维度：责任/利益、实用/理想、创新/守旧、非道德。你的回答必须只包含其中的一个维度。,省内以太坊和比特币‘挖矿’较多的地市有苏州、徐州、南京。从 IP 地址归属和性质看，归属党政机关、高校、企业被入侵利用开展虚拟货币‘挖矿’行为的占比约 21%。,责任/利益
你是一位道德判断模型。根据给出的有关环境报道的新闻文本，请判断其倾向于以下哪一个维度：责任/利益、实用/理想、创新/守旧、非道德。你的回答必须只包含其中的一个维度。,数据显示，超过 730 万企业主表示，由于缺乏政府支持，他们的企业生存受到威胁。,责任/利益
你是一位道德判断模型。根据给出的有关环境报道的新闻文本，请判断其倾向于以下哪一个维度：责任/利益、实用/理想、创新/守旧、非道德。你的回答必须只包含其中的一个维度。,本周，Michael Gove 批准了 30 年来英国首个新的煤矿项目，引发了争议。,实用/理想
你是一位道德判断模型。根据给出的有关环境报道的新闻文本，请判断其倾向于以下哪一个维度：责任/利益、实用/理想、创新/守旧、非道德。你的回答必须只包含其中的一个维度。,一些地方在盲目上马“两高”项目方面冲动还很强烈，有大上、快上、抢上、乱上的势头，必须坚决遏制。,实用/理想
你是一位道德判断模型。根据给出的有关环境报道的新闻文本，请判断其倾向于以下哪一个维度：责任/利益、实用/理想、创新/守旧、非道德。你的回答必须只包含其中的一个维度。,Bhutan政府表示，增加的发展费将用于抵消旅游业的碳足迹，改善碳中和基础设施，提高旅游行业工人的技能，支持该国从大流行病中恢复。,实用/理想
你是一位道德判断模型。根据给出的有关环境报道的新闻文本，请判断其倾向于以下哪一个维度：责任/利益、实用/理想、创新/守旧、非道德。你的回答必须只包含其中的一个维度。,1% For The Planet的CEO Kate Williams表示，我们的会员企业正在为增加捐赠和支持地面行动做出重要工作。,责任/利益
你是一位道德判断模型。根据给出的有关环境报道的新闻文本，请判断其倾向于以下哪一个维度：责任/利益、实用/理想、创新/守旧、非道德。你的回答必须只包含其中的一个维度。,马克龙说，法方欢迎中方宣布力争于 2060 年前实现碳中和，这一重大承诺体现了中方主动承担重要责任。,实用/理想
你是一位道德判断模型。根据给出的有关环境报道的新闻文本，请判断其倾向于以下哪一个维度：责任/利益、实用/理想、创新/守旧、非道德。你的回答必须只包含其中的一个维度。,Martin de Fleurian是House of Greenland的CEO，他表示，与SolarPower Europe和Google合作开发激励下一代太阳能工人的内容套装是一次非常有益的经历。,实用/理想
你是一位道德判断模型。根据给出的有关环境报道的新闻文本，请判断其倾向于以下哪一个维度：责任/利益、实用/理想、创新/守旧、非道德。你的回答必须只包含其中的一个维度。,大兴区副区长翟杨表示，近年来，大兴区生态环境质量改善显著，生态环境综合执法成绩突出。,实用/理想
你是一位道德判断模型。根据给出的有关环境报道的新闻文本，请判断其倾向于以下哪一个维度：责任/利益、实用/理想、创新/守旧、非道德。你的回答必须只包含其中的一个维度。,该自行车行业协会发布了国际感知调查报告，揭示了行业内广泛存在的不公平待遇和骚扰现象，并提倡积极改变，引领包容和反歧视的行业文化。,责任/利益
你是一位道德判断模型。根据给出的有关环境报道的新闻文本，请判断其倾向于以下哪一个维度：责任/利益、实用/理想、创新/守旧、非道德。你的回答必须只包含其中的一个维度。,"英国首相鲍里斯·约翰逊公布了英国的“绿色工业革命”十点计划，称这将创造250,000个新的就业机会。该计划涉及在电动汽车、核能和氢能源方面的新承诺。",实用/理想
你是一位道德判断模型。根据给出的有关环境报道的新闻文本，请判断其倾向于以下哪一个维度：责任/利益、实用/理想、创新/守旧、非道德。你的回答必须只包含其中的一个维度。,此外，哈啰深知，车辆的生产制造环节还有很大的减排空间，因而在减碳事业上必须与产业生态伙伴们携手同行。2020 年 11 月，哈啰面向近 400 家合作企业发起了'绿色质造公约'，之后又于 2021 年 3 月在共享出行行业内发布首份碳中和倡议书，呼吁全行业推动绿色发展、促进资源节约与高效利用。,实用/理想
你是一位道德判断模型。根据给出的有关环境报道的新闻文本，请判断其倾向于以下哪一个维度：责任/利益、实用/理想、创新/守旧、非道德。你的回答必须只包含其中的一个维度。,"Due to those noises, supersonic travel over land has been banned in the U.S. since the ’70s, which means the jets can only fly transoceanic routes — another major market limitation.",责任/利益
你是一位道德判断模型。根据给出的有关环境报道的新闻文本，请判断其倾向于以下哪一个维度：责任/利益、实用/理想、创新/守旧、非道德。你的回答必须只包含其中的一个维度。,担心碳信用额的狭隘视角可能与木材生产的机会相矛盾，而不是获得彼此的利益,责任/利益
你是一位道德判断模型。根据给出的有关环境报道的新闻文本，请判断其倾向于以下哪一个维度：责任/利益、实用/理想、创新/守旧、非道德。你的回答必须只包含其中的一个维度。,中南建设始终不忘向社会传递爱心与温暖，在捐资助学、抗震救灾、扶贫帮困、家乡公益等方面，累计捐赠超过 10 亿元。,责任/利益
你是一位道德判断模型。根据给出的有关环境报道的新闻文本，请判断其倾向于以下哪一个维度：责任/利益、实用/理想、创新/守旧、非道德。你的回答必须只包含其中的一个维度。,中德两国应紧抓机遇、携手同行，不断推动产业合作提质升级，共同促进新能源汽车创新发展成果惠及两国民众，为全球汽车产业低碳治理作出应有贡献。,责任/利益
你是一位道德判断模型。根据给出的有关环境报道的新闻文本，请判断其倾向于以下哪一个维度：责任/利益、实用/理想、创新/守旧、非道德。你的回答必须只包含其中的一个维度。,Whitehouse 表示，他认为碳税是不可避免的，并将为碳捕获设施提供资金，而不会将负担放在用户或电厂身上，使它们更具竞争力。税收还将帮助为有强烈化石燃料投资的社区和化石燃料行业提供“明智的过渡”。,实用/理想
你是一位道德判断模型。根据给出的有关环境报道的新闻文本，请判断其倾向于以下哪一个维度：责任/利益、实用/理想、创新/守旧、非道德。你的回答必须只包含其中的一个维度。,宜家集团等品牌也参加了在联合国举行的panel讨论，还有更多的品牌将在亚马逊等企业的努力下，采取更多的可持续发展的行动。,责任/利益
你是一位道德判断模型。根据给出的有关环境报道的新闻文本，请判断其倾向于以下哪一个维度：责任/利益、实用/理想、创新/守旧、非道德。你的回答必须只包含其中的一个维度。,英国政府发布《热力和建筑战略》，计划通过市场机制推动建筑行业实现零碳排放，设立热泵销售目标,非道德
你是一位道德判断模型。根据给出的有关环境报道的新闻文本，请判断其倾向于以下哪一个维度：责任/利益、实用/理想、创新/守旧、非道德。你的回答必须只包含其中的一个维度。,福永街道举行工业园区供电环境综合改造升级企业终端协议集中签约仪式，实现 34 个工业园区全部实现'抄表到户'，助企纾困，推动企业、产业绿色高质量发展。,实用/理想
你是一位道德判断模型。根据给出的有关环境报道的新闻文本，请判断其倾向于以下哪一个维度：责任/利益、实用/理想、创新/守旧、非道德。你的回答必须只包含其中的一个维度。,感谢日本政府召集这次会议，探讨如何从 COVID-19 大流行中实现可持续的复苏，以及小泉大臣在气候问题上的辛勤工作。,责任/利益
你是一位道德判断模型。根据给出的有关环境报道的新闻文本，请判断其倾向于以下哪一个维度：责任/利益、实用/理想、创新/守旧、非道德。你的回答必须只包含其中的一个维度。,将把推动世贸组织改革视作优先事项，包括敦促世贸组织各成员在贸易和气候变化领域做出更大承诺，为数字贸易制定新规则，加大应对不公平竞争力度，恢复世贸组织争端解决机制。,责任/利益
你是一位道德判断模型。根据给出的有关环境报道的新闻文本，请判断其倾向于以下哪一个维度：责任/利益、实用/理想、创新/守旧、非道德。你的回答必须只包含其中的一个维度。,在济南，向天桥区环卫工人捐赠暖心棉被，为环卫工人送去温暖关怀,责任/利益
你是一位道德判断模型。根据给出的有关环境报道的新闻文本，请判断其倾向于以下哪一个维度：责任/利益、实用/理想、创新/守旧、非道德。你的回答必须只包含其中的一个维度。,虽然飞机数量较少，但它们却造成了全球3%的二氧化碳排放。,实用/理想
你是一位道德判断模型。根据给出的有关环境报道的新闻文本，请判断其倾向于以下哪一个维度：责任/利益、实用/理想、创新/守旧、非道德。你的回答必须只包含其中的一个维度。,陈庆平是湖南人文科技学院固废研究工程中心主任，专职研究垃圾气化裂解技术 15 年,责任/利益
你是一位道德判断模型。根据给出的有关环境报道的新闻文本，请判断其倾向于以下哪一个维度：责任/利益、实用/理想、创新/守旧、非道德。你的回答必须只包含其中的一个维度。,北京周边地区居民因供暖问题受到困扰，政府随后放松了对家庭燃煤供暖的禁令。,创新/守旧
你是一位道德判断模型。根据给出的有关环境报道的新闻文本，请判断其倾向于以下哪一个维度：责任/利益、实用/理想、创新/守旧、非道德。你的回答必须只包含其中的一个维度。,姜江表示，气候变化的危险性正在逐步升级，成为人类共同面临的最主要、最紧迫的非传统安全威胁之一。,责任/利益
你是一位道德判断模型。根据给出的有关环境报道的新闻文本，请判断其倾向于以下哪一个维度：责任/利益、实用/理想、创新/守旧、非道德。你的回答必须只包含其中的一个维度。,苏格兰政府希望新的建设合同将刺激苏格兰从Covid-19大流行中的经济复苏。,实用/理想
你是一位道德判断模型。根据给出的有关环境报道的新闻文本，请判断其倾向于以下哪一个维度：责任/利益、实用/理想、创新/守旧、非道德。你的回答必须只包含其中的一个维度。,指出我国碳排放强度持续下降，截至 2020 年年底，我国单位 GDP 二氧化碳排放较 2005 年降低约 48.4%，提前超额完成下降 40%—45% 的目标。当前我国距离实现碳达峰目标已不足 10 年，从碳达峰到实现碳中和目标仅有 30 年左右，与发达国家相比，我们实现碳达峰、碳中和目标愿景，时间更紧、幅度更大、困难更多，任务异常艰巨。,责任/利益
你是一位道德判断模型。根据给出的有关环境报道的新闻文本，请判断其倾向于以下哪一个维度：责任/利益、实用/理想、创新/守旧、非道德。你的回答必须只包含其中的一个维度。,作为全球领先的光伏智慧能源整体解决方案提供商，天合光能将不断驱动技术创新，推动光伏产业高质量发展，助力构建以新能源为主体的新型能源结构，为国家“碳达峰，碳中和”以及“整县推进”的伟大战略打造强劲引擎。,非道德
你是一位道德判断模型。根据给出的有关环境报道的新闻文本，请判断其倾向于以下哪一个维度：责任/利益、实用/理想、创新/守旧、非道德。你的回答必须只包含其中的一个维度。,报告警告说，如果行业过度依赖进口木材，那么这种补贴的合理性就会消失。,责任/利益
你是一位道德判断模型。根据给出的有关环境报道的新闻文本，请判断其倾向于以下哪一个维度：责任/利益、实用/理想、创新/守旧、非道德。你的回答必须只包含其中的一个维度。,委员会表示，新立法应反映即将出台的英国气候变化委员会（CCC）建议中最雄心勃勃的目标，并在2015年巴黎协议的背景下设定这些目标。,实用/理想
你是一位道德判断模型。根据给出的有关环境报道的新闻文本，请判断其倾向于以下哪一个维度：责任/利益、实用/理想、创新/守旧、非道德。你的回答必须只包含其中的一个维度。,发布的最新建筑PMI指数显示，由于商业工作的推动，一月份的建筑增长达到了六个月来的最高点。,非道德
你是一位道德判断模型。根据给出的有关环境报道的新闻文本，请判断其倾向于以下哪一个维度：责任/利益、实用/理想、创新/守旧、非道德。你的回答必须只包含其中的一个维度。,强化责任倒逼，严格落实“党政同责、一岗双责、失职追责”的要求，加大责任追究力度，充分发挥好考核指挥棒作用。,责任/利益
你是一位道德判断模型。根据给出的有关环境报道的新闻文本，请判断其倾向于以下哪一个维度：责任/利益、实用/理想、创新/守旧、非道德。你的回答必须只包含其中的一个维度。,Bioceres Crop Solutions Corp. (NASDAQ: BIOX) is a fully integrated provider of crop productivity technologies designed to enable the transition of agriculture towards carbon neutrality.,实用/理想
你是一位道德判断模型。根据给出的有关环境报道的新闻文本，请判断其倾向于以下哪一个维度：责任/利益、实用/理想、创新/守旧、非道德。你的回答必须只包含其中的一个维度。,下一步我将重点开展大气污染防治工作，着力于碳达峰、碳中和的目标开展一些基础工作，为实现湘潭的蓝天白云的目标而努力。,责任/利益
你是一位道德判断模型。根据给出的有关环境报道的新闻文本，请判断其倾向于以下哪一个维度：责任/利益、实用/理想、创新/守旧、非道德。你的回答必须只包含其中的一个维度。,要不折不扣执行好上级部署要求，把明确的各项重点工作量化、实化、细化，弘扬担当实干的作风，切实把战略部署要求转化为具体行动和工作实效。,责任/利益
你是一位道德判断模型。根据给出的有关环境报道的新闻文本，请判断其倾向于以下哪一个维度：责任/利益、实用/理想、创新/守旧、非道德。你的回答必须只包含其中的一个维度。,审理温室气体排放民事侵权案件、大气污染防治行政、刑事案件，要坚持生态修复优先，处理好固碳和增汇的关系，积极引导和规范侵权人购买碳汇产品折抵赔偿碳汇损失、生态环境受到损害至修复完成期间服务功能丧失导致的损失。,非道德
你是一位道德判断模型。根据给出的有关环境报道的新闻文本，请判断其倾向于以下哪一个维度：责任/利益、实用/理想、创新/守旧、非道德。你的回答必须只包含其中的一个维度。,仅‘基于温湿风补偿的舒适空调及节能运行’1 项关键技术，在 2017-2019 年间产生的经济效益已达 11.64 亿元。,责任/利益
你是一位道德判断模型。根据给出的有关环境报道的新闻文本，请判断其倾向于以下哪一个维度：责任/利益、实用/理想、创新/守旧、非道德。你的回答必须只包含其中的一个维度。,DREWSEN的目标是在2045年前实现二氧化碳中和，并希望在十年内已经实现了80%的目标。DREWSEN通过使用越来越高效的流程不断改进纸张生产。,实用/理想
你是一位道德判断模型。根据给出的有关环境报道的新闻文本，请判断其倾向于以下哪一个维度：责任/利益、实用/理想、创新/守旧、非道德。你的回答必须只包含其中的一个维度。,英国政府表示，在埃及举行的 COP27 上，英国首相 Rishi Sunak 承诺将使英国成为一个“清洁能源超级大国”。,实用/理想
你是一位道德判断模型。根据给出的有关环境报道的新闻文本，请判断其倾向于以下哪一个维度：责任/利益、实用/理想、创新/守旧、非道德。你的回答必须只包含其中的一个维度。,"村（社区）“两委”换届是基层干部群众政治生活中的一件大事，镇村干部要提高认识，统一思想，强化镇级党委统筹能力。要规范操作，严格程序步骤，准确把握换届各项工作时间节点。要严明纪律，坚持公开、透明、公正的原则，保证换届选举风清气正。要精心组织，深入一线多方听取意见，认真分析研判各村（社区）选情民情，高质量推行“一肩挑”,选优配强村（社区）“两委”班子，确保换出班子战斗力、换出干部好状态、换出发展新气象，圆满完成换届任务。",实用/理想
你是一位道德判断模型。根据给出的有关环境报道的新闻文本，请判断其倾向于以下哪一个维度：责任/利益、实用/理想、创新/守旧、非道德。你的回答必须只包含其中的一个维度。,泰州移动坚持党建引领“双碳”行动，组织党员深入学习贯彻习近平总书记关于“双碳”的重要论述，并将低碳发展理念贯穿于公司生产各环节，以科技创新为驱动，带动传统产业绿色转型，为助力国家实现碳达峰、碳中和做出积极贡献。,责任/利益
你是一位道德判断模型。根据给出的有关环境报道的新闻文本，请判断其倾向于以下哪一个维度：责任/利益、实用/理想、创新/守旧、非道德。你的回答必须只包含其中的一个维度。,政府发布的报告提出了一系列建议，以实现能源市场的数字化，提供更低的碳排放和更灵活的解决方案，同时提高客户和消费者对能源市场的信任度和透明度。,创新/守旧
你是一位道德判断模型。根据给出的有关环境报道的新闻文本，请判断其倾向于以下哪一个维度：责任/利益、实用/理想、创新/守旧、非道德。你的回答必须只包含其中的一个维度。,要聚焦绿色发展，加快推进省气候资源保护和开发利用条例、建筑垃圾管理条例等立法修法工作,责任/利益
你是一位道德判断模型。根据给出的有关环境报道的新闻文本，请判断其倾向于以下哪一个维度：责任/利益、实用/理想、创新/守旧、非道德。你的回答必须只包含其中的一个维度。,要全力抓好农业农村工作，切实保障粮食和重要农产品稳定安全供给，巩固拓展脱贫攻坚成果。,责任/利益
你是一位道德判断模型。根据给出的有关环境报道的新闻文本，请判断其倾向于以下哪一个维度：责任/利益、实用/理想、创新/守旧、非道德。你的回答必须只包含其中的一个维度。,英国政府现在提出的工业政策如此反自由市场，让人吃惊。历史上，这些中央强加的配额将会失败，但代价将由英国制造业工人和雇佣他们的世界级企业来承担。,创新/守旧
你是一位道德判断模型。根据给出的有关环境报道的新闻文本，请判断其倾向于以下哪一个维度：责任/利益、实用/理想、创新/守旧、非道德。你的回答必须只包含其中的一个维度。,调研考察后，调研组对农投嘉诚及其环保领域发展战略有了深入了解，对农投嘉诚环保事业给予高度关注，对畜禽粪污集中处理中心项目为产业发展带来的促进作用及社会效益充满信心和期待，希望农投嘉诚持续践行“复兴三农、乡村振兴”的伟大使命，提升环保科技技术，为现代农业走上绿色、健康、可持续化发展道路而前行。,实用/理想
你是一位道德判断模型。根据给出的有关环境报道的新闻文本，请判断其倾向于以下哪一个维度：责任/利益、实用/理想、创新/守旧、非道德。你的回答必须只包含其中的一个维度。,该数据中心将把浸泡冷却技术推向新的高度并将为利用可再生能源进行数据处理树立新标准。BitFury 正引领该领域创新，设立新的数据中心并与我们的全球合作伙伴携手合作推进这一重要工作让我们引以为傲,创新/守旧
你是一位道德判断模型。根据给出的有关环境报道的新闻文本，请判断其倾向于以下哪一个维度：责任/利益、实用/理想、创新/守旧、非道德。你的回答必须只包含其中的一个维度。,该数据中心将把浸泡冷却技术推向新的高度并将为利用可再生能源进行数据处理树立新标准。BitFury 正引领该领域创新，设立新的数据中心并与我们的全球合作伙伴携手合作推进这一重要工作让我们引以为傲,创新/守旧
你是一位道德判断模型。根据给出的有关环境报道的新闻文本，请判断其倾向于以下哪一个维度：责任/利益、实用/理想、创新/守旧、非道德。你的回答必须只包含其中的一个维度。,节能降碳增效是深入贯彻落实习近平生态文明思想的重要举措，是落实碳达峰、碳中和重大战略决策的重要行动，市政协各室委要深刻认识其重要性，强化思想认识、增强行动自觉，围绕市委决策部署，锚定转型综改和能源革命，围绕减污降碳提质，聚焦能耗双控政策优化、传统产业改造提升、新兴产业集群成链等重点，深入调研、精准建言、广聚共识，彰显政协担当作为。,责任/利益
你是一位道德判断模型。根据给出的有关环境报道的新闻文本，请判断其倾向于以下哪一个维度：责任/利益、实用/理想、创新/守旧、非道德。你的回答必须只包含其中的一个维度。,中国宣布碳中和目标、提出大幅提升风电和太阳能发电量等国家自主贡献新举措，在二十国集团成员中发挥了表率作用。,责任/利益
你是一位道德判断模型。根据给出的有关环境报道的新闻文本，请判断其倾向于以下哪一个维度：责任/利益、实用/理想、创新/守旧、非道德。你的回答必须只包含其中的一个维度。,积极的财政政策要提升政策效能，继续落实落细各项支持小微企业和个体工商户发展的财税政策。,非道德
你是一位道德判断模型。根据给出的有关环境报道的新闻文本，请判断其倾向于以下哪一个维度：责任/利益、实用/理想、创新/守旧、非道德。你的回答必须只包含其中的一个维度。,‘今年的大规模留抵退税政策实施后，税务部门第一时间打电话联系我们，并辅导我们完成电子税务局操作，370 万元退税款有效缓解了我们的运营压力，这份政策‘大礼包’让我们意外又惊喜！’李立芳说道。,实用/理想
你是一位道德判断模型。根据给出的有关环境报道的新闻文本，请判断其倾向于以下哪一个维度：责任/利益、实用/理想、创新/守旧、非道德。你的回答必须只包含其中的一个维度。,要全力抓好农业农村工作，切实保障粮食和重要农产品稳定安全供给，巩固拓展脱贫攻坚成果。,责任/利益
你是一位道德判断模型。根据给出的有关环境报道的新闻文本，请判断其倾向于以下哪一个维度：责任/利益、实用/理想、创新/守旧、非道德。你的回答必须只包含其中的一个维度。,英国政府表示，新的炼焦煤矿将不会用于发电，而是用于生产钢铁，这将有助于当地就业和更广泛的经济。,责任/利益
你是一位道德判断模型。根据给出的有关环境报道的新闻文本，请判断其倾向于以下哪一个维度：责任/利益、实用/理想、创新/守旧、非道德。你的回答必须只包含其中的一个维度。,Ecopetrol已承诺到2050年实现净零碳排放，并去年购买了政府在一个电力传输公司的股份。,实用/理想
你是一位道德判断模型。根据给出的有关环境报道的新闻文本，请判断其倾向于以下哪一个维度：责任/利益、实用/理想、创新/守旧、非道德。你的回答必须只包含其中的一个维度。,亿达发展有限公司发布公告称，公司正组织债券本息派付事宜，为维护债券持有人的利益，根据《上海证券交易所公司债券上市规则 (2018 年修订)》规定，经向上海证券交易所申请，“16 亿达 01”自 3 月 1 日开市起停牌。,非道德
你是一位道德判断模型。根据给出的有关环境报道的新闻文本，请判断其倾向于以下哪一个维度：责任/利益、实用/理想、创新/守旧、非道德。你的回答必须只包含其中的一个维度。,Michigan 的健康气候计划呼吁该州到 2030 年使用 60％的可再生能源，并逐步减少温室气体排放。,实用/理想
你是一位道德判断模型。根据给出的有关环境报道的新闻文本，请判断其倾向于以下哪一个维度：责任/利益、实用/理想、创新/守旧、非道德。你的回答必须只包含其中的一个维度。,为了进一步强化这一倡议，MAPFRE Middlesea 推出了新的电动汽车保险政策。,创新/守旧
你是一位道德判断模型。根据给出的有关环境报道的新闻文本，请判断其倾向于以下哪一个维度：责任/利益、实用/理想、创新/守旧、非道德。你的回答必须只包含其中的一个维度。,生产端，在位于瑞士工厂的生产运营不但采用了太阳能和水力发电等清洁能源，同时也对巧克力生产过程中的冷却系统及热回收系统进行步骤优化，并循环使用冷却机器散发的热量，有效降低能耗，提高生产效率。,创新/守旧
你是一位道德判断模型。根据给出的有关环境报道的新闻文本，请判断其倾向于以下哪一个维度：责任/利益、实用/理想、创新/守旧、非道德。你的回答必须只包含其中的一个维度。,英国各地区，如中部地区的法律技术和专业技术等显著的专业集群，有潜力支持 levelling up 议程，同时，东北部地区在新的增长领域如能源和净零排放方面发挥着关键作用。,责任/利益
你是一位道德判断模型。根据给出的有关环境报道的新闻文本，请判断其倾向于以下哪一个维度：责任/利益、实用/理想、创新/守旧、非道德。你的回答必须只包含其中的一个维度。,李强要求，牢牢把握高质量发展的首要任务，坚持稳字当头、稳中求进，科学精准实施宏观政策，综合施策释放内需潜能，推动经济运行持续整体好转。要把发展经济的着力点放在实体经济上，打好关键核心技术攻坚战，加快建设现代化产业体系。,责任/利益
你是一位道德判断模型。根据给出的有关环境报道的新闻文本，请判断其倾向于以下哪一个维度：责任/利益、实用/理想、创新/守旧、非道德。你的回答必须只包含其中的一个维度。,近年来，民宿行业蓬勃发展，'民宿管家'从业者实现由 0 到百万级的规模跨越。,非道德
你是一位道德判断模型。根据给出的有关环境报道的新闻文本，请判断其倾向于以下哪一个维度：责任/利益、实用/理想、创新/守旧、非道德。你的回答必须只包含其中的一个维度。,将由自然资源部门负责征收的国有土地使用权出让收入、矿产资源专项收入、海域使用金、无居民海岛使用金四项政府非税收入，全部划转给税务部门负责征收。,非道德
你是一位道德判断模型。根据给出的有关环境报道的新闻文本，请判断其倾向于以下哪一个维度：责任/利益、实用/理想、创新/守旧、非道德。你的回答必须只包含其中的一个维度。,到 2025 年，美丽江苏展现新风貌，碳排放强度、主要污染物排放总量持续下降，生态环境质量取得稳定改善，环境风险有效控制，生态环境治理体系和治理能力显著增强，基本建成美丽中国示范省份。到 2035 年，广泛形成绿色生产生活方式，碳排放提前达峰后持续下降，生态环境根本好转，蓝天白云、绿水青山成为常态，基本满足人民对优美生态环境的需要，生态环境治理体系和治理能力现代化基本实现，建成美丽中国示范省份。,实用/理想
你是一位道德判断模型。根据给出的有关环境报道的新闻文本，请判断其倾向于以下哪一个维度：责任/利益、实用/理想、创新/守旧、非道德。你的回答必须只包含其中的一个维度。,"The colliery had been approved by Cumbria county council in 2020, before being suspended in early 2021 during the run-up to the conference, which was hosted by the UK in Glasgow.",责任/利益
你是一位道德判断模型。根据给出的有关环境报道的新闻文本，请判断其倾向于以下哪一个维度：责任/利益、实用/理想、创新/守旧、非道德。你的回答必须只包含其中的一个维度。,习近平希望全社会行动起来，做绿水青山就是金山银山理念的积极传播者和模范践行者，身体力行、久久为功，为共建清洁美丽世界作出更大贡献。,实用/理想
你是一位道德判断模型。根据给出的有关环境报道的新闻文本，请判断其倾向于以下哪一个维度：责任/利益、实用/理想、创新/守旧、非道德。你的回答必须只包含其中的一个维度。,热播剧《山海情》中，戈壁滩上恶劣的生态环境令人望而生畏，基层干部马得福安抚村民：“将来这树栽多了，生态就会变了。”,实用/理想
你是一位道德判断模型。根据给出的有关环境报道的新闻文本，请判断其倾向于以下哪一个维度：责任/利益、实用/理想、创新/守旧、非道德。你的回答必须只包含其中的一个维度。,"The company’s current portfolio in the country is made up of the Porterstown 30MW project and the 30MW Kilmannock project, with applications to expand the grid connection submitted for both sites.",实用/理想
你是一位道德判断模型。根据给出的有关环境报道的新闻文本，请判断其倾向于以下哪一个维度：责任/利益、实用/理想、创新/守旧、非道德。你的回答必须只包含其中的一个维度。,Rinnai呼吁设立一个代表所有建筑、产品和服务行业部门的一体化机构，以实现和实践NetZero碳排放的目标，并推广这一目标。,非道德
你是一位道德判断模型。根据给出的有关环境报道的新闻文本，请判断其倾向于以下哪一个维度：责任/利益、实用/理想、创新/守旧、非道德。你的回答必须只包含其中的一个维度。,"Hometree's largest to date capital injection will be jointly led by L&G Capital, 2150 and Energy Impact Partners, the latter two of which are specialist energy and sustainability investors.",非道德
你是一位道德判断模型。根据给出的有关环境报道的新闻文本，请判断其倾向于以下哪一个维度：责任/利益、实用/理想、创新/守旧、非道德。你的回答必须只包含其中的一个维度。,为当地建筑工地安装了智慧扬尘在线检测设备，实时监测工地现场的温度、湿度、PM2.5 值、PM10 值、风力、风向、噪音等信息，助力地方尽现“净空蓝天”,实用/理想
你是一位道德判断模型。根据给出的有关环境报道的新闻文本，请判断其倾向于以下哪一个维度：责任/利益、实用/理想、创新/守旧、非道德。你的回答必须只包含其中的一个维度。,"'With the forthcoming 'Fit for 55' package, the EU will update almost all of its energy and climate legislation, changing the policy framework for a long time to come. With investment cycles averaging 25 years, what happens in 2050 is essentially being decided today. The stakes couldn't be higher as only a new generation of clean technologies can lead Europe towards climate neutrality. That is why this study sheds light on persistent challenges in the European innovation ecosystem that urgently need to be addressed from lack of growth equity and weak demand signals for green products to poor exit routes for successful entrepreneurs' said Ann Mettler, Vice President, Europe, Breakthrough Energy.",责任/利益
你是一位道德判断模型。根据给出的有关环境报道的新闻文本，请判断其倾向于以下哪一个维度：责任/利益、实用/理想、创新/守旧、非道德。你的回答必须只包含其中的一个维度。,中国核工业集团公司是中国国内设计的第三代反应堆华龙一号的主要开发商。,非道德
你是一位道德判断模型。根据给出的有关环境报道的新闻文本，请判断其倾向于以下哪一个维度：责任/利益、实用/理想、创新/守旧、非道德。你的回答必须只包含其中的一个维度。,本次培训结束后参会人员将会议精神向单位主要负责同志认真做好汇报，积极做好相关落实工作。,非道德
你是一位道德判断模型。根据给出的有关环境报道的新闻文本，请判断其倾向于以下哪一个维度：责任/利益、实用/理想、创新/守旧、非道德。你的回答必须只包含其中的一个维度。,VPI Immingham 是参与 Humber Cluster Plan 的公司之一。,非道德
你是一位道德判断模型。根据给出的有关环境报道的新闻文本，请判断其倾向于以下哪一个维度：责任/利益、实用/理想、创新/守旧、非道德。你的回答必须只包含其中的一个维度。,政府应推动供给侧的减碳，落实光伏、电动汽车、固碳等减排零排放行业的补贴、税收优惠和信贷倾斜政策，推进能源体系清洁低碳发展。,实用/理想
你是一位道德判断模型。根据给出的有关环境报道的新闻文本，请判断其倾向于以下哪一个维度：责任/利益、实用/理想、创新/守旧、非道德。你的回答必须只包含其中的一个维度。,比如工业、交通、建筑和能源行业的公司,非道德
你是一位道德判断模型。根据给出的有关环境报道的新闻文本，请判断其倾向于以下哪一个维度：责任/利益、实用/理想、创新/守旧、非道德。你的回答必须只包含其中的一个维度。,卡塔尔大学是该项目的合作方之一，为项目提供了资金支持。,责任/利益
你是一位道德判断模型。根据给出的有关环境报道的新闻文本，请判断其倾向于以下哪一个维度：责任/利益、实用/理想、创新/守旧、非道德。你的回答必须只包含其中的一个维度。,国家能源集团将加强沟通对接，持续深化与中国气象局的合作，共同推动气象与能源的深度融合、持续创新、合作共赢。,实用/理想
你是一位道德判断模型。根据给出的有关环境报道的新闻文本，请判断其倾向于以下哪一个维度：责任/利益、实用/理想、创新/守旧、非道德。你的回答必须只包含其中的一个维度。,会议强调，要立足新发展阶段，构建新发展格局，建设与首都城市战略定位相适应、面向京津冀的现代化经济体系，推动首都实现高质量发展。,非道德
你是一位道德判断模型。根据给出的有关环境报道的新闻文本，请判断其倾向于以下哪一个维度：责任/利益、实用/理想、创新/守旧、非道德。你的回答必须只包含其中的一个维度。,智能电力联盟的 Utility Carbon Reduction Tracker 维护了一份关于这些承诺的列表和分析，跟踪这些承诺很重要，但更重要的监测这些组织如何推进并确定他们应采取的行动以加速其进程。,责任/利益
你是一位道德判断模型。根据给出的有关环境报道的新闻文本，请判断其倾向于以下哪一个维度：责任/利益、实用/理想、创新/守旧、非道德。你的回答必须只包含其中的一个维度。,怀柔区检察院聚力以“检察蓝”守护“公益绿”，联合区园林绿化局、水务局等单位前往怀柔区白河湾湿地公园、怀沙河野生动物自然保护区等开展法治宣传教育活动，以真实案件为警示开展宣传教育，以签订环保责任书激发环保意识，使保护优先、预防为主、损害担责、系统保护等生态环境保护理念深入人心。与此同时，通过详细介绍检察“接诉即办”及“公益诉讼线索举报”微信小程序，拓展公益诉讼线索来源，增进社会各界对检察公益诉讼推动生态环境治理的关注度、认同度、参与度。,责任/利益
你是一位道德判断模型。根据给出的有关环境报道的新闻文本，请判断其倾向于以下哪一个维度：责任/利益、实用/理想、创新/守旧、非道德。你的回答必须只包含其中的一个维度。,现有的EN1、EN3和核能NPS声明是在十年前制定的，现在受到法律挑战，因为它们早于要求英国在2050年实现净零碳排放的立法。,实用/理想
你是一位道德判断模型。根据给出的有关环境报道的新闻文本，请判断其倾向于以下哪一个维度：责任/利益、实用/理想、创新/守旧、非道德。你的回答必须只包含其中的一个维度。,各级党组织要把深入学习贯彻习近平法治思想作为一项重要政治任务，自觉做习近平法治思想的坚定信仰者、积极传播者、模范实践者，扎实有效推进全面依法治市,非道德
你是一位道德判断模型。根据给出的有关环境报道的新闻文本，请判断其倾向于以下哪一个维度：责任/利益、实用/理想、创新/守旧、非道德。你的回答必须只包含其中的一个维度。,"So just as the US GI Bill gave education, housing and income support to every unemployed veteran returning from the Second World War, the next Labour government will guarantee that if anyone is displaced by energy transition they will be offered retraining, a new job on equivalent terms and conditions, covered by collective agreements, and fully supported in their housing and income needs through transition.",责任/利益
你是一位道德判断模型。根据给出的有关环境报道的新闻文本，请判断其倾向于以下哪一个维度：责任/利益、实用/理想、创新/守旧、非道德。你的回答必须只包含其中的一个维度。,由莫里森领导的自由党-联盟党寻求第四个三年任期，但在周六的选举中失败。,非道德
你是一位道德判断模型。根据给出的有关环境报道的新闻文本，请判断其倾向于以下哪一个维度：责任/利益、实用/理想、创新/守旧、非道德。你的回答必须只包含其中的一个维度。,该数据中心将把浸泡冷却技术推向新的高度并将为利用可再生能源进行数据处理树立新标准。BitFury 正引领该领域创新，设立新的数据中心并与我们的全球合作伙伴携手合作推进这一重要工作让我们引以为傲,创新/守旧
你是一位道德判断模型。根据给出的有关环境报道的新闻文本，请判断其倾向于以下哪一个维度：责任/利益、实用/理想、创新/守旧、非道德。你的回答必须只包含其中的一个维度。,明确提出我国二氧化碳排放力争 2030 年前达到峰值，力争 2060 年前实现碳中和,责任/利益
你是一位道德判断模型。根据给出的有关环境报道的新闻文本，请判断其倾向于以下哪一个维度：责任/利益、实用/理想、创新/守旧、非道德。你的回答必须只包含其中的一个维度。,深圳作为国家首批低碳试点、碳交易试点城市以及首批国家可持续发展议程创新示范区，2021 年全市单位 GDP 能耗和 GDP 碳排放仅为全国水平的 1/3 和 1/5。,责任/利益
你是一位道德判断模型。根据给出的有关环境报道的新闻文本，请判断其倾向于以下哪一个维度：责任/利益、实用/理想、创新/守旧、非道德。你的回答必须只包含其中的一个维度。,科技创新是推动低碳发展的首要动力，今年的论坛以'低碳：全球创新的新使命'为主题，在全球范围内共同实现可持续发展目标具有重要意义。,创新/守旧
你是一位道德判断模型。根据给出的有关环境报道的新闻文本，请判断其倾向于以下哪一个维度：责任/利益、实用/理想、创新/守旧、非道德。你的回答必须只包含其中的一个维度。,北欧和英国养老金基金承诺到 2030 年投资 1300 亿美元（1120 亿欧元）清洁能源和绿色转型。,责任/利益
你是一位道德判断模型。根据给出的有关环境报道的新闻文本，请判断其倾向于以下哪一个维度：责任/利益、实用/理想、创新/守旧、非道德。你的回答必须只包含其中的一个维度。,an Amazon spokesperson.,非道德
你是一位道德判断模型。根据给出的有关环境报道的新闻文本，请判断其倾向于以下哪一个维度：责任/利益、实用/理想、创新/守旧、非道德。你的回答必须只包含其中的一个维度。,本届政府任期的五年，是全面建设社会主义现代化国家开局起步的关键时期。本届政府的工作，就是要把党中央的决策部署贯彻好、落实好，我们每一位同志都要当好执行者、行动派、实干家。,责任/利益
你是一位道德判断模型。根据给出的有关环境报道的新闻文本，请判断其倾向于以下哪一个维度：责任/利益、实用/理想、创新/守旧、非道德。你的回答必须只包含其中的一个维度。,"It's our hope that this pledge inspires others to join us in setting targets, and provides confidence to governments, companies and individuals that it's possible for entities to help reach the goals set in the Paris climate agreement.",责任/利益
你是一位道德判断模型。根据给出的有关环境报道的新闻文本，请判断其倾向于以下哪一个维度：责任/利益、实用/理想、创新/守旧、非道德。你的回答必须只包含其中的一个维度。,在应对气候变化方面，中国积极与他国分享经验、开展合作，体现了构建人类命运共同体的理念，世界有目共睹。,责任/利益
你是一位道德判断模型。根据给出的有关环境报道的新闻文本，请判断其倾向于以下哪一个维度：责任/利益、实用/理想、创新/守旧、非道德。你的回答必须只包含其中的一个维度。,61 名涉嫌商业贿赂的医药代表被公安部门拘捕。,责任/利益
你是一位道德判断模型。根据给出的有关环境报道的新闻文本，请判断其倾向于以下哪一个维度：责任/利益、实用/理想、创新/守旧、非道德。你的回答必须只包含其中的一个维度。,Ocean Unite 推出了 '海洋是每个人的业务' 倡议，以动员多个部门的企业领袖进行蓝色航行，推动蓝色可持续发展政策，并接触员工和消费者。,创新/守旧
你是一位道德判断模型。根据给出的有关环境报道的新闻文本，请判断其倾向于以下哪一个维度：责任/利益、实用/理想、创新/守旧、非道德。你的回答必须只包含其中的一个维度。,政府气候变化咨询委员会主席 Lord Deben 表示，这一步骤将向其他国家发出一个强烈的信号，要求他们效仿，并将有助于推动巴黎协定所要求的全球应对气候变化的努力。,责任/利益
你是一位道德判断模型。根据给出的有关环境报道的新闻文本，请判断其倾向于以下哪一个维度：责任/利益、实用/理想、创新/守旧、非道德。你的回答必须只包含其中的一个维度。,公共机构要切实增强责任感使命感紧迫感，在推动绿色低碳发展、助力实现碳达峰碳中和目标中彰显责任担当。,责任/利益
你是一位道德判断模型。根据给出的有关环境报道的新闻文本，请判断其倾向于以下哪一个维度：责任/利益、实用/理想、创新/守旧、非道德。你的回答必须只包含其中的一个维度。,设定了到2030年将排放量减少60%的目标，但这一目标仍与巴黎协定不兼容。,责任/利益
你是一位道德判断模型。根据给出的有关环境报道的新闻文本，请判断其倾向于以下哪一个维度：责任/利益、实用/理想、创新/守旧、非道德。你的回答必须只包含其中的一个维度。,江西正打造中医药强省。,非道德
你是一位道德判断模型。根据给出的有关环境报道的新闻文本，请判断其倾向于以下哪一个维度：责任/利益、实用/理想、创新/守旧、非道德。你的回答必须只包含其中的一个维度。,英国政府决定，陆上风电场将有资格参加未来“差价合约”（CFD）的拍卖。,实用/理想
你是一位道德判断模型。根据给出的有关环境报道的新闻文本，请判断其倾向于以下哪一个维度：责任/利益、实用/理想、创新/守旧、非道德。你的回答必须只包含其中的一个维度。,要深刻领悟‘两个确立’的决定性意义，坚决做到‘两个维护’，坚持以党章为根本遵循，持之以恒把全面从严治党引向深入，为奋进中国式现代化、谱写陕西高质量发展新篇章提供强大政治引领和坚强政治保障。,非道德
你是一位道德判断模型。根据给出的有关环境报道的新闻文本，请判断其倾向于以下哪一个维度：责任/利益、实用/理想、创新/守旧、非道德。你的回答必须只包含其中的一个维度。,该数据中心将把浸泡冷却技术推向新的高度并将为利用可再生能源进行数据处理树立新标准。BitFury 正引领该领域创新，设立新的数据中心并与我们的全球合作伙伴携手合作推进这一重要工作让我们引以为傲,创新/守旧
你是一位道德判断模型。根据给出的有关环境报道的新闻文本，请判断其倾向于以下哪一个维度：责任/利益、实用/理想、创新/守旧、非道德。你的回答必须只包含其中的一个维度。,推进产业园区循环化发展，促进企业实施清洁生产改造。,实用/理想
你是一位道德判断模型。根据给出的有关环境报道的新闻文本，请判断其倾向于以下哪一个维度：责任/利益、实用/理想、创新/守旧、非道德。你的回答必须只包含其中的一个维度。,该组织由 Sheikha Shamma bint Sultan 领导，致力于解决全球可持续性问题。,责任/利益
你是一位道德判断模型。根据给出的有关环境报道的新闻文本，请判断其倾向于以下哪一个维度：责任/利益、实用/理想、创新/守旧、非道德。你的回答必须只包含其中的一个维度。,上诉法院的三名法官裁决：我们没有决定，也不能决定希思罗机场是否会有第三条跑道。我们没有发现支持这个项目的国家政策声明与英国在巴黎协定下减少碳排放和缓解气候变化的承诺，或与政府可能采纳的其他政策，或其承担的国际义务必然相冲突。我们的决定结果是，政府现在将有机会根据议会明确设定的法定要求重新考虑ANPS（机场国家政策声明）。,责任/利益
你是一位道德判断模型。根据给出的有关环境报道的新闻文本，请判断其倾向于以下哪一个维度：责任/利益、实用/理想、创新/守旧、非道德。你的回答必须只包含其中的一个维度。,道路运输领域需要考虑如何减少排放，以及如何使我们的商品和服务到达。,实用/理想
你是一位道德判断模型。根据给出的有关环境报道的新闻文本，请判断其倾向于以下哪一个维度：责任/利益、实用/理想、创新/守旧、非道德。你的回答必须只包含其中的一个维度。,波音公司发布了其首份可持续发展报告，分享了公司对可持续航空未来的展望，设立了广泛的可持续发展目标，并强调符合全球可持续发展标准的环保、社会和治理（ESG）进步。,实用/理想
你是一位道德判断模型。根据给出的有关环境报道的新闻文本，请判断其倾向于以下哪一个维度：责任/利益、实用/理想、创新/守旧、非道德。你的回答必须只包含其中的一个维度。,Rushcliffe Borough Council批准了英国地质调查局总部太阳能车棚阵列的安装工作,实用/理想
你是一位道德判断模型。根据给出的有关环境报道的新闻文本，请判断其倾向于以下哪一个维度：责任/利益、实用/理想、创新/守旧、非道德。你的回答必须只包含其中的一个维度。,方大特钢为实现'碳达峰''碳中和'目标，坚持绿色低碳发展，实施管理节能、技术节能、结构节能三结合，大力推进节能减碳。,责任/利益
你是一位道德判断模型。根据给出的有关环境报道的新闻文本，请判断其倾向于以下哪一个维度：责任/利益、实用/理想、创新/守旧、非道德。你的回答必须只包含其中的一个维度。,与九牧集团共同打造全球首个 5G 智慧制造产业园、5G 灯塔工厂，树立优化产业结构和能源结构的典型行业标杆,非道德
你是一位道德判断模型。根据给出的有关环境报道的新闻文本，请判断其倾向于以下哪一个维度：责任/利益、实用/理想、创新/守旧、非道德。你的回答必须只包含其中的一个维度。,全面加强资源保护，减少碳库损失。加强以国家公园为主体的自然保护地体系建设，提升各类自然保护地固碳能力。严格保护和合理利用各类林草资源，严厉打击毁林、毁草、毁湿等各类违法犯罪行为，严禁擅自改变林地、草地、湿地用途和性质，减少因不合理的土地利用、土地破坏等活动导致的碳排放。,实用/理想
你是一位道德判断模型。根据给出的有关环境报道的新闻文本，请判断其倾向于以下哪一个维度：责任/利益、实用/理想、创新/守旧、非道德。你的回答必须只包含其中的一个维度。,近年来，长春市全面贯彻习近平生态文明思想，认真落实省委省政府“一主、六双”产业空间布局，把绿色发展融入工作全局，聚焦产业绿色化转型，大力发展循环经济，加快发展低碳技术，推动生产生活方式转型，走出一条生态优先、绿色低碳的高质量发展之路。,责任/利益
你是一位道德判断模型。根据给出的有关环境报道的新闻文本，请判断其倾向于以下哪一个维度：责任/利益、实用/理想、创新/守旧、非道德。你的回答必须只包含其中的一个维度。,工业企业应积极转变观念，以绿色供给创造市场需求。不妨将节能减碳的挑战化作转型升级的机遇，以碳减排为抓手，让绿色低碳理念贯穿于产品制造、供应链管理等全过程，努力提升生产效能，拓展市场空间,实用/理想
你是一位道德判断模型。根据给出的有关环境报道的新闻文本，请判断其倾向于以下哪一个维度：责任/利益、实用/理想、创新/守旧、非道德。你的回答必须只包含其中的一个维度。,英国有更好的更有创造力的选择，特别是适合英国的。实际上，应该强制国内航班使用低碳强度的可持续航空燃料，这是现在可能的，并且将是实现无碳飞行的真正开始。,责任/利益
你是一位道德判断模型。根据给出的有关环境报道的新闻文本，请判断其倾向于以下哪一个维度：责任/利益、实用/理想、创新/守旧、非道德。你的回答必须只包含其中的一个维度。,巴黎新协定指出，各方将加强对气候变化威胁的全球应对，把全球平均气温较工业化前水平升高控制在 2 摄氏度之内，并为把升温控制在 1.5 摄氏度之内而努力。,实用/理想
你是一位道德判断模型。根据给出的有关环境报道的新闻文本，请判断其倾向于以下哪一个维度：责任/利益、实用/理想、创新/守旧、非道德。你的回答必须只包含其中的一个维度。,广东此次活动选择在一生提倡植树造林的孙中山先生故乡——中山市举行,责任/利益
你是一位道德判断模型。根据给出的有关环境报道的新闻文本，请判断其倾向于以下哪一个维度：责任/利益、实用/理想、创新/守旧、非道德。你的回答必须只包含其中的一个维度。,松下电器以“松下是一家贡献于‘生活’的公司”为定位、以“Life tech & ideas 为人类、社会、地球的和美未来”为使命，致力于中国社会课题的解决，向社会宣布松下的“存在意义”;同时积极推进环境保护事业，为实现脱碳社会做出贡献,实用/理想
你是一位道德判断模型。根据给出的有关环境报道的新闻文本，请判断其倾向于以下哪一个维度：责任/利益、实用/理想、创新/守旧、非道德。你的回答必须只包含其中的一个维度。,英国政府已经承诺推出绿色工业革命十点计划，Baxi Heating UK and Ireland的承诺将其置于实现英国气候目标的核心。,责任/利益
你是一位道德判断模型。根据给出的有关环境报道的新闻文本，请判断其倾向于以下哪一个维度：责任/利益、实用/理想、创新/守旧、非道德。你的回答必须只包含其中的一个维度。,"Jeffrey Berns 是 Blockchains, LLC 的创始人和 CEO。",责任/利益
你是一位道德判断模型。根据给出的有关环境报道的新闻文本，请判断其倾向于以下哪一个维度：责任/利益、实用/理想、创新/守旧、非道德。你的回答必须只包含其中的一个维度。,伦敦外围艺术节可以创建户外表演的空间，文化券可以像政府的'外出就餐帮助'计划一样运行，这将有利于那些支付能力较弱的人，并吸引观众回到伦敦西区。,实用/理想
你是一位道德判断模型。根据给出的有关环境报道的新闻文本，请判断其倾向于以下哪一个维度：责任/利益、实用/理想、创新/守旧、非道德。你的回答必须只包含其中的一个维度。,该项目在特拉华州海岸外，目前所有的许可证都已预先批准，承包商正准备提交陆上建设项目的建议书（RFP）。,非道德
你是一位道德判断模型。根据给出的有关环境报道的新闻文本，请判断其倾向于以下哪一个维度：责任/利益、实用/理想、创新/守旧、非道德。你的回答必须只包含其中的一个维度。,中国希望更多有责任、有能力的大国对全球事务做出应有的贡献和付出，多边机制不应成为某些国家的专属政治舞场，多边主义更不应成为一句空话,责任/利益
你是一位道德判断模型。根据给出的有关环境报道的新闻文本，请判断其倾向于以下哪一个维度：责任/利益、实用/理想、创新/守旧、非道德。你的回答必须只包含其中的一个维度。,我国面临的发展环境和条件出现新的变化，中部崛起的战略部署，必须体现建设社会主义现代化国家的时代特征，完整、准确、全面理解和贯彻新发展理念，着力服务和融入新发展格局。,非道德
你是一位道德判断模型。根据给出的有关环境报道的新闻文本，请判断其倾向于以下哪一个维度：责任/利益、实用/理想、创新/守旧、非道德。你的回答必须只包含其中的一个维度。,英国政府支持可再生能源主导的能源系统，与脱碳天然气和长时储能相结合，进行电力市场改革和网络协调，以更快、更便宜地实现净零排放。,责任/利益
你是一位道德判断模型。根据给出的有关环境报道的新闻文本，请判断其倾向于以下哪一个维度：责任/利益、实用/理想、创新/守旧、非道德。你的回答必须只包含其中的一个维度。,"Rachel Delacour, CEO of Sweep, discusses her predictions for climate technology in 2023.",实用/理想
你是一位道德判断模型。根据给出的有关环境报道的新闻文本，请判断其倾向于以下哪一个维度：责任/利益、实用/理想、创新/守旧、非道德。你的回答必须只包含其中的一个维度。,全球最大的独立动力总成系统开发、模拟和测试公司AVL,创新/守旧
你是一位道德判断模型。根据给出的有关环境报道的新闻文本，请判断其倾向于以下哪一个维度：责任/利益、实用/理想、创新/守旧、非道德。你的回答必须只包含其中的一个维度。,Oshkosh Corporation president and CEO,责任/利益
你是一位道德判断模型。根据给出的有关环境报道的新闻文本，请判断其倾向于以下哪一个维度：责任/利益、实用/理想、创新/守旧、非道德。你的回答必须只包含其中的一个维度。,李强强调，要全面加强政府自身建设，把政治建设摆在首位，大兴调查研究之风，认真落实机构改革任务，坚持严格依法行政，提高创造性执行效能，为完成各项目标任务提供有力保障。,责任/利益
你是一位道德判断模型。根据给出的有关环境报道的新闻文本，请判断其倾向于以下哪一个维度：责任/利益、实用/理想、创新/守旧、非道德。你的回答必须只包含其中的一个维度。,中免集团举办的环保海报设计大赛吸引了大批消费者、中免会员、在校学生、设计爱好者等踊跃互动参与,责任/利益
你是一位道德判断模型。根据给出的有关环境报道的新闻文本，请判断其倾向于以下哪一个维度：责任/利益、实用/理想、创新/守旧、非道德。你的回答必须只包含其中的一个维度。,该数据中心将把浸泡冷却技术推向新的高度并将为利用可再生能源进行数据处理树立新标准。BitFury 正引领该领域创新，设立新的数据中心并与我们的全球合作伙伴携手合作推进这一重要工作让我们引以为傲,创新/守旧
你是一位道德判断模型。根据给出的有关环境报道的新闻文本，请判断其倾向于以下哪一个维度：责任/利益、实用/理想、创新/守旧、非道德。你的回答必须只包含其中的一个维度。,报告提到，如果英国的人口减少速度能达到日本的水平，到 2035 年，英国可以减少 3.8 亿吨的二氧化碳排放，这相当于将 1900 万辆汽车从英国道路上移除。,实用/理想
你是一位道德判断模型。根据给出的有关环境报道的新闻文本，请判断其倾向于以下哪一个维度：责任/利益、实用/理想、创新/守旧、非道德。你的回答必须只包含其中的一个维度。,地球是人类共同的、唯一的家园。,责任/利益
你是一位道德判断模型。根据给出的有关环境报道的新闻文本，请判断其倾向于以下哪一个维度：责任/利益、实用/理想、创新/守旧、非道德。你的回答必须只包含其中的一个维度。,一些地方电力供需出现阶段性缺口。加之我国经济在疫情中率先复苏，促使外贸订单大规模回流，从而导致国内电力需求短期内迅速攀升。,非道德
你是一位道德判断模型。根据给出的有关环境报道的新闻文本，请判断其倾向于以下哪一个维度：责任/利益、实用/理想、创新/守旧、非道德。你的回答必须只包含其中的一个维度。,对于教育培训行业的整治。,责任/利益
你是一位道德判断模型。根据给出的有关环境报道的新闻文本，请判断其倾向于以下哪一个维度：责任/利益、实用/理想、创新/守旧、非道德。你的回答必须只包含其中的一个维度。,Emergent Games 是一家领先的 web3 游戏工作室，今天宣布在 ImmutableX 上推出基于 web3 的生存 MMORPG 游戏 Resurgence。,创新/守旧
你是一位道德判断模型。根据给出的有关环境报道的新闻文本，请判断其倾向于以下哪一个维度：责任/利益、实用/理想、创新/守旧、非道德。你的回答必须只包含其中的一个维度。,习近平希望全社会行动起来，做绿水青山就是金山银山理念的积极传播者和模范践行者，身体力行、久久为功，为共建清洁美丽世界作出更大贡献。,责任/利益
你是一位道德判断模型。根据给出的有关环境报道的新闻文本，请判断其倾向于以下哪一个维度：责任/利益、实用/理想、创新/守旧、非道德。你的回答必须只包含其中的一个维度。,已经在实施更好的自行车设施和人行道,责任/利益
你是一位道德判断模型。根据给出的有关环境报道的新闻文本，请判断其倾向于以下哪一个维度：责任/利益、实用/理想、创新/守旧、非道德。你的回答必须只包含其中的一个维度。,Modigent，建立在质量和诚信的基础上，将员工放在第一位。新品牌旨在加强这一承诺，确保所有地点都保持最高的诚信标准，同时促进支持性和可持续的工作环境。,责任/利益
你是一位道德判断模型。根据给出的有关环境报道的新闻文本，请判断其倾向于以下哪一个维度：责任/利益、实用/理想、创新/守旧、非道德。你的回答必须只包含其中的一个维度。,2018 年，联合国气候大会达成《巴黎协定》实施细则，规范了参与协议各国碳排放及减量目标。,实用/理想
你是一位道德判断模型。根据给出的有关环境报道的新闻文本，请判断其倾向于以下哪一个维度：责任/利益、实用/理想、创新/守旧、非道德。你的回答必须只包含其中的一个维度。,刘明忠对国家能源集团一直以来给予中国一重的支持与帮助表示感谢，介绍了中国一重的创新发展情况。,创新/守旧
你是一位道德判断模型。根据给出的有关环境报道的新闻文本，请判断其倾向于以下哪一个维度：责任/利益、实用/理想、创新/守旧、非道德。你的回答必须只包含其中的一个维度。,Olectra Greentech Ltd.等初创公司也宣布正在开发电动车型。,创新/守旧
你是一位道德判断模型。根据给出的有关环境报道的新闻文本，请判断其倾向于以下哪一个维度：责任/利益、实用/理想、创新/守旧、非道德。你的回答必须只包含其中的一个维度。,地方各级政府也将被允许设立自己的2050年区域碳中和与绿色增长委员会。,责任/利益
你是一位道德判断模型。根据给出的有关环境报道的新闻文本，请判断其倾向于以下哪一个维度：责任/利益、实用/理想、创新/守旧、非道德。你的回答必须只包含其中的一个维度。,2023 年底前完成全省骨干河道和重点湖泊排污口排查，统一建立排污口档案。,责任/利益
你是一位道德判断模型。根据给出的有关环境报道的新闻文本，请判断其倾向于以下哪一个维度：责任/利益、实用/理想、创新/守旧、非道德。你的回答必须只包含其中的一个维度。,全国首支以碳普惠绿色发展为核心的公益慈善信托，创新探索‘慈善公益 + 碳普惠’无锡实践。,创新/守旧
你是一位道德判断模型。根据给出的有关环境报道的新闻文本，请判断其倾向于以下哪一个维度：责任/利益、实用/理想、创新/守旧、非道德。你的回答必须只包含其中的一个维度。,英国石油和天然气行业开始致力于实现政府的净零目标。,责任/利益
你是一位道德判断模型。根据给出的有关环境报道的新闻文本，请判断其倾向于以下哪一个维度：责任/利益、实用/理想、创新/守旧、非道德。你的回答必须只包含其中的一个维度。,Cherwell District Council (CDC)已经批准了DPD新的配送中心的规划。,责任/利益
你是一位道德判断模型。根据给出的有关环境报道的新闻文本，请判断其倾向于以下哪一个维度：责任/利益、实用/理想、创新/守旧、非道德。你的回答必须只包含其中的一个维度。,2019 年以来，全国各级法院审结涉及森林资源的一审案件 403989 件，其中民事案件 268180 件,责任/利益
你是一位道德判断模型。根据给出的有关环境报道的新闻文本，请判断其倾向于以下哪一个维度：责任/利益、实用/理想、创新/守旧、非道德。你的回答必须只包含其中的一个维度。,中国立场和行动，展现出作为全球生态文明建设重要参与者、贡献者、引领者的担当,责任/利益
你是一位道德判断模型。根据给出的有关环境报道的新闻文本，请判断其倾向于以下哪一个维度：责任/利益、实用/理想、创新/守旧、非道德。你的回答必须只包含其中的一个维度。,严格控制‘两高’项目盲目上马是推进碳达峰、碳中和的重要内容，这将成为未来中央生态环境保护督察持续关注的重点。,责任/利益
你是一位道德判断模型。根据给出的有关环境报道的新闻文本，请判断其倾向于以下哪一个维度：责任/利益、实用/理想、创新/守旧、非道德。你的回答必须只包含其中的一个维度。,推进数字货币试点项目，鼓励信用报告在数字金融和治理中的应用，加大反洗钱调查和监测力度。,责任/利益
你是一位道德判断模型。根据给出的有关环境报道的新闻文本，请判断其倾向于以下哪一个维度：责任/利益、实用/理想、创新/守旧、非道德。你的回答必须只包含其中的一个维度。,政府应停止对化石燃料的投资，应对全球能源价格上涨，并继续推广清洁能源,责任/利益
你是一位道德判断模型。根据给出的有关环境报道的新闻文本，请判断其倾向于以下哪一个维度：责任/利益、实用/理想、创新/守旧、非道德。你的回答必须只包含其中的一个维度。,丛亮表示，下一步，将加强统筹协调，做好服务指导，形成工作合力，以高度的政治责任感和历史使命感，强化担当、狠抓落实，一步一个脚印扎实推进意见落地见效，奋力开创中部地区高质量发展新局面。,责任/利益
你是一位道德判断模型。根据给出的有关环境报道的新闻文本，请判断其倾向于以下哪一个维度：责任/利益、实用/理想、创新/守旧、非道德。你的回答必须只包含其中的一个维度。,提出要正确认识和把握碳达峰碳中和，坚定有序推进，但不可能毕其功于一役。,责任/利益
你是一位道德判断模型。根据给出的有关环境报道的新闻文本，请判断其倾向于以下哪一个维度：责任/利益、实用/理想、创新/守旧、非道德。你的回答必须只包含其中的一个维度。,该报告是 BCG 和 INSEAD 多年来的合作成果，研究了公司董事会在监管 ESG 方面所起的作用。调查发现，虽然 ESG 问题正在逐步上升到董事会议程的优先位置，但大多数董事表示他们在整合 ESG 方面并不十分有效，许多人缺乏有效的 ESG 监督工具。,实用/理想
你是一位道德判断模型。根据给出的有关环境报道的新闻文本，请判断其倾向于以下哪一个维度：责任/利益、实用/理想、创新/守旧、非道德。你的回答必须只包含其中的一个维度。,该数据中心将把浸泡冷却技术推向新的高度并将为利用可再生能源进行数据处理树立新标准。BitFury 正引领该领域创新，设立新的数据中心并与我们的全球合作伙伴携手合作推进这一重要工作让我们引以为傲,创新/守旧
你是一位道德判断模型。根据给出的有关环境报道的新闻文本，请判断其倾向于以下哪一个维度：责任/利益、实用/理想、创新/守旧、非道德。你的回答必须只包含其中的一个维度。,英国先进数字技术创新中心Digital Catapult今日推出了Made Smarter技术加速器，呼吁中大型制造业合作伙伴参与。,创新/守旧
你是一位道德判断模型。根据给出的有关环境报道的新闻文本，请判断其倾向于以下哪一个维度：责任/利益、实用/理想、创新/守旧、非道德。你的回答必须只包含其中的一个维度。,在生态文明建设中发挥更大作用，完善体制机制，加强人才培养，做好树木抚育养护，巩固扩大植树造林成果。,责任/利益
你是一位道德判断模型。根据给出的有关环境报道的新闻文本，请判断其倾向于以下哪一个维度：责任/利益、实用/理想、创新/守旧、非道德。你的回答必须只包含其中的一个维度。,"Mike Foster, CEO of Energy and Utilities Alliance (EUA), pointed to the ironically named Government publication “A market-based mechanism for low-carbon heat”, published on Wednesday as evidence of officials putting the interests of foreign manufacturers ahead of home-grown industry.",责任/利益
你是一位道德判断模型。根据给出的有关环境报道的新闻文本，请判断其倾向于以下哪一个维度：责任/利益、实用/理想、创新/守旧、非道德。你的回答必须只包含其中的一个维度。,天合光能全球组件制造负责人，代表天合光能签约。,责任/利益
你是一位道德判断模型。根据给出的有关环境报道的新闻文本，请判断其倾向于以下哪一个维度：责任/利益、实用/理想、创新/守旧、非道德。你的回答必须只包含其中的一个维度。,天合光能股份有限公司董事长兼总经理，出席并见证签约。,责任/利益
你是一位道德判断模型。根据给出的有关环境报道的新闻文本，请判断其倾向于以下哪一个维度：责任/利益、实用/理想、创新/守旧、非道德。你的回答必须只包含其中的一个维度。,我国力争 2030 年前实现碳达峰，2060 年前实现碳中和，是以习近平同志为核心的党中央作出的重大战略决策。要深入学习贯彻习近平生态文明思想和习近平总书记关于碳达峰、碳中和工作的重要指示精神，从中华民族永续发展、构建人类命运共同体的高度，充分认识做好碳达峰、碳中和工作的重大意义，胸怀“国之大者”，增强“四个意识”、坚定“四个自信”、做到“两个维护”，提高政治判断力、政治领悟力、政治执行力，以攻坚克难的决心意志，加大工作力度，确保实现“双碳”目标，努力为全国大局贡献力量。,责任/利益
你是一位道德判断模型。根据给出的有关环境报道的新闻文本，请判断其倾向于以下哪一个维度：责任/利益、实用/理想、创新/守旧、非道德。你的回答必须只包含其中的一个维度。,德国副总理兼经济部长哈贝克由此宣布，德国将大幅增加对煤电的使用，以摆脱对俄罗斯天然气的依赖。,责任/利益
你是一位道德判断模型。根据给出的有关环境报道的新闻文本，请判断其倾向于以下哪一个维度：责任/利益、实用/理想、创新/守旧、非道德。你的回答必须只包含其中的一个维度。,刘星调研工业废气 CO2 养殖微藻“碳减排”项目情况，强调要强化“碳减排”技术研发运用，提升产品附加值、营养价值，推动企业高端化、智能化、绿色化发展，为实现碳达峰碳中和目标贡献力量。,责任/利益
你是一位道德判断模型。根据给出的有关环境报道的新闻文本，请判断其倾向于以下哪一个维度：责任/利益、实用/理想、创新/守旧、非道德。你的回答必须只包含其中的一个维度。,作为建筑供应商，我们了解我们所服务的社区正感受到高额能源账单的影响，对高效温暖的家园的需求比以往任何时候都更加迫切。我们的供应商也在适应他们的产品和创新，以应对翻新挑战。,责任/利益
你是一位道德判断模型。根据给出的有关环境报道的新闻文本，请判断其倾向于以下哪一个维度：责任/利益、实用/理想、创新/守旧、非道德。你的回答必须只包含其中的一个维度。,成都逐步建立林业碳汇开发、计量监测和碳汇应用三大碳汇项目支撑体系，有序推进林草碳汇开发交易，审核登记碳减排量 15421.21 吨。此外，还深入实施"公园+"、"绿道+"策略，营造低碳游玩场景，加快培育山水生态、天府绿道、乡村田园、城市街区、天府人文和产业社区 6 大公园场景。,责任/利益
你是一位道德判断模型。根据给出的有关环境报道的新闻文本，请判断其倾向于以下哪一个维度：责任/利益、实用/理想、创新/守旧、非道德。你的回答必须只包含其中的一个维度。,BitFury正引领该领域创新，设立新的数据中心并与我们的全球合作伙伴携手合作推进这一重要工作让我们引以为傲。,创新/守旧
你是一位道德判断模型。根据给出的有关环境报道的新闻文本，请判断其倾向于以下哪一个维度：责任/利益、实用/理想、创新/守旧、非道德。你的回答必须只包含其中的一个维度。,要进一步提高政治站位、强化责任担当，坚定不移走生态优先、绿色低碳的高质量发展道路，推动构建以新能源为主体的新型电力系统，为实现碳达峰、碳中和贡献力量。,责任/利益
你是一位道德判断模型。根据给出的有关环境报道的新闻文本，请判断其倾向于以下哪一个维度：责任/利益、实用/理想、创新/守旧、非道德。你的回答必须只包含其中的一个维度。,在刚刚圆满闭幕的 2022 北京冬奥会上，毕晓存所带领 WPS 技术支持团队为冬奥会全程提供了中国自主创新的国产化技术服务，充分保障了两地三赛区以及国际奥组委之间的文档交流和数据安全，助力冬奥会实现全面数字化办公和‘碳中和’目标。,创新/守旧
你是一位道德判断模型。根据给出的有关环境报道的新闻文本，请判断其倾向于以下哪一个维度：责任/利益、实用/理想、创新/守旧、非道德。你的回答必须只包含其中的一个维度。,他是一位拥有 30 多年经验的能源行业特许工艺工程师，曾管理英国、德国、非洲和中东的能源项目。,责任/利益
你是一位道德判断模型。根据给出的有关环境报道的新闻文本，请判断其倾向于以下哪一个维度：责任/利益、实用/理想、创新/守旧、非道德。你的回答必须只包含其中的一个维度。,在源头减量上，我们要树立绿色消费理念，减少一次性塑料制品消费。购物使用环保袋，外卖选择无餐具，外出自带随行杯，抵制商品过度包装….…每一点减塑小举措，都是塑料污染治理的大动作。这需要我们每个人都养成不乱扔垃圾的好习惯！按照要求做好垃圾分类，用过的塑料瓶、塑料盒、塑料餐具都要及时扔到垃圾桶。或者可以联系每日一收，我们来帮您带走。,责任/利益
你是一位道德判断模型。根据给出的有关环境报道的新闻文本，请判断其倾向于以下哪一个维度：责任/利益、实用/理想、创新/守旧、非道德。你的回答必须只包含其中的一个维度。,高瓴已入股光伏硅料龙头――保利协鑫能源，借此布局颗粒硅新赛道。这也是这家大型投资机构加码碳中和产业链投资的最新案例。,责任/利益
你是一位道德判断模型。根据给出的有关环境报道的新闻文本，请判断其倾向于以下哪一个维度：责任/利益、实用/理想、创新/守旧、非道德。你的回答必须只包含其中的一个维度。,千兆光网建设加速推进，已覆盖 2.4 亿户家庭的能力，IPv6 网络和终端逐步推进。,责任/利益
你是一位道德判断模型。根据给出的有关环境报道的新闻文本，请判断其倾向于以下哪一个维度：责任/利益、实用/理想、创新/守旧、非道德。你的回答必须只包含其中的一个维度。,英国政府投资扩大英格兰的林地，为社区种植更多的树木。这些投资将创造更大、设计更好、更多样化的林地，使它们更能适应气候变化，以及自然灾害如野火和风暴。这些项目是政府7.5亿英镑的'自然气候基金'的一部分，将在我们的城市、城镇、村庄和河流附近扩大林地，让更多人更好地接触自然，改善健康和福祉。,责任/利益
你是一位道德判断模型。根据给出的有关环境报道的新闻文本，请判断其倾向于以下哪一个维度：责任/利益、实用/理想、创新/守旧、非道德。你的回答必须只包含其中的一个维度。,英国财政部最近在新财政大臣的圆桌会议上讨论了我们需要关注的新基础设施框架的实施和发展。,责任/利益
你是一位道德判断模型。根据给出的有关环境报道的新闻文本，请判断其倾向于以下哪一个维度：责任/利益、实用/理想、创新/守旧、非道德。你的回答必须只包含其中的一个维度。,Tim Cook在准备好的讲话稿中表示，公司必须在环保上做出更多努力。'在环保和成功之间做出选择是错误的，每一个新的绿色创新都证明了这一点'。,创新/守旧
你是一位道德判断模型。根据给出的有关环境报道的新闻文本，请判断其倾向于以下哪一个维度：责任/利益、实用/理想、创新/守旧、非道德。你的回答必须只包含其中的一个维度。,"CBRE has acquired a 60% ownership interest in, and entered into a strategic partnership with, Turner & Townsend",创新/守旧
你是一位道德判断模型。根据给出的有关环境报道的新闻文本，请判断其倾向于以下哪一个维度：责任/利益、实用/理想、创新/守旧、非道德。你的回答必须只包含其中的一个维度。,通过实施节能减排十大行动等，我区成功扭转能耗强度不降反升的不利局面。扣除原料用能和可再生能源消费，“十四五”前两年能耗强度累计下降 8.1%，超额完成进度目标。,责任/利益
你是一位道德判断模型。根据给出的有关环境报道的新闻文本，请判断其倾向于以下哪一个维度：责任/利益、实用/理想、创新/守旧、非道德。你的回答必须只包含其中的一个维度。,Emerson将向太原重工提供集成的风电自动化解决方案和服务，用于位于中国山西省的三个绿色风电场。Emerson的风电涡轮控制软件和专业知识与TYHI的风电涡轮相结合，将为北京和其他中国北方城市的3500万居民提供绿色能源。,创新/守旧
你是一位道德判断模型。根据给出的有关环境报道的新闻文本，请判断其倾向于以下哪一个维度：责任/利益、实用/理想、创新/守旧、非道德。你的回答必须只包含其中的一个维度。,国网车网技术公司副总经理王文在本届大会的“充换电技术创新与商业模式探索”峰会发表演讲，他指出，电动汽车作为一种移动储能资源，应在电源侧和负荷侧充分发挥其电力海绵的作用，助力新型电力系统建设。,创新/守旧
你是一位道德判断模型。根据给出的有关环境报道的新闻文本，请判断其倾向于以下哪一个维度：责任/利益、实用/理想、创新/守旧、非道德。你的回答必须只包含其中的一个维度。,"Ohio State is one of many schools, hospitals, and cities turning to natural gas for their energy needs, as the push to integrate more low-carbon fuel sources in the energy mix heightens.",创新/守旧
你是一位道德判断模型。根据给出的有关环境报道的新闻文本，请判断其倾向于以下哪一个维度：责任/利益、实用/理想、创新/守旧、非道德。你的回答必须只包含其中的一个维度。,"Hyperwise Ventures, based in Tel Aviv, 向EdgeCloudLink (ECL)投资700万美元",责任/利益
你是一位道德判断模型。根据给出的有关环境报道的新闻文本，请判断其倾向于以下哪一个维度：责任/利益、实用/理想、创新/守旧、非道德。你的回答必须只包含其中的一个维度。,家庭教育指导师、研学旅行指导师是 18 个新职业中引发最多讨论的，因为教育与每个家庭息息相关。,创新/守旧
你是一位道德判断模型。根据给出的有关环境报道的新闻文本，请判断其倾向于以下哪一个维度：责任/利益、实用/理想、创新/守旧、非道德。你的回答必须只包含其中的一个维度。,英国财政部和金融行为监管局（FCA）正在制定要求企业和投资公司披露可持续性信息的规定。此举是政府利用绿色金融推动经济在2050年前实现净零碳排放的一部分工作。,责任/利益
你是一位道德判断模型。根据给出的有关环境报道的新闻文本，请判断其倾向于以下哪一个维度：责任/利益、实用/理想、创新/守旧、非道德。你的回答必须只包含其中的一个维度。,IEEFA 的研究报告预测了维多利亚州的 Yallourn 和 New South Wales 的 Eraring 电力站的关闭，指出澳大利亚迫切需要政策框架来支持老旧煤炭发电机的大规模替换。,创新/守旧
你是一位道德判断模型。根据给出的有关环境报道的新闻文本，请判断其倾向于以下哪一个维度：责任/利益、实用/理想、创新/守旧、非道德。你的回答必须只包含其中的一个维度。,该数据中心将把浸泡冷却技术推向新的高度并将为利用可再生能源进行数据处理树立新标准。BitFury 正引领该领域创新，设立新的数据中心并与我们的全球合作伙伴携手合作推进这一重要工作让我们引以为傲,创新/守旧
你是一位道德判断模型。根据给出的有关环境报道的新闻文本，请判断其倾向于以下哪一个维度：责任/利益、实用/理想、创新/守旧、非道德。你的回答必须只包含其中的一个维度。,"Last year, the European Union set out a plan to reduce the environmental damage of the apparel industry, a major contributor to global emissions.",责任/利益
你是一位道德判断模型。根据给出的有关环境报道的新闻文本，请判断其倾向于以下哪一个维度：责任/利益、实用/理想、创新/守旧、非道德。你的回答必须只包含其中的一个维度。,该数据中心将把浸泡冷却技术推向新的高度并将为利用可再生能源进行数据处理树立新标准。BitFury 正引领该领域创新，设立新的数据中心并与我们的全球合作伙伴携手合作推进这一重要工作让我们引以为傲,创新/守旧
你是一位道德判断模型。根据给出的有关环境报道的新闻文本，请判断其倾向于以下哪一个维度：责任/利益、实用/理想、创新/守旧、非道德。你的回答必须只包含其中的一个维度。,为北郊热电厂电厂重要组成部分。,创新/守旧
你是一位道德判断模型。根据给出的有关环境报道的新闻文本，请判断其倾向于以下哪一个维度：责任/利益、实用/理想、创新/守旧、非道德。你的回答必须只包含其中的一个维度。,尽管州长在立法机关中拥有稳固的多数席位，然而他仍然无法在民意调查显示大多数新泽西人支持该想法的情况下通过最后法案。,创新/守旧
你是一位道德判断模型。根据给出的有关环境报道的新闻文本，请判断其倾向于以下哪一个维度：责任/利益、实用/理想、创新/守旧、非道德。你的回答必须只包含其中的一个维度。,Palsgaard已有长期CSR历史。公司成立于100多年前，当时公司发明了现代商业食品乳化剂，Palsgaard一直努力寻找保护社区和保护自然资源的方法。2015年CSR报告描述了Palsgaard如何利用几十年的食品应用专业知识，帮助客户通过更高效、更高品质的生产和更健康的产品的可持续方式满足消费者需求和监管重点。报告还进一步阐述了公司如何在减排、可持续棕榈油生产以及食品安全方面发挥领导作用。,责任/利益
你是一位道德判断模型。根据给出的有关环境报道的新闻文本，请判断其倾向于以下哪一个维度：责任/利益、实用/理想、创新/守旧、非道德。你的回答必须只包含其中的一个维度。,英国政府提出创新战略，旨在成为全球创新领导者，强大的知识产权系统将对此起到关键作用。创新对解决英国面临的挑战至关重要，包括实现净零排放、促进全国经济增长、实现全球贸易国目标以及从新冠疫情中恢复经济。,责任/利益
你是一位道德判断模型。根据给出的有关环境报道的新闻文本，请判断其倾向于以下哪一个维度：责任/利益、实用/理想、创新/守旧、非道德。你的回答必须只包含其中的一个维度。,Tor Stendahl 来自 BASF，他曾在 BASF 担任过各种领导职务和销售职位，并有丰富的电池行业经验。,责任/利益
你是一位道德判断模型。根据给出的有关环境报道的新闻文本，请判断其倾向于以下哪一个维度：责任/利益、实用/理想、创新/守旧、非道德。你的回答必须只包含其中的一个维度。,主业处于石油石化、钢铁、有色金属、电力、化工、煤炭、建材、交通运输、建筑行业，且具备以下三个条件之一的：年耗能在 200 万吨标准煤以上，二氧化硫、氮氧化物、化学需氧量、氨氮等主要污染物排放总量位于中央企业前三分之一，对生态环境有较大影响。,责任/利益
你是一位道德判断模型。根据给出的有关环境报道的新闻文本，请判断其倾向于以下哪一个维度：责任/利益、实用/理想、创新/守旧、非道德。你的回答必须只包含其中的一个维度。,葡萄牙将在 2022 年底开始生产绿色氢气，并已经为八个预计将取得进展的项目安排了约 100 亿欧元的私人投资。,责任/利益
你是一位道德判断模型。根据给出的有关环境报道的新闻文本，请判断其倾向于以下哪一个维度：责任/利益、实用/理想、创新/守旧、非道德。你的回答必须只包含其中的一个维度。,为推动形成绿色低碳生产生活方式，深圳先行先试抢抓机遇，积极探索碳中和的“深圳模式”,责任/利益
你是一位道德判断模型。根据给出的有关环境报道的新闻文本，请判断其倾向于以下哪一个维度：责任/利益、实用/理想、创新/守旧、非道德。你的回答必须只包含其中的一个维度。,NEC全球5G产品高级副总裁Patrick Lopez表示，减少能源消耗对运营商来说可以带来实实在在的商业利益，也是支持电信行业节能网络的关键。,责任/利益
你是一位道德判断模型。根据给出的有关环境报道的新闻文本，请判断其倾向于以下哪一个维度：责任/利益、实用/理想、创新/守旧、非道德。你的回答必须只包含其中的一个维度。,根据联合国环境规划署金融倡议项目的一份新报告，如果企业不采取行动应对气候变化，将在未来 15 年内损失 1.2 万亿美元。报告呼吁企业及金融机构对气候变化相关的风险和机会进行长期评估。,实用/理想
你是一位道德判断模型。根据给出的有关环境报道的新闻文本，请判断其倾向于以下哪一个维度：责任/利益、实用/理想、创新/守旧、非道德。你的回答必须只包含其中的一个维度。,通过Solar for All赠款，实施Solar Works DC计划，为低收入居民安装太阳能板。,责任/利益
你是一位道德判断模型。根据给出的有关环境报道的新闻文本，请判断其倾向于以下哪一个维度：责任/利益、实用/理想、创新/守旧、非道德。你的回答必须只包含其中的一个维度。,中信期货分析师指出，目前对建筑材料的需求仍然强劲，国内热轧卷价格也受到海外市场激增的推动。,创新/守旧
你是一位道德判断模型。根据给出的有关环境报道的新闻文本，请判断其倾向于以下哪一个维度：责任/利益、实用/理想、创新/守旧、非道德。你的回答必须只包含其中的一个维度。,在巴西极右翼政府总统雅伊尔·博尔索纳罗的领导下，亚马逊地区的非法伐木者变得更加大胆。,责任/利益
你是一位道德判断模型。根据给出的有关环境报道的新闻文本，请判断其倾向于以下哪一个维度：责任/利益、实用/理想、创新/守旧、非道德。你的回答必须只包含其中的一个维度。,Bridges 的合伙人之一，他领导了对 HYCUBE 的投资，并表示公司致力于支持像 HYCUBE 这样的企业加速增长。,创新/守旧
你是一位道德判断模型。根据给出的有关环境报道的新闻文本，请判断其倾向于以下哪一个维度：责任/利益、实用/理想、创新/守旧、非道德。你的回答必须只包含其中的一个维度。,为认真贯彻落实党中央国务院关于碳达峰碳中和战略决策部署，大力推动我市全社会节约用能、科学用电、节约用电、错峰用电，保障全市经济社会稳定运行，积极践行绿色低碳的生产生活方式,责任/利益
你是一位道德判断模型。根据给出的有关环境报道的新闻文本，请判断其倾向于以下哪一个维度：责任/利益、实用/理想、创新/守旧、非道德。你的回答必须只包含其中的一个维度。,何立峰表示，目前，中国的风电装机、水电装机、光伏装机和正在建设当中的核电，在世界都是排在第一位的。,责任/利益
你是一位道德判断模型。根据给出的有关环境报道的新闻文本，请判断其倾向于以下哪一个维度：责任/利益、实用/理想、创新/守旧、非道德。你的回答必须只包含其中的一个维度。,推动实施冰雪旅游发展行动计划。,责任/利益
你是一位道德判断模型。根据给出的有关环境报道的新闻文本，请判断其倾向于以下哪一个维度：责任/利益、实用/理想、创新/守旧、非道德。你的回答必须只包含其中的一个维度。,要进一步深化改革开放，谋划实施新一轮国有企业改革，促进民营经济发展壮大，稳住外贸外资基本盘。,责任/利益
你是一位道德判断模型。根据给出的有关环境报道的新闻文本，请判断其倾向于以下哪一个维度：责任/利益、实用/理想、创新/守旧、非道德。你的回答必须只包含其中的一个维度。,RIA North的脱碳主管Julie Carrier表示，我们知道北部地区对2040年实现零排放的交通运输目标充满雄心，铁路行业也渴望在此过程中发挥作用。,实用/理想
你是一位道德判断模型。根据给出的有关环境报道的新闻文本，请判断其倾向于以下哪一个维度：责任/利益、实用/理想、创新/守旧、非道德。你的回答必须只包含其中的一个维度。,通过今年早些时候通过的法案，盐湖城居民可能比原计划更早地使用100%的可再生能源来为他们的电脑、冰箱和电视供电。,实用/理想
你是一位道德判断模型。根据给出的有关环境报道的新闻文本，请判断其倾向于以下哪一个维度：责任/利益、实用/理想、创新/守旧、非道德。你的回答必须只包含其中的一个维度。,Southern California Edison 公司将为 30 名优秀高中生提供总额为 15 万美元的奖学金，帮助他们实现追求科学、技术、工程或数学（STEM），网络安全或数据分析的梦想。,责任/利益
你是一位道德判断模型。根据给出的有关环境报道的新闻文本，请判断其倾向于以下哪一个维度：责任/利益、实用/理想、创新/守旧、非道德。你的回答必须只包含其中的一个维度。,在 2020 年气候雄心峰会上，世界领导人分享了对应对气候变化影响的愿景。中国国家主席习近平不仅谈到中国一直在履行其承诺，而且还提出了新的气候治理方法。,责任/利益
你是一位道德判断模型。根据给出的有关环境报道的新闻文本，请判断其倾向于以下哪一个维度：责任/利益、实用/理想、创新/守旧、非道德。你的回答必须只包含其中的一个维度。,与杭州绿时袋科技集团有限公司达成战略联合，共同致力于‘碳中和释放环保新未来’,责任/利益
你是一位道德判断模型。根据给出的有关环境报道的新闻文本，请判断其倾向于以下哪一个维度：责任/利益、实用/理想、创新/守旧、非道德。你的回答必须只包含其中的一个维度。,有色金属行业将按照总纲领的思想要求，在'十四五'期间统筹发展与安全，推动传统产业转型升级，加快智能化改造，实现高端、绿色、低碳、安全发展。,责任/利益
你是一位道德判断模型。根据给出的有关环境报道的新闻文本，请判断其倾向于以下哪一个维度：责任/利益、实用/理想、创新/守旧、非道德。你的回答必须只包含其中的一个维度。,全球地板覆盖物供应商Shaw发布了2018年可持续发展报告，强调公司致力于以人为本，同时关注地球健康和人类体验。,责任/利益
你是一位道德判断模型。根据给出的有关环境报道的新闻文本，请判断其倾向于以下哪一个维度：责任/利益、实用/理想、创新/守旧、非道德。你的回答必须只包含其中的一个维度。,Emerson宣布了其可持续战略，目标是到2045年实现净零温室气体（GHG）范围1、范围2和范围3排放。该公司详细介绍了其达到净零的目标及其环境、社会和治理进展。,实用/理想
你是一位道德判断模型。根据给出的有关环境报道的新闻文本，请判断其倾向于以下哪一个维度：责任/利益、实用/理想、创新/守旧、非道德。你的回答必须只包含其中的一个维度。,首个全国生态日主场活动由国家发展改革委联合中央宣传部、自然资源部、生态环境部等部门和浙江省人民政府共同举办，主题为“绿水青山就是金山银山”,责任/利益
你是一位道德判断模型。根据给出的有关环境报道的新闻文本，请判断其倾向于以下哪一个维度：责任/利益、实用/理想、创新/守旧、非道德。你的回答必须只包含其中的一个维度。,以色列新上任的环境保护部长 Tamar Zandberg 是该协议的坚定反对者。,责任/利益
你是一位道德判断模型。根据给出的有关环境报道的新闻文本，请判断其倾向于以下哪一个维度：责任/利益、实用/理想、创新/守旧、非道德。你的回答必须只包含其中的一个维度。,会议指出，要深刻学习贯彻习近平总书记对于“两高”项目“两个坚决”指示精神，把遏制“两高”项目盲目发展作为推进碳达峰、碳中和、能耗“双控”、煤炭消费总量控制的重要抓手，加快推动煤电行业提质增效、结构调整、绿色转型、低碳发展，为全省能源行业高质量发展提供样板和支撑。,责任/利益
你是一位道德判断模型。根据给出的有关环境报道的新闻文本，请判断其倾向于以下哪一个维度：责任/利益、实用/理想、创新/守旧、非道德。你的回答必须只包含其中的一个维度。,巴黎协定目标是将全球平均气温上升限制在 2 度以下。,责任/利益
你是一位道德判断模型。根据给出的有关环境报道的新闻文本，请判断其倾向于以下哪一个维度：责任/利益、实用/理想、创新/守旧、非道德。你的回答必须只包含其中的一个维度。,由中国家用电器研究院、中国标准化研究院资环分院主办的'低碳制造 绿色未来' 2021 年家电绿色低碳发展技术大会暨'绿色家电十百千领跑行动'启动会在北京召开。,责任/利益
你是一位道德判断模型。根据给出的有关环境报道的新闻文本，请判断其倾向于以下哪一个维度：责任/利益、实用/理想、创新/守旧、非道德。你的回答必须只包含其中的一个维度。,中方坚持公平、共同但有区别的责任、各自能力原则，推动落实《联合国气候变化框架公约》及其《巴黎协定》，积极开展气候变化南南合作，既为全球治理作出了贡献，也体现了中国的国际担当,责任/利益
你是一位道德判断模型。根据给出的有关环境报道的新闻文本，请判断其倾向于以下哪一个维度：责任/利益、实用/理想、创新/守旧、非道德。你的回答必须只包含其中的一个维度。,Stäubli Electrical Connectors是一家领先的生产连接器解决方案的制造商，与ABB合作研发满足工业应用需求的电气化解决方案。,创新/守旧
你是一位道德判断模型。根据给出的有关环境报道的新闻文本，请判断其倾向于以下哪一个维度：责任/利益、实用/理想、创新/守旧、非道德。你的回答必须只包含其中的一个维度。,龚克说，要发挥好科学技术的杠杆作用，就必须深化国际科技交流合作，在更高的起点上推进自主创新，主动布局和积极利用国际创新资源，努力构建合作共赢的伙伴关系，在实现自身发展的同时惠及其他更多国家和人民，推动全球范围平衡发展。,责任/利益
你是一位道德判断模型。根据给出的有关环境报道的新闻文本，请判断其倾向于以下哪一个维度：责任/利益、实用/理想、创新/守旧、非道德。你的回答必须只包含其中的一个维度。,李强强调，要全面加强政府自身建设，把政治建设摆在首位，大兴调查研究之风，认真落实机构改革任务，坚持严格依法行政，提高创造性执行效能，为完成各项目标任务提供有力保障。,责任/利益
你是一位道德判断模型。根据给出的有关环境报道的新闻文本，请判断其倾向于以下哪一个维度：责任/利益、实用/理想、创新/守旧、非道德。你的回答必须只包含其中的一个维度。,全球零售服饰领导企业 Gap 集团日前发布了全新的环境、社会和公司治理（ESG）报告，系统呈现了该公司在赋权女性、创造机会、造福社区等三大方面的目标、所做努力和所取得的成果。,责任/利益
你是一位道德判断模型。根据给出的有关环境报道的新闻文本，请判断其倾向于以下哪一个维度：责任/利益、实用/理想、创新/守旧、非道德。你的回答必须只包含其中的一个维度。,AND Digital与客户Drax合作，支持构建了这个平台，为组织车队经理提供了实时工具，让他们能够有效地管理电动汽车队。My Electric Vehicles平台还提供了 eco-safety score，可以调整驾驶行为和路线，支持组织显著减少碳足迹。,创新/守旧
你是一位道德判断模型。根据给出的有关环境报道的新闻文本，请判断其倾向于以下哪一个维度：责任/利益、实用/理想、创新/守旧、非道德。你的回答必须只包含其中的一个维度。,本届政府任期的五年，是全面建设社会主义现代化国家开局起步的关键时期。本届政府的工作，就是要把党中央的决策部署贯彻好、落实好，我们每一位同志都要当好执行者、行动派、实干家。,责任/利益
你是一位道德判断模型。根据给出的有关环境报道的新闻文本，请判断其倾向于以下哪一个维度：责任/利益、实用/理想、创新/守旧、非道德。你的回答必须只包含其中的一个维度。,美国能源部与Masdar等企业合作，共同推进15 GW的清洁能源项目。,责任/利益
你是一位道德判断模型。根据给出的有关环境报道的新闻文本，请判断其倾向于以下哪一个维度：责任/利益、实用/理想、创新/守旧、非道德。你的回答必须只包含其中的一个维度。,由长沙市开福区发展和改革局与长沙市开福区教育局主办的长沙市开福区 2022 年全国节能宣传周启动仪式正式开始。,责任/利益
你是一位道德判断模型。根据给出的有关环境报道的新闻文本，请判断其倾向于以下哪一个维度：责任/利益、实用/理想、创新/守旧、非道德。你的回答必须只包含其中的一个维度。,DREWSEN的未来的再生能源供应概念还包括生产氢气以储存能量。除了太阳能，风能也将在不久的将来得到利用。,责任/利益
你是一位道德判断模型。根据给出的有关环境报道的新闻文本，请判断其倾向于以下哪一个维度：责任/利益、实用/理想、创新/守旧、非道德。你的回答必须只包含其中的一个维度。,AECOM的政府客户由于美国救援计划的资金支持而财务状况良好，预计将在今年下半年获得更多的合同，从而推动公司在2022财年的增长。,责任/利益
你是一位道德判断模型。根据给出的有关环境报道的新闻文本，请判断其倾向于以下哪一个维度：责任/利益、实用/理想、创新/守旧、非道德。你的回答必须只包含其中的一个维度。,国际货币基金组织表示，去年的碳排放中只有17%受到了碳定价。,创新/守旧
你是一位道德判断模型。根据给出的有关环境报道的新闻文本，请判断其倾向于以下哪一个维度：责任/利益、实用/理想、创新/守旧、非道德。你的回答必须只包含其中的一个维度。,全力打造投资便利、行政高效、服务规范、法治完善的国际一流营商环境,责任/利益
你是一位道德判断模型。根据给出的有关环境报道的新闻文本，请判断其倾向于以下哪一个维度：责任/利益、实用/理想、创新/守旧、非道德。你的回答必须只包含其中的一个维度。,Bristol Green Capital Partnership将与委员会合作，为委员会提供秘书处服务。,责任/利益
你是一位道德判断模型。根据给出的有关环境报道的新闻文本，请判断其倾向于以下哪一个维度：责任/利益、实用/理想、创新/守旧、非道德。你的回答必须只包含其中的一个维度。,将践行绿色低碳作为教育活动重要内容，鼓励学校结合办学特色，围绕雄安新区生态文明建设、白洋淀生态环境保护等主题，因地制宜创新绿色低碳教育活动形式，积极打造具有河北特色的教育活动品牌。,责任/利益
你是一位道德判断模型。根据给出的有关环境报道的新闻文本，请判断其倾向于以下哪一个维度：责任/利益、实用/理想、创新/守旧、非道德。你的回答必须只包含其中的一个维度。,应对风险挑战，必须准确把握做好经济工作的规律性认识及重大理论和实践问题。习近平总书记精辟概括了我们党应对风险挑战、做好经济工作的四条规律性认识，即必须坚持党中央集中统一领导，必须坚持高质量发展，必须坚持稳中求进，必须加强统筹协调。,责任/利益
你是一位道德判断模型。根据给出的有关环境报道的新闻文本，请判断其倾向于以下哪一个维度：责任/利益、实用/理想、创新/守旧、非道德。你的回答必须只包含其中的一个维度。,美国能源部和阿联酋宣布了一项 40 亿美元的计划，以帮助农业适应气候变化。,责任/利益
你是一位道德判断模型。根据给出的有关环境报道的新闻文本，请判断其倾向于以下哪一个维度：责任/利益、实用/理想、创新/守旧、非道德。你的回答必须只包含其中的一个维度。,要有效防范化解重大风险，牢牢守住不发生系统性风险的底线。要全力抓好农业农村工作，切实保障粮食和重要农产品稳定安全供给，巩固拓展脱贫攻坚成果。,责任/利益
你是一位道德判断模型。根据给出的有关环境报道的新闻文本，请判断其倾向于以下哪一个维度：责任/利益、实用/理想、创新/守旧、非道德。你的回答必须只包含其中的一个维度。,"Heathrow is maintaining its forecast for 2022 at just over half of pre-pandemic levels, arguing that the summer travel period can recover the weak start to the year.",责任/利益
你是一位道德判断模型。根据给出的有关环境报道的新闻文本，请判断其倾向于以下哪一个维度：责任/利益、实用/理想、创新/守旧、非道德。你的回答必须只包含其中的一个维度。,汾酒作为山西省国企改革'样本'，势必要积极响应国家号召，融入'双循环'新发展格局，紧抓数字化转型和碳达峰、碳中和战略布局带来的发展机遇期，为国家崛起、民族复兴贡献力量，扛起新时代的责任担当。,责任/利益
你是一位道德判断模型。根据给出的有关环境报道的新闻文本，请判断其倾向于以下哪一个维度：责任/利益、实用/理想、创新/守旧、非道德。你的回答必须只包含其中的一个维度。,Legal & General是MCAG的创始合作伙伴之一，他们表示对气候紧急状态的支持不能来得太快，作为英国碳排放的最大贡献者之一，房地产市场有责任加大努力减少能源消耗。,责任/利益
你是一位道德判断模型。根据给出的有关环境报道的新闻文本，请判断其倾向于以下哪一个维度：责任/利益、实用/理想、创新/守旧、非道德。你的回答必须只包含其中的一个维度。,实践证明，只有以改革激活科技工作者的创新活力，不断强化尊重创造的社会价值取向，才能最大限度激发科技作为第一生产力所蕴藏的巨大潜能。,创新/守旧
你是一位道德判断模型。根据给出的有关环境报道的新闻文本，请判断其倾向于以下哪一个维度：责任/利益、实用/理想、创新/守旧、非道德。你的回答必须只包含其中的一个维度。,提出三点倡议：团结一心，开创合作共赢的气候治理新局面；提振雄心，形成各尽所能的气候治理新体系；增强信心，坚持绿色复苏的气候治理新思路。,责任/利益
你是一位道德判断模型。根据给出的有关环境报道的新闻文本，请判断其倾向于以下哪一个维度：责任/利益、实用/理想、创新/守旧、非道德。你的回答必须只包含其中的一个维度。,‘Forever Reef’由澳大利亚 Great Barrier Reef Legacy（大堡礁遗产）组织牵头，旨在环境恶化趋势下保护珊瑚物种，以此唤醒全人类重视气候变化对生物多样性造成的影响。,责任/利益
你是一位道德判断模型。根据给出的有关环境报道的新闻文本，请判断其倾向于以下哪一个维度：责任/利益、实用/理想、创新/守旧、非道德。你的回答必须只包含其中的一个维度。,阐释应对气候变化的中国主张，宣布中国国家自主贡献最新举措，为推动全球气候治理注入信心和力量。,责任/利益
你是一位道德判断模型。根据给出的有关环境报道的新闻文本，请判断其倾向于以下哪一个维度：责任/利益、实用/理想、创新/守旧、非道德。你的回答必须只包含其中的一个维度。,李强指出，本届政府任期的五年，是全面建设社会主义现代化国家开局起步的关键时期。本届政府的工作，就是要把党中央的决策部署贯彻好、落实好，我们每一位同志都要当好执行者、行动派、实干家。,责任/利益
你是一位道德判断模型。根据给出的有关环境报道的新闻文本，请判断其倾向于以下哪一个维度：责任/利益、实用/理想、创新/守旧、非道德。你的回答必须只包含其中的一个维度。,该数据中心将把浸泡冷却技术推向新的高度并将为利用可再生能源进行数据处理树立新标准。BitFury 正引领该领域创新，设立新的数据中心并与我们的全球合作伙伴携手合作推进这一重要工作让我们引以为傲,责任/利益
你是一位道德判断模型。根据给出的有关环境报道的新闻文本，请判断其倾向于以下哪一个维度：责任/利益、实用/理想、创新/守旧、非道德。你的回答必须只包含其中的一个维度。,云南复烤公司对楚雄复烤厂进行环保指导，使其实现绿色发展和低碳转型,责任/利益
你是一位道德判断模型。根据给出的有关环境报道的新闻文本，请判断其倾向于以下哪一个维度：责任/利益、实用/理想、创新/守旧、非道德。你的回答必须只包含其中的一个维度。,需明确碳减排量并通过碳中和进行消纳。具体而言，项目业主应按照公布的碳减排项目方法学开发 CDCER，并通过碳惠天府平台提交碳减排项目审核申请表，由主管部门审核确认登记。,责任/利益
你是一位道德判断模型。根据给出的有关环境报道的新闻文本，请判断其倾向于以下哪一个维度：责任/利益、实用/理想、创新/守旧、非道德。你的回答必须只包含其中的一个维度。,解振华介绍，“1+N”政策体系及其中的《科技支撑碳达峰碳中和实施方案》，明确了能源、绿色、低碳、转型科技、低碳与零碳工业流程再造技术，低碳零碳技术，建筑交通低碳零碳技术、负碳及非二氧化碳温室气体减排技术，前沿颠覆性低碳技术等重点创新方向,创新/守旧
你是一位道德判断模型。根据给出的有关环境报道的新闻文本，请判断其倾向于以下哪一个维度：责任/利益、实用/理想、创新/守旧、非道德。你的回答必须只包含其中的一个维度。,Nuclear energy is making a comeback of sorts given ambitious goals by environmental groups and Democratic presidential candidates seeking carbon-free alternatives to fossil fuels.,创新/守旧
你是一位道德判断模型。根据给出的有关环境报道的新闻文本，请判断其倾向于以下哪一个维度：责任/利益、实用/理想、创新/守旧、非道德。你的回答必须只包含其中的一个维度。,君山小学教师李芳琴分享了她投身生态环保教育事业的动人故事,责任/利益
你是一位道德判断模型。根据给出的有关环境报道的新闻文本，请判断其倾向于以下哪一个维度：责任/利益、实用/理想、创新/守旧、非道德。你的回答必须只包含其中的一个维度。,中国提高了国内绿色债券市场的发行标准，采取重大步骤采用全球标准。,责任/利益
你是一位道德判断模型。根据给出的有关环境报道的新闻文本，请判断其倾向于以下哪一个维度：责任/利益、实用/理想、创新/守旧、非道德。你的回答必须只包含其中的一个维度。,美国财政部长 Janet Yellen 在会议中讨论了南非从煤炭向可再生能源的转型过程,创新/守旧
你是一位道德判断模型。根据给出的有关环境报道的新闻文本，请判断其倾向于以下哪一个维度：责任/利益、实用/理想、创新/守旧、非道德。你的回答必须只包含其中的一个维度。,See Wah之前曾在英国的独角兽企业Onfido担任产品总监。,创新/守旧
你是一位道德判断模型。根据给出的有关环境报道的新闻文本，请判断其倾向于以下哪一个维度：责任/利益、实用/理想、创新/守旧、非道德。你的回答必须只包含其中的一个维度。,新《固废法》共 9 章 126 条，新增 41 条，扩大了固体废物管理范围，在原有基础上增加了生活垃圾分类、建筑垃圾、农业固体废物、医疗废物处理等环境污染防治体系，对固体废物产生、收集、贮存、运输、利用、处置全过程提出了更高的防治要求，废钢铁也按照固体废物进行管理，因此也被称为“历史上最严格的固体废物法”。,创新/守旧
你是一位道德判断模型。根据给出的有关环境报道的新闻文本，请判断其倾向于以下哪一个维度：责任/利益、实用/理想、创新/守旧、非道德。你的回答必须只包含其中的一个维度。,审理温室气体排放民事侵权案件、大气污染防治行政、刑事案件，要坚持生态修复优先，处理好固碳和增汇的关系，积极引导和规范侵权人购买碳汇产品折抵赔偿碳汇损失、生态环境受到损害至修复完成期间服务功能丧失导致的损失。,责任/利益
你是一位道德判断模型。根据给出的有关环境报道的新闻文本，请判断其倾向于以下哪一个维度：责任/利益、实用/理想、创新/守旧、非道德。你的回答必须只包含其中的一个维度。,航运业的可持续发展需要通过全球治理来保障，倡导绿色发展，保护海洋环境，建设节约环保型社会是全人类的共同责任。而上海海事大学愿与国际海事组织以及全球航运界一道，为建设绿色低碳的美好未来而不懈努力。,责任/利益
你是一位道德判断模型。根据给出的有关环境报道的新闻文本，请判断其倾向于以下哪一个维度：责任/利益、实用/理想、创新/守旧、非道德。你的回答必须只包含其中的一个维度。,要促进民营经济发展壮大，稳住外贸外资基本盘。,责任/利益
你是一位道德判断模型。根据给出的有关环境报道的新闻文本，请判断其倾向于以下哪一个维度：责任/利益、实用/理想、创新/守旧、非道德。你的回答必须只包含其中的一个维度。,绿色，是发展的基因，是高质量发展的鲜明底色。无论是‘坚定不移贯彻创新、协调、绿色、开放、共享的新发展理念’，还是加快构建与新阶段相适应的‘以国内大循环为主体、国内国际双循环相互促进的新发展格局’，都离不开绿色低碳转型发展。,责任/利益
你是一位道德判断模型。根据给出的有关环境报道的新闻文本，请判断其倾向于以下哪一个维度：责任/利益、实用/理想、创新/守旧、非道德。你的回答必须只包含其中的一个维度。,乐高集团表示，其在美国的工厂将使用最先进的技术来制作、加工和包装乐高产品，并确保其符合公司严格的安全和质量要求。,责任/利益
你是一位道德判断模型。根据给出的有关环境报道的新闻文本，请判断其倾向于以下哪一个维度：责任/利益、实用/理想、创新/守旧、非道德。你的回答必须只包含其中的一个维度。,劳斯莱斯进军氢气生产,创新/守旧
你是一位道德判断模型。根据给出的有关环境报道的新闻文本，请判断其倾向于以下哪一个维度：责任/利益、实用/理想、创新/守旧、非道德。你的回答必须只包含其中的一个维度。,实现碳达峰、碳中和，是解决资源环境约束突出问题、实现中华民族永续发展的必然选择。要以此为引导，坚持绿色低碳理念，建设碳中和智慧博物馆。,责任/利益
你是一位道德判断模型。根据给出的有关环境报道的新闻文本，请判断其倾向于以下哪一个维度：责任/利益、实用/理想、创新/守旧、非道德。你的回答必须只包含其中的一个维度。,中国一直致力于气候治理的行动派，加快构建碳达峰、碳中和政策体系，淘汰煤电落后装机，并在近期有序开工大型风电光伏基地项目。,责任/利益
你是一位道德判断模型。根据给出的有关环境报道的新闻文本，请判断其倾向于以下哪一个维度：责任/利益、实用/理想、创新/守旧、非道德。你的回答必须只包含其中的一个维度。,从 10 月份起，有关部门将联合开展常态化监测，并将监测、处置结果在一定范围内公布,责任/利益
你是一位道德判断模型。根据给出的有关环境报道的新闻文本，请判断其倾向于以下哪一个维度：责任/利益、实用/理想、创新/守旧、非道德。你的回答必须只包含其中的一个维度。,MSCI的最新净零跟踪报告指出，只有46%的上市公司有望实现《巴黎协定》中提出的目标。,创新/守旧
你是一位道德判断模型。根据给出的有关环境报道的新闻文本，请判断其倾向于以下哪一个维度：责任/利益、实用/理想、创新/守旧、非道德。你的回答必须只包含其中的一个维度。,"The project was funded by government of Uganda through the Makerere University Research and Innovation Fund (MakRIF) and additional support from the Science, Technology and Innovation Secretariat, Office of the President.",创新/守旧
你是一位道德判断模型。根据给出的有关环境报道的新闻文本，请判断其倾向于以下哪一个维度：责任/利益、实用/理想、创新/守旧、非道德。你的回答必须只包含其中的一个维度。,尽管壳牌公司、英国石油公司 (BP) 和道达尔能源公司 (TotalEnergies) 做出了努力，抗议者仍然在今年冲击了他们的股东会议，要求更快地转向化石燃料。,创新/守旧
你是一位道德判断模型。根据给出的有关环境报道的新闻文本，请判断其倾向于以下哪一个维度：责任/利益、实用/理想、创新/守旧、非道德。你的回答必须只包含其中的一个维度。,各单位要切实承担起内部监督主体责任，加强对本单位经济业务、财务管理、会计行为、资产管理的日常监督,责任/利益
你是一位道德判断模型。根据给出的有关环境报道的新闻文本，请判断其倾向于以下哪一个维度：责任/利益、实用/理想、创新/守旧、非道德。你的回答必须只包含其中的一个维度。,河南漯河临颍县烟草专卖局 (分公司) 志愿者潘高峰等人开展绿色宣传活动，倡导低碳生活，推动绿色发展理念，为生态环境保护作出积极贡献。,责任/利益
你是一位道德判断模型。根据给出的有关环境报道的新闻文本，请判断其倾向于以下哪一个维度：责任/利益、实用/理想、创新/守旧、非道德。你的回答必须只包含其中的一个维度。,该数据中心将把浸泡冷却技术推向新的高度并将为利用可再生能源进行数据处理树立新标准。BitFury 正引领该领域创新，设立新的数据中心并与我们的全球合作伙伴携手合作推进这一重要工作让我们引以为傲,创新/守旧
你是一位道德判断模型。根据给出的有关环境报道的新闻文本，请判断其倾向于以下哪一个维度：责任/利益、实用/理想、创新/守旧、非道德。你的回答必须只包含其中的一个维度。,该中心从解决'分拣设备高耗能'入手，在分拣车间加强用电设备控制与管理，同时推进生产过程节能化，实现能耗数据平稳下降。,创新/守旧
你是一位道德判断模型。根据给出的有关环境报道的新闻文本，请判断其倾向于以下哪一个维度：责任/利益、实用/理想、创新/守旧、非道德。你的回答必须只包含其中的一个维度。,如果非洲无法利用其烃类资源，其他人表示，非洲领导人必须提出气候赔偿的要求。,责任/利益
你是一位道德判断模型。根据给出的有关环境报道的新闻文本，请判断其倾向于以下哪一个维度：责任/利益、实用/理想、创新/守旧、非道德。你的回答必须只包含其中的一个维度。,路易斯安那州自然资源部正在审查至少五个近海风能项目，这些项目位于距离海岸三海里的州水域内。,责任/利益
你是一位道德判断模型。根据给出的有关环境报道的新闻文本，请判断其倾向于以下哪一个维度：责任/利益、实用/理想、创新/守旧、非道德。你的回答必须只包含其中的一个维度。,DTE Energy的总裁兼首席执行官Jerry Norcia表示，为了实现公司电力公司净零碳排放的目标，他们正在加快可再生能源业务的扩展和投资，并进行了一系列高层管理人员轮换以推动公司的发展。,创新/守旧
你是一位道德判断模型。根据给出的有关环境报道的新闻文本，请判断其倾向于以下哪一个维度：责任/利益、实用/理想、创新/守旧、非道德。你的回答必须只包含其中的一个维度。,中南建设不断强化全产业链绿色发展水平，积极深化低碳环保实践，并将绿色理念融入绿色开发、绿色设计、绿色施工、绿色运营全产业链，为企业可持续发展增添低碳底色。,责任/利益
你是一位道德判断模型。根据给出的有关环境报道的新闻文本，请判断其倾向于以下哪一个维度：责任/利益、实用/理想、创新/守旧、非道德。你的回答必须只包含其中的一个维度。,发挥城乡建设有效扩大内需的作用，更加注重发展保障性租赁住房，精准保障青年和新市民的住房需求，推动城乡绿色发展。,责任/利益
你是一位道德判断模型。根据给出的有关环境报道的新闻文本，请判断其倾向于以下哪一个维度：责任/利益、实用/理想、创新/守旧、非道德。你的回答必须只包含其中的一个维度。,"The delivery into Valero came after import tariffs on US HVO, previously imposed when the UK was a member of the European Union, were lifted in November 2022.",非道德
你是一位道德判断模型。根据给出的有关环境报道的新闻文本，请判断其倾向于以下哪一个维度：责任/利益、实用/理想、创新/守旧、非道德。你的回答必须只包含其中的一个维度。,盛宝银行大宗商品策略主管 Ole Hansen 解释道，在 2022 年的大部分时间里，黄金表现平平是因为投资者相信通胀率会降到 2%，但 2023 年他们的信心将会被动摇。投资者被迫重新评估盈亏，美元将被削弱。,非道德
你是一位道德判断模型。根据给出的有关环境报道的新闻文本，请判断其倾向于以下哪一个维度：责任/利益、实用/理想、创新/守旧、非道德。你的回答必须只包含其中的一个维度。,英国标准协会已经接受并批准了我们的商业案例，这使得我们能够消除许多疑虑和未知因素，解释DEECOM®的科学原理。,非道德
你是一位道德判断模型。根据给出的有关环境报道的新闻文本，请判断其倾向于以下哪一个维度：责任/利益、实用/理想、创新/守旧、非道德。你的回答必须只包含其中的一个维度。,广东此次活动选择在一生提倡植树造林的孙中山先生故乡——中山市,责任/利益
你是一位道德判断模型。根据给出的有关环境报道的新闻文本，请判断其倾向于以下哪一个维度：责任/利益、实用/理想、创新/守旧、非道德。你的回答必须只包含其中的一个维度。,前瞻产业研究院提供产业大数据、产业研究报告、产业规划、园区规划、产业招商、产业图谱、智慧招商系统、IPO 募投可研、IPO 业务与技术撰写、IPO 工作底稿咨询等解决方案。,非道德
你是一位道德判断模型。根据给出的有关环境报道的新闻文本，请判断其倾向于以下哪一个维度：责任/利益、实用/理想、创新/守旧、非道德。你的回答必须只包含其中的一个维度。,金融机构应充分考虑我国经济社会发展实际和各行业发展的阶段性和转型难度等因素，提供必要的资金支持，推动经济社会全面绿色低碳转型。,责任/利益
你是一位道德判断模型。根据给出的有关环境报道的新闻文本，请判断其倾向于以下哪一个维度：责任/利益、实用/理想、创新/守旧、非道德。你的回答必须只包含其中的一个维度。,Gap 集团旗下的标志性赋权女性公益教育项目，通过与供应商和社区合作，至去年已为来自全球 19 个国家的超 1 百万名妇女提供免费学习课程和培训，有效地帮助她们提升了工作和生活技能。,责任/利益
你是一位道德判断模型。根据给出的有关环境报道的新闻文本，请判断其倾向于以下哪一个维度：责任/利益、实用/理想、创新/守旧、非道德。你的回答必须只包含其中的一个维度。,能源是碳达峰碳中和的重点领域，中国的风能和光能连续三年装机超过 1 亿千瓦，可再生能源装机去年年底突破 12 亿千瓦，非化石能源装机占比接近一半，90% 以上煤电机组实现了超低排放，污染物排放水平与气电相当。三年来，煤炭消费比重下降了 1.5 个百分点，非化石能源消费比重增加了 2.2 个百分点，充电基础设施数量增长 3.3 倍。,责任/利益
你是一位道德判断模型。根据给出的有关环境报道的新闻文本，请判断其倾向于以下哪一个维度：责任/利益、实用/理想、创新/守旧、非道德。你的回答必须只包含其中的一个维度。,科学家预测，到本世纪末，气候变化可能会杀死加州几乎所有的标志性约书亚树。,责任/利益
你是一位道德判断模型。根据给出的有关环境报道的新闻文本，请判断其倾向于以下哪一个维度：责任/利益、实用/理想、创新/守旧、非道德。你的回答必须只包含其中的一个维度。,绿色保险不仅包括各类支持环境改善、应对气候变化和促进资源节约高效利用等方面的保险产品，还包含了相关的风险管理服务，以及保险资金对这些领域的支持，覆盖保险业的负债端和资产端。,责任/利益
你是一位道德判断模型。根据给出的有关环境报道的新闻文本，请判断其倾向于以下哪一个维度：责任/利益、实用/理想、创新/守旧、非道德。你的回答必须只包含其中的一个维度。,采取有效措施稳地价稳房价稳预期，扩大保障性租赁住房供给等。,责任/利益
你是一位道德判断模型。根据给出的有关环境报道的新闻文本，请判断其倾向于以下哪一个维度：责任/利益、实用/理想、创新/守旧、非道德。你的回答必须只包含其中的一个维度。,中国华电纪检监察组针对新能源开发速度快、建设项目多、资金投入大等特点，深入梳理分析历年来发生在新能源领域的违规违纪违法问题，提出加强新能源领域廉洁风险防控的纪律检查建议，督促针对体量小、分布散、地处偏远的新能源项目开展专项整治。,责任/利益
你是一位道德判断模型。根据给出的有关环境报道的新闻文本，请判断其倾向于以下哪一个维度：责任/利益、实用/理想、创新/守旧、非道德。你的回答必须只包含其中的一个维度。,Jaguar Land Rover宣布与Everstream Analytics合作，利用人工智能(AI)和机器学习(ML)预测潜在的颠覆性事件及其对供应链可能产生的影响。该公司致力于实现Reimagine Strategy目标，包括在2039年前实现碳净零排放，以及在2030年前将其整个供应链和运营链的温室气体(GHG)排放量减少54%，与2019年相比。该战略还承诺在汽车制造方面进行巨大变革，Jaguar品牌将从2025年起成为纯电动汽车品牌。,创新/守旧
你是一位道德判断模型。根据给出的有关环境报道的新闻文本，请判断其倾向于以下哪一个维度：责任/利益、实用/理想、创新/守旧、非道德。你的回答必须只包含其中的一个维度。,生态文明建设是关系中华民族永续发展的根本大计，是关系党的使命宗旨的重大政治问题，是关系民生福祉的重大社会问题。在全面建设社会主义现代化国家新征程上，要保持加强生态文明建设的战略定力，注重同步推进高质量发展和高水平保护，以“双碳”工作为引领，推动能耗双控逐步转向碳排放双控，持续推进生产方式和生活方式绿色低碳转型，加快推进人与自然和谐共生的现代化，全面推进美丽中国建设。,责任/利益
你是一位道德判断模型。根据给出的有关环境报道的新闻文本，请判断其倾向于以下哪一个维度：责任/利益、实用/理想、创新/守旧、非道德。你的回答必须只包含其中的一个维度。,虚拟货币‘挖矿’活动对国民经济贡献度低，对产业发展、科技进步等带动作用有限，加之虚拟货币生产、交易环节衍生的风险越发突出，其盲目无序发展对推动经济社会高质量发展和节能减排带来不利影响。,责任/利益
你是一位道德判断模型。根据给出的有关环境报道的新闻文本，请判断其倾向于以下哪一个维度：责任/利益、实用/理想、创新/守旧、非道德。你的回答必须只包含其中的一个维度。,要从做到“两个维护”、牢记“国之大者”的高度，深刻认识实现碳达峰碳中和是贯彻新发展理念、推动高质量发展的内在要求，清醒认识陕西省作为能源大省实现碳达峰碳中和面临的严峻挑战，以强烈的责任感紧迫感有力有序推进碳达峰碳中和工作。,责任/利益
你是一位道德判断模型。根据给出的有关环境报道的新闻文本，请判断其倾向于以下哪一个维度：责任/利益、实用/理想、创新/守旧、非道德。你的回答必须只包含其中的一个维度。,"TotalEnergies在乌干达和坦桑尼亚的Eacop管道项目，尽管国际能源署和IPCC的结论，TotalEnergies还是坚持要发展世界上最长的加热管道（1,443公里）。这个项目将在宣布的25年内，排放超过37.9亿吨二氧化碳当量（包括石油燃烧）。这个管道危及具有特别敏感生物多样性的地区，其开发已经导致乌干达和坦桑尼亚的人权侵犯。这个项目，一再推迟，在化石燃料将迅速下降的世界中显得荒谬；但也许TotalEnergies认为石油行业能够减缓能源转型。",创新/守旧
你是一位道德判断模型。根据给出的有关环境报道的新闻文本，请判断其倾向于以下哪一个维度：责任/利益、实用/理想、创新/守旧、非道德。你的回答必须只包含其中的一个维度。,《北京市碳达峰实施方案》安排了 7 大方面 28 项任务措施，围绕“效率引领、科技支撑、机制创新”三方面，将为我国如期实现碳达峰、碳中和目标愿景作出北京贡献。,责任/利益
你是一位道德判断模型。根据给出的有关环境报道的新闻文本，请判断其倾向于以下哪一个维度：责任/利益、实用/理想、创新/守旧、非道德。你的回答必须只包含其中的一个维度。,我们的国家是法国的三倍小，而且没有那个国家在大片开阔土地上快速火车服务。现在我们的火车服务太拥挤了。,非道德
你是一位道德判断模型。根据给出的有关环境报道的新闻文本，请判断其倾向于以下哪一个维度：责任/利益、实用/理想、创新/守旧、非道德。你的回答必须只包含其中的一个维度。,多数市场参与者都认为，本周初的涨势属于投机行为。但报告补充称，中国目前的扶持政策和强劲需求，仍使市场抱持着乐观态度，这将使铁矿石价格获得支撑。,非道德
你是一位道德判断模型。根据给出的有关环境报道的新闻文本，请判断其倾向于以下哪一个维度：责任/利益、实用/理想、创新/守旧、非道德。你的回答必须只包含其中的一个维度。,印度国营煤炭公司计划在未来三到四年内成为净零碳排放企业。,责任/利益
你是一位道德判断模型。根据给出的有关环境报道的新闻文本，请判断其倾向于以下哪一个维度：责任/利益、实用/理想、创新/守旧、非道德。你的回答必须只包含其中的一个维度。,为认真贯彻落实党中央国务院关于碳达峰碳中和战略决策部署，大力推动我市全社会节约用能、科学用电、节约用电、错峰用电，保障全市经济社会稳定运行，积极践行绿色低碳的生产生活方式,责任/利益
你是一位道德判断模型。根据给出的有关环境报道的新闻文本，请判断其倾向于以下哪一个维度：责任/利益、实用/理想、创新/守旧、非道德。你的回答必须只包含其中的一个维度。,要执行绿色建筑标准，支持城市老旧小区及农村住房加装保温材料,责任/利益
你是一位道德判断模型。根据给出的有关环境报道的新闻文本，请判断其倾向于以下哪一个维度：责任/利益、实用/理想、创新/守旧、非道德。你的回答必须只包含其中的一个维度。,Reindl表示，新的太阳能技术发展支持这些选择。此外，过去十年的大规模成本降低使PV在建筑物的垂直部分上的安装成本效益。,创新/守旧
你是一位道德判断模型。根据给出的有关环境报道的新闻文本，请判断其倾向于以下哪一个维度：责任/利益、实用/理想、创新/守旧、非道德。你的回答必须只包含其中的一个维度。,减碳，需要改革配套，也需要发展有序。,实用/理想
你是一位道德判断模型。根据给出的有关环境报道的新闻文本，请判断其倾向于以下哪一个维度：责任/利益、实用/理想、创新/守旧、非道德。你的回答必须只包含其中的一个维度。,中央企业净利润、利润总额要高于国民经济增速；营业收入利润率、研发投入强度、全劳动生产率要明显增长；资产负债率要保持稳健可控。完全有信心完成全年目标任务。今年要积极参与'两新一重'建设，抢抓高回报率、高附加值、高技术含量的订单项目，不断发掘培育新的经济增长点，稳妥有序地开展国际化经营，在基础设施建设、能源资源开发、装备制造等领域开展更高水平的对外合作。要继续加强中央企业债务、资金、金融等重点领域的风险管控，着力提升风险识别、预警和应对能力，提前介入处置，将风险消灭在'萌芽'状态。在混改方面，混改升级要在'改'字上进一步下功夫，要转换经营机制，建立现代企业制度、落实董事会职权、经理人任期制契约化、三项制度改革等。'十四五'期间，将引导企业进一步把握新一轮科技革命和产业变革的机遇，聚焦有基础、有特色、有优势的新兴产业重点领域，大力发展数字经济、平台经济、共享经济，加快培育发展新动能。,责任/利益
你是一位道德判断模型。根据给出的有关环境报道的新闻文本，请判断其倾向于以下哪一个维度：责任/利益、实用/理想、创新/守旧、非道德。你的回答必须只包含其中的一个维度。,信托主业持续发展，落地了一批符合国家战略、服务上海国际金融中心建设的信托项目,责任/利益
你是一位道德判断模型。根据给出的有关环境报道的新闻文本，请判断其倾向于以下哪一个维度：责任/利益、实用/理想、创新/守旧、非道德。你的回答必须只包含其中的一个维度。,ERCOT 继续使用所有可用的工具来有效地管理电网，包括使用备用电力和调用自愿减少能源使用的大型电力客户。,责任/利益
你是一位道德判断模型。根据给出的有关环境报道的新闻文本，请判断其倾向于以下哪一个维度：责任/利益、实用/理想、创新/守旧、非道德。你的回答必须只包含其中的一个维度。,要积极稳妥推进碳达峰碳中和，坚持降碳、减污、扩绿、增长协同推进，推进产业优化升级，完善绿色低碳政策体系。,责任/利益
你是一位道德判断模型。根据给出的有关环境报道的新闻文本，请判断其倾向于以下哪一个维度：责任/利益、实用/理想、创新/守旧、非道德。你的回答必须只包含其中的一个维度。,India's aseptic carton journey started with two iconic customers: ITC and Coca Cola India.,非道德
你是一位道德判断模型。根据给出的有关环境报道的新闻文本，请判断其倾向于以下哪一个维度：责任/利益、实用/理想、创新/守旧、非道德。你的回答必须只包含其中的一个维度。,法国总统Emmanuel Macron表示，新的核电站将由国有能源巨头EDF建设和发展，并将通过数十亿欧元的公共融资来支持这些项目。,责任/利益
你是一位道德判断模型。根据给出的有关环境报道的新闻文本，请判断其倾向于以下哪一个维度：责任/利益、实用/理想、创新/守旧、非道德。你的回答必须只包含其中的一个维度。,联合印发《山东省城乡建设领域碳达峰实施方案》,责任/利益
你是一位道德判断模型。根据给出的有关环境报道的新闻文本，请判断其倾向于以下哪一个维度：责任/利益、实用/理想、创新/守旧、非道德。你的回答必须只包含其中的一个维度。,应积极践行绿色低碳循环发展理念，将节约能源、生态环境保护、碳达峰碳中和战略导向和目标要求纳入企业发展战略和规划，围绕主业有序发展壮大节能环保等绿色低碳产业。,责任/利益
你是一位道德判断模型。根据给出的有关环境报道的新闻文本，请判断其倾向于以下哪一个维度：责任/利益、实用/理想、创新/守旧、非道德。你的回答必须只包含其中的一个维度。,India is encouraging all of its airports to deploy electric ground vehicles in an attempt to become carbon neutral.,责任/利益
你是一位道德判断模型。根据给出的有关环境报道的新闻文本，请判断其倾向于以下哪一个维度：责任/利益、实用/理想、创新/守旧、非道德。你的回答必须只包含其中的一个维度。,央行工作会议要求，加强互联网平台公司金融活动的审慎监管，严禁金融产品过度营销，诱导过度负债，严肃查处侵害金融消费者合法权益的违法违规行为。,责任/利益
你是一位道德判断模型。根据给出的有关环境报道的新闻文本，请判断其倾向于以下哪一个维度：责任/利益、实用/理想、创新/守旧、非道德。你的回答必须只包含其中的一个维度。,四川要贯彻落实“一定要把生态文明建设这篇大文章写好”等重要要求，自觉扛起长江黄河上游生态保护责任，筑牢国家生态安全的战略屏障。,责任/利益
你是一位道德判断模型。根据给出的有关环境报道的新闻文本，请判断其倾向于以下哪一个维度：责任/利益、实用/理想、创新/守旧、非道德。你的回答必须只包含其中的一个维度。,推进美丽中国建设，要统筹产业结构调整、污染治理、生态保护、应对气候变化，协同推进降碳、减污、扩绿、增长，推进生态优先、节约集约、绿色低碳发展,责任/利益
你是一位道德判断模型。根据给出的有关环境报道的新闻文本，请判断其倾向于以下哪一个维度：责任/利益、实用/理想、创新/守旧、非道德。你的回答必须只包含其中的一个维度。,中共一大代表王尽美的后人、81 岁的浙江大学关工委副主任王明华教授，认真聆听总书记的报告后，拿出自己孩童时期与母亲的一张合照感慨道：“那时的中国积贫积弱，今天我们能过上幸福生活，关键在于党的领导。党的二十大报告提出了一系列新思路、新战略、新举措，我要把这些重要内容融入宣讲中，引导同学们赓续红色血脉、厚植家国情怀，肩负起新时代赋予的历史使命。”,责任/利益
你是一位道德判断模型。根据给出的有关环境报道的新闻文本，请判断其倾向于以下哪一个维度：责任/利益、实用/理想、创新/守旧、非道德。你的回答必须只包含其中的一个维度。,德国政府通过立法，名义上是为了确保公民安全，避免福岛式的灾难，要求关闭所有核反应堆。,责任/利益
你是一位道德判断模型。根据给出的有关环境报道的新闻文本，请判断其倾向于以下哪一个维度：责任/利益、实用/理想、创新/守旧、非道德。你的回答必须只包含其中的一个维度。,'无废城市'是一种新的城市发展模式，简单说就是最大限度地减少固体废物源头和填埋量，将固体废弃物对环境的影响降到最低。自 2020 年浙江省启动全域'无废城市'建设以来，杭州闻令而动、迎难而上、全域推进，探索构建'多元共治、绿色循环、智慧监管、创新示范'的'无废杭州'新模式，2022 年'无废指数'位列全省第一，首批通过浙江省全域'无废城市'建设评估，并被评为四星级、全省仅 3 家。,创新/守旧
你是一位道德判断模型。根据给出的有关环境报道的新闻文本，请判断其倾向于以下哪一个维度：责任/利益、实用/理想、创新/守旧、非道德。你的回答必须只包含其中的一个维度。,Al Gore 在世界经济论坛峰会上表示，通胀削减法案是美国的最佳成就之一。,责任/利益
你是一位道德判断模型。根据给出的有关环境报道的新闻文本，请判断其倾向于以下哪一个维度：责任/利益、实用/理想、创新/守旧、非道德。你的回答必须只包含其中的一个维度。,中国作为世界上最大的发展中国家，将完成全球最高碳排放强度降幅，用全球历史上最短的时间实现从碳达峰到碳中和。中国立场和行动，展现出作为全球生态文明建设重要参与者、贡献者、引领者的担当。,责任/利益
你是一位道德判断模型。根据给出的有关环境报道的新闻文本，请判断其倾向于以下哪一个维度：责任/利益、实用/理想、创新/守旧、非道德。你的回答必须只包含其中的一个维度。,该法案在降低胰岛素价格方面取得了成功，为医疗保险 D 部分受益人的胰岛素价格设定了每月 35 美元的上限。Eli Lilly 随后也采取了同样的做法，无论患者的保险情况如何，都将遵循这一价格上限。,责任/利益
你是一位道德判断模型。根据给出的有关环境报道的新闻文本，请判断其倾向于以下哪一个维度：责任/利益、实用/理想、创新/守旧、非道德。你的回答必须只包含其中的一个维度。,高校、科研单位从事相关研究必须与学科建设相匹配，并在满足科研、教学条件下尽量缩减系统建设规模。,责任/利益
你是一位道德判断模型。根据给出的有关环境报道的新闻文本，请判断其倾向于以下哪一个维度：责任/利益、实用/理想、创新/守旧、非道德。你的回答必须只包含其中的一个维度。,开发上线重庆“碳惠通”平台，是集碳履约、碳中和、碳普惠功能于一体的生态产品价值实现项目。,责任/利益
你是一位道德判断模型。根据给出的有关环境报道的新闻文本，请判断其倾向于以下哪一个维度：责任/利益、实用/理想、创新/守旧、非道德。你的回答必须只包含其中的一个维度。,随着新职业的涌现，企业也在不断推进相关领域的创新和发展。,创新/守旧
你是一位道德判断模型。根据给出的有关环境报道的新闻文本，请判断其倾向于以下哪一个维度：责任/利益、实用/理想、创新/守旧、非道德。你的回答必须只包含其中的一个维度。,严格落实长江‘十年禁渔’政策，加强自然保护地建设管理和生物多样性保护,责任/利益
你是一位道德判断模型。根据给出的有关环境报道的新闻文本，请判断其倾向于以下哪一个维度：责任/利益、实用/理想、创新/守旧、非道德。你的回答必须只包含其中的一个维度。,建设美丽中国，要明晰重要关系。在今年这次大会上，习近平总书记明确了需要正确处理的五个重要关系，包括高质量发展和高水平保护、重点攻坚和协同治理、自然恢复和人工修复、外部约束和内生动力、“双碳”承诺和自主行动。,责任/利益
你是一位道德判断模型。根据给出的有关环境报道的新闻文本，请判断其倾向于以下哪一个维度：责任/利益、实用/理想、创新/守旧、非道德。你的回答必须只包含其中的一个维度。,全球乳业巨头Yili Group在COP15上通过参与会议将可持续发展的概念付诸实践，并通过其高端品牌SATINE对保护生物多样性的持续承诺回应了COP15建立地球所有生命共享未来的呼吁。,责任/利益
你是一位道德判断模型。根据给出的有关环境报道的新闻文本，请判断其倾向于以下哪一个维度：责任/利益、实用/理想、创新/守旧、非道德。你的回答必须只包含其中的一个维度。,工会成员要求增加个人假期，三年内每年 3% 的加薪，服务满 22 年后有年限奖金，所有员工进入较低的健康保险等级，降低保险费。,责任/利益
你是一位道德判断模型。根据给出的有关环境报道的新闻文本，请判断其倾向于以下哪一个维度：责任/利益、实用/理想、创新/守旧、非道德。你的回答必须只包含其中的一个维度。,中国单位国内生产总值二氧化碳排放将比 2005 年下降 65% 以上，非化石能源占一次能源消费比重将达到 25% 左右，森林蓄积量将比 2005 年增加 60 亿立方米，风电、太阳能发电总装机容量将达到 12 亿千瓦以上。,非道德
你是一位道德判断模型。根据给出的有关环境报道的新闻文本，请判断其倾向于以下哪一个维度：责任/利益、实用/理想、创新/守旧、非道德。你的回答必须只包含其中的一个维度。,Mark Carney 是 GFANZ 的首席架构师，他今年早些时候表示，该联盟已经取得了长足的发展，现在有大约 550 个成员。,责任/利益
你是一位道德判断模型。根据给出的有关环境报道的新闻文本，请判断其倾向于以下哪一个维度：责任/利益、实用/理想、创新/守旧、非道德。你的回答必须只包含其中的一个维度。,"Shareholders including Neuberger Berman Group said they want Buffett’s company, which owns energy companies, a railway and an insurer, to publish an annual assessment that shows how Berkshire Hathaway manages its climate risks and also how it intends to lower greenhouse gas emissions.",非道德
你是一位道德判断模型。根据给出的有关环境报道的新闻文本，请判断其倾向于以下哪一个维度：责任/利益、实用/理想、创新/守旧、非道德。你的回答必须只包含其中的一个维度。,2019 年，该集团成为世界上第一家成功测试由 20% 回收植物油和林业废弃物组成的生物燃料的航运公司。集团承诺，到 2023 年，替代燃料将至少覆盖其消费量的 10%。,责任/利益
你是一位道德判断模型。根据给出的有关环境报道的新闻文本，请判断其倾向于以下哪一个维度：责任/利益、实用/理想、创新/守旧、非道德。你的回答必须只包含其中的一个维度。,将很多环保工作任务指标列入“十四五”规划，涉农生态环保工作面临着归口多，任务急，时间紧的复杂局面,实用/理想
你是一位道德判断模型。根据给出的有关环境报道的新闻文本，请判断其倾向于以下哪一个维度：责任/利益、实用/理想、创新/守旧、非道德。你的回答必须只包含其中的一个维度。,国信集团与徐矿集团和市国投集团联合实施的重大能源基础设施项目。,责任/利益
你是一位道德判断模型。根据给出的有关环境报道的新闻文本，请判断其倾向于以下哪一个维度：责任/利益、实用/理想、创新/守旧、非道德。你的回答必须只包含其中的一个维度。,彭博新闻母公司彭博 LP 的所有者和创始人迈克尔·布隆伯格将与卡尼共同担任 GFANZ 的联合主席。,责任/利益
你是一位道德判断模型。根据给出的有关环境报道的新闻文本，请判断其倾向于以下哪一个维度：责任/利益、实用/理想、创新/守旧、非道德。你的回答必须只包含其中的一个维度。,持续推进牦牛藏羊良种繁育、标准化养殖、绿色饲草料种植“三大示范基地”建设，稳步推进“中国良种牦牛示范县”建设进程，目前基本形成覆盖 2 个乡镇 18 个村的园区规模，良种程度覆盖度达到 95% 以上，实现以农促牧、以种促养，推动了产业结构转型升级。,责任/利益
你是一位道德判断模型。根据给出的有关环境报道的新闻文本，请判断其倾向于以下哪一个维度：责任/利益、实用/理想、创新/守旧、非道德。你的回答必须只包含其中的一个维度。,RWE AG是德国最大的电力供应商，拥有六个使用最脏化石燃料的设施，其首席财务官Markus Krebber表示，该公司不会在2038年的最后期限前加快关闭煤炭发电厂。,创新/守旧
你是一位道德判断模型。根据给出的有关环境报道的新闻文本，请判断其倾向于以下哪一个维度：责任/利益、实用/理想、创新/守旧、非道德。你的回答必须只包含其中的一个维度。,Plans to build a tyre recycling plant in Linwood – a move that would create scores of jobs – have been given the green light by councillors.,责任/利益
你是一位道德判断模型。根据给出的有关环境报道的新闻文本，请判断其倾向于以下哪一个维度：责任/利益、实用/理想、创新/守旧、非道德。你的回答必须只包含其中的一个维度。,国际能源署表示，核能发电量应在 2020 年至 2050 年间翻两番，以实现净零排放。,责任/利益
你是一位道德判断模型。根据给出的有关环境报道的新闻文本，请判断其倾向于以下哪一个维度：责任/利益、实用/理想、创新/守旧、非道德。你的回答必须只包含其中的一个维度。,"Axalta also worked to align with the United Nations Sustainable Development Goals in developing its ESG framework, structured under three key pillars: Planet Solutions, Business Solutions, and People Solutions.",责任/利益
你是一位道德判断模型。根据给出的有关环境报道的新闻文本，请判断其倾向于以下哪一个维度：责任/利益、实用/理想、创新/守旧、非道德。你的回答必须只包含其中的一个维度。,中国国内生产总值（GDP）总量的三分，即近 9 万亿美元，因为自然损失而面临风险。到 2030 年，实现中国经济转向“自然受益型”可以带来 1.9 万亿美元的新增商业价值，并创造 8800 万个就业机会。,责任/利益
你是一位道德判断模型。根据给出的有关环境报道的新闻文本，请判断其倾向于以下哪一个维度：责任/利益、实用/理想、创新/守旧、非道德。你的回答必须只包含其中的一个维度。,英国和印度推出了一个计划，以改善全球电力电网的连接，加速向更清洁的能源过渡。,责任/利益
你是一位道德判断模型。根据给出的有关环境报道的新闻文本，请判断其倾向于以下哪一个维度：责任/利益、实用/理想、创新/守旧、非道德。你的回答必须只包含其中的一个维度。,"在国内，每日黑巧与中国绿化基金会“百万森林计划”公益项目合作，2022-2023 已连续两年完成植树 20,000 棵，帮助减缓土地荒漠化进程，支持该公益项目在内蒙古阿拉善项目区的生态修复、自然教育和社区发展工作。",责任/利益
你是一位道德判断模型。根据给出的有关环境报道的新闻文本，请判断其倾向于以下哪一个维度：责任/利益、实用/理想、创新/守旧、非道德。你的回答必须只包含其中的一个维度。,包括苏格兰电力、Vattenfall和Orsted在内的大型清洁能源集团的高管们正在敦促英国政府将他们打算采购的清洁能源电力能力从12吉瓦提高到至少15吉瓦。,创新/守旧
你是一位道德判断模型。根据给出的有关环境报道的新闻文本，请判断其倾向于以下哪一个维度：责任/利益、实用/理想、创新/守旧、非道德。你的回答必须只包含其中的一个维度。,科学治污再攀新高。深化“三长”联动治水，2022 年 6 月总投资 6000 多万元、日处理生活污水 6000 吨的城西污水处理厂投入运行，61 个行政村达到“双 60”治理标准，建成农村生态河道 75 条计 260 公里。,责任/利益
你是一位道德判断模型。根据给出的有关环境报道的新闻文本，请判断其倾向于以下哪一个维度：责任/利益、实用/理想、创新/守旧、非道德。你的回答必须只包含其中的一个维度。,国际能源署执行总监 Fatih Birol 在 2022 年底提到，对可再生能源解决方案和扩张的需求迅速增长。公司们比以往任何时候都更快地建造涡轮机、建设基础设施和脱碳供应链。全球将在未来 5 年新增的可再生能源产能与过去 20 年一样多。,责任/利益
你是一位道德判断模型。根据给出的有关环境报道的新闻文本，请判断其倾向于以下哪一个维度：责任/利益、实用/理想、创新/守旧、非道德。你的回答必须只包含其中的一个维度。,在Cop26峰会上，各国领导人讨论了如何实现减少二氧化碳排放的目标，以及如何保护森林等问题。,责任/利益
你是一位道德判断模型。根据给出的有关环境报道的新闻文本，请判断其倾向于以下哪一个维度：责任/利益、实用/理想、创新/守旧、非道德。你的回答必须只包含其中的一个维度。,周二，EGLE 提出的草案包括了所有工作小组提出的建议。公众现在可以在草案最终确定之前提出评论。,非道德
你是一位道德判断模型。根据给出的有关环境报道的新闻文本，请判断其倾向于以下哪一个维度：责任/利益、实用/理想、创新/守旧、非道德。你的回答必须只包含其中的一个维度。,"The company is steadily investing in its U.S. operations and manufacturing base to support increased customer demand for its solutions powering homes and businesses, including federal electrification projects.",责任/利益
你是一位道德判断模型。根据给出的有关环境报道的新闻文本，请判断其倾向于以下哪一个维度：责任/利益、实用/理想、创新/守旧、非道德。你的回答必须只包含其中的一个维度。,双方决定建立环境与气候高层对话，打造中欧绿色合作伙伴关系。,责任/利益
你是一位道德判断模型。根据给出的有关环境报道的新闻文本，请判断其倾向于以下哪一个维度：责任/利益、实用/理想、创新/守旧、非道德。你的回答必须只包含其中的一个维度。,承诺在2014-2023年期间为全球各地的环保活动和解决方案提供1000亿美元的资金。,责任/利益
你是一位道德判断模型。根据给出的有关环境报道的新闻文本，请判断其倾向于以下哪一个维度：责任/利益、实用/理想、创新/守旧、非道德。你的回答必须只包含其中的一个维度。,推动和引导社会资本逐步从传统高耗能、高污染行业流向低碳经济行业,责任/利益
你是一位道德判断模型。根据给出的有关环境报道的新闻文本，请判断其倾向于以下哪一个维度：责任/利益、实用/理想、创新/守旧、非道德。你的回答必须只包含其中的一个维度。,全部入列‘十四五’时期国家‘无废城市’百城大名单，成为全国唯一设区市全覆盖的省份,责任/利益
你是一位道德判断模型。根据给出的有关环境报道的新闻文本，请判断其倾向于以下哪一个维度：责任/利益、实用/理想、创新/守旧、非道德。你的回答必须只包含其中的一个维度。,Tritax Big Box REIT的CEO Colin Godfrey表示，他们很高兴看到DPD在环保方面的领导力和承诺。,责任/利益
你是一位道德判断模型。根据给出的有关环境报道的新闻文本，请判断其倾向于以下哪一个维度：责任/利益、实用/理想、创新/守旧、非道德。你的回答必须只包含其中的一个维度。,这是英国唯一获得规划许可的太空港。得到了英国航天局（UKSA）在2018年的支持。,非道德
你是一位道德判断模型。根据给出的有关环境报道的新闻文本，请判断其倾向于以下哪一个维度：责任/利益、实用/理想、创新/守旧、非道德。你的回答必须只包含其中的一个维度。,在‘共抓大保护、不搞大开发’理念的引领下，长江沿线各地持续推进生态文明建设，我们的母亲河愈发生机盎然、焕发新颜。,责任/利益
你是一位道德判断模型。根据给出的有关环境报道的新闻文本，请判断其倾向于以下哪一个维度：责任/利益、实用/理想、创新/守旧、非道德。你的回答必须只包含其中的一个维度。,RGU计算学院的Eyad Elyan教授表示：“AI模型的性能严重依赖于可用数据的质量和多样性。通过SAIBOK项目，我们创新地利用了来自不同行业合作伙伴的丰富和多样化的海底数据进行资产检查，从而产生了智能异常检测方法。,非道德
你是一位道德判断模型。根据给出的有关环境报道的新闻文本，请判断其倾向于以下哪一个维度：责任/利益、实用/理想、创新/守旧、非道德。你的回答必须只包含其中的一个维度。,人类到了反思的时候。从金融领域底线投资到道德投资、责任投资到目前的 ESG 投资，人类对于环境社会和治理的关注不断增强，这令我们十分欣慰。,责任/利益
你是一位道德判断模型。根据给出的有关环境报道的新闻文本，请判断其倾向于以下哪一个维度：责任/利益、实用/理想、创新/守旧、非道德。你的回答必须只包含其中的一个维度。,该数据中心将把浸泡冷却技术推向新的高度并将为利用可再生能源进行数据处理树立新标准。BitFury 正引领该领域创新，设立新的数据中心并与我们的全球合作伙伴携手合作推进这一重要工作让我们引以为傲,创新/守旧
你是一位道德判断模型。根据给出的有关环境报道的新闻文本，请判断其倾向于以下哪一个维度：责任/利益、实用/理想、创新/守旧、非道德。你的回答必须只包含其中的一个维度。,黑烟囱和白烟囱是海底和地球深部相互作用形成的一种热液活动,非道德
你是一位道德判断模型。根据给出的有关环境报道的新闻文本，请判断其倾向于以下哪一个维度：责任/利益、实用/理想、创新/守旧、非道德。你的回答必须只包含其中的一个维度。,中国计量大学法学院的教师虞伟身着红白运动服出现了，他是本次冬残奥会火炬接力第 43 棒火炬手。作为一名环保人，他倍感自豪。,非道德
你是一位道德判断模型。根据给出的有关环境报道的新闻文本，请判断其倾向于以下哪一个维度：责任/利益、实用/理想、创新/守旧、非道德。你的回答必须只包含其中的一个维度。,The Clean Hydrogen Mission 报告称，他们已超过 80% 地完成了到 2024 年确定 100 个可以在 2030 年实施的氢谷项目的目标。,责任/利益
你是一位道德判断模型。根据给出的有关环境报道的新闻文本，请判断其倾向于以下哪一个维度：责任/利益、实用/理想、创新/守旧、非道德。你的回答必须只包含其中的一个维度。,部分地方政府没有认真落实生态环境保护主体责任，对生态环境保护重要性认识不够，提出口号多、推动落实少，自行其是、阳奉阴违。,创新/守旧
你是一位道德判断模型。根据给出的有关环境报道的新闻文本，请判断其倾向于以下哪一个维度：责任/利益、实用/理想、创新/守旧、非道德。你的回答必须只包含其中的一个维度。,"As a leading global green energy manufacturer, LONGi has always attached great importance to technological progress, and the proportion of R&D investment in its annual revenue has always been stable at about 5%~7%.",创新/守旧
你是一位道德判断模型。根据给出的有关环境报道的新闻文本，请判断其倾向于以下哪一个维度：责任/利益、实用/理想、创新/守旧、非道德。你的回答必须只包含其中的一个维度。,市交通运输局将大力推进‘四好农村路’高质量发展，实现交通运输发展由交通基础设施建设为主，逐步转向建设与综合运输服务并举并重，全力助推乡村振兴和实现共同富裕。,责任/利益
你是一位道德判断模型。根据给出的有关环境报道的新闻文本，请判断其倾向于以下哪一个维度：责任/利益、实用/理想、创新/守旧、非道德。你的回答必须只包含其中的一个维度。,8 月 9 日，在生态法庭监督下，该减排量已由成都市绿色低碳发展协会集中注销。,责任/利益
你是一位道德判断模型。根据给出的有关环境报道的新闻文本，请判断其倾向于以下哪一个维度：责任/利益、实用/理想、创新/守旧、非道德。你的回答必须只包含其中的一个维度。,作为市场主体的一员，我对未来的企业经营充满信心。,责任/利益
你是一位道德判断模型。根据给出的有关环境报道的新闻文本，请判断其倾向于以下哪一个维度：责任/利益、实用/理想、创新/守旧、非道德。你的回答必须只包含其中的一个维度。,"Trina Solar, the world's leading provider of PV and smart energy total solutions, has expanded its operations in South Africa by opening a new office in Johannesburg and a warehouse in Cape Town.",责任/利益
你是一位道德判断模型。根据给出的有关环境报道的新闻文本，请判断其倾向于以下哪一个维度：责任/利益、实用/理想、创新/守旧、非道德。你的回答必须只包含其中的一个维度。,英国医学会正在挑战停车费，但我们认识到需要一个长期的替代方案来解决这个问题。,非道德
你是一位道德判断模型。根据给出的有关环境报道的新闻文本，请判断其倾向于以下哪一个维度：责任/利益、实用/理想、创新/守旧、非道德。你的回答必须只包含其中的一个维度。,该数据中心将把浸泡冷却技术推向新的高度并将为利用可再生能源进行数据处理树立新标准。BitFury 正引领该领域创新，设立新的数据中心并与我们的全球合作伙伴携手合作推进这一重要工作让我们引以为傲,创新/守旧
你是一位道德判断模型。根据给出的有关环境报道的新闻文本，请判断其倾向于以下哪一个维度：责任/利益、实用/理想、创新/守旧、非道德。你的回答必须只包含其中的一个维度。,建立完善长江、嘉陵江、乌江流域重庆段的常态化巡防暗访工作机制，通过媒体曝光，倒逼责任落实、问题整改。,责任/利益
你是一位道德判断模型。根据给出的有关环境报道的新闻文本，请判断其倾向于以下哪一个维度：责任/利益、实用/理想、创新/守旧、非道德。你的回答必须只包含其中的一个维度。,祥和节能集团采用移植创新法和整合创新法，将空调行业安装在前端的中央空调理念、思路和安装方法，移植到节能节电行业，研制出安装在医院电能入口端的祥和医院型反常安全节能装置。能够为医院用户实现设备节能 7%-32%、管理节能 5%-25%、提高功率因数 4%-8%、扩大容量 5%-10%。,创新/守旧
你是一位道德判断模型。根据给出的有关环境报道的新闻文本，请判断其倾向于以下哪一个维度：责任/利益、实用/理想、创新/守旧、非道德。你的回答必须只包含其中的一个维度。,明确本市健全生态保护补偿机制，推动形成政府主导、企业和社会各界参与、市场化运作、可持续的生态产品价值实现机制。,责任/利益
你是一位道德判断模型。根据给出的有关环境报道的新闻文本，请判断其倾向于以下哪一个维度：责任/利益、实用/理想、创新/守旧、非道德。你的回答必须只包含其中的一个维度。,作为 Lignite Research Council 的主席，这是全国最大的研究和发展计划之一，我可以为明尼苏达州人知道我们共享的目标提供重要的资源和专业知识。我们知道我们可以满足现有客户的需求，同时规划未来几代人的需求。,责任/利益
你是一位道德判断模型。根据给出的有关环境报道的新闻文本，请判断其倾向于以下哪一个维度：责任/利益、实用/理想、创新/守旧、非道德。你的回答必须只包含其中的一个维度。,South Korea wants to bet big on green energy and has pledged to be carbon neutral by 2050.,责任/利益
你是一位道德判断模型。根据给出的有关环境报道的新闻文本，请判断其倾向于以下哪一个维度：责任/利益、实用/理想、创新/守旧、非道德。你的回答必须只包含其中的一个维度。, Michigan League of Conservation Voters 的 Roslyn Ogburn 在会议前代表一群致力于解决气候变化问题的组织向立法者呼吁将气候问题放在优先位置。,责任/利益
你是一位道德判断模型。根据给出的有关环境报道的新闻文本，请判断其倾向于以下哪一个维度：责任/利益、实用/理想、创新/守旧、非道德。你的回答必须只包含其中的一个维度。,美国加州大学圣迭戈分校的研究团队发现了基于蓝牙芯片的硬件级指纹识别漏洞。,非道德
你是一位道德判断模型。根据给出的有关环境报道的新闻文本，请判断其倾向于以下哪一个维度：责任/利益、实用/理想、创新/守旧、非道德。你的回答必须只包含其中的一个维度。,进一步完善绿色低碳政策和市场体系，优化体制机制软环境，重点包括深化能源体制改革、加快推进碳排放权交易、积极发展绿色金融、健全与绿色低碳发展相关的法律法规、倡导营造绿色低碳生活方式、加强应对气候变化国际合作与规则标准制定等。,责任/利益
你是一位道德判断模型。根据给出的有关环境报道的新闻文本，请判断其倾向于以下哪一个维度：责任/利益、实用/理想、创新/守旧、非道德。你的回答必须只包含其中的一个维度。,日益深度参与全球环境治理，从推动达成气候变化《巴黎协定》到全面履行《联合国气候变化框架公约》，从设立气候变化南南合作基金到大力推进绿色“一带一路”建设，中国始终秉持人类命运共同体理念，坚持多边主义，同世界各国一道，共谋全球生态文明建设，加强应对气候变化国际合作，推动构建公平合理、合作共赢的全球气候治理体系。,责任/利益
你是一位道德判断模型。根据给出的有关环境报道的新闻文本，请判断其倾向于以下哪一个维度：责任/利益、实用/理想、创新/守旧、非道德。你的回答必须只包含其中的一个维度。,"Our roadmap shows the priority actions that are needed to ensure the opportunity of net-zero emissions by 2050 is narrow, but still achievable.",实用/理想
你是一位道德判断模型。根据给出的有关环境报道的新闻文本，请判断其倾向于以下哪一个维度：责任/利益、实用/理想、创新/守旧、非道德。你的回答必须只包含其中的一个维度。,谷歌在可靠计算方面的工作使其与AMD、微软、Nvidia、Arm Ltd.、英特尔和Meta Platforms Inc.成立了一个新的服务器组件弹性工作组。,非道德
你是一位道德判断模型。根据给出的有关环境报道的新闻文本，请判断其倾向于以下哪一个维度：责任/利益、实用/理想、创新/守旧、非道德。你的回答必须只包含其中的一个维度。,2021 年，包括广大林农在内的福建农民人均可支配收入达 2.32 万元、同比增长 11.2%，重点林区林农涉林收入约占总收入的四分之一,非道德
你是一位道德判断模型。根据给出的有关环境报道的新闻文本，请判断其倾向于以下哪一个维度：责任/利益、实用/理想、创新/守旧、非道德。你的回答必须只包含其中的一个维度。,银保监会消息，从 2 月 1 日起，《互联网保险业务监管办法》正式实施。《办法》强化了持牌经营原则，明确互联网保险业务应由依法设立的保险机构开展。,责任/利益
你是一位道德判断模型。根据给出的有关环境报道的新闻文本，请判断其倾向于以下哪一个维度：责任/利益、实用/理想、创新/守旧、非道德。你的回答必须只包含其中的一个维度。,La Belle Vita服装精品店的Brenda表示，任何吸引人们到市中心的活动都对他们的业务有益,非道德
你是一位道德判断模型。根据给出的有关环境报道的新闻文本，请判断其倾向于以下哪一个维度：责任/利益、实用/理想、创新/守旧、非道德。你的回答必须只包含其中的一个维度。,全市上下要进一步树牢绿色发展理念，切实增强紧迫感、使命感，强化政治责任和省会担当，按照市党代会的部署安排，坚持生态环境保护和经济社会发展两手抓两促进，采取精准高效的措施，全力以赴推动各项工作落到实处，推动生态环境质量改善由量变到质变，加快建设“人民的幸福城市、幸福的人民城市”。,责任/利益
你是一位道德判断模型。根据给出的有关环境报道的新闻文本，请判断其倾向于以下哪一个维度：责任/利益、实用/理想、创新/守旧、非道德。你的回答必须只包含其中的一个维度。,发起设立‘太阳能热利用科学技术杰出贡献奖’，表彰对我国太阳能热利用科学技术进步以及推广应用做出重要贡献的个人，推动太阳能热利用技术和产业的发展。,责任/利益
你是一位道德判断模型。根据给出的有关环境报道的新闻文本，请判断其倾向于以下哪一个维度：责任/利益、实用/理想、创新/守旧、非道德。你的回答必须只包含其中的一个维度。,要加快完成钢铁联合企业、焦化企业、水泥企业超低排放改造,责任/利益
你是一位道德判断模型。根据给出的有关环境报道的新闻文本，请判断其倾向于以下哪一个维度：责任/利益、实用/理想、创新/守旧、非道德。你的回答必须只包含其中的一个维度。,Cummins Inc. 宣布，其总裁兼首席运营官Jennifer Rumsey已被选入公司董事会。Rumsey在Cummins的25年职业生涯中，一直专注于推动技术发展，并将产品推向市场，以期为世界带来积极的影响。,责任/利益
你是一位道德判断模型。根据给出的有关环境报道的新闻文本，请判断其倾向于以下哪一个维度：责任/利益、实用/理想、创新/守旧、非道德。你的回答必须只包含其中的一个维度。,因一项新的投诉调查而被暂停党籍，并将作为独立议员坐到问题解决为止,非道德
你是一位道德判断模型。根据给出的有关环境报道的新闻文本，请判断其倾向于以下哪一个维度：责任/利益、实用/理想、创新/守旧、非道德。你的回答必须只包含其中的一个维度。,该数据中心将把浸泡冷却技术推向新的高度并将为利用可再生能源进行数据处理树立新标准。BitFury 正引领该领域创新，设立新的数据中心并与我们的全球合作伙伴携手合作推进这一重要工作让我们引以为傲,创新/守旧
你是一位道德判断模型。根据给出的有关环境报道的新闻文本，请判断其倾向于以下哪一个维度：责任/利益、实用/理想、创新/守旧、非道德。你的回答必须只包含其中的一个维度。,Civitas 资源的测量主管，他表示，在使用 Quorum 之前，他们面临着收集和合并资产数据的挑战，而 Quorum 帮助他们通过整合 FLOWCAL 和 TESTit 解决了这个问题。,非道德
你是一位道德判断模型。根据给出的有关环境报道的新闻文本，请判断其倾向于以下哪一个维度：责任/利益、实用/理想、创新/守旧、非道德。你的回答必须只包含其中的一个维度。,农行创新系列线上惠农贷款产品，推出手机银行乡村版。截至 11 月末，农户专属线上融资产品“惠农 e 贷”余额达 7535 亿元、惠及 446 万农户。持续加大脱贫地区和脱贫群众金融服务力度，巩固拓展脱贫攻坚成果。,责任/利益
你是一位道德判断模型。根据给出的有关环境报道的新闻文本，请判断其倾向于以下哪一个维度：责任/利益、实用/理想、创新/守旧、非道德。你的回答必须只包含其中的一个维度。,欧盟表示，Facebook 和 YouTube 在 2021 年相比 2020 年更少地删除了报告给他们的仇恨言论，这加大了对社交媒体平台实施更严格监管的压力。,非道德
你是一位道德判断模型。根据给出的有关环境报道的新闻文本，请判断其倾向于以下哪一个维度：责任/利益、实用/理想、创新/守旧、非道德。你的回答必须只包含其中的一个维度。,我们就是要推进美丽中国建设，把促进人与自然和谐共生作为谋划发展硬约束，更加突出了系统观念的实践深化和科学运用。,责任/利益
你是一位道德判断模型。根据给出的有关环境报道的新闻文本，请判断其倾向于以下哪一个维度：责任/利益、实用/理想、创新/守旧、非道德。你的回答必须只包含其中的一个维度。,提交了在哈德逊河畔建设新天然气发电厂的申请，但被纽约州环境保护部（DEC）拒绝。,非道德
你是一位道德判断模型。根据给出的有关环境报道的新闻文本，请判断其倾向于以下哪一个维度：责任/利益、实用/理想、创新/守旧、非道德。你的回答必须只包含其中的一个维度。,Posterity Heights是一个价值4200万美元的可持续发展的经济适用房项目，正在印第安纳州Fort Wayne的东南部建造。它是印第安纳波利斯市的BWI LLC开发的，位于前McMillen公寓的旧址。该项目的一个关键部分是一个500千瓦的太阳能阵列，这是降低房价的关键因素。,责任/利益
你是一位道德判断模型。根据给出的有关环境报道的新闻文本，请判断其倾向于以下哪一个维度：责任/利益、实用/理想、创新/守旧、非道德。你的回答必须只包含其中的一个维度。,升阳升与中建四局、中建科工等标杆企业成为守合同重信用参编企业。,非道德
你是一位道德判断模型。根据给出的有关环境报道的新闻文本，请判断其倾向于以下哪一个维度：责任/利益、实用/理想、创新/守旧、非道德。你的回答必须只包含其中的一个维度。,今天达成的协议是满足日益增长的对环保、可持续生产的产品的需求的另一种方式。我们很高兴与全球领先企业LG Chem合作，扩大美国乳酸生产，并继续扩大我们的能力以满足日益增长的需求。,责任/利益
你是一位道德判断模型。根据给出的有关环境报道的新闻文本，请判断其倾向于以下哪一个维度：责任/利益、实用/理想、创新/守旧、非道德。你的回答必须只包含其中的一个维度。,Volvo and Polestar feature within Hertz’s green mobility portfolio.,非道德
你是一位道德判断模型。根据给出的有关环境报道的新闻文本，请判断其倾向于以下哪一个维度：责任/利益、实用/理想、创新/守旧、非道德。你的回答必须只包含其中的一个维度。,省委书记、省人大常委会主任张庆伟主持召开省生态环境保护委员会暨省生态环境保护督察和整改工作领导小组 2022 年第一次全体会议，强调要深入贯彻习近平生态文明思想，走生态优先、绿色发展之路。,责任/利益
你是一位道德判断模型。根据给出的有关环境报道的新闻文本，请判断其倾向于以下哪一个维度：责任/利益、实用/理想、创新/守旧、非道德。你的回答必须只包含其中的一个维度。,Thrive Home Builders 公司致力于推广零能耗住宅，提供高效、环保的住宅解决方案。,责任/利益
你是一位道德判断模型。根据给出的有关环境报道的新闻文本，请判断其倾向于以下哪一个维度：责任/利益、实用/理想、创新/守旧、非道德。你的回答必须只包含其中的一个维度。,研究表明，碳中和目标能够在 2060 年前保护大多数中国人（约 78%），使其受到的 PM2.5 暴露浓度低于 10 微克/立方米，并且使将近 85% 的中国城市的 PM2.5 浓度达到世界卫生组织的要求。,非道德
你是一位道德判断模型。根据给出的有关环境报道的新闻文本，请判断其倾向于以下哪一个维度：责任/利益、实用/理想、创新/守旧、非道德。你的回答必须只包含其中的一个维度。,企业领袖们，向 '蓝色' 业务实践的转变 – 如向零温室气体排放经济的转变 – 是一个历史性和前所未有的机会。,责任/利益
你是一位道德判断模型。根据给出的有关环境报道的新闻文本，请判断其倾向于以下哪一个维度：责任/利益、实用/理想、创新/守旧、非道德。你的回答必须只包含其中的一个维度。,AWS与Bridgestone的合作将扩大我们在汽车领域的全球服务影响，解锁新的行业解决方案，使未来的移动性成为现实。,非道德
你是一位道德判断模型。根据给出的有关环境报道的新闻文本，请判断其倾向于以下哪一个维度：责任/利益、实用/理想、创新/守旧、非道德。你的回答必须只包含其中的一个维度。,党的十八大以来，以习近平同志为核心的党中央把生态文明建设作为关系中华民族永续发展的根本大计，开展了一系列开创性工作，决心之大、力度之大、成效之大前所未有，生态文明建设的成就举世瞩目，成为新时代党和国家事业取得历史性成就、发生历史性变革的显著标志。新时代新征程，要深入学习贯彻习近平生态文明思想，把建设美丽中国摆在强国建设、民族复兴的突出位置，以高品质生态环境支撑高质量发展，加快推进人与自然和谐共生的现代化。,责任/利益
你是一位道德判断模型。根据给出的有关环境报道的新闻文本，请判断其倾向于以下哪一个维度：责任/利益、实用/理想、创新/守旧、非道德。你的回答必须只包含其中的一个维度。,即使在铜价在过去12个月里上涨了80%，也没有实质性的绿地项目获得批准。新冠病毒只是加剧了这种动态，为公司投资决策带来了足够的不确定性。这种供需矛盾加剧了当前的赤字状况，并预示从中期开始将出现大规模的供需缺口。到2030年，我们预计供需缺口将达到8.2 Mt，是2000年代初引发铜价牛市的缺口的兩倍之多。,非道德
你是一位道德判断模型。根据给出的有关环境报道的新闻文本，请判断其倾向于以下哪一个维度：责任/利益、实用/理想、创新/守旧、非道德。你的回答必须只包含其中的一个维度。,组织了一次生态之旅，带领家长和孩子们参观公园的绿道和自动空气质量监测站,非道德
你是一位道德判断模型。根据给出的有关环境报道的新闻文本，请判断其倾向于以下哪一个维度：责任/利益、实用/理想、创新/守旧、非道德。你的回答必须只包含其中的一个维度。,本次论坛由北外滩国际航运论坛组委会主办，旨在通过探讨当前绿色低碳航运的技术创新、管理措施、最佳实践，分享中国技术和方案，促进国际气候减缓目标实现,责任/利益
你是一位道德判断模型。根据给出的有关环境报道的新闻文本，请判断其倾向于以下哪一个维度：责任/利益、实用/理想、创新/守旧、非道德。你的回答必须只包含其中的一个维度。,提供足够的激励农业部门安装绿色能源，将是政府实现2050年净零排放目标的关键。,非道德
你是一位道德判断模型。根据给出的有关环境报道的新闻文本，请判断其倾向于以下哪一个维度：责任/利益、实用/理想、创新/守旧、非道德。你的回答必须只包含其中的一个维度。,提供基于其计算平台的物理基础机器学习模型，实现对成千上万的化学候选者的目标属性筛选，无需进行一次实验,非道德
你是一位道德判断模型。根据给出的有关环境报道的新闻文本，请判断其倾向于以下哪一个维度：责任/利益、实用/理想、创新/守旧、非道德。你的回答必须只包含其中的一个维度。,欧洲议会最近也宣布了'气候紧急状态'。,责任/利益
你是一位道德判断模型。根据给出的有关环境报道的新闻文本，请判断其倾向于以下哪一个维度：责任/利益、实用/理想、创新/守旧、非道德。你的回答必须只包含其中的一个维度。,每个人的点滴行动，都将汇聚成落实‘双碳’目标的巨大合力。保护地球，就是守护未来的希望。让我们积极行动起来，每一个人都成为绿色低碳生活的践行者、倡导者和传播者，落实‘双碳’行动，共建美丽家园。,责任/利益
你是一位道德判断模型。根据给出的有关环境报道的新闻文本，请判断其倾向于以下哪一个维度：责任/利益、实用/理想、创新/守旧、非道德。你的回答必须只包含其中的一个维度。,国家发展改革委资源节约和环境保护司牵头，会同福建、江西、贵州、海南省发展改革委及海南省生态环境厅，组织遴选了一批试验区改革成果典型案例，编写了《建设美丽中国的探索实践——国家生态文明试验区改革成果案例汇编》一书。,责任/利益
你是一位道德判断模型。根据给出的有关环境报道的新闻文本，请判断其倾向于以下哪一个维度：责任/利益、实用/理想、创新/守旧、非道德。你的回答必须只包含其中的一个维度。,中国将继续坚持积极应对气候变化，走绿色、低碳高质量发展道路的战略定位，坚定落实碳达峰碳中和目标。,责任/利益
你是一位道德判断模型。根据给出的有关环境报道的新闻文本，请判断其倾向于以下哪一个维度：责任/利益、实用/理想、创新/守旧、非道德。你的回答必须只包含其中的一个维度。,投标供应商须承诺：没有在信用中国网站的失信被执行人、重大税收违法案件当事人名单、政府采购严重违法失信名单和中国政府采购网站中“政府采购严重违法失信行为记录名单”的名录里,责任/利益
你是一位道德判断模型。根据给出的有关环境报道的新闻文本，请判断其倾向于以下哪一个维度：责任/利益、实用/理想、创新/守旧、非道德。你的回答必须只包含其中的一个维度。,稳健的货币政策要稳字当头，保持流动性合理充裕，保持货币供应量和社会融资规模增速同名义经济增速基本匹配，进一步发挥好再贷款、再贴现和直达实体经济货币政策工具的牵引带动作用，继续引导金融系统积极支持实体经济恢复发展。,责任/利益
你是一位道德判断模型。根据给出的有关环境报道的新闻文本，请判断其倾向于以下哪一个维度：责任/利益、实用/理想、创新/守旧、非道德。你的回答必须只包含其中的一个维度。,"National Grid Ventures, leading on what is known as Humber Low Carbon Pipelines, is due to launch the consultation on Monday, October 31 - with publication of the proposed route in detail.",非道德
你是一位道德判断模型。根据给出的有关环境报道的新闻文本，请判断其倾向于以下哪一个维度：责任/利益、实用/理想、创新/守旧、非道德。你的回答必须只包含其中的一个维度。,在中国新疆地区的一个尘土飞扬的城市，实验室正在帮助官员们挖掘 DNA，绘制面孔。,非道德
你是一位道德判断模型。根据给出的有关环境报道的新闻文本，请判断其倾向于以下哪一个维度：责任/利益、实用/理想、创新/守旧、非道德。你的回答必须只包含其中的一个维度。,法国政府努力并成功使欧洲委员会将核能标记为'绿色'，使其可以作为气候友好的电源吸引资金。,责任/利益
你是一位道德判断模型。根据给出的有关环境报道的新闻文本，请判断其倾向于以下哪一个维度：责任/利益、实用/理想、创新/守旧、非道德。你的回答必须只包含其中的一个维度。,走进城市各大商场、写字楼、医院、市政等其他公共厕所管理单位，向各地公共厕所管理部门捐赠智能公益纸巾机设备，并且长期提供免费的纸巾耗材和设备运维服务,责任/利益
你是一位道德判断模型。根据给出的有关环境报道的新闻文本，请判断其倾向于以下哪一个维度：责任/利益、实用/理想、创新/守旧、非道德。你的回答必须只包含其中的一个维度。,广大企业要发挥主体作用，肩负起历史赋予的重任，加强与科研院所、高校的进一步合作，共同突破产业发展中的技术瓶颈，努力提高产品的附加值和竞争力，推动传统产业向价值链高端攀升。,责任/利益
你是一位道德判断模型。根据给出的有关环境报道的新闻文本，请判断其倾向于以下哪一个维度：责任/利益、实用/理想、创新/守旧、非道德。你的回答必须只包含其中的一个维度。,苏格兰在 Expo 2020 Dubai 活动中，展示了其世界领先的学术成果，包括太空、数字健康、氢和气候技术创新等。,创新/守旧
你是一位道德判断模型。根据给出的有关环境报道的新闻文本，请判断其倾向于以下哪一个维度：责任/利益、实用/理想、创新/守旧、非道德。你的回答必须只包含其中的一个维度。,李强强调，要坚定维护以习近平同志为核心的党中央权威和集中统一领导，全面贯彻党的二十大精神，紧紧围绕新时代新征程党的中心任务开展工作，为全面建设社会主义现代化国家、实现中华民族伟大复兴的中国梦不懈奋斗。,责任/利益
你是一位道德判断模型。根据给出的有关环境报道的新闻文本，请判断其倾向于以下哪一个维度：责任/利益、实用/理想、创新/守旧、非道德。你的回答必须只包含其中的一个维度。,英国政府将创建世界上第一个净零金融中心，并计划要求金融机构和上市公司制定强制性的净零转型计划。,责任/利益
你是一位道德判断模型。根据给出的有关环境报道的新闻文本，请判断其倾向于以下哪一个维度：责任/利益、实用/理想、创新/守旧、非道德。你的回答必须只包含其中的一个维度。,明确提出我国二氧化碳排放力争 2030 年前达到峰值，力争 2060 年前实现碳中和,责任/利益
你是一位道德判断模型。根据给出的有关环境报道的新闻文本，请判断其倾向于以下哪一个维度：责任/利益、实用/理想、创新/守旧、非道德。你的回答必须只包含其中的一个维度。,Solo Renewables 是 Hydrogen NI 的早期成员之一。,非道德
你是一位道德判断模型。根据给出的有关环境报道的新闻文本，请判断其倾向于以下哪一个维度：责任/利益、实用/理想、创新/守旧、非道德。你的回答必须只包含其中的一个维度。,苏格兰政府与 SSEN Transmission 和 Hitachi Energy 合作，推进可持续能源未来的发展。,责任/利益
你是一位道德判断模型。根据给出的有关环境报道的新闻文本，请判断其倾向于以下哪一个维度：责任/利益、实用/理想、创新/守旧、非道德。你的回答必须只包含其中的一个维度。,"Jürgen Maier, Chair of Digital Catapult and Co-Chair of Made Smarter added: “In the tumultuous times we face, it can be tempting to simply cut costs rather than invest.",创新/守旧
你是一位道德判断模型。根据给出的有关环境报道的新闻文本，请判断其倾向于以下哪一个维度：责任/利益、实用/理想、创新/守旧、非道德。你的回答必须只包含其中的一个维度。,发布了新的零排放区实施指南，以解决货运排放问题。,责任/利益
你是一位道德判断模型。根据给出的有关环境报道的新闻文本，请判断其倾向于以下哪一个维度：责任/利益、实用/理想、创新/守旧、非道德。你的回答必须只包含其中的一个维度。,《办法》重点在完善工作体系、优化审批程序、强化过程管理、加强风险防控等四个方面作出规定。一是着力健全债券发行管理工作体系。明确了管理责任，国资委审核集团公司年度债券发行计划、推动中央企业强化债券风险防控，中央企业集团公司落实管理主体责任、健全债券发行管理制度、负责子公司债券发行及全流程管理。,责任/利益
你是一位道德判断模型。根据给出的有关环境报道的新闻文本，请判断其倾向于以下哪一个维度：责任/利益、实用/理想、创新/守旧、非道德。你的回答必须只包含其中的一个维度。,正在与 ConstructionLCA 的 Jane Anderson 以及 Woodknowledge Wales 合作，为住宅部门提供关于体碳的指导。,责任/利益
你是一位道德判断模型。根据给出的有关环境报道的新闻文本，请判断其倾向于以下哪一个维度：责任/利益、实用/理想、创新/守旧、非道德。你的回答必须只包含其中的一个维度。,强调要贯彻落实习近平总书记的重要讲话精神，做好新时代吉林民族工作，铸牢中华民族共同体意识,责任/利益
你是一位道德判断模型。根据给出的有关环境报道的新闻文本，请判断其倾向于以下哪一个维度：责任/利益、实用/理想、创新/守旧、非道德。你的回答必须只包含其中的一个维度。,因涉嫌严重违纪违法，于 2020 年 10 月 17 日上午被宣布接受中央纪委国家监委纪律审查和监察调查。,责任/利益
你是一位道德判断模型。根据给出的有关环境报道的新闻文本，请判断其倾向于以下哪一个维度：责任/利益、实用/理想、创新/守旧、非道德。你的回答必须只包含其中的一个维度。,杭州市成立绿色志愿服务总队，各区、县（市）成立大队，将不断推动绿色志愿服务工作向基层延伸，形成全民绿色志愿文明新风尚。,责任/利益
你是一位道德判断模型。根据给出的有关环境报道的新闻文本，请判断其倾向于以下哪一个维度：责任/利益、实用/理想、创新/守旧、非道德。你的回答必须只包含其中的一个维度。,报告还介绍了践行社会责任的相关内容。在香港，该集团成立关爱社会义工分会，开展防疫物资捐赠、家具修缮、少数族裔普通话课程等活动。按照香港社会福利署的统计标准，该集团在 2020 年实现一万义务工作小时。,责任/利益
你是一位道德判断模型。根据给出的有关环境报道的新闻文本，请判断其倾向于以下哪一个维度：责任/利益、实用/理想、创新/守旧、非道德。你的回答必须只包含其中的一个维度。,"Bruce Cleaver, CEO, De Beers Group, said: 'Steady demand for De Beers Group's rough diamonds continued in the ninth sales cycle of the year...'",非道德
你是一位道德判断模型。根据给出的有关环境报道的新闻文本，请判断其倾向于以下哪一个维度：责任/利益、实用/理想、创新/守旧、非道德。你的回答必须只包含其中的一个维度。,中信建设扎实做好北京冬奥会及冬残奥会崇礼太子城冰雪小镇项目运维工作，中信海直全力做好冬奥赛时直升机医疗救援服务，并圆满完成国家第 38 次南极科考飞行保障任务。,责任/利益
你是一位道德判断模型。根据给出的有关环境报道的新闻文本，请判断其倾向于以下哪一个维度：责任/利益、实用/理想、创新/守旧、非道德。你的回答必须只包含其中的一个维度。,该数据中心将把浸泡冷却技术推向新的高度并将为利用可再生能源进行数据处理树立新标准。BitFury 正引领该领域创新，设立新的数据中心并与我们的全球合作伙伴携手合作推进这一重要工作让我们引以为傲,创新/守旧
你是一位道德判断模型。根据给出的有关环境报道的新闻文本，请判断其倾向于以下哪一个维度：责任/利益、实用/理想、创新/守旧、非道德。你的回答必须只包含其中的一个维度。,前澳大利亚总理Kevin Rudd在 Delhi 与 External Affairs Minister S Jaishankar 和 Union Minister of Commerce and Industry Piyush Goyal 会面，并在世界领导人峰会上发表讲话。,责任/利益
你是一位道德判断模型。根据给出的有关环境报道的新闻文本，请判断其倾向于以下哪一个维度：责任/利益、实用/理想、创新/守旧、非道德。你的回答必须只包含其中的一个维度。,报告中提到出台碳达峰行动方案，推进绿色低碳技术研发和推广应用，推进建材等行业节能降碳等重要部署。坚定不移走绿色低碳发展之路，让我们坚定了发展的信心。,责任/利益
你是一位道德判断模型。根据给出的有关环境报道的新闻文本，请判断其倾向于以下哪一个维度：责任/利益、实用/理想、创新/守旧、非道德。你的回答必须只包含其中的一个维度。,在湖南长沙，通过水环境综合治理，圭塘河流域水域环境明显改善。,责任/利益
你是一位道德判断模型。根据给出的有关环境报道的新闻文本，请判断其倾向于以下哪一个维度：责任/利益、实用/理想、创新/守旧、非道德。你的回答必须只包含其中的一个维度。,Trane Technologies利用其专业知识和创新解决方案，加强冷链，支持安全、高效和公平的COVID-19疫苗分发。,责任/利益
你是一位道德判断模型。根据给出的有关环境报道的新闻文本，请判断其倾向于以下哪一个维度：责任/利益、实用/理想、创新/守旧、非道德。你的回答必须只包含其中的一个维度。,该交易得到了机构投资者的积极响应，其兴趣超过了最终发行的金额的5倍，其中国际投资者占比超过90%。,非道德
你是一位道德判断模型。根据给出的有关环境报道的新闻文本，请判断其倾向于以下哪一个维度：责任/利益、实用/理想、创新/守旧、非道德。你的回答必须只包含其中的一个维度。,"The problem is it is a mash-up of so many issues,”said Doug Chia, a fellow at the Center for Corporate Law and Governance at Rutgers Law School in New Jersey.",实用/理想
你是一位道德判断模型。根据给出的有关环境报道的新闻文本，请判断其倾向于以下哪一个维度：责任/利益、实用/理想、创新/守旧、非道德。你的回答必须只包含其中的一个维度。,由Umas公司领导的研究工作显示，我们仍然需要在未来的十年里减少排放并引入更严格的法规，以实现巴黎协定的目标。,实用/理想
你是一位道德判断模型。根据给出的有关环境报道的新闻文本，请判断其倾向于以下哪一个维度：责任/利益、实用/理想、创新/守旧、非道德。你的回答必须只包含其中的一个维度。,生态产品价值逐步体现。天津市推进自然资源确权登记，在全国率先搭建了集要素整合、要素流转、要素资本化于一体的农村产权交易三级市场服务体系，盘活利用闲置宅基地和闲置住宅 15 套。,责任/利益
你是一位道德判断模型。根据给出的有关环境报道的新闻文本，请判断其倾向于以下哪一个维度：责任/利益、实用/理想、创新/守旧、非道德。你的回答必须只包含其中的一个维度。,Cannabrew 是一家 CBD-infused 的酿酒厂，正在筹集六位数的资金以支持其在全国范围内的扩张。该公司已经通过 Seedrs 平台筹集了约 20 万英镑，超过了其原定的 15 万英镑目标。该公司表示，将用这些资金增加市场营销，创造新的就业机会并扩大生产规模。,责任/利益
你是一位道德判断模型。根据给出的有关环境报道的新闻文本，请判断其倾向于以下哪一个维度：责任/利益、实用/理想、创新/守旧、非道德。你的回答必须只包含其中的一个维度。,研究表明，减少排放将改善空气质量，降低儿童哮喘病例近四分之一，并在全球范围内带来更健康的儿童生活。,责任/利益
你是一位道德判断模型。根据给出的有关环境报道的新闻文本，请判断其倾向于以下哪一个维度：责任/利益、实用/理想、创新/守旧、非道德。你的回答必须只包含其中的一个维度。,英国地球之友的首席执行官Craig Bennett警告说，政府的2050年目标对应对灾难性的气候变化来说还太慢，应该提前到2030年。,实用/理想
你是一位道德判断模型。根据给出的有关环境报道的新闻文本，请判断其倾向于以下哪一个维度：责任/利益、实用/理想、创新/守旧、非道德。你的回答必须只包含其中的一个维度。,奥卡西奥-科尔特斯议员提出了一项绿色新政策，试图通过消除化石燃料、航空旅行和牛的排放来解决气候变化问题。,责任/利益
你是一位道德判断模型。根据给出的有关环境报道的新闻文本，请判断其倾向于以下哪一个维度：责任/利益、实用/理想、创新/守旧、非道德。你的回答必须只包含其中的一个维度。,本届政府任期的五年，是全面建设社会主义现代化国家开局起步的关键时期。本届政府的工作，就是要把党中央的决策部署贯彻好、落实好，我们每一位同志都要当好执行者、行动派、实干家。,责任/利益
你是一位道德判断模型。根据给出的有关环境报道的新闻文本，请判断其倾向于以下哪一个维度：责任/利益、实用/理想、创新/守旧、非道德。你的回答必须只包含其中的一个维度。,Meg Svec 和 Molly Svec 姐妹一起经营 Spilt Milk Pastry，她在软件行业有着舒适的工作，但在 Molly 的鼓励下，她们一起开设了这家糕点店。,非道德
你是一位道德判断模型。根据给出的有关环境报道的新闻文本，请判断其倾向于以下哪一个维度：责任/利益、实用/理想、创新/守旧、非道德。你的回答必须只包含其中的一个维度。,该数据中心将把浸泡冷却技术推向新的高度并将为利用可再生能源进行数据处理树立新标准。BitFury 正引领该领域创新，设立新的数据中心并与我们的全球合作伙伴携手合作推进这一重要工作让我们引以为傲,创新/守旧
你是一位道德判断模型。根据给出的有关环境报道的新闻文本，请判断其倾向于以下哪一个维度：责任/利益、实用/理想、创新/守旧、非道德。你的回答必须只包含其中的一个维度。,Shell 的 Integrated Gas 和 Renewables 以及 Energy Solutions 总监 Wael Sawan 表示，Shell 和 ScottishPower 现在可以期待在英国大规模开发浮动风电场，加速国家向净零的转型。,责任/利益
你是一位道德判断模型。根据给出的有关环境报道的新闻文本，请判断其倾向于以下哪一个维度：责任/利益、实用/理想、创新/守旧、非道德。你的回答必须只包含其中的一个维度。,各相关方面在开展环保民主监督、检查督查、督查督导时，也都应坚持“两个最严”要求。即是说，在深入开展生态环境保护的各方面、全过程，都要坚持全面贯彻“两个最严”的主基调，不放松、不懈怠，不讲情面、不留遗憾。,责任/利益
你是一位道德判断模型。根据给出的有关环境报道的新闻文本，请判断其倾向于以下哪一个维度：责任/利益、实用/理想、创新/守旧、非道德。你的回答必须只包含其中的一个维度。,女王赞扬威廉王子在环保方面的长期贡献。,责任/利益
你是一位道德判断模型。根据给出的有关环境报道的新闻文本，请判断其倾向于以下哪一个维度：责任/利益、实用/理想、创新/守旧、非道德。你的回答必须只包含其中的一个维度。,建立金融服务绿色通道、简化理赔流程，全力支持抗洪救灾和灾后重建，保障企业居民应急金融需求。,责任/利益
你是一位道德判断模型。根据给出的有关环境报道的新闻文本，请判断其倾向于以下哪一个维度：责任/利益、实用/理想、创新/守旧、非道德。你的回答必须只包含其中的一个维度。,英国建筑工程师协会(BESA)欢迎政府采取新措施，以改善通风、室内空气质量(IAQ)和解决过热问题。,责任/利益
你是一位道德判断模型。根据给出的有关环境报道的新闻文本，请判断其倾向于以下哪一个维度：责任/利益、实用/理想、创新/守旧、非道德。你的回答必须只包含其中的一个维度。,要聚焦重点任务不折不扣抓好贯彻落实。对照《中共山西省委关于全面贯彻落实习近平总书记考察调研山西重要指示精神的意见》要求，进一步强化目标导向、问题导向、结果导向，进一步明确具体举措、标准要求、完成时限，推动责任到位、措施到位、落实到位。,责任/利益
你是一位道德判断模型。根据给出的有关环境报道的新闻文本，请判断其倾向于以下哪一个维度：责任/利益、实用/理想、创新/守旧、非道德。你的回答必须只包含其中的一个维度。,将是政策重点支持的方向,责任/利益
你是一位道德判断模型。根据给出的有关环境报道的新闻文本，请判断其倾向于以下哪一个维度：责任/利益、实用/理想、创新/守旧、非道德。你的回答必须只包含其中的一个维度。,在气候雄心峰会上发表题为《继往开来，开启全球应对气候变化新征程》的重要讲话，阐述中方观点和承诺，积极推动全球应对气候变化的多边进程,责任/利益
你是一位道德判断模型。根据给出的有关环境报道的新闻文本，请判断其倾向于以下哪一个维度：责任/利益、实用/理想、创新/守旧、非道德。你的回答必须只包含其中的一个维度。,要加强相关舆情、举报信息收集，对发现的问题及时会商、研判、处置,非道德
你是一位道德判断模型。根据给出的有关环境报道的新闻文本，请判断其倾向于以下哪一个维度：责任/利益、实用/理想、创新/守旧、非道德。你的回答必须只包含其中的一个维度。,NextEra Energy chairman and chief executive officer,责任/利益
你是一位道德判断模型。根据给出的有关环境报道的新闻文本，请判断其倾向于以下哪一个维度：责任/利益、实用/理想、创新/守旧、非道德。你的回答必须只包含其中的一个维度。,在气候雄心峰会上发表题为《继往开来，开启全球应对气候变化新征程》的重要讲话，强调应对气候变化的重要性，并表示中国将采取更加有力的政策和措施，为全球应对气候变化作出更大贡献,责任/利益
你是一位道德判断模型。根据给出的有关环境报道的新闻文本，请判断其倾向于以下哪一个维度：责任/利益、实用/理想、创新/守旧、非道德。你的回答必须只包含其中的一个维度。,由非营利组织The Climate Group领导的EV100倡议旨在通过支持企业实现电动汽车转换，使电动汽车成为新的常态。,责任/利益
你是一位道德判断模型。根据给出的有关环境报道的新闻文本，请判断其倾向于以下哪一个维度：责任/利益、实用/理想、创新/守旧、非道德。你的回答必须只包含其中的一个维度。,英国政府表示，在埃及举行的 COP27 上，英国首相 Rishi Sunak 承诺将使英国成为一个“清洁能源超级大国”。,责任/利益
你是一位道德判断模型。根据给出的有关环境报道的新闻文本，请判断其倾向于以下哪一个维度：责任/利益、实用/理想、创新/守旧、非道德。你的回答必须只包含其中的一个维度。,该数据中心将把浸泡冷却技术推向新的高度并将为利用可再生能源进行数据处理树立新标准。BitFury 正引领该领域创新，设立新的数据中心并与我们的全球合作伙伴携手合作推进这一重要工作让我们引以为傲,责任/利益
你是一位道德判断模型。根据给出的有关环境报道的新闻文本，请判断其倾向于以下哪一个维度：责任/利益、实用/理想、创新/守旧、非道德。你的回答必须只包含其中的一个维度。,最佳的公司有强烈的价值观、出色的领导文化，并在诚信方面有着丰富的传统。,责任/利益
你是一位道德判断模型。根据给出的有关环境报道的新闻文本，请判断其倾向于以下哪一个维度：责任/利益、实用/理想、创新/守旧、非道德。你的回答必须只包含其中的一个维度。,山西作为资源型地区和碳排放大省，实现碳达峰碳中和目标意义重大、任务艰巨。,实用/理想
你是一位道德判断模型。根据给出的有关环境报道的新闻文本，请判断其倾向于以下哪一个维度：责任/利益、实用/理想、创新/守旧、非道德。你的回答必须只包含其中的一个维度。,我国人口众多，但能源资源相对不足，随着经济社会持续发展，能源供需矛盾越来越突出。解决能源问题，根本出路是必须坚持开发与节能并重，大力开展节能工作。,实用/理想
你是一位道德判断模型。根据给出的有关环境报道的新闻文本，请判断其倾向于以下哪一个维度：责任/利益、实用/理想、创新/守旧、非道德。你的回答必须只包含其中的一个维度。,各级网信、金融监管部门要加强相关舆情、举报信息收集，对发现的问题及时会商、研判、处置。,非道德
你是一位道德判断模型。根据给出的有关环境报道的新闻文本，请判断其倾向于以下哪一个维度：责任/利益、实用/理想、创新/守旧、非道德。你的回答必须只包含其中的一个维度。,在与欺凌者的直面谈话中，在指责欺凌行为时，教师应该明确表达出要求欺凌者为这件事情负责，即做出行为的改变,责任/利益
你是一位道德判断模型。根据给出的有关环境报道的新闻文本，请判断其倾向于以下哪一个维度：责任/利益、实用/理想、创新/守旧、非道德。你的回答必须只包含其中的一个维度。,围绕‘落实‘双碳’行动，共建美丽家园’宣传主题，创新宣传方式、加大宣传力度、丰富宣传内容，积极营造节能降碳浓厚氛围,责任/利益
你是一位道德判断模型。根据给出的有关环境报道的新闻文本，请判断其倾向于以下哪一个维度：责任/利益、实用/理想、创新/守旧、非道德。你的回答必须只包含其中的一个维度。,积极响应国家“碳达峰、碳中和”发展战略，主动融入全省清洁能源产业高地建设，大力推进清洁供暖示范县建设工作。从县域实际出发，按照“绿电三江源”的总目标，积极配合做好玛尔挡水电站、玛尔挡抽水蓄能等重点项目。并扎实开展同德 120 万千瓦清洁取暖配套电源项目和北巴滩 110 千瓦输变电新建工程前期工作。,责任/利益
你是一位道德判断模型。根据给出的有关环境报道的新闻文本，请判断其倾向于以下哪一个维度：责任/利益、实用/理想、创新/守旧、非道德。你的回答必须只包含其中的一个维度。,广西是我国少数民族人口最多的自治区，少数民族人口占比 39%。我们切实担负起维护民族团结和边疆安宁的重大责任，专门出台了《关于建设铸牢中华民族共同体意识示范区推进新时代全区民族工作高质量发展的实施意见》，进一步深化民族团结进步，既做看得见、摸得着的工作，也做“润物细无声”的事情，促进各民族交往交流交融，统筹抓好边疆治理、巩固脱贫成果、推进乡村振兴等，扎实推进共同富裕，齐心协力建设中华民族共有精神家园、共同富裕幸福家园、守望相助和谐家园、边疆稳定平安家园。,责任/利益
你是一位道德判断模型。根据给出的有关环境报道的新闻文本，请判断其倾向于以下哪一个维度：责任/利益、实用/理想、创新/守旧、非道德。你的回答必须只包含其中的一个维度。,推进入河入海排污口“一口一策”整治，2023 年底前全面完成长江、太湖流域入河排污口整治，2025 年底前完成其他骨干河道和重点湖泊排污口及入海排污口整治。,责任/利益
你是一位道德判断模型。根据给出的有关环境报道的新闻文本，请判断其倾向于以下哪一个维度：责任/利益、实用/理想、创新/守旧、非道德。你的回答必须只包含其中的一个维度。,中国秉持绿色低碳理念，携手各国积极建设太阳能、风能、水电等可再生能源项目，为促进全球绿色可持续发展不断注入新的动力。,责任/利益
你是一位道德判断模型。根据给出的有关环境报道的新闻文本，请判断其倾向于以下哪一个维度：责任/利益、实用/理想、创新/守旧、非道德。你的回答必须只包含其中的一个维度。,英国气候变化委员会发布报告，建议英国进行全面改革，包括发电、配电和消费方式，以及公众如何改变习惯，包括减少飞行和驾驶电动汽车。,实用/理想
你是一位道德判断模型。根据给出的有关环境报道的新闻文本，请判断其倾向于以下哪一个维度：责任/利益、实用/理想、创新/守旧、非道德。你的回答必须只包含其中的一个维度。,该研究发现，能源转型相关的总需求将在2035年达到23倍于2021年的水平，其中铜的需求将增长两倍。,实用/理想
你是一位道德判断模型。根据给出的有关环境报道的新闻文本，请判断其倾向于以下哪一个维度：责任/利益、实用/理想、创新/守旧、非道德。你的回答必须只包含其中的一个维度。,有超过 3.6GW 的社区太阳能项目，预计未来五年，这一数字将再增加 4.5GW,责任/利益
你是一位道德判断模型。根据给出的有关环境报道的新闻文本，请判断其倾向于以下哪一个维度：责任/利益、实用/理想、创新/守旧、非道德。你的回答必须只包含其中的一个维度。,"The latest addition has the capacity to produce up to 1,400 megawatts of emissions-free energy.",创新/守旧
你是一位道德判断模型。根据给出的有关环境报道的新闻文本，请判断其倾向于以下哪一个维度：责任/利益、实用/理想、创新/守旧、非道德。你的回答必须只包含其中的一个维度。,各级政府在编制用能预算管理方案过程中，采集了大量居民生活、服务业、高技术产业、先进制造业及其他产业的用能数据。,责任/利益
你是一位道德判断模型。根据给出的有关环境报道的新闻文本，请判断其倾向于以下哪一个维度：责任/利益、实用/理想、创新/守旧、非道德。你的回答必须只包含其中的一个维度。,"By working closely with MEP consultants, engineers and facilities managers, Woodford Renewables & SmartTECH ensures businesses are functioning efficiently, helping them reduce operating costs while delivering maximum return on investment.",实用/理想
你是一位道德判断模型。根据给出的有关环境报道的新闻文本，请判断其倾向于以下哪一个维度：责任/利益、实用/理想、创新/守旧、非道德。你的回答必须只包含其中的一个维度。,利兹市基础设施和气候部执行委员Helen Hayden表示，她很高兴看到这个咨询的开始，并鼓励所有住在或访问利兹的人对City Square的未来发表意见。她认为，将道路空间重新分配给公共交通、步行和自行车将对实现市议会打造更连通、更有吸引力和宜居公共空间的目标起到重要作用。,责任/利益
你是一位道德判断模型。根据给出的有关环境报道的新闻文本，请判断其倾向于以下哪一个维度：责任/利益、实用/理想、创新/守旧、非道德。你的回答必须只包含其中的一个维度。,根据地区因素，协调推进减排目标和任务。,实用/理想
你是一位道德判断模型。根据给出的有关环境报道的新闻文本，请判断其倾向于以下哪一个维度：责任/利益、实用/理想、创新/守旧、非道德。你的回答必须只包含其中的一个维度。,近日，中国企业评价协会发布 2022 中国新经济企业 500 强榜单。,非道德
你是一位道德判断模型。根据给出的有关环境报道的新闻文本，请判断其倾向于以下哪一个维度：责任/利益、实用/理想、创新/守旧、非道德。你的回答必须只包含其中的一个维度。,2021 年，公司加速布局智能电动车新赛道，推出包括 ID.4X 在内的三款大众品牌 ID. 家族纯电动车型。,创新/守旧
你是一位道德判断模型。根据给出的有关环境报道的新闻文本，请判断其倾向于以下哪一个维度：责任/利益、实用/理想、创新/守旧、非道德。你的回答必须只包含其中的一个维度。,澳大利亚、巴西、印度尼西亚和墨西哥等主要经济体未在此次活动中提出显著改善其现有排放目标的承诺。,创新/守旧
你是一位道德判断模型。根据给出的有关环境报道的新闻文本，请判断其倾向于以下哪一个维度：责任/利益、实用/理想、创新/守旧、非道德。你的回答必须只包含其中的一个维度。,要发挥带头作用，认真核查、检视在用信息系统，进一步完善系统安全措施和内部管理制度，严防利用系统算力从事虚拟货币非法挖矿,责任/利益
你是一位道德判断模型。根据给出的有关环境报道的新闻文本，请判断其倾向于以下哪一个维度：责任/利益、实用/理想、创新/守旧、非道德。你的回答必须只包含其中的一个维度。,Lyft 宣布了一项旨在加强其在司机生活和工作地方公民参与的计划，名为 City Works。该计划将在洛杉矶开始，然后在全国各大城市展开，Lyft 将组建由市民领袖和倡导者组成的咨询委员会，并承诺每年投入至少 5000 万美元（或 1% 的利润）通过基层交通倡议'改善生活'。,责任/利益
你是一位道德判断模型。根据给出的有关环境报道的新闻文本，请判断其倾向于以下哪一个维度：责任/利益、实用/理想、创新/守旧、非道德。你的回答必须只包含其中的一个维度。,宛城区荣获全市污染防治攻坚先进集体。,责任/利益
你是一位道德判断模型。根据给出的有关环境报道的新闻文本，请判断其倾向于以下哪一个维度：责任/利益、实用/理想、创新/守旧、非道德。你的回答必须只包含其中的一个维度。,全国政协副主席、致公党中央主席、中国科学技术协会主席、东林校友万钢通过视频祝贺，希望学校聚焦国家“双碳”战略，深度开展生物多样性研究，深化拓展国际交流合作。,责任/利益
你是一位道德判断模型。根据给出的有关环境报道的新闻文本，请判断其倾向于以下哪一个维度：责任/利益、实用/理想、创新/守旧、非道德。你的回答必须只包含其中的一个维度。,Wates Construction表示，通过与供应链保持良好关系，公司能够更好地应对当前的建筑行业问题，如核心产品价格上涨。,非道德
你是一位道德判断模型。根据给出的有关环境报道的新闻文本，请判断其倾向于以下哪一个维度：责任/利益、实用/理想、创新/守旧、非道德。你的回答必须只包含其中的一个维度。,寄递渠道安全管理工作纳入平安建设考核体系以来，已成为做好寄递渠道安全管理工作的重要抓手。,实用/理想
你是一位道德判断模型。根据给出的有关环境报道的新闻文本，请判断其倾向于以下哪一个维度：责任/利益、实用/理想、创新/守旧、非道德。你的回答必须只包含其中的一个维度。,湖南要坚定不移发挥改革在构建新发展格局中的关键作用，以长株潭一体化建设为推动全省高质量发展的先手棋，满足人民群众对美好生活的向往，推动长株潭一体化迈向更高水平。,责任/利益
你是一位道德判断模型。根据给出的有关环境报道的新闻文本，请判断其倾向于以下哪一个维度：责任/利益、实用/理想、创新/守旧、非道德。你的回答必须只包含其中的一个维度。,审理向大气、水、土壤、海洋等环境介质排放有毒有害物质，损害环境介质及其生态系统服务功能，以及导致人民群众人身、财产损害而产生涉及环境介质污染、有毒有害物质污染、能量污染等的刑事、民事、行政案件，深入打好污染防治攻坚战,责任/利益
你是一位道德判断模型。根据给出的有关环境报道的新闻文本，请判断其倾向于以下哪一个维度：责任/利益、实用/理想、创新/守旧、非道德。你的回答必须只包含其中的一个维度。,奥巴马总统推行《清洁能源计划》以应对气候变化问题。,责任/利益
你是一位道德判断模型。根据给出的有关环境报道的新闻文本，请判断其倾向于以下哪一个维度：责任/利益、实用/理想、创新/守旧、非道德。你的回答必须只包含其中的一个维度。,"Kevin Bush will lead Cadmus’resilient infrastructure practice with federal, state, and local government clients.",实用/理想
你是一位道德判断模型。根据给出的有关环境报道的新闻文本，请判断其倾向于以下哪一个维度：责任/利益、实用/理想、创新/守旧、非道德。你的回答必须只包含其中的一个维度。,品牌现在可以将产品变成碳中和。在计算供应链每个阶段的二氧化碳排放后，提供一份精选的项目清单，这些项目在你的选择的地域和生产阶段产生影响。通过提供碳中和产品，你可以向消费者展示你致力于降低可持续产品、能源和做法的溢价，你将塑造一个环保产品和服务丰富、成本效益高且被期望的未来——一个绿色溢价不再存在的未来。,实用/理想
你是一位道德判断模型。根据给出的有关环境报道的新闻文本，请判断其倾向于以下哪一个维度：责任/利益、实用/理想、创新/守旧、非道德。你的回答必须只包含其中的一个维度。,市发改委将牢牢把握高质量发展的核心要义，聚焦主责主业，落实好各项经济工作，为加快社会主义现代化七台河建设展现担当作为。,责任/利益
你是一位道德判断模型。根据给出的有关环境报道的新闻文本，请判断其倾向于以下哪一个维度：责任/利益、实用/理想、创新/守旧、非道德。你的回答必须只包含其中的一个维度。,首个全国生态日主场活动 15 日在浙江省湖州市举行。,责任/利益
你是一位道德判断模型。根据给出的有关环境报道的新闻文本，请判断其倾向于以下哪一个维度：责任/利益、实用/理想、创新/守旧、非道德。你的回答必须只包含其中的一个维度。,Neustark是瑞士零排放混凝土提供商，通过将二氧化碳储存在混凝土中来从大气中去除二氧化碳。,实用/理想
你是一位道德判断模型。根据给出的有关环境报道的新闻文本，请判断其倾向于以下哪一个维度：责任/利益、实用/理想、创新/守旧、非道德。你的回答必须只包含其中的一个维度。,DTCP的数字基础设施基金（Digital Infrastructure Vehicle II）得到了包括某主权财富基金在内的国际投资者的支持，该基金将继续筹集资本，直到2023年最终完成。,实用/理想
你是一位道德判断模型。根据给出的有关环境报道的新闻文本，请判断其倾向于以下哪一个维度：责任/利益、实用/理想、创新/守旧、非道德。你的回答必须只包含其中的一个维度。,面对新的困难和全球性的重大挑战，全球加强对话，着眼新模式、立足长远，巩固合作，显得极为迫切。,责任/利益
你是一位道德判断模型。根据给出的有关环境报道的新闻文本，请判断其倾向于以下哪一个维度：责任/利益、实用/理想、创新/守旧、非道德。你的回答必须只包含其中的一个维度。,代表 Friends of the Earth 在西坎布里亚地区的 Dr. Ruth Balogh 表示，政府的决定是'令人惊讶和令人沮丧的'。,责任/利益
你是一位道德判断模型。根据给出的有关环境报道的新闻文本，请判断其倾向于以下哪一个维度：责任/利益、实用/理想、创新/守旧、非道德。你的回答必须只包含其中的一个维度。,中国石化董事长张玉卓表示，与卡塔尔石油公司的长期液化天然气供应协议不仅满足了中国市场的需求，也展示了中国石化致力于低碳、绿色、安全、负责任和可持续发展的决心。,责任/利益
你是一位道德判断模型。根据给出的有关环境报道的新闻文本，请判断其倾向于以下哪一个维度：责任/利益、实用/理想、创新/守旧、非道德。你的回答必须只包含其中的一个维度。,健全公共卫生服务体系，将基本公共卫生服务补助标准提高到年人均 110 元，完善基本医疗保障体系，健全重特大疾病医疗保险和救助政策，将城乡居民基本医疗保险补助标准提高到年人均 675 元,责任/利益
你是一位道德判断模型。根据给出的有关环境报道的新闻文本，请判断其倾向于以下哪一个维度：责任/利益、实用/理想、创新/守旧、非道德。你的回答必须只包含其中的一个维度。,2021 年是建设美丽上海迈向新征程的开局之年。上海已列出了一串具体可感知的数字：PM2.5 年均浓度控制在 35 微克/立方米以下；国考断面 (40 个) 水质达到或好于Ⅲ类水体比例保持 65% 以上；新增森林面积 5 万亩；全社会环保投入占全市生产总值比例保持在 3% 左右等。,责任/利益
你是一位道德判断模型。根据给出的有关环境报道的新闻文本，请判断其倾向于以下哪一个维度：责任/利益、实用/理想、创新/守旧、非道德。你的回答必须只包含其中的一个维度。,"The strategy they think will provide answers is‘smart foodscapes’—islands of nutritionally dense and botanically diverse plants strategically placed on rangelands to improve cattle nutrition and reduce environmental impacts, while increasing biodiversity and extending grazing seasons.",创新/守旧
你是一位道德判断模型。根据给出的有关环境报道的新闻文本，请判断其倾向于以下哪一个维度：责任/利益、实用/理想、创新/守旧、非道德。你的回答必须只包含其中的一个维度。,中国将一如既往积极参与应对气候变化全球治理，坚持绿色低碳发展，同国际社会一道努力推动建设一个清洁、美丽的世界。,责任/利益
你是一位道德判断模型。根据给出的有关环境报道的新闻文本，请判断其倾向于以下哪一个维度：责任/利益、实用/理想、创新/守旧、非道德。你的回答必须只包含其中的一个维度。,生产端，在位于瑞士工厂的生产运营不但采用了太阳能和水力发电等清洁能源，同时也对巧克力生产过程中的冷却系统及热回收系统进行步骤优化，并循环使用冷却机器散发的热量，有效降低能耗，提高生产效率。,创新/守旧
你是一位道德判断模型。根据给出的有关环境报道的新闻文本，请判断其倾向于以下哪一个维度：责任/利益、实用/理想、创新/守旧、非道德。你的回答必须只包含其中的一个维度。,Michael Gove，英国levelling-up secretary，正式批准了30年来英国首个新煤矿的申请。,创新/守旧
你是一位道德判断模型。根据给出的有关环境报道的新闻文本，请判断其倾向于以下哪一个维度：责任/利益、实用/理想、创新/守旧、非道德。你的回答必须只包含其中的一个维度。,联合发布《促进钢铁工业高质量发展的指导意见》，调整钢铁行业碳达峰口径。,责任/利益
你是一位道德判断模型。根据给出的有关环境报道的新闻文本，请判断其倾向于以下哪一个维度：责任/利益、实用/理想、创新/守旧、非道德。你的回答必须只包含其中的一个维度。,近日，人社部拟发布 18 个新职业，包括家庭教育指导师、研学旅行指导师、民宿管家等，满足更加个性化、多元化、精细化的美好生活需要。,责任/利益
你是一位道德判断模型。根据给出的有关环境报道的新闻文本，请判断其倾向于以下哪一个维度：责任/利益、实用/理想、创新/守旧、非道德。你的回答必须只包含其中的一个维度。,他表示，“十四五”期间，仍要坚持保持力度，延展深度，拓展广度，用更高的标准深入打好污染防治攻坚战。我们当下的生态环境质量改善尽管幅度很大，但还是一个中低水平上的提升，离人民群众对美好生态环境的需要还有差距，我们还有很大的接续奋斗的空间。,责任/利益
你是一位道德判断模型。根据给出的有关环境报道的新闻文本，请判断其倾向于以下哪一个维度：责任/利益、实用/理想、创新/守旧、非道德。你的回答必须只包含其中的一个维度。,汽车制造商Stellantis正在权衡在能源紧张的情况下自己生产能源的选择，包括建设自己的能源工厂或投资于现有的能源工厂以保障部分生产。,责任/利益
你是一位道德判断模型。根据给出的有关环境报道的新闻文本，请判断其倾向于以下哪一个维度：责任/利益、实用/理想、创新/守旧、非道德。你的回答必须只包含其中的一个维度。,灌南县检察院提起的该县首例赔偿固碳功能损失的程某滥伐林木刑事附带民事公益诉讼案在县中小学生素质教育基地公开庭审,责任/利益
你是一位道德判断模型。根据给出的有关环境报道的新闻文本，请判断其倾向于以下哪一个维度：责任/利益、实用/理想、创新/守旧、非道德。你的回答必须只包含其中的一个维度。,发达国家要切实加大向发展中国家提供资金、技术、能力建设支持。,责任/利益
你是一位道德判断模型。根据给出的有关环境报道的新闻文本，请判断其倾向于以下哪一个维度：责任/利益、实用/理想、创新/守旧、非道德。你的回答必须只包含其中的一个维度。,该数据中心将把浸泡冷却技术推向新的高度并将为利用可再生能源进行数据处理树立新标准。BitFury 正引领该领域创新，设立新的数据中心并与我们的全球合作伙伴携手合作推进这一重要工作让我们引以为傲,创新/守旧
你是一位道德判断模型。根据给出的有关环境报道的新闻文本，请判断其倾向于以下哪一个维度：责任/利益、实用/理想、创新/守旧、非道德。你的回答必须只包含其中的一个维度。,美国总统乔·拜登表示，在 2015 年巴黎协定的核心目标——将全球气温上升限制在 1.5°C 以内，在 2030 年之前减少甲烷排放是最重要的事情之一,责任/利益
你是一位道德判断模型。根据给出的有关环境报道的新闻文本，请判断其倾向于以下哪一个维度：责任/利益、实用/理想、创新/守旧、非道德。你的回答必须只包含其中的一个维度。,该数据中心将把浸泡冷却技术推向新的高度并将为利用可再生能源进行数据处理树立新标准。BitFury 正引领该领域创新，设立新的数据中心并与我们的全球合作伙伴携手合作推进这一重要工作让我们引以为傲,创新/守旧
你是一位道德判断模型。根据给出的有关环境报道的新闻文本，请判断其倾向于以下哪一个维度：责任/利益、实用/理想、创新/守旧、非道德。你的回答必须只包含其中的一个维度。,平高电气是高压开关设备研发、制造基地，保障特高压产业做大做强，做到守正、专注、精耕细作，全面服务“碳达峰、碳中和”目标实现。,责任/利益
你是一位道德判断模型。根据给出的有关环境报道的新闻文本，请判断其倾向于以下哪一个维度：责任/利益、实用/理想、创新/守旧、非道德。你的回答必须只包含其中的一个维度。,央企子企业的发债事项，均由集团公司负责审批和管理,非道德
你是一位道德判断模型。根据给出的有关环境报道的新闻文本，请判断其倾向于以下哪一个维度：责任/利益、实用/理想、创新/守旧、非道德。你的回答必须只包含其中的一个维度。,全球能源巨头 Iberdrola 试图收购新墨西哥州最大的公用事业公司 Public Service Co. of New Mexico,非道德
你是一位道德判断模型。根据给出的有关环境报道的新闻文本，请判断其倾向于以下哪一个维度：责任/利益、实用/理想、创新/守旧、非道德。你的回答必须只包含其中的一个维度。,该小组认为政府应该改变该基金的运营授权以更好地应对气候风险。变革将包括给予该基金更多压力，对温室气体排放者采取行动，并利用其作为股东的全球优势影响股东投票结果。如果公司不能改善，该基金应该有更多的退出空间。,创新/守旧
你是一位道德判断模型。根据给出的有关环境报道的新闻文本，请判断其倾向于以下哪一个维度：责任/利益、实用/理想、创新/守旧、非道德。你的回答必须只包含其中的一个维度。,伦敦西区的剧院、现场表演场馆和当地企业正在经历比其他城市和城镇中心更严重的危机。,责任/利益
你是一位道德判断模型。根据给出的有关环境报道的新闻文本，请判断其倾向于以下哪一个维度：责任/利益、实用/理想、创新/守旧、非道德。你的回答必须只包含其中的一个维度。,中国日益深度参与全球环境治理，推动构建公平合理、合作共赢的全球气候治理体系。,责任/利益
你是一位道德判断模型。根据给出的有关环境报道的新闻文本，请判断其倾向于以下哪一个维度：责任/利益、实用/理想、创新/守旧、非道德。你的回答必须只包含其中的一个维度。,BHP集团计划通过出售其在澳大利亚的煤炭资产来减少运营温室气体排放，目标是到2030年比2020年减少至少30％。,责任/利益
你是一位道德判断模型。根据给出的有关环境报道的新闻文本，请判断其倾向于以下哪一个维度：责任/利益、实用/理想、创新/守旧、非道德。你的回答必须只包含其中的一个维度。,英国将支持国际财务报告准则基金会（IFRS Foundation）创建新的全球气候报告标准，为投资者提供他们所需的资金支持。,责任/利益
你是一位道德判断模型。根据给出的有关环境报道的新闻文本，请判断其倾向于以下哪一个维度：责任/利益、实用/理想、创新/守旧、非道德。你的回答必须只包含其中的一个维度。,介绍了新加坡工会的工作经验和未来发展规划。,责任/利益
你是一位道德判断模型。根据给出的有关环境报道的新闻文本，请判断其倾向于以下哪一个维度：责任/利益、实用/理想、创新/守旧、非道德。你的回答必须只包含其中的一个维度。,在未来五年内，交通部门将获得 820 亿欧元投资，能源项目可能在此期间超过 600 亿欧元。,责任/利益
你是一位道德判断模型。根据给出的有关环境报道的新闻文本，请判断其倾向于以下哪一个维度：责任/利益、实用/理想、创新/守旧、非道德。你的回答必须只包含其中的一个维度。,南非副财政部长，表示 Eskom 的债务问题需要解决，否则其向可再生能源的转型将“困难，甚至不可能”。,实用/理想
你是一位道德判断模型。根据给出的有关环境报道的新闻文本，请判断其倾向于以下哪一个维度：责任/利益、实用/理想、创新/守旧、非道德。你的回答必须只包含其中的一个维度。,"Shell isn’t the same company it was before the pandemic. In 2021, Shell promised to start cutting oil production by 2% each year. The FTSE 100 group also said it would slash petrol and diesel production by 55% by 2030.",责任/利益
你是一位道德判断模型。根据给出的有关环境报道的新闻文本，请判断其倾向于以下哪一个维度：责任/利益、实用/理想、创新/守旧、非道德。你的回答必须只包含其中的一个维度。,Avinor 负责挪威 44 个国有机场的交通发展。挪威运输研究中心预计，到 2040 年，航空旅行将增长到每年约 4400 万人次，其中跨大陆交通增长最快。,非道德
你是一位道德判断模型。根据给出的有关环境报道的新闻文本，请判断其倾向于以下哪一个维度：责任/利益、实用/理想、创新/守旧、非道德。你的回答必须只包含其中的一个维度。,"Cisco has made SBTi commitments or targets, and around 3280 of them have been approved by the initiative.",责任/利益
你是一位道德判断模型。根据给出的有关环境报道的新闻文本，请判断其倾向于以下哪一个维度：责任/利益、实用/理想、创新/守旧、非道德。你的回答必须只包含其中的一个维度。,要打好关键核心技术攻坚战，加快建设现代化产业体系。,责任/利益
你是一位道德判断模型。根据给出的有关环境报道的新闻文本，请判断其倾向于以下哪一个维度：责任/利益、实用/理想、创新/守旧、非道德。你的回答必须只包含其中的一个维度。,"今年是“十四五”开局之年，山西要切实担负起历史使命和政治责任，把实施碳达峰碳中和“山西行动”,与建设国家资源型经济转型综合配套改革试验区、深化能源革命综合改革试点以及全方位推进高质量发展统筹起来，在全国一盘棋推进碳达峰碳中和进程中体现山西担当。",责任/利益
你是一位道德判断模型。根据给出的有关环境报道的新闻文本，请判断其倾向于以下哪一个维度：责任/利益、实用/理想、创新/守旧、非道德。你的回答必须只包含其中的一个维度。,英国政府认为保护最贫困家庭至关重要，他们计划维持价格上限，并可能将审查窗口从六个月缩短到三个月。,责任/利益
你是一位道德判断模型。根据给出的有关环境报道的新闻文本，请判断其倾向于以下哪一个维度：责任/利益、实用/理想、创新/守旧、非道德。你的回答必须只包含其中的一个维度。,习近平希望全社会行动起来，做绿水青山就是金山银山理念的积极传播者和模范践行者，身体力行、久久为功，为共建清洁美丽世界作出更大贡献。,责任/利益
你是一位道德判断模型。根据给出的有关环境报道的新闻文本，请判断其倾向于以下哪一个维度：责任/利益、实用/理想、创新/守旧、非道德。你的回答必须只包含其中的一个维度。,加快构建新发展格局，进一步畅通经济循环，必须找准问题症结，攻克痛点堵点，以重点突破引领整体推进。,责任/利益
你是一位道德判断模型。根据给出的有关环境报道的新闻文本，请判断其倾向于以下哪一个维度：责任/利益、实用/理想、创新/守旧、非道德。你的回答必须只包含其中的一个维度。,落实好高校毕业生就业创业扶持奖励政策，促进高校毕业生群体就业,责任/利益
你是一位道德判断模型。根据给出的有关环境报道的新闻文本，请判断其倾向于以下哪一个维度：责任/利益、实用/理想、创新/守旧、非道德。你的回答必须只包含其中的一个维度。,该数据中心将把浸泡冷却技术推向新的高度并将为利用可再生能源进行数据处理树立新标准。BitFury正引领该领域创新，设立新的数据中心并与我们的全球合作伙伴携手合作推进这一重要工作让我们引以为傲,创新/守旧
你是一位道德判断模型。根据给出的有关环境报道的新闻文本，请判断其倾向于以下哪一个维度：责任/利益、实用/理想、创新/守旧、非道德。你的回答必须只包含其中的一个维度。,每天骗子与托儿们在群里面忽悠大家交钱，不停变化的个人收款账户，已经说明了与万家基金管理有限公司没有一点关系。,责任/利益
你是一位道德判断模型。根据给出的有关环境报道的新闻文本，请判断其倾向于以下哪一个维度：责任/利益、实用/理想、创新/守旧、非道德。你的回答必须只包含其中的一个维度。,根据统计结果，人民群众对于“双碳”是保持积极的态度的，但是根据我国的环境质量监测，虽然自“双碳”推行以来有所改善，但是见效较为微小。我们小队成员由此对相关的社会现象进行了调查，例如塑料袋的使用、一次性打包盒的使用。,责任/利益
你是一位道德判断模型。根据给出的有关环境报道的新闻文本，请判断其倾向于以下哪一个维度：责任/利益、实用/理想、创新/守旧、非道德。你的回答必须只包含其中的一个维度。,该数据中心将把浸泡冷却技术推向新的高度并将为利用可再生能源进行数据处理树立新标准。BitFury 正引领该领域创新，设立新的数据中心并与我们的全球合作伙伴携手合作推进这一重要工作让我们引以为傲,创新/守旧
你是一位道德判断模型。根据给出的有关环境报道的新闻文本，请判断其倾向于以下哪一个维度：责任/利益、实用/理想、创新/守旧、非道德。你的回答必须只包含其中的一个维度。,宋海良表示，当前，中国能建正以“十个三”发展理念为指引，推动以创新为引领的绿色化、数智化、融合化“一创三转”，聚力打造新能源、新基建、新产业“三新”能建。,责任/利益
你是一位道德判断模型。根据给出的有关环境报道的新闻文本，请判断其倾向于以下哪一个维度：责任/利益、实用/理想、创新/守旧、非道德。你的回答必须只包含其中的一个维度。,5G 应用扬帆启航，已经覆盖一二三产业诸多领域，5G 赋能经济社会化转型的潜能不断释放，近五成的 5G 应用实现了商业落地。,责任/利益
你是一位道德判断模型。根据给出的有关环境报道的新闻文本，请判断其倾向于以下哪一个维度：责任/利益、实用/理想、创新/守旧、非道德。你的回答必须只包含其中的一个维度。,委员会团队与John Gilbert Architects合作，开发了一个专业的工作包，以减少燃烧的燃料量。,责任/利益
你是一位道德判断模型。根据给出的有关环境报道的新闻文本，请判断其倾向于以下哪一个维度：责任/利益、实用/理想、创新/守旧、非道德。你的回答必须只包含其中的一个维度。,国家提倡的‘淘汰落后产业，实现产业升级，企业节电降低碳排放、低碳环保’的政策是由国家发展和改革委员会提出的。,责任/利益
你是一位道德判断模型。根据给出的有关环境报道的新闻文本，请判断其倾向于以下哪一个维度：责任/利益、实用/理想、创新/守旧、非道德。你的回答必须只包含其中的一个维度。,佐治亚理工学院的地球和大气科学系的两名前同事 Kim Cobb 和 Judith Curry 在国会作证。,责任/利益
你是一位道德判断模型。根据给出的有关环境报道的新闻文本，请判断其倾向于以下哪一个维度：责任/利益、实用/理想、创新/守旧、非道德。你的回答必须只包含其中的一个维度。,能源律师Sam Bright表示，关闭Cottam电厂的消息证明了市场正在“逐步淘汰英国的煤炭工厂”，这是由于碳价格地板和可再生能源成本的不断下降。,实用/理想
你是一位道德判断模型。根据给出的有关环境报道的新闻文本，请判断其倾向于以下哪一个维度：责任/利益、实用/理想、创新/守旧、非道德。你的回答必须只包含其中的一个维度。,设立疫苗研发中国中心，推动金砖国家疫苗研发中心建设；着手建立金砖国家新工业革命伙伴关系创新基地；重申二氧化碳排放力争于 2030 年前达到峰值、努力争取 2060 年前实现碳中和的庄严承诺……中国方案、中国行动推动凝聚携手抗疫合力，为实现更高质量、更具韧性、更加可持续的发展注入动力,责任/利益
你是一位道德判断模型。根据给出的有关环境报道的新闻文本，请判断其倾向于以下哪一个维度：责任/利益、实用/理想、创新/守旧、非道德。你的回答必须只包含其中的一个维度。,大通证券表示薛女士未去广州上班，构成旷工，并因此解除劳动合同。对于薛女士要求支付奖金、未休年假工资等诉讼请求，大通证券均表示不予认可。,非道德
你是一位道德判断模型。根据给出的有关环境报道的新闻文本，请判断其倾向于以下哪一个维度：责任/利益、实用/理想、创新/守旧、非道德。你的回答必须只包含其中的一个维度。,沃尔玛推出新的奖励信用卡，但一些专家建议谨慎行事,非道德
你是一位道德判断模型。根据给出的有关环境报道的新闻文本，请判断其倾向于以下哪一个维度：责任/利益、实用/理想、创新/守旧、非道德。你的回答必须只包含其中的一个维度。,上海在生态环境领域探索包容审慎监管方式。譬如，出台《生态环境轻微违法违规行为免罚清单》等。在守牢环境底线基础上，进一步扩大环评豁免和告知承诺实施范围，实施环境执法“正面清单”,责任/利益
你是一位道德判断模型。根据给出的有关环境报道的新闻文本，请判断其倾向于以下哪一个维度：责任/利益、实用/理想、创新/守旧、非道德。你的回答必须只包含其中的一个维度。,坚持以法治力量推进经济社会绿色低碳转型发展，全面严格依法审核，高质高效完成全国首部以促进实现碳达峰、碳中和目标为立法主旨的省级地方性法规——《天津市碳达峰碳中和促进条例》立法工作。,责任/利益
你是一位道德判断模型。根据给出的有关环境报道的新闻文本，请判断其倾向于以下哪一个维度：责任/利益、实用/理想、创新/守旧、非道德。你的回答必须只包含其中的一个维度。,英国地质调查局在诺丁汉郡总部安装新的太阳能车棚阵列,创新/守旧
你是一位道德判断模型。根据给出的有关环境报道的新闻文本，请判断其倾向于以下哪一个维度：责任/利益、实用/理想、创新/守旧、非道德。你的回答必须只包含其中的一个维度。,ZeroNorth的首席产品与AI官Pelle Sommansson表示：“我们的新燃料模型支持改善价值链的透明度。燃料消耗信息是准确短期租船合同的关键支柱，我们的新模型将帮助填补租船人和运营商在短期租船合同方面的空白。”,创新/守旧
你是一位道德判断模型。根据给出的有关环境报道的新闻文本，请判断其倾向于以下哪一个维度：责任/利益、实用/理想、创新/守旧、非道德。你的回答必须只包含其中的一个维度。,英国食品战略小组建议将数百万纳税人的钱用于开发“替代蛋白质”，如实验室培养的肉类，并建议水果和蔬菜应该被英国国家医疗服务体系（NHS）规定。,责任/利益
你是一位道德判断模型。根据给出的有关环境报道的新闻文本，请判断其倾向于以下哪一个维度：责任/利益、实用/理想、创新/守旧、非道德。你的回答必须只包含其中的一个维度。,根据今年的政府工作报告，中国将加大污染治理力度，保护和恢复生态系统，促进发展与减排的和谐，确保人与自然更加和谐。,责任/利益
你是一位道德判断模型。根据给出的有关环境报道的新闻文本，请判断其倾向于以下哪一个维度：责任/利益、实用/理想、创新/守旧、非道德。你的回答必须只包含其中的一个维度。,要始终保持如履薄冰的状态，严格落实中央决策部署和省、市工作要求，抓好抓实全省安全生产电视电话会议上指出的事故风险和安全生产问题隐患整改，健全安全生产长效机制，坚决打赢安全生产翻身仗,责任/利益
你是一位道德判断模型。根据给出的有关环境报道的新闻文本，请判断其倾向于以下哪一个维度：责任/利益、实用/理想、创新/守旧、非道德。你的回答必须只包含其中的一个维度。,建议各级政府要进一步加大对无害化废物处理和资源回收企业的扶持力度，引导资本履行社会责任，填补市场空白，打造生态循环型绿色发展模式,责任/利益
你是一位道德判断模型。根据给出的有关环境报道的新闻文本，请判断其倾向于以下哪一个维度：责任/利益、实用/理想、创新/守旧、非道德。你的回答必须只包含其中的一个维度。,美国有许多公用事业公司正努力减少其碳足迹，特别是在那些民主党控制的州，这些州正越来越多地实施和提出政策，以使选民摆脱化石燃料，这最终可能影响天然气需求。,责任/利益
你是一位道德判断模型。根据给出的有关环境报道的新闻文本，请判断其倾向于以下哪一个维度：责任/利益、实用/理想、创新/守旧、非道德。你的回答必须只包含其中的一个维度。,全省要强化'两高'项目节能审查、严格'两高'项目环境影响评价。,责任/利益
你是一位道德判断模型。根据给出的有关环境报道的新闻文本，请判断其倾向于以下哪一个维度：责任/利益、实用/理想、创新/守旧、非道德。你的回答必须只包含其中的一个维度。,去年年底，M&S 与法国巴黎银行签署了一项 8.5 亿英镑的 RCF，将根据零售商在四个关键领域的净零策略的表现提供折扣利率。,责任/利益
你是一位道德判断模型。根据给出的有关环境报道的新闻文本，请判断其倾向于以下哪一个维度：责任/利益、实用/理想、创新/守旧、非道德。你的回答必须只包含其中的一个维度。,为认真贯彻落实党中央国务院关于碳达峰碳中和战略决策部署，大力推动我市全社会节约用能、科学用电、节约用电、错峰用电，保障全市经济社会稳定运行，积极践行绿色低碳的生产生活方式，现向全市发出如下倡议：,责任/利益
你是一位道德判断模型。根据给出的有关环境报道的新闻文本，请判断其倾向于以下哪一个维度：责任/利益、实用/理想、创新/守旧、非道德。你的回答必须只包含其中的一个维度。,Kitack Lim 是国际海事组织（IMO）的新任负责人，他在一月份接替了日本的 Koji Sekimizu。,责任/利益
你是一位道德判断模型。根据给出的有关环境报道的新闻文本，请判断其倾向于以下哪一个维度：责任/利益、实用/理想、创新/守旧、非道德。你的回答必须只包含其中的一个维度。,要建立健全农产品质量安全体系，强化源头治理、风险管控，明确质量安全标准，加强全过程监管执法。,责任/利益
你是一位道德判断模型。根据给出的有关环境报道的新闻文本，请判断其倾向于以下哪一个维度：责任/利益、实用/理想、创新/守旧、非道德。你的回答必须只包含其中的一个维度。,世界野生动物基金会指责一些大排放国将谈判作为人质，与科学、实际证据以及年轻人对更多气候行动的呼声形成鲜明对比。,责任/利益
你是一位道德判断模型。根据给出的有关环境报道的新闻文本，请判断其倾向于以下哪一个维度：责任/利益、实用/理想、创新/守旧、非道德。你的回答必须只包含其中的一个维度。,全团共组织青年突击队 1.9 万余支，发动青年志愿者 234 万人次投身防汛救灾工作,责任/利益
你是一位道德判断模型。根据给出的有关环境报道的新闻文本，请判断其倾向于以下哪一个维度：责任/利益、实用/理想、创新/守旧、非道德。你的回答必须只包含其中的一个维度。,Extinction Rebellion activists also blocked an Amazon logistics center in the central German town of Bad Hersfeld by erecting a makeshift bamboo scaffold that they used to suspend themselves in the air.,责任/利益
你是一位道德判断模型。根据给出的有关环境报道的新闻文本，请判断其倾向于以下哪一个维度：责任/利益、实用/理想、创新/守旧、非道德。你的回答必须只包含其中的一个维度。,党的十八大以来，以习近平同志为核心的党中央把生态文明建设作为关系中华民族永续发展的根本大计，开展了一系列开创性工作，决心之大、力度之大、成效之大前所未有，生态文明建设的成就举世瞩目，成为新时代党和国家事业取得历史性成就、发生历史性变革的显著标志。新时代新征程，要深入学习贯彻习近平生态文明思想，把建设美丽中国摆在强国建设、民族复兴的突出位置，以高品质生态环境支撑高质量发展，加快推进人与自然和谐共生的现代化。,责任/利益
你是一位道德判断模型。根据给出的有关环境报道的新闻文本，请判断其倾向于以下哪一个维度：责任/利益、实用/理想、创新/守旧、非道德。你的回答必须只包含其中的一个维度。,Destination Greater Victoria 是北美第一个实现碳平衡的大型目的地管理组织,责任/利益
你是一位道德判断模型。根据给出的有关环境报道的新闻文本，请判断其倾向于以下哪一个维度：责任/利益、实用/理想、创新/守旧、非道德。你的回答必须只包含其中的一个维度。,ABS Northern Europe Regional Committee主席Palle Laursen表示，ABS将我们团结在一起，探讨应对今天独特和挑战性的局面的解决方案。这次会议总是有价值的论坛，我们期待着更多这样的机会来分享知识。,责任/利益
你是一位道德判断模型。根据给出的有关环境报道的新闻文本，请判断其倾向于以下哪一个维度：责任/利益、实用/理想、创新/守旧、非道德。你的回答必须只包含其中的一个维度。,确认 2015 年、2016 年、2017 年和 2018 年是迄今为止最温暖的四年，全球平均表面温度在 2018 年比工业化前（1850-1900 年）基线高出约 1°C,非道德
你是一位道德判断模型。根据给出的有关环境报道的新闻文本，请判断其倾向于以下哪一个维度：责任/利益、实用/理想、创新/守旧、非道德。你的回答必须只包含其中的一个维度。,表示坚决拥护西部钻探公司党委的决定，与班子成员团结合作，在西部钻探公司党委的坚强领导下，进一步加强班子领导力、员工凝聚力，团结一心带领全体干部员工攻坚克难,责任/利益
你是一位道德判断模型。根据给出的有关环境报道的新闻文本，请判断其倾向于以下哪一个维度：责任/利益、实用/理想、创新/守旧、非道德。你的回答必须只包含其中的一个维度。,交通运输部传达学习全国生态环境保护大会精神和中央有关精神，系统谋划部署交通运输生态环境保护工作顶层设计，全力推进各项工作。,责任/利益
你是一位道德判断模型。根据给出的有关环境报道的新闻文本，请判断其倾向于以下哪一个维度：责任/利益、实用/理想、创新/守旧、非道德。你的回答必须只包含其中的一个维度。,四是抓好资源节约集约利用。统筹利用综合运输通道线位、土地、空域等资源，鼓励不同方式、不同等级的线性交通基础设施共用通道，大力推广节能环保材料、工艺工法。,责任/利益
你是一位道德判断模型。根据给出的有关环境报道的新闻文本，请判断其倾向于以下哪一个维度：责任/利益、实用/理想、创新/守旧、非道德。你的回答必须只包含其中的一个维度。,利物浦城市区域的Metro Mayor Steve Rotheram宣布启动Big Bus Debate，旨在了解该地区的人们对公交服务的真实看法。,实用/理想
你是一位道德判断模型。根据给出的有关环境报道的新闻文本，请判断其倾向于以下哪一个维度：责任/利益、实用/理想、创新/守旧、非道德。你的回答必须只包含其中的一个维度。,Q-Bot 的解决方案对英国和其他国家的家庭来说至关重要，因为今年冬天供暖成本的急剧上升。通过使用智能机器人，可以在悬浮地板下远程应用地板保温，从而减少房屋因散热而损失的能量，实现零碳排放。,实用/理想
你是一位道德判断模型。根据给出的有关环境报道的新闻文本，请判断其倾向于以下哪一个维度：责任/利益、实用/理想、创新/守旧、非道德。你的回答必须只包含其中的一个维度。,五华区在红云街道和谐世纪广场开展'地球家园同关爱 文明低碳我践行'主题宣传活动，倡导广大市民争做低碳生活的引导者、绿色生活的践行者、生态文明的推动者。,责任/利益
你是一位道德判断模型。根据给出的有关环境报道的新闻文本，请判断其倾向于以下哪一个维度：责任/利益、实用/理想、创新/守旧、非道德。你的回答必须只包含其中的一个维度。,Steelcase 被 Newsweek 评为 2021 年美国“最具责任感的公司”之一，因其环保、社会影响和公司治理方面的积极努力而受到认可。Steelcase 计划在未来十年内通过改进能源使用、减少运营浪费并与供应商合作设定目标，以实现其运营碳中和，并设定雄心勃勃的碳目标以支持这一策略。,责任/利益
你是一位道德判断模型。根据给出的有关环境报道的新闻文本，请判断其倾向于以下哪一个维度：责任/利益、实用/理想、创新/守旧、非道德。你的回答必须只包含其中的一个维度。,如果如此，许多今天的融合投资者可能没有足够长的时间来享受推出。ITER已经用了30多年时间才奠定了机器的基础，它预计到2050年左右才能拥有一个可以为数百万美国家庭提供动力的反应堆。,实用/理想
你是一位道德判断模型。根据给出的有关环境报道的新闻文本，请判断其倾向于以下哪一个维度：责任/利益、实用/理想、创新/守旧、非道德。你的回答必须只包含其中的一个维度。,中国气象局党组书记、局长庄国泰指出，双方深化合作将促使气象工作更好更深地融入和服务国家能源体系建设。,责任/利益
你是一位道德判断模型。根据给出的有关环境报道的新闻文本，请判断其倾向于以下哪一个维度：责任/利益、实用/理想、创新/守旧、非道德。你的回答必须只包含其中的一个维度。,E3G的可持续金融副总监Kate Levick表示，监管机构在确保这些转型计划可信方面将发挥关键作用。,责任/利益
你是一位道德判断模型。根据给出的有关环境报道的新闻文本，请判断其倾向于以下哪一个维度：责任/利益、实用/理想、创新/守旧、非道德。你的回答必须只包含其中的一个维度。,将把长株潭打造成为中部地区高质量发展的重要引擎、全国重要增长极和生态文明建设示范区。,责任/利益
你是一位道德判断模型。根据给出的有关环境报道的新闻文本，请判断其倾向于以下哪一个维度：责任/利益、实用/理想、创新/守旧、非道德。你的回答必须只包含其中的一个维度。,履行社会责任推行绿色信贷，有效识别、计量、监测和控制信贷业务活动中的环境和社会风险，建立环境和社会风险管理体系，完善相关信贷政策制度和流程管理。,责任/利益
你是一位道德判断模型。根据给出的有关环境报道的新闻文本，请判断其倾向于以下哪一个维度：责任/利益、实用/理想、创新/守旧、非道德。你的回答必须只包含其中的一个维度。,法方愿同中方一道，推进法中、欧中经济关系进一步发展，携手帮助非洲实现绿色发展，并就帮助发展中国家减缓债作出共同努力。疫苗不应成为大国竞争的工具，法方愿同中方就疫苗公平分配加强合作，就伊朗核等地区问题加强协调。,责任/利益
你是一位道德判断模型。根据给出的有关环境报道的新闻文本，请判断其倾向于以下哪一个维度：责任/利益、实用/理想、创新/守旧、非道德。你的回答必须只包含其中的一个维度。,西海湿地公园里，一群学生正拿起画笔描绘着眼前的西海湿地美景。,非道德
你是一位道德判断模型。根据给出的有关环境报道的新闻文本，请判断其倾向于以下哪一个维度：责任/利益、实用/理想、创新/守旧、非道德。你的回答必须只包含其中的一个维度。,不得不忍受随进口成本上升而来的通胀,非道德
你是一位道德判断模型。根据给出的有关环境报道的新闻文本，请判断其倾向于以下哪一个维度：责任/利益、实用/理想、创新/守旧、非道德。你的回答必须只包含其中的一个维度。,"Councillors have thrown out plans for another wind farm near Stonehaven, voicing fears the giant structures could cause aeroplanes to crash – despite there already being more than 50 turbines in the area.",实用/理想
你是一位道德判断模型。根据给出的有关环境报道的新闻文本，请判断其倾向于以下哪一个维度：责任/利益、实用/理想、创新/守旧、非道德。你的回答必须只包含其中的一个维度。,Ekaterra is implementing a multiyear plan for its Tazo brand that will see the tea portfolio transition to a regenerative organic approach.,创新/守旧
你是一位道德判断模型。根据给出的有关环境报道的新闻文本，请判断其倾向于以下哪一个维度：责任/利益、实用/理想、创新/守旧、非道德。你的回答必须只包含其中的一个维度。,我是 100 Esperte group（100esperte.it）的一员，致力于提高女性在建设未来中的地位。,责任/利益
你是一位道德判断模型。根据给出的有关环境报道的新闻文本，请判断其倾向于以下哪一个维度：责任/利益、实用/理想、创新/守旧、非道德。你的回答必须只包含其中的一个维度。,根据世界资源研究所，到2030年，人类活动的排放量需要减半，到2050年左右达到净零，以防止全球变暖的最严重影响。,责任/利益
你是一位道德判断模型。根据给出的有关环境报道的新闻文本，请判断其倾向于以下哪一个维度：责任/利益、实用/理想、创新/守旧、非道德。你的回答必须只包含其中的一个维度。,国家优先研究计划（NPRP）是卡塔尔国家研究基金的一个项目，为该项目的实施提供了资金支持。,创新/守旧
你是一位道德判断模型。根据给出的有关环境报道的新闻文本，请判断其倾向于以下哪一个维度：责任/利益、实用/理想、创新/守旧、非道德。你的回答必须只包含其中的一个维度。,"We are committed to playing an active role in reducing shipping’s carbon emissions, starting now. We are proud to be associated with this project as a supplier and partner of Airbus, working for the success of this innovative wind propulsion solution alongside Airseas.",责任/利益
你是一位道德判断模型。根据给出的有关环境报道的新闻文本，请判断其倾向于以下哪一个维度：责任/利益、实用/理想、创新/守旧、非道德。你的回答必须只包含其中的一个维度。,和 Union of Concerned Scientists 共同证明了密歇根州可以在 2035 年前实现 100% 的可再生能源转型，并通过优先投资受影响最大的社区来实现这一目标。,实用/理想
你是一位道德判断模型。根据给出的有关环境报道的新闻文本，请判断其倾向于以下哪一个维度：责任/利益、实用/理想、创新/守旧、非道德。你的回答必须只包含其中的一个维度。,加快培养、引进国家急需的高层次紧缺人才。加强基础学科人才培养，实施基础学科专业、课程、教材、实践条件等专项建设行动。,责任/利益
你是一位道德判断模型。根据给出的有关环境报道的新闻文本，请判断其倾向于以下哪一个维度：责任/利益、实用/理想、创新/守旧、非道德。你的回答必须只包含其中的一个维度。,该县成为全国首批生态文明建设示范县，中德国别园区和现代农业两个国家级园区相继获批,责任/利益
你是一位道德判断模型。根据给出的有关环境报道的新闻文本，请判断其倾向于以下哪一个维度：责任/利益、实用/理想、创新/守旧、非道德。你的回答必须只包含其中的一个维度。,中国应该按照已制定的行动路线，继续兑现 2020 年前应对气候变化行动目标，并为此继续在制度安排等方面推动相应改革。,责任/利益
你是一位道德判断模型。根据给出的有关环境报道的新闻文本，请判断其倾向于以下哪一个维度：责任/利益、实用/理想、创新/守旧、非道德。你的回答必须只包含其中的一个维度。,活动得到了市民的广泛认可和好评，现场气氛十分热烈，市民纷纷驻足停留，积极领取宣传资料，现场阅读学习，并表示要带回家和家人分享。,责任/利益
你是一位道德判断模型。根据给出的有关环境报道的新闻文本，请判断其倾向于以下哪一个维度：责任/利益、实用/理想、创新/守旧、非道德。你的回答必须只包含其中的一个维度。,为推动金融市场和金融机构的更大改革，改善债券违约处置多元化渠道，实施房地产金融审慎管理制度。,责任/利益
你是一位道德判断模型。根据给出的有关环境报道的新闻文本，请判断其倾向于以下哪一个维度：责任/利益、实用/理想、创新/守旧、非道德。你的回答必须只包含其中的一个维度。,联合国气候峰会将于周一召开，法国总统埃马纽埃尔·马克龙和德国总理安格拉·默克尔将宣布新的承诺，以解决古特雷斯表示时间已经紧迫的问题。,责任/利益
你是一位道德判断模型。根据给出的有关环境报道的新闻文本，请判断其倾向于以下哪一个维度：责任/利益、实用/理想、创新/守旧、非道德。你的回答必须只包含其中的一个维度。,灌南县检察院提起的该县首例赔偿固碳功能损失的程某滥伐林木刑事附带民事公益诉讼案在县中小学生素质教育基地公开庭审,责任/利益
你是一位道德判断模型。根据给出的有关环境报道的新闻文本，请判断其倾向于以下哪一个维度：责任/利益、实用/理想、创新/守旧、非道德。你的回答必须只包含其中的一个维度。,明确提出我国二氧化碳排放力争 2030 年前达到峰值，力争 2060 年前实现碳中和,责任/利益
你是一位道德判断模型。根据给出的有关环境报道的新闻文本，请判断其倾向于以下哪一个维度：责任/利益、实用/理想、创新/守旧、非道德。你的回答必须只包含其中的一个维度。,李强强调，要坚定维护以习近平同志为核心的党中央权威和集中统一领导，全面贯彻党的二十大精神，紧紧围绕新时代新征程党的中心任务开展工作，为全面建设社会主义现代化国家、实现中华民族伟大复兴的中国梦不懈奋斗。,责任/利益
你是一位道德判断模型。根据给出的有关环境报道的新闻文本，请判断其倾向于以下哪一个维度：责任/利益、实用/理想、创新/守旧、非道德。你的回答必须只包含其中的一个维度。,尽管英国在疫情期间遭受了所有主要经济体中最严重的经济下滑，但预测其经济反弹将比美国慢得多。到 2022 年，英国将因与美国经济增长率的差距而损失 900 亿英镑的国民产出，每人损失约 1300 英镑。,非道德
你是一位道德判断模型。根据给出的有关环境报道的新闻文本，请判断其倾向于以下哪一个维度：责任/利益、实用/理想、创新/守旧、非道德。你的回答必须只包含其中的一个维度。,环境保护不仅人人有责，而且人人有份。在公共场所随地吐痰，会传播各种流行性疾病，更会给当前疫情防控工作带来阻碍；不节约用水会造成严重的水资源缺乏，土地会变得干燥，沙漠化现象越来越严重；垃圾不分类投放，会造成可循环资源的浪费，还会给人类健康带来威胁。生态环境保护涉及千家万户，与我们每个人息息相关，应提高参与意识，切不能有旁观思想。,责任/利益
你是一位道德判断模型。根据给出的有关环境报道的新闻文本，请判断其倾向于以下哪一个维度：责任/利益、实用/理想、创新/守旧、非道德。你的回答必须只包含其中的一个维度。,通过讲解和动手展示结合将科学知识传递给公众，直观形象、生动有趣。,责任/利益
你是一位道德判断模型。根据给出的有关环境报道的新闻文本，请判断其倾向于以下哪一个维度：责任/利益、实用/理想、创新/守旧、非道德。你的回答必须只包含其中的一个维度。,在巴黎协议中，各国政府承诺将全球变暖限制在工业化前的1.5°C以内，并减少碳排放。,责任/利益
你是一位道德判断模型。根据给出的有关环境报道的新闻文本，请判断其倾向于以下哪一个维度：责任/利益、实用/理想、创新/守旧、非道德。你的回答必须只包含其中的一个维度。,这是全球变暖、生态失衡的直接结果，是人类这么多年胡作非为的恶果，但这只是个开始，地球生态现状远比想象中危急。,责任/利益
你是一位道德判断模型。根据给出的有关环境报道的新闻文本，请判断其倾向于以下哪一个维度：责任/利益、实用/理想、创新/守旧、非道德。你的回答必须只包含其中的一个维度。,专家介绍，6 月 21 日山东省委办公厅、省政府办公厅印发《美丽山东建设规划纲要（2021—2035 年）》提出，近期目标（2025 年），中期目标（2030 年），远期目标（2035 年）,责任/利益
你是一位道德判断模型。根据给出的有关环境报道的新闻文本，请判断其倾向于以下哪一个维度：责任/利益、实用/理想、创新/守旧、非道德。你的回答必须只包含其中的一个维度。,湿地碳汇保险是以湿地的碳汇富余价值 (包括固碳经济价值和修复成本) 为补偿依据，保障湿地因台风、干旱等自然灾害原因导致湿地受损，进而导致湿地碳汇量减少的碳汇保险。,实用/理想
你是一位道德判断模型。根据给出的有关环境报道的新闻文本，请判断其倾向于以下哪一个维度：责任/利益、实用/理想、创新/守旧、非道德。你的回答必须只包含其中的一个维度。,"Plug Power Inc. (Plug), a leading provider of turnkey hydrogen solutions for the global green hydrogen economy",责任/利益
你是一位道德判断模型。根据给出的有关环境报道的新闻文本，请判断其倾向于以下哪一个维度：责任/利益、实用/理想、创新/守旧、非道德。你的回答必须只包含其中的一个维度。,体育总局成立赛风赛纪和反兴奋剂督查组，驻总局纪检监察组也将参与第十四届全运会赛风赛纪专项整治工作，形成齐抓共管、同步发力的监督体系。,责任/利益
你是一位道德判断模型。根据给出的有关环境报道的新闻文本，请判断其倾向于以下哪一个维度：责任/利益、实用/理想、创新/守旧、非道德。你的回答必须只包含其中的一个维度。,Vanguard的竞争对手BlackRock采取了不同的ESG投资方法，仍为NZAM的成员。,责任/利益
你是一位道德判断模型。根据给出的有关环境报道的新闻文本，请判断其倾向于以下哪一个维度：责任/利益、实用/理想、创新/守旧、非道德。你的回答必须只包含其中的一个维度。,以密云水库为重点加强饮用水保护、地下水监测和防控，确保饮水安全和地下水水质稳定。,责任/利益
你是一位道德判断模型。根据给出的有关环境报道的新闻文本，请判断其倾向于以下哪一个维度：责任/利益、实用/理想、创新/守旧、非道德。你的回答必须只包含其中的一个维度。,国务院及各部门的领导同志要带头讲政治、守规矩，严律己、不谋私，勤作为、勇担当，形成风清气正、团结奋进的良好局面。,责任/利益
你是一位道德判断模型。根据给出的有关环境报道的新闻文本，请判断其倾向于以下哪一个维度：责任/利益、实用/理想、创新/守旧、非道德。你的回答必须只包含其中的一个维度。,探索建立碳普惠机制，引导全社会绿色低碳生产、生活。,责任/利益
你是一位道德判断模型。根据给出的有关环境报道的新闻文本，请判断其倾向于以下哪一个维度：责任/利益、实用/理想、创新/守旧、非道德。你的回答必须只包含其中的一个维度。,Future Crops Ltd 是一家垂直农场企业，其在荷兰 ABC Westland 运营着一个先进的室内多层垂直农场，种植广泛的无农药叶菜和香草。该公司通过转向 100% 的可再生能源，将其农场进一步脱离电网。,责任/利益
你是一位道德判断模型。根据给出的有关环境报道的新闻文本，请判断其倾向于以下哪一个维度：责任/利益、实用/理想、创新/守旧、非道德。你的回答必须只包含其中的一个维度。,中国国家主席习近平周六承诺，到2030年，将单位国内生产总值的碳排放量削减65%以上，并将非化石能源在能源消费中的占比提高到约25%。,责任/利益
你是一位道德判断模型。根据给出的有关环境报道的新闻文本，请判断其倾向于以下哪一个维度：责任/利益、实用/理想、创新/守旧、非道德。你的回答必须只包含其中的一个维度。,高盛的 Michele Della Vigna 表示，核能不在我们报告的头条，因为我们认为它不是未来的一种转型技术。,创新/守旧
你是一位道德判断模型。根据给出的有关环境报道的新闻文本，请判断其倾向于以下哪一个维度：责任/利益、实用/理想、创新/守旧、非道德。你的回答必须只包含其中的一个维度。,Boeing还介绍了Cascade用户社区，这是一个工作组，将就新功能、功能和应用程序编程接口提供反馈。社区的首届成员包括国际航空运输协会（IATA）、美国宇航局（NASA）、剑桥大学的航空影响加速器以及麻省理工学院的航空航天与环境实验室。 Raymond表示，Cascade用户社区将确保工具和数据来源继续得到反馈和演变，以实现2050年实现净零排放的有根据和有效的讨论。,责任/利益
你是一位道德判断模型。根据给出的有关环境报道的新闻文本，请判断其倾向于以下哪一个维度：责任/利益、实用/理想、创新/守旧、非道德。你的回答必须只包含其中的一个维度。,用最严格制度、最严密法治保护生态环境，就是要求全党全国民众不仅要坚持‘绿水青山就是金山银山’的生态理念，还要有‘环境有价、损害担责’的制度、法规、法纪、法治意识。,责任/利益
你是一位道德判断模型。根据给出的有关环境报道的新闻文本，请判断其倾向于以下哪一个维度：责任/利益、实用/理想、创新/守旧、非道德。你的回答必须只包含其中的一个维度。,"英国政府计划通过开发新技术来捕捉和储存有害的碳排放，到 2030 年从大气中去除 100 万吨二氧化碳，并每年种植 30,000 公顷的树木。",责任/利益
你是一位道德判断模型。根据给出的有关环境报道的新闻文本，请判断其倾向于以下哪一个维度：责任/利益、实用/理想、创新/守旧、非道德。你的回答必须只包含其中的一个维度。,如今，大陈岛有 34 台风力发电机，平均每年可发电 6000 多万千瓦时，除了满足全岛用电，还能把多余的电力输送到内陆地区。全电交通、全电民宿、全电养殖、全电景区，绿色能源不断推动海岛发展。,责任/利益
你是一位道德判断模型。根据给出的有关环境报道的新闻文本，请判断其倾向于以下哪一个维度：责任/利益、实用/理想、创新/守旧、非道德。你的回答必须只包含其中的一个维度。,作交流发言,责任/利益
你是一位道德判断模型。根据给出的有关环境报道的新闻文本，请判断其倾向于以下哪一个维度：责任/利益、实用/理想、创新/守旧、非道德。你的回答必须只包含其中的一个维度。,倡导使用节能型器具，规范设置空调温度，科学优化电梯使用频次，努力实现精细用电，对用电负荷进行精细分类和分级管控，走廊、楼道等公用区域照明做到“人走灯熄”,责任/利益
你是一位道德判断模型。根据给出的有关环境报道的新闻文本，请判断其倾向于以下哪一个维度：责任/利益、实用/理想、创新/守旧、非道德。你的回答必须只包含其中的一个维度。,这些条约、协议和机构对英国和全球的政策制定产生影响，导致许多国家或行业接受相似的议程。,创新/守旧
你是一位道德判断模型。根据给出的有关环境报道的新闻文本，请判断其倾向于以下哪一个维度：责任/利益、实用/理想、创新/守旧、非道德。你的回答必须只包含其中的一个维度。,AND Digital与客户Drax合作，支持构建平台，为组织提供实时工具以高效管理EV车队，该平台还提供了详细的英国各地的EV充电点位置信息。,责任/利益
你是一位道德判断模型。根据给出的有关环境报道的新闻文本，请判断其倾向于以下哪一个维度：责任/利益、实用/理想、创新/守旧、非道德。你的回答必须只包含其中的一个维度。,美国的一组州、城市、企业和大学表示，他们的联盟经济规模大于日本和德国的总和。,非道德
你是一位道德判断模型。根据给出的有关环境报道的新闻文本，请判断其倾向于以下哪一个维度：责任/利益、实用/理想、创新/守旧、非道德。你的回答必须只包含其中的一个维度。,积极探索生态产品价值实现路径，用制度保障美丽中国建设,责任/利益
你是一位道德判断模型。根据给出的有关环境报道的新闻文本，请判断其倾向于以下哪一个维度：责任/利益、实用/理想、创新/守旧、非道德。你的回答必须只包含其中的一个维度。,要统筹做好山水林田湖草沙文章，充分释放农业产品贡献、文化传承、生态维护多重功能。与此同时，加强农业面源污染综合治理，深入推进农业投入品减量化，加强畜禽粪污资源化利用，推进农膜科学使用回收，支持秸秆综合利用，接续推进农村人居环境整治提升行动。最大化减少农业排放，使农业为实现碳达峰、碳中和目标做出贡献，使农村成为农民安居乐业的美好家园。,责任/利益
你是一位道德判断模型。根据给出的有关环境报道的新闻文本，请判断其倾向于以下哪一个维度：责任/利益、实用/理想、创新/守旧、非道德。你的回答必须只包含其中的一个维度。,通过开展宣传活动，帮助公众了解并参与 Bristol 的碳中和目标。,责任/利益
你是一位道德判断模型。根据给出的有关环境报道的新闻文本，请判断其倾向于以下哪一个维度：责任/利益、实用/理想、创新/守旧、非道德。你的回答必须只包含其中的一个维度。,Dow被CDP评为全球供应商参与领导者，致力于加速全球供应链减排行动。通过评估和改进采购实践，进一步推动向碳中性经济的转变。,责任/利益
你是一位道德判断模型。根据给出的有关环境报道的新闻文本，请判断其倾向于以下哪一个维度：责任/利益、实用/理想、创新/守旧、非道德。你的回答必须只包含其中的一个维度。,BitFur公司正在推动清洁能源的发展，其数据中心将采用浸泡冷却技术，以提高能源利用效率。,创新/守旧
你是一位道德判断模型。根据给出的有关环境报道的新闻文本，请判断其倾向于以下哪一个维度：责任/利益、实用/理想、创新/守旧、非道德。你的回答必须只包含其中的一个维度。,我国电力体制改革的深入，以及国家对新能源政策的出台，新能源低碳产业迅速扩张。,非道德
你是一位道德判断模型。根据给出的有关环境报道的新闻文本，请判断其倾向于以下哪一个维度：责任/利益、实用/理想、创新/守旧、非道德。你的回答必须只包含其中的一个维度。,UBS已成为首家与瑞士直接空气捕捉（DAC）专家Climeworks合作的金融服务公司，投资银行今天宣布已签署一项10年协议，以帮助抵消其“不可避免的”排放并支持新兴碳去除行业的扩张。,责任/利益
你是一位道德判断模型。根据给出的有关环境报道的新闻文本，请判断其倾向于以下哪一个维度：责任/利益、实用/理想、创新/守旧、非道德。你的回答必须只包含其中的一个维度。,"State-owned utility Abu Dhabi National Energy Co., known as Taqa, had also previously studied a potential investment in Masdar.",非道德
你是一位道德判断模型。根据给出的有关环境报道的新闻文本，请判断其倾向于以下哪一个维度：责任/利益、实用/理想、创新/守旧、非道德。你的回答必须只包含其中的一个维度。,加速可再生能源的利用，推动风能市场发展，助力实现低碳目标。,责任/利益
你是一位道德判断模型。根据给出的有关环境报道的新闻文本，请判断其倾向于以下哪一个维度：责任/利益、实用/理想、创新/守旧、非道德。你的回答必须只包含其中的一个维度。,除了努力保护生物多样性外，SATINE还通过技术创新提升其产品，推出了零碳SATINE有机纯牛奶。,责任/利益
你是一位道德判断模型。根据给出的有关环境报道的新闻文本，请判断其倾向于以下哪一个维度：责任/利益、实用/理想、创新/守旧、非道德。你的回答必须只包含其中的一个维度。,中国将开启全面建设社会主义现代化国家新征程。我们将立足新发展阶段，贯彻新发展理念，构建新发展格局，推动高质量发展，为全面建设社会主义现代化国家开好局起好步。,责任/利益
你是一位道德判断模型。根据给出的有关环境报道的新闻文本，请判断其倾向于以下哪一个维度：责任/利益、实用/理想、创新/守旧、非道德。你的回答必须只包含其中的一个维度。,澳大利亚总理，尽管数百万张选票尚未计算，但他在周二参加东京峰会前迅速承认了失败。,非道德
你是一位道德判断模型。根据给出的有关环境报道的新闻文本，请判断其倾向于以下哪一个维度：责任/利益、实用/理想、创新/守旧、非道德。你的回答必须只包含其中的一个维度。,今年 2 月份，最高人民法院公布了《关于完整准确全面贯彻新发展理念为积极稳妥推进碳达峰碳中和提供司法服务的意见》，依法处理好发展和减排、整体和局部、短期和中长期、政府和市场的关系。其中明确“鼓励企业、机构、个人建立碳账户、优先使用碳普惠减排量进行碳中和，加快形成全民参与的良好格局”。,责任/利益
你是一位道德判断模型。根据给出的有关环境报道的新闻文本，请判断其倾向于以下哪一个维度：责任/利益、实用/理想、创新/守旧、非道德。你的回答必须只包含其中的一个维度。,共同支持《巴黎协定》，牢牢把握应对气候变化的大方向；遵循共同但有区别的责任原则，提升应对环境挑战的行动力；大力倡导绿色低碳的生产生活方式，从绿色发展中寻找发展的新机遇。,责任/利益
你是一位道德判断模型。根据给出的有关环境报道的新闻文本，请判断其倾向于以下哪一个维度：责任/利益、实用/理想、创新/守旧、非道德。你的回答必须只包含其中的一个维度。,SGS 的首席技术官和联合创始人Bob Currie博士表示：实现净零以应对气候紧急情况不仅仅是要用可再生能源替代化石燃料，还需要我们在如何使用这种能源和控制电力电网方面变得更加智能。,创新/守旧
你是一位道德判断模型。根据给出的有关环境报道的新闻文本，请判断其倾向于以下哪一个维度：责任/利益、实用/理想、创新/守旧、非道德。你的回答必须只包含其中的一个维度。,全球风能和太阳能市场正在快速发展，去年全球风能产能增加量几乎翻了一番，达到114吉瓦。预计到2022年，太阳能光伏年新增装机容量将超过160吉瓦，这将比疫情前的2019年水平高出近50%。,实用/理想
你是一位道德判断模型。根据给出的有关环境报道的新闻文本，请判断其倾向于以下哪一个维度：责任/利益、实用/理想、创新/守旧、非道德。你的回答必须只包含其中的一个维度。,设计师将倾力助阵赖氏家具的全民爱木节活动，为顾客提供理想家居的设计方案。,责任/利益
你是一位道德判断模型。根据给出的有关环境报道的新闻文本，请判断其倾向于以下哪一个维度：责任/利益、实用/理想、创新/守旧、非道德。你的回答必须只包含其中的一个维度。,要从数字产业化和产业数字化入手，强化数字技术与环保产业的深度融合，加快推进数字环保、智慧环保，为精准、科学、依法治污提供信息化支撑。,责任/利益
你是一位道德判断模型。根据给出的有关环境报道的新闻文本，请判断其倾向于以下哪一个维度：责任/利益、实用/理想、创新/守旧、非道德。你的回答必须只包含其中的一个维度。,多措并举开展生活物资保障供应工作，全力保障风险区内居民的日常生活需求。,责任/利益
你是一位道德判断模型。根据给出的有关环境报道的新闻文本，请判断其倾向于以下哪一个维度：责任/利益、实用/理想、创新/守旧、非道德。你的回答必须只包含其中的一个维度。,Anglian Water 的优化解决方案开发经理 Matthew Hughes 表示：“一直在推动网络优化和能源效率，这次与 SUEZ 合作的试点为我们提供了更深入的机会。”,责任/利益
你是一位道德判断模型。根据给出的有关环境报道的新闻文本，请判断其倾向于以下哪一个维度：责任/利益、实用/理想、创新/守旧、非道德。你的回答必须只包含其中的一个维度。,"今年以来，全市上下紧盯全年目标任务，全力打好“发展六仗”,经济呈现“稳中向好、转型承压、持续恢复、态势强劲”的发展态势。要深入学习贯彻省人民政府第二次全体会议精神，以静态和动态、不利和利好、局部和全局、当前和长远等多维度分析研判形势挑战、发展趋势和存在问题，采取切实有效措施，着力保持稳中有进、稳中向好势头。要坚持双向发力，紧盯经营主体和项目载体，加强工作调度和实操训练，逐项研究解决用工、用能、用地等要素保障问题。要坚持发展与安全、民生与保障两手齐抓，统筹抓好安全生产、污染防治、信访维稳、政府债务化解、“保交楼”、重点群体就业帮扶等工作",责任/利益
你是一位道德判断模型。根据给出的有关环境报道的新闻文本，请判断其倾向于以下哪一个维度：责任/利益、实用/理想、创新/守旧、非道德。你的回答必须只包含其中的一个维度。,2021 年，中国移动着力布局 9 大行业创新平台，携手行业伙伴打造 200 个 5G 龙头示范标杆，累计拓展超过 6400 个 5G 商用案例；发布“心级服务”品牌，全场次直播东京奥运会、北京冬奥会等重大赛事和活动；提升应急通信保障水平，圆满完成各类重大活动通信及网络安全保障工作；防范打击通信网络违法犯罪，强化个人隐私保护力度，确保网络和信息安全。,责任/利益
你是一位道德判断模型。根据给出的有关环境报道的新闻文本，请判断其倾向于以下哪一个维度：责任/利益、实用/理想、创新/守旧、非道德。你的回答必须只包含其中的一个维度。,发布研究报告,非道德
你是一位道德判断模型。根据给出的有关环境报道的新闻文本，请判断其倾向于以下哪一个维度：责任/利益、实用/理想、创新/守旧、非道德。你的回答必须只包含其中的一个维度。,英国环境大臣 Theresa Villiers 表示，我们的自然环境是一个重要的共享资源，保护环境对未来的代际具有重要意义。她说，该法案将引领一场'绿色变革'，帮助英国繁荣发展，使英国在改善空气质量、保护自然环境和应对气候变化方面成为世界领先者。,责任/利益
你是一位道德判断模型。根据给出的有关环境报道的新闻文本，请判断其倾向于以下哪一个维度：责任/利益、实用/理想、创新/守旧、非道德。你的回答必须只包含其中的一个维度。,会议强调，要立足新发展阶段，构建新发展格局，建设与首都城市战略定位相适应、面向京津冀的现代化经济体系，推动首都实现高质量发展。,责任/利益
你是一位道德判断模型。根据给出的有关环境报道的新闻文本，请判断其倾向于以下哪一个维度：责任/利益、实用/理想、创新/守旧、非道德。你的回答必须只包含其中的一个维度。,要牢牢把握高质量发展这个首要任务，坚持稳字当头、稳中求进，科学精准实施宏观政策，综合施策释放内需潜能，推动经济运行持续整体好转。,责任/利益
你是一位道德判断模型。根据给出的有关环境报道的新闻文本，请判断其倾向于以下哪一个维度：责任/利益、实用/理想、创新/守旧、非道德。你的回答必须只包含其中的一个维度。,克里访华，这是他作为美国总统气候问题特使第三次访华，也是今年以来中美首次就气候问题进行面对面磋商。,非道德
你是一位道德判断模型。根据给出的有关环境报道的新闻文本，请判断其倾向于以下哪一个维度：责任/利益、实用/理想、创新/守旧、非道德。你的回答必须只包含其中的一个维度。,英国首相鲍里斯·约翰逊表示，在巴黎协定中设定的将全球气温上升限制在 1.5°C 的目标仍然遥远，但已经有了一些进展。,实用/理想
你是一位道德判断模型。根据给出的有关环境报道的新闻文本，请判断其倾向于以下哪一个维度：责任/利益、实用/理想、创新/守旧、非道德。你的回答必须只包含其中的一个维度。,两国最近推出了一项计划，旨在改善全球电力电网之间的连接，加速向更清洁的能源转型。,责任/利益
你是一位道德判断模型。根据给出的有关环境报道的新闻文本，请判断其倾向于以下哪一个维度：责任/利益、实用/理想、创新/守旧、非道德。你的回答必须只包含其中的一个维度。,该数据中心将把浸泡冷却技术推向新的高度并将为利用可再生能源进行数据处理树立新标准。BitFury 正引领该领域创新，设立新的数据中心并与我们的全球合作伙伴携手合作推进这一重要工作让我们引以为傲,创新/守旧
你是一位道德判断模型。根据给出的有关环境报道的新闻文本，请判断其倾向于以下哪一个维度：责任/利益、实用/理想、创新/守旧、非道德。你的回答必须只包含其中的一个维度。,UBS集团执行委员会可持续发展负责人Suni Hartford表示，创新技术在向低碳经济转型中发挥着越来越重要的作用。,创新/守旧
你是一位道德判断模型。根据给出的有关环境报道的新闻文本，请判断其倾向于以下哪一个维度：责任/利益、实用/理想、创新/守旧、非道德。你的回答必须只包含其中的一个维度。,新财政大臣Jeremy Hunt表示，英国财政部将在2023年4月审查适应或关闭能源法案减免计划的选项，下一阶段将更加针对性强，并将有机制激励企业提高能源效率。,创新/守旧
你是一位道德判断模型。根据给出的有关环境报道的新闻文本，请判断其倾向于以下哪一个维度：责任/利益、实用/理想、创新/守旧、非道德。你的回答必须只包含其中的一个维度。,英国政府误读了 9 月份财政爆炸的市场信息。根据国际货币基金组织的数据，英国公共债务比率位于 G7 集团的较低水平，远低于日本、美国、意大利或法国。,非道德
你是一位道德判断模型。根据给出的有关环境报道的新闻文本，请判断其倾向于以下哪一个维度：责任/利益、实用/理想、创新/守旧、非道德。你的回答必须只包含其中的一个维度。,该研究发现，英国房地产行业实现净零目标的挑战规模巨大。该公司表示，由于规模和需要激励业主进行改进，住宅部门面临特别困难。商业部门被描述为具有'特定优势'以缓解挑战，但 Savills 已经确定'重大障碍'升级零售部门。,实用/理想
你是一位道德判断模型。根据给出的有关环境报道的新闻文本，请判断其倾向于以下哪一个维度：责任/利益、实用/理想、创新/守旧、非道德。你的回答必须只包含其中的一个维度。,Nathaniel Squire 表示，绝缘英国的房子是减少英国碳排放的一个简单的步骤。他表示，这不仅是实现政府净零目标的一个必要步骤，而且还能帮助数百万脆弱的英国人。作为一名医疗保健专业人员，我知道由于燃料贫困而挣扎的人数只会随着地球的变暖而增加，除非我们现在就采取行动。,责任/利益
你是一位道德判断模型。根据给出的有关环境报道的新闻文本，请判断其倾向于以下哪一个维度：责任/利益、实用/理想、创新/守旧、非道德。你的回答必须只包含其中的一个维度。,工业和信息化部总工程师韩夏具体指出，一是网络建设量质并进。截止到今年 11 月，以累计建成开通 5G 基站超过 139 万个，虚拟专网、混合专网超过 2300 个，加快形成适应行业需求的 5G 网络体系。千兆光网建设加速推进，已覆盖 2.4 亿户家庭的能力，IPv6 网络和终端逐步推进，工业互联网标识解析体系稳定运行，已经建成 166 个二级结点，服务了 4.8 万家企业，标识的注册量突破 700 亿。二是融合赋能作用彰显。5G 应用扬帆启航，已经覆盖一二三产业诸多领域，5G 赋能经济社会化转型的潜能不断释放，近五成的 5G 应用实现了商业落地。工业互联网创新应用深化扩展，广泛应用到钢铁、机械、交通、能源等 40 多个国民经济重点行业，提质增效，其中 5G+工业互联网在建项目已经超过了 1800 个。三是服务民生，精准降费深化落实，提前超额完成降费任务。互联网应用改造取得阶段性成果，完成 207 家网站和 APP 的改造。,责任/利益
你是一位道德判断模型。根据给出的有关环境报道的新闻文本，请判断其倾向于以下哪一个维度：责任/利益、实用/理想、创新/守旧、非道德。你的回答必须只包含其中的一个维度。,"Mavericks Renewable Energy, an energy-as-a-service provider for agriculture, commercial and residential operations, will use Procurant’s IoT sensor monitoring and analytics solution to deliver value-added services to clients.",责任/利益
你是一位道德判断模型。根据给出的有关环境报道的新闻文本，请判断其倾向于以下哪一个维度：责任/利益、实用/理想、创新/守旧、非道德。你的回答必须只包含其中的一个维度。,成都逐步建立林业碳汇开发、计量监测和碳汇应用三大碳汇项目支撑体系，有序推进林草碳汇开发交易，审核登记碳减排量 15421.21 吨。此外，还深入实施“公园+”“绿道+”策略，营造低碳游玩场景，加快培育山水生态、天府绿道、乡村田园、城市街区、天府人文和产业社区 6 大公园场景。,责任/利益
你是一位道德判断模型。根据给出的有关环境报道的新闻文本，请判断其倾向于以下哪一个维度：责任/利益、实用/理想、创新/守旧、非道德。你的回答必须只包含其中的一个维度。,我们可以设立设计审查开发项目，重新制定我们的场地审查标准以符合Green Worcester Plan的目标，创建包容性分区以增加家庭住房，并为开发项目添加公平分析（如Councilor Lydia Edwards最近在Boston所倡导的）。,创新/守旧
你是一位道德判断模型。根据给出的有关环境报道的新闻文本，请判断其倾向于以下哪一个维度：责任/利益、实用/理想、创新/守旧、非道德。你的回答必须只包含其中的一个维度。,全国碳排放权交易市场本月启动上线，截至 7 月 23 日，碳排放配额总成交量 483.30 万吨。,责任/利益
你是一位道德判断模型。根据给出的有关环境报道的新闻文本，请判断其倾向于以下哪一个维度：责任/利益、实用/理想、创新/守旧、非道德。你的回答必须只包含其中的一个维度。,马克龙说，法方欢迎中方宣布力争于 2060 年前实现碳中和，这一重大承诺体现了中方主动承担重要责任。,责任/利益
你是一位道德判断模型。根据给出的有关环境报道的新闻文本，请判断其倾向于以下哪一个维度：责任/利益、实用/理想、创新/守旧、非道德。你的回答必须只包含其中的一个维度。,Sam's Club计划将其Member's Mark自有品牌转变为更可持续的品牌。,创新/守旧
你是一位道德判断模型。根据给出的有关环境报道的新闻文本，请判断其倾向于以下哪一个维度：责任/利益、实用/理想、创新/守旧、非道德。你的回答必须只包含其中的一个维度。,The contract was agreed and work is expected to start straight away and get completed on the 75 homes by spring 2023. It will include wall and loft insulation as well as triple glazing.,非道德
你是一位道德判断模型。根据给出的有关环境报道的新闻文本，请判断其倾向于以下哪一个维度：责任/利益、实用/理想、创新/守旧、非道德。你的回答必须只包含其中的一个维度。,要大力发展林业生物质能源和木竹替代，实现生物减排固碳。因地制宜开展能源林培育，加强现有低产低效能源林改造。稳步提高能源林建设规模和指标，加强生物质能源开发利用和科技攻关。积极推动林业生物质能源产业化，推进优质木竹资源定向培育与利用，提高生物固碳效率。,责任/利益
你是一位道德判断模型。根据给出的有关环境报道的新闻文本，请判断其倾向于以下哪一个维度：责任/利益、实用/理想、创新/守旧、非道德。你的回答必须只包含其中的一个维度。,我国坚决贯彻新发展理念，绿色发展成效逐步显现；坚决向污染宣战，生态环境质量持续改善；加快生态文明体制改革，制度体系不断完善；积极参与全球环境治理，成为全球生态文明建设的重要参与者、贡献者和引领者。,责任/利益
你是一位道德判断模型。根据给出的有关环境报道的新闻文本，请判断其倾向于以下哪一个维度：责任/利益、实用/理想、创新/守旧、非道德。你的回答必须只包含其中的一个维度。,中国钢铁行业正在加速绿色低碳转型，严禁新增产能，严格落实产能置换，在 双碳 目标引领下,责任/利益
你是一位道德判断模型。根据给出的有关环境报道的新闻文本，请判断其倾向于以下哪一个维度：责任/利益、实用/理想、创新/守旧、非道德。你的回答必须只包含其中的一个维度。,在实现工业领域碳达峰的基础上强化碳中和能力，力争工业领域二氧化碳排放在 2030 年前达峰。,责任/利益
你是一位道德判断模型。根据给出的有关环境报道的新闻文本，请判断其倾向于以下哪一个维度：责任/利益、实用/理想、创新/守旧、非道德。你的回答必须只包含其中的一个维度。,在明知自身未办理林木采伐许可证的情况下，雇请工人采伐立木蓄积共计 34.1052 立方米的速生桉，其行为对林业资源造成损害，破坏了生态环境，侵害了社会公共利益。,责任/利益
你是一位道德判断模型。根据给出的有关环境报道的新闻文本，请判断其倾向于以下哪一个维度：责任/利益、实用/理想、创新/守旧、非道德。你的回答必须只包含其中的一个维度。,Anglade 在周五繁忙的日程中，先在蒙特利尔的一个会议上发表讲话，然后加入气候游行，然后前往加蒂诺的竞选活动。尽管她在竞选活动中强调了气候变化，但气候游行最初并不是她行程的一部分。',责任/利益
你是一位道德判断模型。根据给出的有关环境报道的新闻文本，请判断其倾向于以下哪一个维度：责任/利益、实用/理想、创新/守旧、非道德。你的回答必须只包含其中的一个维度。,中国要建设的现代化，是人与自然和谐共生的现代化，必须坚定不移走生态优先、绿色低碳的高质量发展道路。,责任/利益
你是一位道德判断模型。根据给出的有关环境报道的新闻文本，请判断其倾向于以下哪一个维度：责任/利益、实用/理想、创新/守旧、非道德。你的回答必须只包含其中的一个维度。,甘肃将认真贯彻习近平总书记关于能源发展的重要论述和党的十九届五中全会精神，立足资源禀赋和产业基础，努力形成结构优化、布局合理、效益稳步增长的能源开发利用新格局。,责任/利益
你是一位道德判断模型。根据给出的有关环境报道的新闻文本，请判断其倾向于以下哪一个维度：责任/利益、实用/理想、创新/守旧、非道德。你的回答必须只包含其中的一个维度。,根据可口可乐零售研究委员会（CCRRC）发布的一份报告，69%的超市购物者表示他们尽可能减少对环境的影响。,责任/利益
你是一位道德判断模型。根据给出的有关环境报道的新闻文本，请判断其倾向于以下哪一个维度：责任/利益、实用/理想、创新/守旧、非道德。你的回答必须只包含其中的一个维度。,在 ESG 关联的衍生品中，如果客户达到预先确定的可持续绩效目标 (SPTs)，安排方 (例如 NAB) 收取的汇率将减少预先确定的金额。,责任/利益
你是一位道德判断模型。根据给出的有关环境报道的新闻文本，请判断其倾向于以下哪一个维度：责任/利益、实用/理想、创新/守旧、非道德。你的回答必须只包含其中的一个维度。,要充分发挥长春新区、中韩 (长春) 国际合作示范区、珲春海洋经济发展示范区、中国—东北亚博览会、全球吉商大会、雪博会、长春电影节等平台载体作用，让更多企业投资吉林、更多技术引入吉林、更多人才扎根吉林。,责任/利益
你是一位道德判断模型。根据给出的有关环境报道的新闻文本，请判断其倾向于以下哪一个维度：责任/利益、实用/理想、创新/守旧、非道德。你的回答必须只包含其中的一个维度。,对计划中的499套住宅中缺乏经济适用房的情况表示'完全不能接受',创新/守旧
你是一位道德判断模型。根据给出的有关环境报道的新闻文本，请判断其倾向于以下哪一个维度：责任/利益、实用/理想、创新/守旧、非道德。你的回答必须只包含其中的一个维度。,WNS 今天推出了 WNS TRAVOGUE，这是一套全面的数字解决方案，适用于航空、酒店、在线旅行社 (OTA) 和旅行社等行业。,责任/利益
你是一位道德判断模型。根据给出的有关环境报道的新闻文本，请判断其倾向于以下哪一个维度：责任/利益、实用/理想、创新/守旧、非道德。你的回答必须只包含其中的一个维度。,阳泉日报社所属《阳泉日报》、《阳泉晚报》、阳泉新闻网和新媒体平台享有版权内容，任何单位和个人在互联网、无线客户端、微博和微信等平台上使用须取得阳泉日报社的授权，注明作者及出处，否则我们将依法追究相关法律责任。涉及转载内容的，仅代表原创作者观点，与本单位无关，侵权请联系删除。,非道德
你是一位道德判断模型。根据给出的有关环境报道的新闻文本，请判断其倾向于以下哪一个维度：责任/利益、实用/理想、创新/守旧、非道德。你的回答必须只包含其中的一个维度。,推动实施冰雪旅游发展行动计划。,责任/利益
你是一位道德判断模型。根据给出的有关环境报道的新闻文本，请判断其倾向于以下哪一个维度：责任/利益、实用/理想、创新/守旧、非道德。你的回答必须只包含其中的一个维度。,美国能源部宣布拨款1.18亿美元，用于推动美国可持续生物燃料的生产，以满足其交通和制造需求。这笔资金将支持拜登总统实现公平、清洁能源未来的目标，并使美国在不迟于2050年实现全国范围内的净零排放。,责任/利益
你是一位道德判断模型。根据给出的有关环境报道的新闻文本，请判断其倾向于以下哪一个维度：责任/利益、实用/理想、创新/守旧、非道德。你的回答必须只包含其中的一个维度。,印发实施《国家发展改革委、国家能源局关于完善能源绿色低碳转型体制机制和政策措施的意见》《关于促进新时代新能源高质量发展的实施方案》等文件，全面系统推进能源绿色低碳转型工作，形成政策合力。,责任/利益
你是一位道德判断模型。根据给出的有关环境报道的新闻文本，请判断其倾向于以下哪一个维度：责任/利益、实用/理想、创新/守旧、非道德。你的回答必须只包含其中的一个维度。,Amina Mohammed赞扬加纳在实现可持续发展目标（SDGs）方面的一致作用，尽管受到COVID-19的干扰，联合国正式承诺支持加纳的疫情恢复工作。,责任/利益
你是一位道德判断模型。根据给出的有关环境报道的新闻文本，请判断其倾向于以下哪一个维度：责任/利益、实用/理想、创新/守旧、非道德。你的回答必须只包含其中的一个维度。,我国人口蛋白质的摄入不断增多，来自水产品的占比从 1990 年的 15% 增长到 2019 年的 25%，预计未来还有 5%—10% 的上涨潜力。以绿色低碳高效渔业为主题，大力发展海洋生物产业，打造国家的“海上粮仓”，建设引领全国海洋生物产业高质量发展的示范区。,责任/利益
你是一位道德判断模型。根据给出的有关环境报道的新闻文本，请判断其倾向于以下哪一个维度：责任/利益、实用/理想、创新/守旧、非道德。你的回答必须只包含其中的一个维度。,陈华总经理介绍到，沈阳石化产品交易中心是经辽宁省人民政府批准，集“交易平台、智能仓储、现代物流、供应链金融、园区服务”五位一体的交易平台，在“两横两纵”发展布局下，按照“一个中心、多点布库”的经营思路，利用平台优势整合石化生产企业、贸易商、零售商、仓储、物流、金融机构，打造了石化产品互联网线上交易、结算、交收、仓储、物流、融资等全产业链服务模式。,责任/利益
你是一位道德判断模型。根据给出的有关环境报道的新闻文本，请判断其倾向于以下哪一个维度：责任/利益、实用/理想、创新/守旧、非道德。你的回答必须只包含其中的一个维度。,与中心联合设计基地，引进了全球最先进的打浆、筛选、净化、流送、斜网/圆网/超圆网三网成形、压榨、帘式涂布等模块化全流程装备,创新/守旧
你是一位道德判断模型。根据给出的有关环境报道的新闻文本，请判断其倾向于以下哪一个维度：责任/利益、实用/理想、创新/守旧、非道德。你的回答必须只包含其中的一个维度。,Anglade 告诉《蒙特利尔公报》编辑委员会，自由党仍是英语世界的最佳选择。',实用/理想
你是一位道德判断模型。根据给出的有关环境报道的新闻文本，请判断其倾向于以下哪一个维度：责任/利益、实用/理想、创新/守旧、非道德。你的回答必须只包含其中的一个维度。,美国证券交易委员会正在对石油巨头埃克森美孚 (Exxon Mobil) 展开财务调查,非道德
你是一位道德判断模型。根据给出的有关环境报道的新闻文本，请判断其倾向于以下哪一个维度：责任/利益、实用/理想、创新/守旧、非道德。你的回答必须只包含其中的一个维度。,"IHA and the World Bank were invited to share their views on the priorities for hydropower and how to bring public, private, intergovernmental and non-governmental actors together to exchange knowledge and identify opportunities and challenges for the sector.",责任/利益
你是一位道德判断模型。根据给出的有关环境报道的新闻文本，请判断其倾向于以下哪一个维度：责任/利益、实用/理想、创新/守旧、非道德。你的回答必须只包含其中的一个维度。,发布了关于理解搁浅价值的报告：案例研究液化天然气运输船,非道德
你是一位道德判断模型。根据给出的有关环境报道的新闻文本，请判断其倾向于以下哪一个维度：责任/利益、实用/理想、创新/守旧、非道德。你的回答必须只包含其中的一个维度。,许多最流行的区块链，包括以太坊和比特币主网，都使用工作量证明（PoW）共识协议，这需要大量的能源，因此需要更多的能源产量来维持不断增长的元宇宙。,责任/利益
你是一位道德判断模型。根据给出的有关环境报道的新闻文本，请判断其倾向于以下哪一个维度：责任/利益、实用/理想、创新/守旧、非道德。你的回答必须只包含其中的一个维度。,中国在帮助解决全球生物多样性危机方面发挥了关键作用，这场危机与气候变化同样重要。,责任/利益
你是一位道德判断模型。根据给出的有关环境报道的新闻文本，请判断其倾向于以下哪一个维度：责任/利益、实用/理想、创新/守旧、非道德。你的回答必须只包含其中的一个维度。,推进前瞻性的未来产业，加速氢能、储能与生物能源等前沿科技产业的孵化与壮大。,创新/守旧
你是一位道德判断模型。根据给出的有关环境报道的新闻文本，请判断其倾向于以下哪一个维度：责任/利益、实用/理想、创新/守旧、非道德。你的回答必须只包含其中的一个维度。,在推进“双碳”工作的过程中，部分地方部署落实方法“不科学”，目光“不长远”，没有处理好“破”和“立”的关系，搞“一刀切”“运动式减碳”，对企业群众“限电限时”，影响了人民群众的利益。,责任/利益
你是一位道德判断模型。根据给出的有关环境报道的新闻文本，请判断其倾向于以下哪一个维度：责任/利益、实用/理想、创新/守旧、非道德。你的回答必须只包含其中的一个维度。,提出了应对气候变化的计划,责任/利益
你是一位道德判断模型。根据给出的有关环境报道的新闻文本，请判断其倾向于以下哪一个维度：责任/利益、实用/理想、创新/守旧、非道德。你的回答必须只包含其中的一个维度。,深入开展低碳试点示范，深化国家和省级低碳城市、低碳城镇、低碳园区建设，支持有条件的城市、城镇、社区、园区、企业等积极开展碳达峰先行区、碳中和示范区创建，建设一批“近零碳”园区和工厂，加快形成符合我省特色的“零碳”发展模式。,责任/利益
你是一位道德判断模型。根据给出的有关环境报道的新闻文本，请判断其倾向于以下哪一个维度：责任/利益、实用/理想、创新/守旧、非道德。你的回答必须只包含其中的一个维度。,参加活动的乐队包括Ashleigh Flynn和the Riveters、The Black Lilies、Honey Island Swamp Band、Acoustic Syndicate和Leftover Salmon,非道德
你是一位道德判断模型。根据给出的有关环境报道的新闻文本，请判断其倾向于以下哪一个维度：责任/利益、实用/理想、创新/守旧、非道德。你的回答必须只包含其中的一个维度。,该平台包含碳汇司法、碳普惠司法激励、会议、庭审活动碳中和规划、近零碳场景建设及打卡、双碳知识推广、碳盘查、个人自愿减排等功能模块，通过碳普惠机制激励和约束诉讼活动的相关当事人形成绿色低碳生产生活方式。,创新/守旧
你是一位道德判断模型。根据给出的有关环境报道的新闻文本，请判断其倾向于以下哪一个维度：责任/利益、实用/理想、创新/守旧、非道德。你的回答必须只包含其中的一个维度。,将继续深入践行绿色发展理念，全面优化绿色节能网络，实现自身绿色低碳发展的同时，不断提升赋能数字经济绿色发展能力，与社会共同提高绿色环保意识，为国家碳达峰碳中和贡献行业力量。,责任/利益
你是一位道德判断模型。根据给出的有关环境报道的新闻文本，请判断其倾向于以下哪一个维度：责任/利益、实用/理想、创新/守旧、非道德。你的回答必须只包含其中的一个维度。,全面落实长江“十年禁渔”，开展“拯救江豚行动”，保护珍稀物种生境。,责任/利益
你是一位道德判断模型。根据给出的有关环境报道的新闻文本，请判断其倾向于以下哪一个维度：责任/利益、实用/理想、创新/守旧、非道德。你的回答必须只包含其中的一个维度。,北京市通州区在采用一系列创新措施推动电力、天然气和储存领域的“双碳”目标方面取得了显著进展，并采用日益可持续的发展方式。,创新/守旧
你是一位道德判断模型。根据给出的有关环境报道的新闻文本，请判断其倾向于以下哪一个维度：责任/利益、实用/理想、创新/守旧、非道德。你的回答必须只包含其中的一个维度。,要发挥利剑作用，紧盯“关键少数”、紧盯政治生态、紧盯作风建设、紧盯清廉湘西建设，推动反腐败斗争压倒性胜利不断巩固发展。要当好桥梁纽带，坚持从群众中来、到群众中去，着力发现和解决群众急难愁盼问题，推动以人民为中心的发展思想深入践行。,责任/利益
你是一位道德判断模型。根据给出的有关环境报道的新闻文本，请判断其倾向于以下哪一个维度：责任/利益、实用/理想、创新/守旧、非道德。你的回答必须只包含其中的一个维度。,交通运输是碳排放的重点领域之一。做好交通运输碳达峰、碳中和工作，是贯彻落实党中央国务院决策部署的迫切要求，是服务人民群众、满足人民美好生活需要、建设人民满意交通的迫切要求，是服务党和国家事业发展大局、经济社会发展全局的迫切要求，是推动交通运输高质量发展、加快建设交通强国、当好中国现代化开路先锋的迫切要求。,责任/利益
你是一位道德判断模型。根据给出的有关环境报道的新闻文本，请判断其倾向于以下哪一个维度：责任/利益、实用/理想、创新/守旧、非道德。你的回答必须只包含其中的一个维度。,要承担好第一责任人责任，敢于直面问题、较真碰硬，真正把环保责任抓在手上、扛在肩上、落在实处,责任/利益
你是一位道德判断模型。根据给出的有关环境报道的新闻文本，请判断其倾向于以下哪一个维度：责任/利益、实用/理想、创新/守旧、非道德。你的回答必须只包含其中的一个维度。,"Tor Stendahl has held various leadership and sales roles throughout his 25-year career at BASF, and most recently led the build-up of BASF's pCAM plant in Harjavalta, Finland.",责任/利益
你是一位道德判断模型。根据给出的有关环境报道的新闻文本，请判断其倾向于以下哪一个维度：责任/利益、实用/理想、创新/守旧、非道德。你的回答必须只包含其中的一个维度。,完成了三项战略任务并发布了执行摘要，这些任务将为大学的关键优先事项提供战略思考。这些小组的工作将告知和指导校长和高级领导人在考虑未来行动时。,责任/利益
你是一位道德判断模型。根据给出的有关环境报道的新闻文本，请判断其倾向于以下哪一个维度：责任/利益、实用/理想、创新/守旧、非道德。你的回答必须只包含其中的一个维度。,朗坤智慧将切实担负责任与使命，坚定不移跟党走，踔厉奋发向未来。公司将坚持核心技术自主可控，既脚踏实地也仰望星空，秉承“技术平台 + 智慧化应用 + 数字化服务 + 创新模式 + 共赢生态”的五维发展理念，通过打造典型应用场景示范，推动行业标准体系建设，搭建多方合作平台，形成更多可复制、可推广的融合应用，赋能制造业高质量发展，为数字经济发展做出新贡献,责任/利益
你是一位道德判断模型。根据给出的有关环境报道的新闻文本，请判断其倾向于以下哪一个维度：责任/利益、实用/理想、创新/守旧、非道德。你的回答必须只包含其中的一个维度。,"Mayor of the Riyadh Region Prince Faisal Bin Abdulaziz Bin Ayyaf announced that Remat Al-Riyadh Development Company — the developmental arm of Riyadh Region Municipality — has offered the most significant investment opportunity of its kind in the region to invest in outdoor advertising in Riyadh city, in partnership with the private sector.",非道德
你是一位道德判断模型。根据给出的有关环境报道的新闻文本，请判断其倾向于以下哪一个维度：责任/利益、实用/理想、创新/守旧、非道德。你的回答必须只包含其中的一个维度。,Jeff Bezos、Bill Gates和Peter Thiel是追求已故物理学家Stephen Hawking称之为人类最具潜力技术的亿万富翁之一。,非道德
你是一位道德判断模型。根据给出的有关环境报道的新闻文本，请判断其倾向于以下哪一个维度：责任/利益、实用/理想、创新/守旧、非道德。你的回答必须只包含其中的一个维度。,在“双碳”目标下，环保不止是一句口号，每一个微小的举措，都是迈向绿色生活的一小步。在今年地球日之际，每日黑巧也倡导消费者一起参与进来，#持续一小步#，为地球低碳生活。,责任/利益
你是一位道德判断模型。根据给出的有关环境报道的新闻文本，请判断其倾向于以下哪一个维度：责任/利益、实用/理想、创新/守旧、非道德。你的回答必须只包含其中的一个维度。,农行始终坚守服务“三农”战略定位，持续加强对“三农”重点领域的金融支持。全行“三农”领域贷款余额从 2012 年末的 2 万亿元，跃升至今年 11 月末的 7.25 万亿元。,责任/利益
你是一位道德判断模型。根据给出的有关环境报道的新闻文本，请判断其倾向于以下哪一个维度：责任/利益、实用/理想、创新/守旧、非道德。你的回答必须只包含其中的一个维度。,Forbes Business Council成员，全球供应链解决方案领导者，拥有近30年合同物流和供应链解决方案经验,实用/理想
你是一位道德判断模型。根据给出的有关环境报道的新闻文本，请判断其倾向于以下哪一个维度：责任/利益、实用/理想、创新/守旧、非道德。你的回答必须只包含其中的一个维度。,在内蒙古代表团参加审议时，习近平总书记谈到了'双碳'目标，强调要先立后破，把握好时度效，稳扎稳打，有序推进碳达峰碳中和工作。,责任/利益
你是一位道德判断模型。根据给出的有关环境报道的新闻文本，请判断其倾向于以下哪一个维度：责任/利益、实用/理想、创新/守旧、非道德。你的回答必须只包含其中的一个维度。,美国独立能源专家 Matthew Wald 表示，这一计划强调了可再生能源需要更多的输电线路，因为它们通常需要建在远离城市的地方，而煤炭或天然气发电厂的燃料可以运输。,实用/理想
你是一位道德判断模型。根据给出的有关环境报道的新闻文本，请判断其倾向于以下哪一个维度：责任/利益、实用/理想、创新/守旧、非道德。你的回答必须只包含其中的一个维度。,相关人员落实完善的措施，引进各项新型的节能建筑设备，避免由于浪费诸多资源而导致自然环境受到破坏,责任/利益
你是一位道德判断模型。根据给出的有关环境报道的新闻文本，请判断其倾向于以下哪一个维度：责任/利益、实用/理想、创新/守旧、非道德。你的回答必须只包含其中的一个维度。,西伯利亚的一加工厂此前遭遇火灾。,非道德
你是一位道德判断模型。根据给出的有关环境报道的新闻文本，请判断其倾向于以下哪一个维度：责任/利益、实用/理想、创新/守旧、非道德。你的回答必须只包含其中的一个维度。,法国电力积极迎合绿色低碳发展的国际形势，逐步推进碳减排工作，确保按时完成碳中和承诺。,责任/利益
你是一位道德判断模型。根据给出的有关环境报道的新闻文本，请判断其倾向于以下哪一个维度：责任/利益、实用/理想、创新/守旧、非道德。你的回答必须只包含其中的一个维度。,"Hometree, a residential energy services provider, is tapping an arm of the insurance giant Legal & General for fresh funding after sealing the purchase of a green home improvement platform.",非道德
你是一位道德判断模型。根据给出的有关环境报道的新闻文本，请判断其倾向于以下哪一个维度：责任/利益、实用/理想、创新/守旧、非道德。你的回答必须只包含其中的一个维度。,英国道路部长理查德·霍尔登表示，英国在技术和创新方面是世界领导者，我们必须利用这种实力推动脱碳和与之并行的下一代高科技就业机会。,创新/守旧
你是一位道德判断模型。根据给出的有关环境报道的新闻文本，请判断其倾向于以下哪一个维度：责任/利益、实用/理想、创新/守旧、非道德。你的回答必须只包含其中的一个维度。,校园欺凌的消极影响是暂时的、短期的，不会持续至成年期,非道德
你是一位道德判断模型。根据给出的有关环境报道的新闻文本，请判断其倾向于以下哪一个维度：责任/利益、实用/理想、创新/守旧、非道德。你的回答必须只包含其中的一个维度。,"AVEVA’s objective is to build momentum and spur rapid action around decarbonization ahead of COP26, where governments must strengthen their contributions to the Paris Agreement. AVEVA has already joined a number of corporate sustainability initiatives to date that bring together companies to work on climate challenges collectively, including BSR and the UN Global Compact.",责任/利益
你是一位道德判断模型。根据给出的有关环境报道的新闻文本，请判断其倾向于以下哪一个维度：责任/利益、实用/理想、创新/守旧、非道德。你的回答必须只包含其中的一个维度。,调查显示，英国养老金基金计划将更多的资金投入到影响投资中，这些投资主要关注积极的社会或环境成果以及财务回报。,责任/利益
你是一位道德判断模型。根据给出的有关环境报道的新闻文本，请判断其倾向于以下哪一个维度：责任/利益、实用/理想、创新/守旧、非道德。你的回答必须只包含其中的一个维度。,2021 年，中国移动着力布局 9 大行业创新平台，携手行业伙伴打造 200 个 5G 龙头示范标杆，累计拓展超过 6400 个 5G 商用案例,创新/守旧
你是一位道德判断模型。根据给出的有关环境报道的新闻文本，请判断其倾向于以下哪一个维度：责任/利益、实用/理想、创新/守旧、非道德。你的回答必须只包含其中的一个维度。,史蒂文·汤普森教授是苏格兰 Rural College 的教授，世界著名的碳减排专家。,非道德
你是一位道德判断模型。根据给出的有关环境报道的新闻文本，请判断其倾向于以下哪一个维度：责任/利益、实用/理想、创新/守旧、非道德。你的回答必须只包含其中的一个维度。,中药板块迎来大爆发，陇神戎发 20cm，广誉远，同仁堂等纷纷暴涨。中药近期刺激点在同仁堂发布的提价，安宫牛黄丸 (3g1 丸/盒) 的销售价格从 780 元提至 860 元，价格涨幅约为 10%。,非道德
你是一位道德判断模型。根据给出的有关环境报道的新闻文本，请判断其倾向于以下哪一个维度：责任/利益、实用/理想、创新/守旧、非道德。你的回答必须只包含其中的一个维度。,金山办公高级副总裁毕晓存以‘我与金山共成长’为主题发表演讲，分享了她在金山办公的成长经历和所取得的成就。,责任/利益
你是一位道德判断模型。根据给出的有关环境报道的新闻文本，请判断其倾向于以下哪一个维度：责任/利益、实用/理想、创新/守旧、非道德。你的回答必须只包含其中的一个维度。,会议强调，各级要切实增强做好防汛工作的责任感、紧迫感，把黄河防汛工作摆上突出位置，认真履行工程巡查、防洪调度、工程抢险等职责，严格落实黄河防洪预案，加强监测预报预警，强化黄河防汛备汛措施，切实做好调水调沙工作，确保黄河安全度汛。,责任/利益
你是一位道德判断模型。根据给出的有关环境报道的新闻文本，请判断其倾向于以下哪一个维度：责任/利益、实用/理想、创新/守旧、非道德。你的回答必须只包含其中的一个维度。,该协会呼吁政府加大力度支持加油站零售商，因为首相宣布了一系列环保倡议，包括从 2030 年起禁止销售汽油和柴油汽车。,责任/利益
你是一位道德判断模型。根据给出的有关环境报道的新闻文本，请判断其倾向于以下哪一个维度：责任/利益、实用/理想、创新/守旧、非道德。你的回答必须只包含其中的一个维度。,该公司发布了新的2023年人力资源管理报告，详细介绍了其在人才管理和全球电力技术领导者的整体成功和可持续性方面发挥的关键作用。,非道德
你是一位道德判断模型。根据给出的有关环境报道的新闻文本，请判断其倾向于以下哪一个维度：责任/利益、实用/理想、创新/守旧、非道德。你的回答必须只包含其中的一个维度。,努力提升安全防范能力，坚决维护政治、经济、社会、科技等重点领域、重点地区、重点方向国家安全。,责任/利益
你是一位道德判断模型。根据给出的有关环境报道的新闻文本，请判断其倾向于以下哪一个维度：责任/利益、实用/理想、创新/守旧、非道德。你的回答必须只包含其中的一个维度。,一群投资者写信给英国四大审计公司，敦促他们在公司财务报表中忽视全球向 1.5°C 路径的转变。,责任/利益
你是一位道德判断模型。根据给出的有关环境报道的新闻文本，请判断其倾向于以下哪一个维度：责任/利益、实用/理想、创新/守旧、非道德。你的回答必须只包含其中的一个维度。,LG Chem today proposed to license out its high-nickel cathode material patent to China-based cathode material suppliers.,非道德
你是一位道德判断模型。根据给出的有关环境报道的新闻文本，请判断其倾向于以下哪一个维度：责任/利益、实用/理想、创新/守旧、非道德。你的回答必须只包含其中的一个维度。,通过发放宣传资料和现场讲解的方式，向广大电力客户广泛宣传节能降碳和绿色发展理念、节能增效和'碳达峰、碳中和'要求和政策，详细讲解节能减排、绿色能源、安全电力、电能替代等知识，宣传简约适度、节能环保、文明健康的生活理念和生活方式，呼吁员工群众从自身做起、从身边小事做起，树立低碳环保意识，养成节能习惯。,责任/利益
你是一位道德判断模型。根据给出的有关环境报道的新闻文本，请判断其倾向于以下哪一个维度：责任/利益、实用/理想、创新/守旧、非道德。你的回答必须只包含其中的一个维度。,未来矿产供应是否通过重新审批现有储备或通过确保新的和替代储备来满足，未来20年所需的工作量将是空前的。,非道德
你是一位道德判断模型。根据给出的有关环境报道的新闻文本，请判断其倾向于以下哪一个维度：责任/利益、实用/理想、创新/守旧、非道德。你的回答必须只包含其中的一个维度。,联合 14 个部门印发了《关于加快新型建筑工业化发展的实施意见》，推动新型建筑工业化的发展。,责任/利益
你是一位道德判断模型。根据给出的有关环境报道的新闻文本，请判断其倾向于以下哪一个维度：责任/利益、实用/理想、创新/守旧、非道德。你的回答必须只包含其中的一个维度。,"奋进'十四五',迈向新征程。'十四五'期间，是我国深入推进生态文明建设的关键期，也是以生态环境高水平保护促进经济高质量发展的攻坚期、持续打好污染防治攻坚战的窗口期，以及实现碳中和宏伟目标和美丽中国建设目标的重要时期。为响应'十四五'规划的号召，制药行业需要深入贯彻绿色生产、节能环保的理念，实现行业的可持续发展。",责任/利益
你是一位道德判断模型。根据给出的有关环境报道的新闻文本，请判断其倾向于以下哪一个维度：责任/利益、实用/理想、创新/守旧、非道德。你的回答必须只包含其中的一个维度。,中央企业净利润、利润总额要高于国民经济增速；营业收入利润率、研发投入强度、全劳动生产率要明显增长；资产负债率要保持稳健可控。今年要积极参与'两新一重'建设，抢抓高回报率、高附加值、高技术含量的订单项目，不断发掘培育新的经济增长点，稳妥有序地开展国际化经营，在基础设施建设、能源资源开发、装备制造等领域开展更高水平的对外合作。要继续加强中央企业债务、资金、金融等重点领域的风险管控，着力提升风险识别、预警和应对能力，提前介入处置，将风险消灭在'萌芽'状态。在混改方面，混改升级要在'改'字上进一步下功夫，要转换经营机制，建立现代企业制度、落实董事会职权、经理人任期制契约化、三项制度改革等。'十四五'期间，将引导企业进一步把握新一轮科技革命和产业变革的机遇，聚焦有基础、有特色、有优势的新兴产业重点领域，大力发展数字经济、平台经济、共享经济，加快培育发展新动能。,责任/利益
你是一位道德判断模型。根据给出的有关环境报道的新闻文本，请判断其倾向于以下哪一个维度：责任/利益、实用/理想、创新/守旧、非道德。你的回答必须只包含其中的一个维度。,"The partnership is in line with the Enel Group’s commitment to boosting the development of electric mobility, which is a key element in the energy transition of smart cities.",责任/利益
你是一位道德判断模型。根据给出的有关环境报道的新闻文本，请判断其倾向于以下哪一个维度：责任/利益、实用/理想、创新/守旧、非道德。你的回答必须只包含其中的一个维度。,另一方面，每日黑巧所使用的可可豆均通过 FLOCERT 组织的公平贸易认证，100% 遵循公平贸易的原则，以更加合理的价格直接从可可种植户手中购买可可豆，从源头上确保每日黑巧可可豆的高品质、可追溯。,责任/利益
你是一位道德判断模型。根据给出的有关环境报道的新闻文本，请判断其倾向于以下哪一个维度：责任/利益、实用/理想、创新/守旧、非道德。你的回答必须只包含其中的一个维度。,牢牢把握正确方向，坚持信念不动摇、力度不降低，汇聚起应对气候变化的广泛共识和强大合力。,责任/利益
你是一位道德判断模型。根据给出的有关环境报道的新闻文本，请判断其倾向于以下哪一个维度：责任/利益、实用/理想、创新/守旧、非道德。你的回答必须只包含其中的一个维度。,英国政府的绿色工业革命十点计划将Baxi Heating定位为实现英国气候目标的核心，即实现供暖转型。,责任/利益
你是一位道德判断模型。根据给出的有关环境报道的新闻文本，请判断其倾向于以下哪一个维度：责任/利益、实用/理想、创新/守旧、非道德。你的回答必须只包含其中的一个维度。,美国总统乔·拜登今年早些时候发布了一项行政命令，旨在要求公司披露与气候相关的财务风险。,非道德
你是一位道德判断模型。根据给出的有关环境报道的新闻文本，请判断其倾向于以下哪一个维度：责任/利益、实用/理想、创新/守旧、非道德。你的回答必须只包含其中的一个维度。,探索实施由政府引领、企业主导、公众联动的海洋塑料污染治理‘蓝色循环’项目，实现海洋生态环境治理的可持续,责任/利益
你是一位道德判断模型。根据给出的有关环境报道的新闻文本，请判断其倾向于以下哪一个维度：责任/利益、实用/理想、创新/守旧、非道德。你的回答必须只包含其中的一个维度。,"Enel X, the Enel Group’s advanced energy solutions business line, will leverage its technological know-how and e-mobility experience to promote the adoption of EV charging infrastructure in India.",实用/理想
你是一位道德判断模型。根据给出的有关环境报道的新闻文本，请判断其倾向于以下哪一个维度：责任/利益、实用/理想、创新/守旧、非道德。你的回答必须只包含其中的一个维度。,《意见》对于各级人民法院依法妥善审理涉碳这一新领域的各类案件具有重要的指导作用，对于助力推进碳达峰碳中和具有重要意义。,责任/利益
你是一位道德判断模型。根据给出的有关环境报道的新闻文本，请判断其倾向于以下哪一个维度：责任/利益、实用/理想、创新/守旧、非道德。你的回答必须只包含其中的一个维度。,发布《关于新时代推动中部地区高质量发展的指导意见》，要坚持走绿色低碳发展新路，加强能源资源的节约集约利用，加强生态建设和治理，实现中部绿色崛起。,责任/利益
你是一位道德判断模型。根据给出的有关环境报道的新闻文本，请判断其倾向于以下哪一个维度：责任/利益、实用/理想、创新/守旧、非道德。你的回答必须只包含其中的一个维度。,督察结果将纳入区县经济社会发展业绩考核、有关市级党政机关目标管理绩效考核体系，对敷衍整改、表面整改、虚假整改和‘一刀切’等形式主义、官僚主义问题，依纪依法严肃精准有效问责。,责任/利益
你是一位道德判断模型。根据给出的有关环境报道的新闻文本，请判断其倾向于以下哪一个维度：责任/利益、实用/理想、创新/守旧、非道德。你的回答必须只包含其中的一个维度。,该数据中心将把浸泡冷却技术推向新的高度，并将为利用可再生能源进行数据处理树立新标准。BitFury 正引领该领域创新，设立新的数据中心并与我们的全球合作伙伴携手合作推进这一重要工作让我们引以为傲,创新/守旧
你是一位道德判断模型。根据给出的有关环境报道的新闻文本，请判断其倾向于以下哪一个维度：责任/利益、实用/理想、创新/守旧、非道德。你的回答必须只包含其中的一个维度。,要突出协力协同，以更强担当推动落实落地。当前已进入决战决胜的冲刺阶段，要狠抓责任落实，各县（市）区（园区）、党政“一把手”、各企业要不折不扣把各项任务措施落实到位；要加强统筹联动，市生环办要发挥牵头抓总作用，各相关部门要靠前站位、主动担当，合力构建上下贯通、左右协同、内外联动的工作格局；要从严督导考核，不断完善生态环保考评体系，用好表扬和批评“双通报”机制，形成激励约束并举的鲜明导向。,责任/利益
你是一位道德判断模型。根据给出的有关环境报道的新闻文本，请判断其倾向于以下哪一个维度：责任/利益、实用/理想、创新/守旧、非道德。你的回答必须只包含其中的一个维度。,加快推进能源资源利用效率提升，持续强化能源的“双控”，深化工业、建筑、交通运输等重要领域的节能建设，大力实施节能低碳技术改造，加强能效对标达标,责任/利益
你是一位道德判断模型。根据给出的有关环境报道的新闻文本，请判断其倾向于以下哪一个维度：责任/利益、实用/理想、创新/守旧、非道德。你的回答必须只包含其中的一个维度。,共同支持《巴黎协定》，牢牢把握应对气候变化的大方向；遵循共同但有区别的责任原则，提升应对环境挑战的行动力；大力倡导绿色低碳的生产生活方式，从绿色发展中寻找发展的新机遇。,责任/利益
你是一位道德判断模型。根据给出的有关环境报道的新闻文本，请判断其倾向于以下哪一个维度：责任/利益、实用/理想、创新/守旧、非道德。你的回答必须只包含其中的一个维度。,促进人与自然和谐共生是中国式现代化的主要特征之一，也是中国对世界作出的庄严承诺。中国已宣布力争 2030 年前实现碳达峰、2060 年前实现碳中和的目标，并为此制定了路线图、行动计划和具体举措。,责任/利益
你是一位道德判断模型。根据给出的有关环境报道的新闻文本，请判断其倾向于以下哪一个维度：责任/利益、实用/理想、创新/守旧、非道德。你的回答必须只包含其中的一个维度。,今日上证综指下跌 2.34%。,非道德
你是一位道德判断模型。根据给出的有关环境报道的新闻文本，请判断其倾向于以下哪一个维度：责任/利益、实用/理想、创新/守旧、非道德。你的回答必须只包含其中的一个维度。,Palsgaard发布了2015年度的CSR报告，其中包括其主要生产设施实现二氧化碳中和的成果。2015年对于食品配料制造商Palsgaard来说，既是庆祝的一年，因为健康的财务表现和实现全球零碳足迹之旅的实质性部分。Palsgaard的2015年CSR报告突显了公司在可持续性驱动方面的最新成就：位于丹麦的最大工厂成为二氧化碳中性，这是Palsgaard在全球范围内实现零碳足迹目标的第一步。,实用/理想
你是一位道德判断模型。根据给出的有关环境报道的新闻文本，请判断其倾向于以下哪一个维度：责任/利益、实用/理想、创新/守旧、非道德。你的回答必须只包含其中的一个维度。,'十四五'作为实现碳达峰与碳中和的关键期与窗口期，还要为经济社会系统性的变革完善机制谋划布局。,责任/利益
你是一位道德判断模型。根据给出的有关环境报道的新闻文本，请判断其倾向于以下哪一个维度：责任/利益、实用/理想、创新/守旧、非道德。你的回答必须只包含其中的一个维度。,以党的二十大精神为指导，认真履行自然资源‘两统一’职责，优化国土空间布局，落实最严格的耕地保护制度，强化自然资源要素保障，用奋斗创造新业绩，用实干开启未来,责任/利益
你是一位道德判断模型。根据给出的有关环境报道的新闻文本，请判断其倾向于以下哪一个维度：责任/利益、实用/理想、创新/守旧、非道德。你的回答必须只包含其中的一个维度。,广大建筑业企业和工程建设者要再接再厉，以更高的标准、更严的要求，努力建设更多品质卓越、技术先进、节能环保的优质工程。,责任/利益
你是一位道德判断模型。根据给出的有关环境报道的新闻文本，请判断其倾向于以下哪一个维度：责任/利益、实用/理想、创新/守旧、非道德。你的回答必须只包含其中的一个维度。,交通运输部国际合作司副司长李冠玉表示，航运业的高质量、可持续发展需要全球通力合作。他指出，在发展绿色航运方面，中国政府高度重视航运业的减排问题，提出明确的碳达峰碳中和目标，并采取具体措施积极推进航运高质量发展,责任/利益
你是一位道德判断模型。根据给出的有关环境报道的新闻文本，请判断其倾向于以下哪一个维度：责任/利益、实用/理想、创新/守旧、非道德。你的回答必须只包含其中的一个维度。,该银行是华尔街六大银行之一，在周三发布的一项联合研究中，被发现在其对利益相关者的ESG承诺方面未能达到关键支柱。,责任/利益
你是一位道德判断模型。根据给出的有关环境报道的新闻文本，请判断其倾向于以下哪一个维度：责任/利益、实用/理想、创新/守旧、非道德。你的回答必须只包含其中的一个维度。,因自愿实施紧急救助行为造成受助人损害的，救助人不承担民事责任,实用/理想
你是一位道德判断模型。根据给出的有关环境报道的新闻文本，请判断其倾向于以下哪一个维度：责任/利益、实用/理想、创新/守旧、非道德。你的回答必须只包含其中的一个维度。,一些自行车行业最大的品牌的老板，包括Brompton Bicycle的Will Butler-Adams，Rapha的Simon Mottram和Specialized的Mike Sinyard，与其他公司的CEO一起呼吁业内同仁采取行动应对气候变化。,责任/利益
你是一位道德判断模型。根据给出的有关环境报道的新闻文本，请判断其倾向于以下哪一个维度：责任/利益、实用/理想、创新/守旧、非道德。你的回答必须只包含其中的一个维度。,工业和信息化部总工程师韩夏透露，今年以来，App“弹窗信息关不掉”等问题基本清零，工作取得阶段性进展。,责任/利益
你是一位道德判断模型。根据给出的有关环境报道的新闻文本，请判断其倾向于以下哪一个维度：责任/利益、实用/理想、创新/守旧、非道德。你的回答必须只包含其中的一个维度。,要努力做好金融支持科技创新、绿色发展、乡村振兴等工作，实现金融与实体经济良性循环。要统筹好发展和安全两件大事，稳妥处置重点领域和重点机构风险，牢牢守住不发生系统性金融风险底线。要深入推进金融体制改革，健全金融机构公司治理，完善现代金融监管体系。,责任/利益
你是一位道德判断模型。根据给出的有关环境报道的新闻文本，请判断其倾向于以下哪一个维度：责任/利益、实用/理想、创新/守旧、非道德。你的回答必须只包含其中的一个维度。,360 借条在父亲节期间发起了‘父爱守护计划’，为新发地全部小微商户提供最高 20 万额度、最长免息 30 天优惠活动，解决了资金周转难题，能够继续为人们餐桌提供丰富食材。,责任/利益
你是一位道德判断模型。根据给出的有关环境报道的新闻文本，请判断其倾向于以下哪一个维度：责任/利益、实用/理想、创新/守旧、非道德。你的回答必须只包含其中的一个维度。,Wylde Connections 的客户和合作伙伴之一，与该公司合作以实现更可持续的业务发展。,责任/利益
你是一位道德判断模型。根据给出的有关环境报道的新闻文本，请判断其倾向于以下哪一个维度：责任/利益、实用/理想、创新/守旧、非道德。你的回答必须只包含其中的一个维度。,Enbridge首席执行官Al Monaco在接受路透社采访时表示，较小的项目在加拿大更容易管理。全球对LNG的需求现在比过去更明确，我们得到了第二次机会，我希望我们这次不会搞砸。我们得马上行动。,非道德
你是一位道德判断模型。根据给出的有关环境报道的新闻文本，请判断其倾向于以下哪一个维度：责任/利益、实用/理想、创新/守旧、非道德。你的回答必须只包含其中的一个维度。,该数据中心将把浸泡冷却技术推向新的高度并将为利用可再生能源进行数据处理树立新标准。BitFury 正引领该领域创新，设立新的数据中心并与我们的全球合作伙伴携手合作推进这一重要工作让我们引以为傲,创新/守旧
你是一位道德判断模型。根据给出的有关环境报道的新闻文本，请判断其倾向于以下哪一个维度：责任/利益、实用/理想、创新/守旧、非道德。你的回答必须只包含其中的一个维度。,我们一直在制定一个自愿的电子显眼性标准，以提高飞机的显眼性，防止空中碰撞，确保我们的天空安全。,实用/理想
你是一位道德判断模型。根据给出的有关环境报道的新闻文本，请判断其倾向于以下哪一个维度：责任/利益、实用/理想、创新/守旧、非道德。你的回答必须只包含其中的一个维度。,TRSDC的CEO John Pagano表示，TRSDC的电池储能设施规模和尺寸使这个标志性再生旅游目的地成为全球向碳中和转型的前沿。风能和太阳能发电能力将在不到五年内超过煤炭和天然气，我们渴望加快变革的步伐。,创新/守旧
你是一位道德判断模型。根据给出的有关环境报道的新闻文本，请判断其倾向于以下哪一个维度：责任/利益、实用/理想、创新/守旧、非道德。你的回答必须只包含其中的一个维度。,形成崇尚节约、合理用能的社会风尚，是开展‘全国低碳日’的出发点和落脚点,责任/利益
你是一位道德判断模型。根据给出的有关环境报道的新闻文本，请判断其倾向于以下哪一个维度：责任/利益、实用/理想、创新/守旧、非道德。你的回答必须只包含其中的一个维度。,苏格兰政府正在支持苏格兰的供暖网络部署，以帮助实现应对气候变化的目标。这个项目的效率还可以帮助降低家庭账单。这个项目特别重要，因为它不仅帮助当地居民享受更高效的供暖，还鼓励当地企业迁至该地区，并迁至EastWorks等地。,实用/理想
你是一位道德判断模型。根据给出的有关环境报道的新闻文本，请判断其倾向于以下哪一个维度：责任/利益、实用/理想、创新/守旧、非道德。你的回答必须只包含其中的一个维度。,位于山西大同的“熊猫光伏电站”，装机规模 50 兆瓦，25 年内可提供 18 亿千瓦时的绿色电力，相当于节约煤炭 61 万吨、减少二氧化碳排放 134 万吨。,实用/理想
你是一位道德判断模型。根据给出的有关环境报道的新闻文本，请判断其倾向于以下哪一个维度：责任/利益、实用/理想、创新/守旧、非道德。你的回答必须只包含其中的一个维度。,目前美国，加拿大，泰国，澳大利亚，及欧盟多个国家等在光伏系统的安装法规上对屋顶分布式电站存在强制或者建议安装组件级快速关断系统的要求。,责任/利益
你是一位道德判断模型。根据给出的有关环境报道的新闻文本，请判断其倾向于以下哪一个维度：责任/利益、实用/理想、创新/守旧、非道德。你的回答必须只包含其中的一个维度。,该数据中心将把浸泡冷却技术推向新的高度并将为利用可再生能源进行数据处理树立新标准。BitFury 正引领该领域创新，设立新的数据中心并与我们的全球合作伙伴携手合作推进这一重要工作让我们引以为傲,创新/守旧
你是一位道德判断模型。根据给出的有关环境报道的新闻文本，请判断其倾向于以下哪一个维度：责任/利益、实用/理想、创新/守旧、非道德。你的回答必须只包含其中的一个维度。,"Next year marks the year of regulatory reckoning and auditability of carbon data. Businesses will have no choice but to comply with climate regulations in 2023 (TCFD framework, SFDR, and EU taxonomy).",责任/利益
你是一位道德判断模型。根据给出的有关环境报道的新闻文本，请判断其倾向于以下哪一个维度：责任/利益、实用/理想、创新/守旧、非道德。你的回答必须只包含其中的一个维度。,党的十八大以来，以习近平同志为核心的党中央把生态文明建设作为关系中华民族永续发展的根本大计，开展了一系列开创性工作，决心之大、力度之大、成效之大前所未有，生态文明建设的成就举世瞩目，成为新时代党和国家事业取得历史性成就、发生历史性变革的显著标志。新时代新征程，要深入学习贯彻习近平生态文明思想，把建设美丽中国摆在强国建设、民族复兴的突出位置，以高品质生态环境支撑高质量发展，加快推进人与自然和谐共生的现代化。,责任/利益
你是一位道德判断模型。根据给出的有关环境报道的新闻文本，请判断其倾向于以下哪一个维度：责任/利益、实用/理想、创新/守旧、非道德。你的回答必须只包含其中的一个维度。,为达成应对气候变化《巴黎协定》作出重要贡献，并将以新发展理念为引领，为全球应对气候变化作出更大贡献。,责任/利益
你是一位道德判断模型。根据给出的有关环境报道的新闻文本，请判断其倾向于以下哪一个维度：责任/利益、实用/理想、创新/守旧、非道德。你的回答必须只包含其中的一个维度。,希思罗机场首席执行官John Holland-Kaye也认为这是'历史性的时刻'，但他说，要实现可持续航空燃料（SAF）的大规模应用，我们需要政府的强制性和价格激励。,实用/理想
你是一位道德判断模型。根据给出的有关环境报道的新闻文本，请判断其倾向于以下哪一个维度：责任/利益、实用/理想、创新/守旧、非道德。你的回答必须只包含其中的一个维度。,作为中国共产党党员，魏建军始终牢记党的初心使命，自 1990 年以来，以过人的行业前瞻智慧和创新魄力，带领长城汽车从一个地方乡镇企业逐步发展成跨国汽车集团，实现跨越式发展。,责任/利益
你是一位道德判断模型。根据给出的有关环境报道的新闻文本，请判断其倾向于以下哪一个维度：责任/利益、实用/理想、创新/守旧、非道德。你的回答必须只包含其中的一个维度。,作为中国移动在闽东南最大的数据机房，福建厦门数据中心从建设之初就将能耗控制和节能增效作为重要前提，采用了一系列节能减排措施，包括购买可再生能源电力、采用综合节能技术改造制冷系统、选用能效等级较低的动力及制冷设备、构建水资源回收再利用系统等，预计 2021 年可节约用电约 366 万千瓦时、节约用水约 2000 吨。,责任/利益
你是一位道德判断模型。根据给出的有关环境报道的新闻文本，请判断其倾向于以下哪一个维度：责任/利益、实用/理想、创新/守旧、非道德。你的回答必须只包含其中的一个维度。,作为 Corporate Electric Vehicle Alliance 的成员，DHL 将推动电动汽车市场的发展。,责任/利益
你是一位道德判断模型。根据给出的有关环境报道的新闻文本，请判断其倾向于以下哪一个维度：责任/利益、实用/理想、创新/守旧、非道德。你的回答必须只包含其中的一个维度。,在武汉科技大学耐火材料与冶金国家重点实验室，王忠林认真听取碳中和相关技术项目介绍，对其重大经济和生态效益前景给予高度评价；在钒资源高效利用省协同创新中心，详细了解钒储能研究与运用情况，要求相关部门加大支持力度，加快推动更多碳科技成果产业化。,责任/利益
你是一位道德判断模型。根据给出的有关环境报道的新闻文本，请判断其倾向于以下哪一个维度：责任/利益、实用/理想、创新/守旧、非道德。你的回答必须只包含其中的一个维度。,全面实行排污许可制，落实生态保护地区排污权有偿使用和交易，加快建设全国用能权、碳排放权交易市场，健全以国家温室气体自愿减排交易机制为基础的碳排放权抵消机制，将具有生态、社会等多种效益的林业、可再生能源、甲烷利用等领域温室气体自愿减排项目纳入全国碳排放权交易市场等改革举措，将持续走向深入。,责任/利益
你是一位道德判断模型。根据给出的有关环境报道的新闻文本，请判断其倾向于以下哪一个维度：责任/利益、实用/理想、创新/守旧、非道德。你的回答必须只包含其中的一个维度。,中国深入贯彻习近平生态文明思想，在成功续写经济快速发展和社会长期稳定两大奇迹新篇章的同时，创造了举世瞩目的生态奇迹和绿色发展奇迹。,责任/利益
你是一位道德判断模型。根据给出的有关环境报道的新闻文本，请判断其倾向于以下哪一个维度：责任/利益、实用/理想、创新/守旧、非道德。你的回答必须只包含其中的一个维度。,该案在具备司法购碳条件的前提下，探索出一条环资公益诉讼案件的胜诉权保障新路径。,创新/守旧
你是一位道德判断模型。根据给出的有关环境报道的新闻文本，请判断其倾向于以下哪一个维度：责任/利益、实用/理想、创新/守旧、非道德。你的回答必须只包含其中的一个维度。,世界能源供应，虽然它一直是“一股善良的力量”，并且是可靠和负担得起的，但需要更加可持续。沙特阿拉伯在 G20 总统期间提倡的循环碳经济概念,责任/利益
你是一位道德判断模型。根据给出的有关环境报道的新闻文本，请判断其倾向于以下哪一个维度：责任/利益、实用/理想、创新/守旧、非道德。你的回答必须只包含其中的一个维度。,在全省率先落实横向补偿机制，完成 9 个跨市断面 29 个横向补偿协议的签订并正式执行。,责任/利益
你是一位道德判断模型。根据给出的有关环境报道的新闻文本，请判断其倾向于以下哪一个维度：责任/利益、实用/理想、创新/守旧、非道德。你的回答必须只包含其中的一个维度。,在福建、江西、贵州和海南四省开展试验区建设，开展生态文明体制改革的综合性试验，为完善生态文明制度体系探索路径，为建设天蓝、水清、土净、地绿的美丽中国积累经验。,责任/利益
你是一位道德判断模型。根据给出的有关环境报道的新闻文本，请判断其倾向于以下哪一个维度：责任/利益、实用/理想、创新/守旧、非道德。你的回答必须只包含其中的一个维度。,发挥市场机制作用，加快推进多元化补偿，是深化生态保护补偿制度改革的重点,责任/利益
你是一位道德判断模型。根据给出的有关环境报道的新闻文本，请判断其倾向于以下哪一个维度：责任/利益、实用/理想、创新/守旧、非道德。你的回答必须只包含其中的一个维度。,李强也提及，要全力抓好农业农村工作，保障粮食和重要农产品稳定安全供给；持续改善生态环境质量，积极稳妥推进碳达峰碳中和。,责任/利益
你是一位道德判断模型。根据给出的有关环境报道的新闻文本，请判断其倾向于以下哪一个维度：责任/利益、实用/理想、创新/守旧、非道德。你的回答必须只包含其中的一个维度。,美国财政部长Janet Yellen将气候变化描述为'既是巨大的金融挑战，也是我们这个时代的最大经济机遇'。,非道德
你是一位道德判断模型。根据给出的有关环境报道的新闻文本，请判断其倾向于以下哪一个维度：责任/利益、实用/理想、创新/守旧、非道德。你的回答必须只包含其中的一个维度。,实现‘双碳’目标是推动高质量发展的必由之路。中国已经从高速增长阶段转向高质量发展阶段。要走生态优先、绿色低碳的高质量发展道路。,责任/利益
你是一位道德判断模型。根据给出的有关环境报道的新闻文本，请判断其倾向于以下哪一个维度：责任/利益、实用/理想、创新/守旧、非道德。你的回答必须只包含其中的一个维度。,垃圾分类达人李姣现场讲解垃圾分类知识和应用技巧,责任/利益
你是一位道德判断模型。根据给出的有关环境报道的新闻文本，请判断其倾向于以下哪一个维度：责任/利益、实用/理想、创新/守旧、非道德。你的回答必须只包含其中的一个维度。,英国最大的零售商之一，其董事长将出席今天的会议，以显示工党已经准备好执政,非道德
你是一位道德判断模型。根据给出的有关环境报道的新闻文本，请判断其倾向于以下哪一个维度：责任/利益、实用/理想、创新/守旧、非道德。你的回答必须只包含其中的一个维度。,根据 Ocorian 发布的资本市场报告，74% 的受访者认为政府将继续救助国家航空公司，尽管国家救助引发争议,非道德
你是一位道德判断模型。根据给出的有关环境报道的新闻文本，请判断其倾向于以下哪一个维度：责任/利益、实用/理想、创新/守旧、非道德。你的回答必须只包含其中的一个维度。,实现了“产煤不见煤”，推进分布式光伏电站项目落地，构建现代化能源产业体系,创新/守旧
你是一位道德判断模型。根据给出的有关环境报道的新闻文本，请判断其倾向于以下哪一个维度：责任/利益、实用/理想、创新/守旧、非道德。你的回答必须只包含其中的一个维度。,力争加快形成绿色低碳、多元立体的运输方式。,责任/利益
你是一位道德判断模型。根据给出的有关环境报道的新闻文本，请判断其倾向于以下哪一个维度：责任/利益、实用/理想、创新/守旧、非道德。你的回答必须只包含其中的一个维度。,农发行表示，要坚持把做好粮棉油信贷工作作为全行业务工作重中之重，坚决维护国家粮食安全。要进一步加大对现代农业的支持力度，建立全口径产业贷款支持体系，积极支持农业科技创新、优势特色产业发展、新产业新业态和重要农产品稳产保供。要以乡村建设行动为重点，积极推动城乡融合发展，突出支持水利建设，进一步加大对农业农村建设的支持力度。并且，该行还要加强信贷基础管理，完善信贷产品管理，推动“四个中心”落地，强化流程银行建设。要持续强化内部控制和合规经营，加强法治和内控合规管理，着力提升审计质效，不断强化整改工作。,责任/利益
你是一位道德判断模型。根据给出的有关环境报道的新闻文本，请判断其倾向于以下哪一个维度：责任/利益、实用/理想、创新/守旧、非道德。你的回答必须只包含其中的一个维度。,Uniper是Fortum集团的子公司，其在俄罗斯的业务将进行可能的剥离，但由于当前的俄罗斯局势，该进程暂时暂停。,非道德
你是一位道德判断模型。根据给出的有关环境报道的新闻文本，请判断其倾向于以下哪一个维度：责任/利益、实用/理想、创新/守旧、非道德。你的回答必须只包含其中的一个维度。,德克萨斯州、佛罗里达州、路易斯安那州和南卡罗来纳州等共和党执政的州已经将 ESG 投资视为目标。,非道德
你是一位道德判断模型。根据给出的有关环境报道的新闻文本，请判断其倾向于以下哪一个维度：责任/利益、实用/理想、创新/守旧、非道德。你的回答必须只包含其中的一个维度。,李强指出，要按照党中央对今年工作的部署，着力抓好重点任务落实，在新的起点上推动各项工作开好局、起好步。,责任/利益
你是一位道德判断模型。根据给出的有关环境报道的新闻文本，请判断其倾向于以下哪一个维度：责任/利益、实用/理想、创新/守旧、非道德。你的回答必须只包含其中的一个维度。,马上消费通过多项举措服务新市民，包括联合合作伙伴推出专属福利活动，以知识赋能新市民，提高新市民群体金融素养，加强风险防范意识等。,责任/利益
你是一位道德判断模型。根据给出的有关环境报道的新闻文本，请判断其倾向于以下哪一个维度：责任/利益、实用/理想、创新/守旧、非道德。你的回答必须只包含其中的一个维度。,Baxi Heating一直与政府密切合作，试验氢和其他低碳供暖技术。至今，Baxi Heating已经参与了英国氢任务组、Hy4Heat、HyDeploy和USER项目。,责任/利益
你是一位道德判断模型。根据给出的有关环境报道的新闻文本，请判断其倾向于以下哪一个维度：责任/利益、实用/理想、创新/守旧、非道德。你的回答必须只包含其中的一个维度。,澳大利亚被指责在马德里阻碍应对气候危机的进展。,责任/利益
你是一位道德判断模型。根据给出的有关环境报道的新闻文本，请判断其倾向于以下哪一个维度：责任/利益、实用/理想、创新/守旧、非道德。你的回答必须只包含其中的一个维度。,James Freeman 最近从 First West of England 的全职角色退休，他将接替 Alan Bailes 担任 Bus Rapid Transit UK（BRTuk）的主席。BRTuk 是一个会员组织，致力于推广使用高质量公交车，在街道上具有高优先级，最好是隔离的行驶权利。,责任/利益
你是一位道德判断模型。根据给出的有关环境报道的新闻文本，请判断其倾向于以下哪一个维度：责任/利益、实用/理想、创新/守旧、非道德。你的回答必须只包含其中的一个维度。,新加坡太阳能研究所（SERIS）表示，由于土地限制，太阳能发电只能占新加坡电力供应混合的10％-20％。,实用/理想
你是一位道德判断模型。根据给出的有关环境报道的新闻文本，请判断其倾向于以下哪一个维度：责任/利益、实用/理想、创新/守旧、非道德。你的回答必须只包含其中的一个维度。,SRO的新举措将包括使用绿色能源、采用更高效和低影响的出行方式和使用可持续的办公用品。还将探索采用低碳物流和采用低碳赛车燃料。,创新/守旧
你是一位道德判断模型。根据给出的有关环境报道的新闻文本，请判断其倾向于以下哪一个维度：责任/利益、实用/理想、创新/守旧、非道德。你的回答必须只包含其中的一个维度。,"Over the past years, Tenaris has reduced its emissions intensity principally through the introduction of the most energy-efficient technologies in its new facilities, energy efficiency initiatives in its older facilities and investing to securing energy from highly efficient combined cycle power plants.",责任/利益
你是一位道德判断模型。根据给出的有关环境报道的新闻文本，请判断其倾向于以下哪一个维度：责任/利益、实用/理想、创新/守旧、非道德。你的回答必须只包含其中的一个维度。,美国的可再生能源产能增长主要受到联邦税收优惠的推动，预计拜登总统的新排放减少目标和基础设施法案如果实施，将在2022年后推动可再生能源的部署加速。,责任/利益
你是一位道德判断模型。根据给出的有关环境报道的新闻文本，请判断其倾向于以下哪一个维度：责任/利益、实用/理想、创新/守旧、非道德。你的回答必须只包含其中的一个维度。,郑州交易所也采取类似行动。,非道德
你是一位道德判断模型。根据给出的有关环境报道的新闻文本，请判断其倾向于以下哪一个维度：责任/利益、实用/理想、创新/守旧、非道德。你的回答必须只包含其中的一个维度。,Business Secretary Alok Sharma 预计明天将宣布阻止能源公司向长期客户收取昂贵费率的举措。,责任/利益
你是一位道德判断模型。根据给出的有关环境报道的新闻文本，请判断其倾向于以下哪一个维度：责任/利益、实用/理想、创新/守旧、非道德。你的回答必须只包含其中的一个维度。,2022 年，国网濮阳供电公司助推营商环境更优化，持续做好“三零”（零上门、零审批、零投资）“三省”（省时、省力、省钱）；供电服务前移，实现由“企业等电”向“电等企业”转变；拓展“一网通办”服务，推行企业办电“一证受理”，进一步提高办电效率和服务品质；升级服务“万人助万企”20 项措施，助力企业提振信心、大干快上。,责任/利益
你是一位道德判断模型。根据给出的有关环境报道的新闻文本，请判断其倾向于以下哪一个维度：责任/利益、实用/理想、创新/守旧、非道德。你的回答必须只包含其中的一个维度。,阿联酋核能公司(ENEC)是阿拉伯世界第一个核能项目Barakah Nuclear Energy Plant的运营商，致力于推动核能发展，为全球气候危机和能源安全挑战提供解决方案。,责任/利益
你是一位道德判断模型。根据给出的有关环境报道的新闻文本，请判断其倾向于以下哪一个维度：责任/利益、实用/理想、创新/守旧、非道德。你的回答必须只包含其中的一个维度。,该倡议的创始人包括比尔和希拉里·克林顿、理查德·布兰森、吉米·法伦、辛迪·麦凯恩和阿尔·夏普顿等众多名人和政界人士。,非道德
你是一位道德判断模型。根据给出的有关环境报道的新闻文本，请判断其倾向于以下哪一个维度：责任/利益、实用/理想、创新/守旧、非道德。你的回答必须只包含其中的一个维度。,当前我们正处在气候变化、技术革新和重大地缘政治演变的历史转折点。这种大变革从来不会一帆风顺，但顺势者能从危中寻机，提出建设性方案。,实用/理想
你是一位道德判断模型。根据给出的有关环境报道的新闻文本，请判断其倾向于以下哪一个维度：责任/利益、实用/理想、创新/守旧、非道德。你的回答必须只包含其中的一个维度。,在保供应前提下尽快减少对煤的依赖，加快构建以清洁低碳能源为主体的能源供应体系。,责任/利益
你是一位道德判断模型。根据给出的有关环境报道的新闻文本，请判断其倾向于以下哪一个维度：责任/利益、实用/理想、创新/守旧、非道德。你的回答必须只包含其中的一个维度。,我们必须深入贯彻习近平经济思想，不断完善现代化经济体系。,责任/利益
你是一位道德判断模型。根据给出的有关环境报道的新闻文本，请判断其倾向于以下哪一个维度：责任/利益、实用/理想、创新/守旧、非道德。你的回答必须只包含其中的一个维度。,前马尔代夫总统和联合国“地球冠军”Mohamed Nasheed更加乐观，他表示，当你把所有的数字加起来，我相信1.5C的目标现在是可实现的。,非道德
你是一位道德判断模型。根据给出的有关环境报道的新闻文本，请判断其倾向于以下哪一个维度：责任/利益、实用/理想、创新/守旧、非道德。你的回答必须只包含其中的一个维度。,该企业是一家全球性的可持续发展的公司，致力于提供安装、翻新、维护和修复高级地板的产品。Bona 与 WeForest 合作，支持巴西圣保罗州 Tietê河流域的森林恢复项目，致力于保护环境和人类。,责任/利益
你是一位道德判断模型。根据给出的有关环境报道的新闻文本，请判断其倾向于以下哪一个维度：责任/利益、实用/理想、创新/守旧、非道德。你的回答必须只包含其中的一个维度。,"Anantara 的项目涉及在 Riau 群岛的 4,000 公顷土地上生成高达 3.5 GW 的太阳能光伏 (PV) 能源，并配备一个能够储存高达 12 GWh 的电池 - 是世界上最大的电池之一 - 然后通过海底电缆连接到新加坡。",非道德
你是一位道德判断模型。根据给出的有关环境报道的新闻文本，请判断其倾向于以下哪一个维度：责任/利益、实用/理想、创新/守旧、非道德。你的回答必须只包含其中的一个维度。,学校是培育、传播生态文明和节能增效理念的重要基地,责任/利益
你是一位道德判断模型。根据给出的有关环境报道的新闻文本，请判断其倾向于以下哪一个维度：责任/利益、实用/理想、创新/守旧、非道德。你的回答必须只包含其中的一个维度。,瑞士银行在年中展望报告中指出，今年上半年，特别是美国的增长股票下跌了40%至50%。与之相比，金融、能源和电信等价值股票的表现相对较好。,非道德
你是一位道德判断模型。根据给出的有关环境报道的新闻文本，请判断其倾向于以下哪一个维度：责任/利益、实用/理想、创新/守旧、非道德。你的回答必须只包含其中的一个维度。,2016 年春节前夕，习近平总书记在江西省考察时强调，江西要主动适应经济发展新常态，向改革开放要动力，向创新创业要活力，向特色优势要竞争力，奋力夺取全面建成小康社会决胜阶段新胜利。,责任/利益
你是一位道德判断模型。根据给出的有关环境报道的新闻文本，请判断其倾向于以下哪一个维度：责任/利益、实用/理想、创新/守旧、非道德。你的回答必须只包含其中的一个维度。,EPRI是一个独立的能源研究机构，与能源公司、其他关键利益相关者、美国能源部和学术机构合作，共同推进能源技术的创新。,责任/利益
你是一位道德判断模型。根据给出的有关环境报道的新闻文本，请判断其倾向于以下哪一个维度：责任/利益、实用/理想、创新/守旧、非道德。你的回答必须只包含其中的一个维度。,率先开始推行住宅产业化和绿色三星建筑，坚守环保理念，推动社会进步。,责任/利益
你是一位道德判断模型。根据给出的有关环境报道的新闻文本，请判断其倾向于以下哪一个维度：责任/利益、实用/理想、创新/守旧、非道德。你的回答必须只包含其中的一个维度。,提起该县首例赔偿固碳功能损失的滥伐林木刑事附带民事公益诉讼案,非道德
你是一位道德判断模型。根据给出的有关环境报道的新闻文本，请判断其倾向于以下哪一个维度：责任/利益、实用/理想、创新/守旧、非道德。你的回答必须只包含其中的一个维度。,该数据中心将把浸泡冷却技术推向新的高度并将为利用可再生能源进行数据处理树立新标准。BitFury 正引领该领域创新，设立新的数据中心并与我们的全球合作伙伴携手合作推进这一重要工作让我们引以为傲,创新/守旧
你是一位道德判断模型。根据给出的有关环境报道的新闻文本，请判断其倾向于以下哪一个维度：责任/利益、实用/理想、创新/守旧、非道德。你的回答必须只包含其中的一个维度。,Electricity North West Limited 是一家在英国西北部运营的电力配送网络运营商，致力于在安全、可靠、高效的情况下，支持个人和企业在充满挑战的时代。,责任/利益
你是一位道德判断模型。根据给出的有关环境报道的新闻文本，请判断其倾向于以下哪一个维度：责任/利益、实用/理想、创新/守旧、非道德。你的回答必须只包含其中的一个维度。,作为 NCA 的首席交付官和可持续发展委员会主席，Jude Adams 解释说：“在我们接近这个关键的时刻，世界领导人将开会商定将无疑影响我们所有人的未来的行动，我们很自豪能够分享我们的绿色计划。,责任/利益
你是一位道德判断模型。根据给出的有关环境报道的新闻文本，请判断其倾向于以下哪一个维度：责任/利益、实用/理想、创新/守旧、非道德。你的回答必须只包含其中的一个维度。,为了改善当地生态环境，并保证新能源基地项目的顺利进行，“光伏” + “治沙”的模式应运而生。,责任/利益
你是一位道德判断模型。根据给出的有关环境报道的新闻文本，请判断其倾向于以下哪一个维度：责任/利益、实用/理想、创新/守旧、非道德。你的回答必须只包含其中的一个维度。,"We had an amazing turn-out, and it was great to see so many parishioners across the Island getting involved. We hope that those who attended enjoyed the event and left with a feeling of pride, knowing they joined us on a drive towards a greener future. Every positive step on our eco journey is important and we have a number of new and exciting projects coming up, such as our partnership with Evie, and use of solar and other renewable energy sources, all of which we expect will contribute to achieving our goal of being a net carbon-neutral business in line with government targets.",责任/利益
你是一位道德判断模型。根据给出的有关环境报道的新闻文本，请判断其倾向于以下哪一个维度：责任/利益、实用/理想、创新/守旧、非道德。你的回答必须只包含其中的一个维度。,谷歌在可靠计算方面的工作使其与AMD、微软、Nvidia、Arm Ltd.、英特尔和Meta Platforms Inc.成立了一个新的服务器组件弹性工作组。,非道德
你是一位道德判断模型。根据给出的有关环境报道的新闻文本，请判断其倾向于以下哪一个维度：责任/利益、实用/理想、创新/守旧、非道德。你的回答必须只包含其中的一个维度。,CCHG代币是通货紧缩的，意味着在处理支付时，单位会从流通中移除。这种模式将有助于长期提高其价格，并为投资者提供额外收益。,非道德
你是一位道德判断模型。根据给出的有关环境报道的新闻文本，请判断其倾向于以下哪一个维度：责任/利益、实用/理想、创新/守旧、非道德。你的回答必须只包含其中的一个维度。,加强国际联防联控，支持世卫组织发挥关键领导作用。,责任/利益
你是一位道德判断模型。根据给出的有关环境报道的新闻文本，请判断其倾向于以下哪一个维度：责任/利益、实用/理想、创新/守旧、非道德。你的回答必须只包含其中的一个维度。,扎实推进首批国家草原自然公园试点建设，探索推进国有草场建设试点工作。,责任/利益
你是一位道德判断模型。根据给出的有关环境报道的新闻文本，请判断其倾向于以下哪一个维度：责任/利益、实用/理想、创新/守旧、非道德。你的回答必须只包含其中的一个维度。,被列为防御者，制定了一些计划，但在许多情况下进攻性不足，需要弥补差距。,非道德
你是一位道德判断模型。根据给出的有关环境报道的新闻文本，请判断其倾向于以下哪一个维度：责任/利益、实用/理想、创新/守旧、非道德。你的回答必须只包含其中的一个维度。,"UK Government backing for 75 gigawatts of offshore wind energy, five carbon capture and storage projects, hydrogen power clusters and plans to regenerate electricity“motorways”to transport clean power to more homes and businesses would help support a return to growth.",责任/利益
你是一位道德判断模型。根据给出的有关环境报道的新闻文本，请判断其倾向于以下哪一个维度：责任/利益、实用/理想、创新/守旧、非道德。你的回答必须只包含其中的一个维度。,特斯拉的目标是到2020年生产35千瓦时的电池，但现在预计将提前两年实现。,实用/理想
你是一位道德判断模型。根据给出的有关环境报道的新闻文本，请判断其倾向于以下哪一个维度：责任/利益、实用/理想、创新/守旧、非道德。你的回答必须只包含其中的一个维度。,"The build-to-rent (BtR) sector will grow rapidly over 2020, as large-scale purpose-built living becomes ever more acceptable and prominent in the UK.",非道德
你是一位道德判断模型。根据给出的有关环境报道的新闻文本，请判断其倾向于以下哪一个维度：责任/利益、实用/理想、创新/守旧、非道德。你的回答必须只包含其中的一个维度。,None需具备IFRS和US GAAP的知识。,非道德
你是一位道德判断模型。根据给出的有关环境报道的新闻文本，请判断其倾向于以下哪一个维度：责任/利益、实用/理想、创新/守旧、非道德。你的回答必须只包含其中的一个维度。,昌平公安分局在昌平阳坊镇捣毁一处非法储油窝点，刑事拘留 2 人。,非道德
你是一位道德判断模型。根据给出的有关环境报道的新闻文本，请判断其倾向于以下哪一个维度：责任/利益、实用/理想、创新/守旧、非道德。你的回答必须只包含其中的一个维度。,国家将深化参与全球金融治理，扩大金融领域的双向开放，稳步有序地推进资本账户开放，并保持外汇储备基本稳定。,责任/利益
你是一位道德判断模型。根据给出的有关环境报道的新闻文本，请判断其倾向于以下哪一个维度：责任/利益、实用/理想、创新/守旧、非道德。你的回答必须只包含其中的一个维度。,虽然受到国内外经济环境变化带来的巨大压力，但中国经济韧性强、潜力足、长期向好的基本面没有改变，我们对中国经济发展前途充满信心。,实用/理想
你是一位道德判断模型。根据给出的有关环境报道的新闻文本，请判断其倾向于以下哪一个维度：责任/利益、实用/理想、创新/守旧、非道德。你的回答必须只包含其中的一个维度。,近年来，洪杰带领三棵树做大做强的同时，也积极履行民营企业家的社会责任，在抗击疫情、扶贫助弱、乡村振兴、捐资助学、环境保护等方面累计爱心捐赠达 1 亿多元。,责任/利益
你是一位道德判断模型。根据给出的有关环境报道的新闻文本，请判断其倾向于以下哪一个维度：责任/利益、实用/理想、创新/守旧、非道德。你的回答必须只包含其中的一个维度。,近日，江苏、北京等地成功破获一起特大制售假新冠疫苗案，抓获犯罪嫌疑人 80 余名，现场查扣假疫苗 3000 余支。,责任/利益
你是一位道德判断模型。根据给出的有关环境报道的新闻文本，请判断其倾向于以下哪一个维度：责任/利益、实用/理想、创新/守旧、非道德。你的回答必须只包含其中的一个维度。,国际社会和各国人民也都期待中美两国保持健康稳定的关系，共同推动全球合作，维护世界和平安全，促进全球发展繁荣，这是中美两个大国职责所在。,责任/利益
你是一位道德判断模型。根据给出的有关环境报道的新闻文本，请判断其倾向于以下哪一个维度：责任/利益、实用/理想、创新/守旧、非道德。你的回答必须只包含其中的一个维度。,专家建议，在核定各地区的能耗约束指标时，可以先扣除可再生能源的消费量，从而在积极引导可再生能源持续发展的同时，最大限度地降低节能政策造成的经济扭曲。,实用/理想
你是一位道德判断模型。根据给出的有关环境报道的新闻文本，请判断其倾向于以下哪一个维度：责任/利益、实用/理想、创新/守旧、非道德。你的回答必须只包含其中的一个维度。,提高森林质量，增强碳汇能力。推进森林科学经营，积极开展森林抚育，实施森林质量精准提升工程，加强中幼林抚育和退化林修复，调整优化林分结构，提高长寿命树种和高效固碳树种的比例。科学实施草原、湿地、荒漠生态保护修复，持续提高林草生态系统的质量和稳定性。,责任/利益
你是一位道德判断模型。根据给出的有关环境报道的新闻文本，请判断其倾向于以下哪一个维度：责任/利益、实用/理想、创新/守旧、非道德。你的回答必须只包含其中的一个维度。,"A total of 11 people have been questioned in the 18 months or more that it has been ongoing, including high-profile public figures such as Kavanagh and the former mayor of Liverpool Joe Anderson. Anderson has denied the allegations and claimed he is innocent.",非道德
你是一位道德判断模型。根据给出的有关环境报道的新闻文本，请判断其倾向于以下哪一个维度：责任/利益、实用/理想、创新/守旧、非道德。你的回答必须只包含其中的一个维度。,"Speakers at Vans Today 2022 will also include experts from RED Training, Metworks, Lex Autolease, Weightmans, and Logistics UK’s Member Advice Centre.",非道德
你是一位道德判断模型。根据给出的有关环境报道的新闻文本，请判断其倾向于以下哪一个维度：责任/利益、实用/理想、创新/守旧、非道德。你的回答必须只包含其中的一个维度。,审议了《2022 年湖南省生态环境保护委员会工作要点》等文件。,责任/利益
你是一位道德判断模型。根据给出的有关环境报道的新闻文本，请判断其倾向于以下哪一个维度：责任/利益、实用/理想、创新/守旧、非道德。你的回答必须只包含其中的一个维度。,NNPC is in talks to raise around $1 billion in a prepayment with trading firms to refurbish its largest refining complex at Port Harcourt.,责任/利益
你是一位道德判断模型。根据给出的有关环境报道的新闻文本，请判断其倾向于以下哪一个维度：责任/利益、实用/理想、创新/守旧、非道德。你的回答必须只包含其中的一个维度。,CWT的社区参与策略包括3E's：教育、紧急情况、基本需求。2017年，CWT仅在2017年就组织了100多个3E倡议，与世界各地的79个慈善机构合作。,责任/利益
你是一位道德判断模型。根据给出的有关环境报道的新闻文本，请判断其倾向于以下哪一个维度：责任/利益、实用/理想、创新/守旧、非道德。你的回答必须只包含其中的一个维度。,要求相关部门和各地方在制定相关制度和法律法规时贯彻好‘两个最严’要求；更要求各相关方面在开展环保民主监督、检查督查、督查督导时，也都应坚持‘两个最严’要求。,责任/利益
你是一位道德判断模型。根据给出的有关环境报道的新闻文本，请判断其倾向于以下哪一个维度：责任/利益、实用/理想、创新/守旧、非道德。你的回答必须只包含其中的一个维度。,中国积极应对气候变化挑战，把碳达峰、碳中和纳入经济社会发展全局统筹推进，力争 2030 年前实现碳达峰、2060 年前实现碳中和，用全球历史上最短的时间实现从碳达峰到碳中和，这需要中国做出艰苦卓绝的努力，也充分体现了大国担当。,责任/利益
你是一位道德判断模型。根据给出的有关环境报道的新闻文本，请判断其倾向于以下哪一个维度：责任/利益、实用/理想、创新/守旧、非道德。你的回答必须只包含其中的一个维度。,Pilgrim's在美国推出了Hometown Strong项目，投资2000万美元用于当地社区项目，加强基础设施，缓解食物不安全，支持COVID-19恢复，提高整体幸福感。,责任/利益
你是一位道德判断模型。根据给出的有关环境报道的新闻文本，请判断其倾向于以下哪一个维度：责任/利益、实用/理想、创新/守旧、非道德。你的回答必须只包含其中的一个维度。,2022 年底的一项调查显示，仍有大量工作要做，以说服驾驶员完全放弃高排放车辆，45% 的受访者表示，他们将在 2030 年后继续使用现有的汽油或柴油汽车。,创新/守旧
你是一位道德判断模型。根据给出的有关环境报道的新闻文本，请判断其倾向于以下哪一个维度：责任/利益、实用/理想、创新/守旧、非道德。你的回答必须只包含其中的一个维度。,Google与Carnegie Mellon University的CREATE Lab的专家合作开发了Timelapse的技术。,非道德
你是一位道德判断模型。根据给出的有关环境报道的新闻文本，请判断其倾向于以下哪一个维度：责任/利益、实用/理想、创新/守旧、非道德。你的回答必须只包含其中的一个维度。,这架名为Sustainability50的飞机将加入Etihad的行业领先可持续发展计划，该计划旨在脱碳航空业。,创新/守旧
你是一位道德判断模型。根据给出的有关环境报道的新闻文本，请判断其倾向于以下哪一个维度：责任/利益、实用/理想、创新/守旧、非道德。你的回答必须只包含其中的一个维度。,"Powerhive 与全球公用事业和能源供应商合作部署其微电网组合。公司最近宣布，Enel Green Power 已收购 Powerhive 旗舰项目的多数股权，该项目将为肯尼亚西部大约 90,000 人提供服务。该项目是一个重要的里程碑，将为发展中国家未来的能源接入项目提供蓝图。",责任/利益
你是一位道德判断模型。根据给出的有关环境报道的新闻文本，请判断其倾向于以下哪一个维度：责任/利益、实用/理想、创新/守旧、非道德。你的回答必须只包含其中的一个维度。,工党被指责在环保投资方面反复改变立场，而极端环保活动家组织 Green New Deal Rising 则声称他们的抗议活动使高级工党官员与他们进行了会面。,责任/利益
你是一位道德判断模型。根据给出的有关环境报道的新闻文本，请判断其倾向于以下哪一个维度：责任/利益、实用/理想、创新/守旧、非道德。你的回答必须只包含其中的一个维度。,作为我国重要发电用电地区，深刻贯彻落实了双碳改革，秉持着绿水青山就是金山银山的发展理念，我们相信人民的生活会越来越美好富足。,责任/利益
你是一位道德判断模型。根据给出的有关环境报道的新闻文本，请判断其倾向于以下哪一个维度：责任/利益、实用/理想、创新/守旧、非道德。你的回答必须只包含其中的一个维度。,City Furniture获得了包括美国环保署的2018年 Southeast Diesel Collaborative 颁发的 national Industry Leadership Award在内的多项荣誉。,责任/利益
你是一位道德判断模型。根据给出的有关环境报道的新闻文本，请判断其倾向于以下哪一个维度：责任/利益、实用/理想、创新/守旧、非道德。你的回答必须只包含其中的一个维度。,发展中国家应该遵循共同但有区别的责任原则，根据国情和能力，最大程度强化行动。,责任/利益
你是一位道德判断模型。根据给出的有关环境报道的新闻文本，请判断其倾向于以下哪一个维度：责任/利益、实用/理想、创新/守旧、非道德。你的回答必须只包含其中的一个维度。,本届政府任期的五年，是全面建设社会主义现代化国家开局起步的关键时期。本届政府的工作，就是要把党中央的决策部署贯彻好、落实好，我们每一位同志都要当好执行者、行动派、实干家。,责任/利益
你是一位道德判断模型。根据给出的有关环境报道的新闻文本，请判断其倾向于以下哪一个维度：责任/利益、实用/理想、创新/守旧、非道德。你的回答必须只包含其中的一个维度。,苏格兰政府呼吁议员批准下一年的税收和支出计划，将有限的资源集中在最需要的地方。,实用/理想
你是一位道德判断模型。根据给出的有关环境报道的新闻文本，请判断其倾向于以下哪一个维度：责任/利益、实用/理想、创新/守旧、非道德。你的回答必须只包含其中的一个维度。,中国国家主席习近平表示，中国政府应该采取积极而谨慎的措施来实现碳排放峰值和碳中和，考虑中国的能源赋存情况，加强系统性思考，逐步实现碳目标。,实用/理想
你是一位道德判断模型。根据给出的有关环境报道的新闻文本，请判断其倾向于以下哪一个维度：责任/利益、实用/理想、创新/守旧、非道德。你的回答必须只包含其中的一个维度。,生态环境部还将'紧盯不放'。'两高'项目盲目上马是今年拍摄的黄河警示片、长江警示片的重点，其中黄河警示片相关的问题已经移交地方，长江警示片现在正在拍摄过程之中，'我们将咬住不放，一盯到底，不彻底解决绝不松手。',责任/利益
你是一位道德判断模型。根据给出的有关环境报道的新闻文本，请判断其倾向于以下哪一个维度：责任/利益、实用/理想、创新/守旧、非道德。你的回答必须只包含其中的一个维度。,扩大开放是实现中国金融市场发展市场化、法治化、国际化目标的强大推动力，也是进一步提升中国金融市场服务实体经济能力的关键之举。中国政府积极谋篇布局，持续推进金融高水平对外开放，建立了股票通、债券通、货币互换、RECP 等一系列促进资金融通、贸易畅通的措施。,责任/利益
你是一位道德判断模型。根据给出的有关环境报道的新闻文本，请判断其倾向于以下哪一个维度：责任/利益、实用/理想、创新/守旧、非道德。你的回答必须只包含其中的一个维度。,古特雷斯还呼吁政府确保复苏支出优先考虑绿色就业岗位的创造，而不是补贴化石燃料或救助高碳产业，应将碳排放定价，并将公共资金投资于考虑气候风险的未来,责任/利益
你是一位道德判断模型。根据给出的有关环境报道的新闻文本，请判断其倾向于以下哪一个维度：责任/利益、实用/理想、创新/守旧、非道德。你的回答必须只包含其中的一个维度。,美国需要经济增长、增加就业、降低通胀、减少债务赤字。健康、稳定、合作的中美经贸关系符合美国自身的利益。,责任/利益
你是一位道德判断模型。根据给出的有关环境报道的新闻文本，请判断其倾向于以下哪一个维度：责任/利益、实用/理想、创新/守旧、非道德。你的回答必须只包含其中的一个维度。,本届政府的工作，就是要把党中央的决策部署贯彻好、落实好，每一位同志都要当好执行者、行动派、实干家。,责任/利益
你是一位道德判断模型。根据给出的有关环境报道的新闻文本，请判断其倾向于以下哪一个维度：责任/利益、实用/理想、创新/守旧、非道德。你的回答必须只包含其中的一个维度。,今年的论坛由科学技术部和上海市政府共同主办。,非道德
你是一位道德判断模型。根据给出的有关环境报道的新闻文本，请判断其倾向于以下哪一个维度：责任/利益、实用/理想、创新/守旧、非道德。你的回答必须只包含其中的一个维度。,英国政府宣布了一项4千万英镑的资金套餐，用于七个区域供热项目，这是政府3.2亿英镑的供热网络投资项目的一部分，旨在加快该市场的增长,责任/利益
你是一位道德判断模型。根据给出的有关环境报道的新闻文本，请判断其倾向于以下哪一个维度：责任/利益、实用/理想、创新/守旧、非道德。你的回答必须只包含其中的一个维度。,"Through its HB4® program, the Company is bringing digital solutions to support growers’decisions and provide end-to-end traceability for production outputs.",创新/守旧
你是一位道德判断模型。根据给出的有关环境报道的新闻文本，请判断其倾向于以下哪一个维度：责任/利益、实用/理想、创新/守旧、非道德。你的回答必须只包含其中的一个维度。,波兰政府希望到2025年将国内的电动汽车产量从去年的427辆提升到100万辆，同时通过鼓励城市提升绿色资质，到2020年将公交车产量提升到每年1000辆。政府还计划输出插电式汽车或汽车零部件，并为公民提供补贴和税收激励以购买这些汽车。,责任/利益
你是一位道德判断模型。根据给出的有关环境报道的新闻文本，请判断其倾向于以下哪一个维度：责任/利益、实用/理想、创新/守旧、非道德。你的回答必须只包含其中的一个维度。,英国政府承诺到 2050 年实现净零排放，并签署了全球自然保护目标,责任/利益
你是一位道德判断模型。根据给出的有关环境报道的新闻文本，请判断其倾向于以下哪一个维度：责任/利益、实用/理想、创新/守旧、非道德。你的回答必须只包含其中的一个维度。,有调查显示，塑料瓶装水或桶装水含有大量微塑料颗粒，已成为铅、铬、镉等有毒重金属污染物的载体，还可能在运输、储存等环节受到细菌、病毒的污染，影响人体健康,责任/利益
你是一位道德判断模型。根据给出的有关环境报道的新闻文本，请判断其倾向于以下哪一个维度：责任/利益、实用/理想、创新/守旧、非道德。你的回答必须只包含其中的一个维度。,默克尔表示，中国宣布国家自主贡献目标对全球应对气候变化非常重要。,责任/利益
你是一位道德判断模型。根据给出的有关环境报道的新闻文本，请判断其倾向于以下哪一个维度：责任/利益、实用/理想、创新/守旧、非道德。你的回答必须只包含其中的一个维度。,要进一步深化改革开放，谋划实施新一轮国有企业改革，促进民营经济发展壮大，稳住外贸外资基本盘。,责任/利益
你是一位道德判断模型。根据给出的有关环境报道的新闻文本，请判断其倾向于以下哪一个维度：责任/利益、实用/理想、创新/守旧、非道德。你的回答必须只包含其中的一个维度。,将党中央关于碳达峰碳中和的决策部署纳入高等学校思政工作体系，推动绿色低碳发展理念进思政、进课堂、进头脑,责任/利益
你是一位道德判断模型。根据给出的有关环境报道的新闻文本，请判断其倾向于以下哪一个维度：责任/利益、实用/理想、创新/守旧、非道德。你的回答必须只包含其中的一个维度。,"As a leading global green energy manufacturer, LONGi has always attached great importance to technological progress, and the proportion of R&D investment in its annual revenue has always been stable at about 5%~7%. Since the company went public in 2012, LONGi has invested more than CNY 10 billion in R&D.",创新/守旧
你是一位道德判断模型。根据给出的有关环境报道的新闻文本，请判断其倾向于以下哪一个维度：责任/利益、实用/理想、创新/守旧、非道德。你的回答必须只包含其中的一个维度。,"福田欧辉服务保障延庆赛区的车辆，沿袭优良工装工艺传统，采用绿色动力技术，兼顾安全智能、健康环保等特性，完美契合赛事需要，为现场运动员和工作人员提供了健康无忧的“温暖空间站”,更是极大提高了现场的运营效率",责任/利益
你是一位道德判断模型。根据给出的有关环境报道的新闻文本，请判断其倾向于以下哪一个维度：责任/利益、实用/理想、创新/守旧、非道德。你的回答必须只包含其中的一个维度。,United Airlines也参与了ZeroAvia的$35m (£29m)融资轮，加入了包括亚马逊的气候承诺基金和壳牌在内的先前投资者。,责任/利益
你是一位道德判断模型。根据给出的有关环境报道的新闻文本，请判断其倾向于以下哪一个维度：责任/利益、实用/理想、创新/守旧、非道德。你的回答必须只包含其中的一个维度。,该中心分析了北海更紧密合作带来的重要机会。旗舰报告《一个北海》强调了北海及其现有的石油和天然气基础设施如何成为发展净零排放盆地的理想基础。,实用/理想
你是一位道德判断模型。根据给出的有关环境报道的新闻文本，请判断其倾向于以下哪一个维度：责任/利益、实用/理想、创新/守旧、非道德。你的回答必须只包含其中的一个维度。,要深入贯彻落实习近平生态文明思想，坚定不移走生态优先、绿色发展之路，以高质量规划引领生态环境保护。,责任/利益
你是一位道德判断模型。根据给出的有关环境报道的新闻文本，请判断其倾向于以下哪一个维度：责任/利益、实用/理想、创新/守旧、非道德。你的回答必须只包含其中的一个维度。,CWT成立了两个专注于多元化和包容性的任务小组，以及一个预防人口贩卖的任务小组。每个计划都由CWT执行领导团队的成员赞助。,责任/利益
你是一位道德判断模型。根据给出的有关环境报道的新闻文本，请判断其倾向于以下哪一个维度：责任/利益、实用/理想、创新/守旧、非道德。你的回答必须只包含其中的一个维度。, Miss America 2023 Grace Stanke访问Vogtle Units 1-4，与核专业人士交流，推广她的“清洁能源 - 更清洁的未来”平台，并教育观众了解核能在无碳环境中的价值。,责任/利益
你是一位道德判断模型。根据给出的有关环境报道的新闻文本，请判断其倾向于以下哪一个维度：责任/利益、实用/理想、创新/守旧、非道德。你的回答必须只包含其中的一个维度。,去年 8 月，中国建筑国际集团承建中央援建香港两项重大项目香港社区治疗设施和北大屿山医院香港感染控制中心，提前 200 小时竣工，共提供 952 张病床 (其中 160 张为负压病床)、32 个公共设施，符合世界卫生组织标准和香港医护人员使用习惯，大大提升了社区治疗设施的收治水平。,责任/利益
你是一位道德判断模型。根据给出的有关环境报道的新闻文本，请判断其倾向于以下哪一个维度：责任/利益、实用/理想、创新/守旧、非道德。你的回答必须只包含其中的一个维度。,国家发展和改革委员会要完善能耗双控制度，严格能耗强度管控，增强能源消费总量管理弹性，新增可再生能源和原料用能不纳入能源消费总量控制。进一步加强节能审查，坚决遏制“两高”项目盲目发展，为经济社会发展提供合理用能保障,责任/利益
你是一位道德判断模型。根据给出的有关环境报道的新闻文本，请判断其倾向于以下哪一个维度：责任/利益、实用/理想、创新/守旧、非道德。你的回答必须只包含其中的一个维度。,我们必须保护我们仍然拥有的，恢复我们失去的，种植我们未来几代人需要的生活，而不会破坏地球。非洲 60% 的土地已经退化，但这是可以逆转的。,责任/利益
你是一位道德判断模型。根据给出的有关环境报道的新闻文本，请判断其倾向于以下哪一个维度：责任/利益、实用/理想、创新/守旧、非道德。你的回答必须只包含其中的一个维度。,与干部群众一同参加 2021 年义务植树日活动，强调要深入贯彻落实习近平生态文明思想，坚决扛起维护国家生态安全重大责任，坚持规划引领，高标准高质量推进植树造林，发挥绿色优势，加快建设美丽龙江。,责任/利益
你是一位道德判断模型。根据给出的有关环境报道的新闻文本，请判断其倾向于以下哪一个维度：责任/利益、实用/理想、创新/守旧、非道德。你的回答必须只包含其中的一个维度。,英国政府将与地方合作伙伴合作，在全国范围内推出投资区。投资区旨在促进增长和释放住房。设有投资区的地区将受益于税收激励、规划自由化以及当地经济的更广泛支持,创新/守旧
你是一位道德判断模型。根据给出的有关环境报道的新闻文本，请判断其倾向于以下哪一个维度：责任/利益、实用/理想、创新/守旧、非道德。你的回答必须只包含其中的一个维度。,"Taqa, controlled by Abu Dhabi sovereign wealth fund ADQ, also plans to cut its exposure to oil and natural gas, partly to attract more international investors.",责任/利益
你是一位道德判断模型。根据给出的有关环境报道的新闻文本，请判断其倾向于以下哪一个维度：责任/利益、实用/理想、创新/守旧、非道德。你的回答必须只包含其中的一个维度。,通过对超过 3000 家利润总额在 1 亿元至 1000 亿元之间的中国大陆建筑施工、勘察设计、工程监理等中国建筑企业进行了数据采集研究，基于对财务分析、行业分析、市场占有率分析确定候选企业，邀请 100 位企业高管、学者及官员对经资格审核符合要求的企业进行评选,非道德
你是一位道德判断模型。根据给出的有关环境报道的新闻文本，请判断其倾向于以下哪一个维度：责任/利益、实用/理想、创新/守旧、非道德。你的回答必须只包含其中的一个维度。,A9公路拓宽项目下一阶段接近完成，Tomatin至Moy路段已开放给潜在承包商。,非道德
你是一位道德判断模型。根据给出的有关环境报道的新闻文本，请判断其倾向于以下哪一个维度：责任/利益、实用/理想、创新/守旧、非道德。你的回答必须只包含其中的一个维度。,借鉴先进的驾驶员管理体系，通过传统培训教育和信息化、数字化评价机制相结合的方式，提升驾驶员服务品质。,创新/守旧
你是一位道德判断模型。根据给出的有关环境报道的新闻文本，请判断其倾向于以下哪一个维度：责任/利益、实用/理想、创新/守旧、非道德。你的回答必须只包含其中的一个维度。,王建军代表青海省委省政府感谢国家能源集团对青海经济社会发展的大力支持，并表示双方共同签署战略合作协议，是青海加快建设国家清洁能源示范省的重要举措。,责任/利益
你是一位道德判断模型。根据给出的有关环境报道的新闻文本，请判断其倾向于以下哪一个维度：责任/利益、实用/理想、创新/守旧、非道德。你的回答必须只包含其中的一个维度。,中国驻日本大使馆将一如既往支持中国煤科日本株式会社的各项工作，也希望日本各界朋友给予大力支持与帮助。,非道德
你是一位道德判断模型。根据给出的有关环境报道的新闻文本，请判断其倾向于以下哪一个维度：责任/利益、实用/理想、创新/守旧、非道德。你的回答必须只包含其中的一个维度。,"The Rocester manufacturer and Oxford-based Ryze Hydrogen, which is run and owned by JCB heir Jo Bamford, have sealed a multi-million pound agreement to buy green hydrogen (GH2) from Fortescue Future Industries (FFI) - and give it out to UK customers.",责任/利益
你是一位道德判断模型。根据给出的有关环境报道的新闻文本，请判断其倾向于以下哪一个维度：责任/利益、实用/理想、创新/守旧、非道德。你的回答必须只包含其中的一个维度。,今年是“十四五”的开局之年，中央经济工作会议将“做好碳达峰、碳中和工作”作为今年要抓好的重点任务之一。,责任/利益
你是一位道德判断模型。根据给出的有关环境报道的新闻文本，请判断其倾向于以下哪一个维度：责任/利益、实用/理想、创新/守旧、非道德。你的回答必须只包含其中的一个维度。,"By 2030, 60% of all energy produced in Pakistan will be 'clean' and through renewable resources. 30% of all the country’s vehicles will use electricity.",实用/理想
你是一位道德判断模型。根据给出的有关环境报道的新闻文本，请判断其倾向于以下哪一个维度：责任/利益、实用/理想、创新/守旧、非道德。你的回答必须只包含其中的一个维度。,Lex Autolease的电动汽车提案负责人Meryem Brassington表示，英国公共充电网络的扩展对推动电动汽车的普及至关重要。,责任/利益
你是一位道德判断模型。根据给出的有关环境报道的新闻文本，请判断其倾向于以下哪一个维度：责任/利益、实用/理想、创新/守旧、非道德。你的回答必须只包含其中的一个维度。,大力发展可再生能源，实施“风光倍增工程”，未雨绸缪加快外来清洁电力大通道建设，加强应急备用电源建设。,责任/利益
你是一位道德判断模型。根据给出的有关环境报道的新闻文本，请判断其倾向于以下哪一个维度：责任/利益、实用/理想、创新/守旧、非道德。你的回答必须只包含其中的一个维度。,亚利桑那公共服务公司，宣布将在 2050 年前实现 100% 清洁、无碳的电力供应，并在 2030 年前实现 65% 的清洁能源使用。,责任/利益
你是一位道德判断模型。根据给出的有关环境报道的新闻文本，请判断其倾向于以下哪一个维度：责任/利益、实用/理想、创新/守旧、非道德。你的回答必须只包含其中的一个维度。,苏格兰副首相在格拉斯哥的东部地区启动了一个新的区域供暖网络，这是Clyde Gateway多百万英镑投资的一部分，旨在降低能源成本并帮助实现净零排放。,责任/利益
你是一位道德判断模型。根据给出的有关环境报道的新闻文本，请判断其倾向于以下哪一个维度：责任/利益、实用/理想、创新/守旧、非道德。你的回答必须只包含其中的一个维度。,建立碳达峰碳中和工作机制，推进碳排放数据核算，对 7 大行业重点控排单位开展碳排放核查。,责任/利益
你是一位道德判断模型。根据给出的有关环境报道的新闻文本，请判断其倾向于以下哪一个维度：责任/利益、实用/理想、创新/守旧、非道德。你的回答必须只包含其中的一个维度。,实现“双碳”目标是我国作为负责任的大国对人类前途和命运的深刻关注和主动担当。,责任/利益
你是一位道德判断模型。根据给出的有关环境报道的新闻文本，请判断其倾向于以下哪一个维度：责任/利益、实用/理想、创新/守旧、非道德。你的回答必须只包含其中的一个维度。,要深入挖潜能、促消费，着力提升大宗消费，切实增强消费对经济的拉动作用。,责任/利益
你是一位道德判断模型。根据给出的有关环境报道的新闻文本，请判断其倾向于以下哪一个维度：责任/利益、实用/理想、创新/守旧、非道德。你的回答必须只包含其中的一个维度。,习近平主席已向全世界作出庄严承诺，中国力争于 2030 年前二氧化碳排放达到峰值、2060 年前实现碳中和。,责任/利益
你是一位道德判断模型。根据给出的有关环境报道的新闻文本，请判断其倾向于以下哪一个维度：责任/利益、实用/理想、创新/守旧、非道德。你的回答必须只包含其中的一个维度。,"The parent company owns the Park Cam glass manufacturing facility in Bilecik, Turkey, which itself was a greenfield construction.",非道德
你是一位道德判断模型。根据给出的有关环境报道的新闻文本，请判断其倾向于以下哪一个维度：责任/利益、实用/理想、创新/守旧、非道德。你的回答必须只包含其中的一个维度。,该银行在制定2030年石油和天然气部门的减排目标方面表现最佳，采取绝对排放目标，并且设定的目标与升温小于2摄氏度相一致。,责任/利益
你是一位道德判断模型。根据给出的有关环境报道的新闻文本，请判断其倾向于以下哪一个维度：责任/利益、实用/理想、创新/守旧、非道德。你的回答必须只包含其中的一个维度。,尽管新能源近几年“风光无限”，但仍旧无法弥补传统能源供应缺口，传统能源仍将在很长一段时间内发挥着不可替代的作用。,实用/理想
你是一位道德判断模型。根据给出的有关环境报道的新闻文本，请判断其倾向于以下哪一个维度：责任/利益、实用/理想、创新/守旧、非道德。你的回答必须只包含其中的一个维度。,"SWEP is also investing further in Landskrona, Sweden, including a new R&D center near the expanding manufacturing plant, and a new environmentally-certified head office.",创新/守旧
你是一位道德判断模型。根据给出的有关环境报道的新闻文本，请判断其倾向于以下哪一个维度：责任/利益、实用/理想、创新/守旧、非道德。你的回答必须只包含其中的一个维度。,禹闳资本执行董事，认为这锂换电不仅帮助骑手解决安全、便利和提高收入的问题，帮助政府解决充电公共安全隐患，提高资源利用效率,创新/守旧
你是一位道德判断模型。根据给出的有关环境报道的新闻文本，请判断其倾向于以下哪一个维度：责任/利益、实用/理想、创新/守旧、非道德。你的回答必须只包含其中的一个维度。,the UAE accounts for over 70% of all installed renewable energy capacity in the region,非道德
你是一位道德判断模型。根据给出的有关环境报道的新闻文本，请判断其倾向于以下哪一个维度：责任/利益、实用/理想、创新/守旧、非道德。你的回答必须只包含其中的一个维度。,为大家培训，进一步提升生态环境讲解员的素养和业务能力，让大家不仅能讲生态环境故事，更能讲好美丽东莞故事。,责任/利益
你是一位道德判断模型。根据给出的有关环境报道的新闻文本，请判断其倾向于以下哪一个维度：责任/利益、实用/理想、创新/守旧、非道德。你的回答必须只包含其中的一个维度。,SSE 是苏格兰的一家能源公司，其首席可持续发展官将在委员会任期内为委员会提供支持。,责任/利益
你是一位道德判断模型。根据给出的有关环境报道的新闻文本，请判断其倾向于以下哪一个维度：责任/利益、实用/理想、创新/守旧、非道德。你的回答必须只包含其中的一个维度。,全部场馆达到绿色建筑标准、常规能源 100% 使用绿电，节能与清洁能源车辆占全部赛时保障车辆的 84.9%,实用/理想
你是一位道德判断模型。根据给出的有关环境报道的新闻文本，请判断其倾向于以下哪一个维度：责任/利益、实用/理想、创新/守旧、非道德。你的回答必须只包含其中的一个维度。,云南省亚洲象活动地区始终坚持保护优先的绿色发展理念，努力促进人象和谐。,责任/利益
你是一位道德判断模型。根据给出的有关环境报道的新闻文本，请判断其倾向于以下哪一个维度：责任/利益、实用/理想、创新/守旧、非道德。你的回答必须只包含其中的一个维度。,创新方式，深化大数据、人工智能等数字技术在统计工作中的应用，优化对平台经济、数字经济、灵活就业等经济社会发展新模式的统计监测,责任/利益
你是一位道德判断模型。根据给出的有关环境报道的新闻文本，请判断其倾向于以下哪一个维度：责任/利益、实用/理想、创新/守旧、非道德。你的回答必须只包含其中的一个维度。,在推进“双碳”的过程中，需要把尊重市场经济规律、促进企业发展放在心头，不要过度地基于行政干预思维去对待企业，而是要把企业视为合作伙伴，在督促企业严格遵守能耗要求的同时发挥其积极作用，更多地鼓励企业自我改进。通过引入市场和科技手段，使其经营利益与社会发展目标相一致，如此才能实现多赢。,责任/利益
你是一位道德判断模型。根据给出的有关环境报道的新闻文本，请判断其倾向于以下哪一个维度：责任/利益、实用/理想、创新/守旧、非道德。你的回答必须只包含其中的一个维度。,报告指出，每砍伐一棵树用来制作生物质颗粒燃烧，需要 30 年的时间才能重新种植。如果木材被用来获得补贴，那么它就不能像最初种植这些树时那样用于建筑行业。,责任/利益
你是一位道德判断模型。根据给出的有关环境报道的新闻文本，请判断其倾向于以下哪一个维度：责任/利益、实用/理想、创新/守旧、非道德。你的回答必须只包含其中的一个维度。,Sodexo 公布半年财务业绩，业务在所有领域中赢得新合同并保留现有业务，致力于以明确的目标和负责任的方式增长，并在社区中产生积极影响。在解决食物浪费的紧急问题上，公司与行业和政治利益相关者进行接触，通过 Appetite for Action 运动推动变革。此外，公司继续发展创新实验室以吸引创新初创公司与其合作。,责任/利益
你是一位道德判断模型。根据给出的有关环境报道的新闻文本，请判断其倾向于以下哪一个维度：责任/利益、实用/理想、创新/守旧、非道德。你的回答必须只包含其中的一个维度。,Honeywell卓越可持续发展中心将重点关注开发更可持续的生产方法，如产品管家，这是一种关注产品及其组件和合规规定管理的全面方法，以及生命周期分析，这是一种评估产品在其生命周期内对环境影响的评估方法。除了工程工作外，Honeywell卓越可持续发展中心还将成为可持续性思想领导力、培训和教育的枢纽，举办以推动商业和社会可持续性为主题的研讨会。,责任/利益
你是一位道德判断模型。根据给出的有关环境报道的新闻文本，请判断其倾向于以下哪一个维度：责任/利益、实用/理想、创新/守旧、非道德。你的回答必须只包含其中的一个维度。,拜登提出了一项总额超过 2 万亿美元的计划，用于改造美国的能源基础设施，以更好地应对环境和气候公正问题。,责任/利益
你是一位道德判断模型。根据给出的有关环境报道的新闻文本，请判断其倾向于以下哪一个维度：责任/利益、实用/理想、创新/守旧、非道德。你的回答必须只包含其中的一个维度。,高度重视规划编制工作，把新发展理念完整准确全面贯彻到规划编制工作中去，做好上下衔接、横向衔接，坚持开门问策、集思广益，确保按时高质量完成规划编制。,责任/利益
你是一位道德判断模型。根据给出的有关环境报道的新闻文本，请判断其倾向于以下哪一个维度：责任/利益、实用/理想、创新/守旧、非道德。你的回答必须只包含其中的一个维度。,BitFury 正引领该领域创新，设立新的数据中心并与我们的全球合作伙伴携手合作推进这一重要工作让我们引以为傲。,创新/守旧
你是一位道德判断模型。根据给出的有关环境报道的新闻文本，请判断其倾向于以下哪一个维度：责任/利益、实用/理想、创新/守旧、非道德。你的回答必须只包含其中的一个维度。,要一手抓传统产业转型升级，一手抓新兴产业培育壮大，促进传统能源与新能源优化组合。,创新/守旧
你是一位道德判断模型。根据给出的有关环境报道的新闻文本，请判断其倾向于以下哪一个维度：责任/利益、实用/理想、创新/守旧、非道德。你的回答必须只包含其中的一个维度。,ECITB最近完成了一次重组，以集中精力实施新的战略，并确保所有应支付培训税的雇主都支付。,责任/利益
你是一位道德判断模型。根据给出的有关环境报道的新闻文本，请判断其倾向于以下哪一个维度：责任/利益、实用/理想、创新/守旧、非道德。你的回答必须只包含其中的一个维度。,发展中国家需要发展，但发达国家却执意要求各国降低碳排放，并借相关问题不断攻击各国,责任/利益
你是一位道德判断模型。根据给出的有关环境报道的新闻文本，请判断其倾向于以下哪一个维度：责任/利益、实用/理想、创新/守旧、非道德。你的回答必须只包含其中的一个维度。,中央和国家机关在党和国家治理体系中处于特殊重要位置，提高机关党的建设质量，必须找准结合点、着力点，为实现经济高质量发展提供引领和保障。,责任/利益
你是一位道德判断模型。根据给出的有关环境报道的新闻文本，请判断其倾向于以下哪一个维度：责任/利益、实用/理想、创新/守旧、非道德。你的回答必须只包含其中的一个维度。,全力提升能源安全保障水平。,责任/利益
你是一位道德判断模型。根据给出的有关环境报道的新闻文本，请判断其倾向于以下哪一个维度：责任/利益、实用/理想、创新/守旧、非道德。你的回答必须只包含其中的一个维度。,"Schneider Electric, the leader in the digital transformation of energy management and automation, launched Catalyze, a new partnership program to accelerate access to renewable energy across the global semiconductor value chain.",创新/守旧
你是一位道德判断模型。根据给出的有关环境报道的新闻文本，请判断其倾向于以下哪一个维度：责任/利益、实用/理想、创新/守旧、非道德。你的回答必须只包含其中的一个维度。,南京瑞洁特膜分离科技有限公司与南京市滨江开发区管理委员会、上海大学环境与化学工程学院、有机复合污染控制工程教育部重点实验室共同投资共建南京智合沪瑞生态环境研究院，并为其发展提供全方位、精准化、高标准的服务，助力研究院成为国内一流生态环保领域创新型产业孵化基地。,责任/利益
你是一位道德判断模型。根据给出的有关环境报道的新闻文本，请判断其倾向于以下哪一个维度：责任/利益、实用/理想、创新/守旧、非道德。你的回答必须只包含其中的一个维度。,发布了第五版投资跟踪器，关注公共和私营部门在东北地区的投资计划,非道德
你是一位道德判断模型。根据给出的有关环境报道的新闻文本，请判断其倾向于以下哪一个维度：责任/利益、实用/理想、创新/守旧、非道德。你的回答必须只包含其中的一个维度。,由联合国驻华系统和全球化智库共同主办的纪念中华人民共和国恢复联合国合法席位 50 周年座谈会以线上线下结合的方式举行。,非道德
你是一位道德判断模型。根据给出的有关环境报道的新闻文本，请判断其倾向于以下哪一个维度：责任/利益、实用/理想、创新/守旧、非道德。你的回答必须只包含其中的一个维度。,马克龙说，法方欢迎中方宣布力争于 2060 年前实现碳中和，这一重大承诺体现了中方主动承担重要责任。,责任/利益
你是一位道德判断模型。根据给出的有关环境报道的新闻文本，请判断其倾向于以下哪一个维度：责任/利益、实用/理想、创新/守旧、非道德。你的回答必须只包含其中的一个维度。,The Power of Cornwall活动得到了Cornwall和Isles of Scilly Local Enterprise Partnership的支持。,非道德
你是一位道德判断模型。根据给出的有关环境报道的新闻文本，请判断其倾向于以下哪一个维度：责任/利益、实用/理想、创新/守旧、非道德。你的回答必须只包含其中的一个维度。,在可再生能源等领域出现了新的房地产法律业务领域，年轻律师们正在崭露头角。,非道德
你是一位道德判断模型。根据给出的有关环境报道的新闻文本，请判断其倾向于以下哪一个维度：责任/利益、实用/理想、创新/守旧、非道德。你的回答必须只包含其中的一个维度。,中国为达成应对气候变化《巴黎协定》作出重要贡献，也是落实《巴黎协定》的积极践行者。今年 9 月，我宣布中国将提高国家自主贡献力度，采取更加有力的政策和措施，力争 2030 年前二氧化碳排放达到峰值，努力争取 2060 年前实现碳中和。,责任/利益
你是一位道德判断模型。根据给出的有关环境报道的新闻文本，请判断其倾向于以下哪一个维度：责任/利益、实用/理想、创新/守旧、非道德。你的回答必须只包含其中的一个维度。,该数据中心将把浸泡冷却技术推向新的高度并将为利用可再生能源进行数据处理树立新标准。BitFury 正引领该领域创新，设立新的数据中心并与我们的全球合作伙伴携手合作推进这一重要工作让我们引以为傲,创新/守旧
你是一位道德判断模型。根据给出的有关环境报道的新闻文本，请判断其倾向于以下哪一个维度：责任/利益、实用/理想、创新/守旧、非道德。你的回答必须只包含其中的一个维度。,中国要建设的现代化，是人与自然和谐共生的现代化，必须坚定不移走生态优先、绿色低碳的高质量发展道路。,责任/利益
你是一位道德判断模型。根据给出的有关环境报道的新闻文本，请判断其倾向于以下哪一个维度：责任/利益、实用/理想、创新/守旧、非道德。你的回答必须只包含其中的一个维度。,"向新上塘毛竹专业合作社依法发出《协助执行通知书》,要求其停止向辖区内的郑某某支付竹林碳汇预期收益款项，以人民币 18507 元为限。",责任/利益
你是一位道德判断模型。根据给出的有关环境报道的新闻文本，请判断其倾向于以下哪一个维度：责任/利益、实用/理想、创新/守旧、非道德。你的回答必须只包含其中的一个维度。,积极推进森林碳汇储备。,责任/利益
你是一位道德判断模型。根据给出的有关环境报道的新闻文本，请判断其倾向于以下哪一个维度：责任/利益、实用/理想、创新/守旧、非道德。你的回答必须只包含其中的一个维度。,"Speakers at Vans Today 2022 will also include experts from RED Training, Metworks, Lex Autolease, Weightmans, and Logistics UK’s Member Advice Centre.",非道德
你是一位道德判断模型。根据给出的有关环境报道的新闻文本，请判断其倾向于以下哪一个维度：责任/利益、实用/理想、创新/守旧、非道德。你的回答必须只包含其中的一个维度。,市级节水型机关 54 家。,非道德
你是一位道德判断模型。根据给出的有关环境报道的新闻文本，请判断其倾向于以下哪一个维度：责任/利益、实用/理想、创新/守旧、非道德。你的回答必须只包含其中的一个维度。,中国注重可再生能源领域发展，而且成效显著，这值得称赞,责任/利益
你是一位道德判断模型。根据给出的有关环境报道的新闻文本，请判断其倾向于以下哪一个维度：责任/利益、实用/理想、创新/守旧、非道德。你的回答必须只包含其中的一个维度。,我们的承诺延伸到整个价值链，这需要与供应商密切合作，确保我们使用的所有原材料都负责任地采购。例如，我们采购的所有木浆都来自负责任管理的森林，并得到第三方专家的认证。每使用一棵树，至少会重新种植一棵。Bounty、Charmin 和 Puffs 都是森林管理委员会 (FSC) 和雨林联盟认证的品牌，这意味着每个品牌都符合促进未来几代森林健康的严格标准。这三个品牌还投资于保护、恢复和种植森林的伙伴关系，包括与 Arbor Day Foundation 合作种植 30 万棵树，以恢复加利福尼亚州被野火摧毁的森林。,责任/利益
你是一位道德判断模型。根据给出的有关环境报道的新闻文本，请判断其倾向于以下哪一个维度：责任/利益、实用/理想、创新/守旧、非道德。你的回答必须只包含其中的一个维度。,通过分享自身的环保感悟，参与环保公益活动，共同畅想绿色、清洁的未来。,责任/利益
你是一位道德判断模型。根据给出的有关环境报道的新闻文本，请判断其倾向于以下哪一个维度：责任/利益、实用/理想、创新/守旧、非道德。你的回答必须只包含其中的一个维度。,过去由于人们盲目追求经济发展，漓江边餐馆泛滥、污水直排、开山采石，漓江流域生态受到不同程度影响。其后，桂林市落实最严的保护机制，统筹推进生态保护与城市建设融合发展，将 4 月 25 日定为‘漓江保护日’，并举办首届漓江论坛。,责任/利益
你是一位道德判断模型。根据给出的有关环境报道的新闻文本，请判断其倾向于以下哪一个维度：责任/利益、实用/理想、创新/守旧、非道德。你的回答必须只包含其中的一个维度。,要进一步深化改革开放，谋划实施新一轮国有企业改革，促进民营经济发展壮大，稳住外贸外资基本盘。,责任/利益
你是一位道德判断模型。根据给出的有关环境报道的新闻文本，请判断其倾向于以下哪一个维度：责任/利益、实用/理想、创新/守旧、非道德。你的回答必须只包含其中的一个维度。,除了依法科学判定生态修复履约金、碳汇损失赔偿金外，我们希望通过法院发出的“低碳令”，能够推动更多侵权人以低碳行为补偿对生态造成的损害，让环境破坏者成为环境守护者、低碳践行者；同时，发挥司法引领示范作用，推动社会公众形成绿色低碳生产生活方式。,责任/利益
你是一位道德判断模型。根据给出的有关环境报道的新闻文本，请判断其倾向于以下哪一个维度：责任/利益、实用/理想、创新/守旧、非道德。你的回答必须只包含其中的一个维度。,a significant crowd that gathered Friday to call for immediate action to address the threat. The rally was part of the Global Climate Strike that took place around the world.,责任/利益
你是一位道德判断模型。根据给出的有关环境报道的新闻文本，请判断其倾向于以下哪一个维度：责任/利益、实用/理想、创新/守旧、非道德。你的回答必须只包含其中的一个维度。,NHS SBS是英国国家医疗服务体系（NHS）的一个共享业务服务部门，其第二代Hard Facilities Management框架协议旨在为公共部门组织提供快速的、合规的途径，以获取全面的硬件设施物业和维护服务。,创新/守旧
你是一位道德判断模型。根据给出的有关环境报道的新闻文本，请判断其倾向于以下哪一个维度：责任/利益、实用/理想、创新/守旧、非道德。你的回答必须只包含其中的一个维度。,坚定维护国际公平正义，高举多边主义旗帜，促进营造和平稳定的发展环境,责任/利益
你是一位道德判断模型。根据给出的有关环境报道的新闻文本，请判断其倾向于以下哪一个维度：责任/利益、实用/理想、创新/守旧、非道德。你的回答必须只包含其中的一个维度。,为修复项目提供了资金支持。,责任/利益
你是一位道德判断模型。根据给出的有关环境报道的新闻文本，请判断其倾向于以下哪一个维度：责任/利益、实用/理想、创新/守旧、非道德。你的回答必须只包含其中的一个维度。,The former boss of aerospace group Cobham struck an optimistic tone that his turnround of Babcock was on track.,非道德
你是一位道德判断模型。根据给出的有关环境报道的新闻文本，请判断其倾向于以下哪一个维度：责任/利益、实用/理想、创新/守旧、非道德。你的回答必须只包含其中的一个维度。,该小组讨论了飙升的能源成本和英国脱欧对苏格兰零售业的影响，并在首次会议上考虑了如何实施苏格兰政府的零售战略，起草了帮助企业成长的优先事项。,责任/利益
你是一位道德判断模型。根据给出的有关环境报道的新闻文本，请判断其倾向于以下哪一个维度：责任/利益、实用/理想、创新/守旧、非道德。你的回答必须只包含其中的一个维度。,中国国家主席习近平呼吁各国加强气候变化治理的合作与共赢，推动绿色复苏，提高全球气候治理的雄心。中国作为巴黎协定的重要参与者和实施者，有决心和雄心应对气候变化。中国宣布将在2030年前实现碳排放达峰，在2060年前实现碳中和，并提出了进一步的减排目标。,责任/利益
你是一位道德判断模型。根据给出的有关环境报道的新闻文本，请判断其倾向于以下哪一个维度：责任/利益、实用/理想、创新/守旧、非道德。你的回答必须只包含其中的一个维度。,今年的 G20 峰会正在德国汉堡举行，尽管城市中一些地方的创伤需要时间才能愈合，但会议仍在进行。,非道德
你是一位道德判断模型。根据给出的有关环境报道的新闻文本，请判断其倾向于以下哪一个维度：责任/利益、实用/理想、创新/守旧、非道德。你的回答必须只包含其中的一个维度。,du 与 ZainTech 合作，利用物联网、无人机等服务，帮助阿联酋的企业和政府实现数字化转型。,创新/守旧
你是一位道德判断模型。根据给出的有关环境报道的新闻文本，请判断其倾向于以下哪一个维度：责任/利益、实用/理想、创新/守旧、非道德。你的回答必须只包含其中的一个维度。,"Hyundai Motor America focuses on‘Progress for Humanity’and smart mobility solutions. Hyundai offers U.S. consumers a technology-rich lineup of cars, SUVs and electrified vehicles.",责任/利益
你是一位道德判断模型。根据给出的有关环境报道的新闻文本，请判断其倾向于以下哪一个维度：责任/利益、实用/理想、创新/守旧、非道德。你的回答必须只包含其中的一个维度。,"发布了《全国生态日湖州倡议》,向全社会倡议坚定不移践行绿色发展理念、倡导绿色低碳生活、改善生态环境质量、建设和美乡村、健全生态保护制度、弘扬生态文化、推进共建共享",责任/利益
你是一位道德判断模型。根据给出的有关环境报道的新闻文本，请判断其倾向于以下哪一个维度：责任/利益、实用/理想、创新/守旧、非道德。你的回答必须只包含其中的一个维度。,确定了电子信息、装备制造、新材料和智能制造等产业重点，也对各省不同程度涉及的轻纺、煤炭、有色、冶金、化工和建材等传统产业转型升级做出了安排。,创新/守旧
你是一位道德判断模型。根据给出的有关环境报道的新闻文本，请判断其倾向于以下哪一个维度：责任/利益、实用/理想、创新/守旧、非道德。你的回答必须只包含其中的一个维度。,"Jacobs joins original members Atkins and Mott MacDonald for a five-year term, taking the place of WSP, which was also one of the partners when the partnership was established in 2017.",非道德
你是一位道德判断模型。根据给出的有关环境报道的新闻文本，请判断其倾向于以下哪一个维度：责任/利益、实用/理想、创新/守旧、非道德。你的回答必须只包含其中的一个维度。,相关部门也应积极引导绿色低碳消费，以更多绿色需求牵引产业供给。根据发达国家碳排放的规律，随着城镇化率的不断提升，汽车、建筑用能消费将成为碳排放的“新高地”，这就启示我们加大对新能源汽车、绿色建筑等领域的消费引导，助推制造体系持续“绿化”,责任/利益
你是一位道德判断模型。根据给出的有关环境报道的新闻文本，请判断其倾向于以下哪一个维度：责任/利益、实用/理想、创新/守旧、非道德。你的回答必须只包含其中的一个维度。,国务院总理李强强调，要坚定维护以习近平同志为核心的党中央权威和集中统一领导，全面贯彻党的二十大精神，紧紧围绕新时代新征程党的中心任务开展工作，为全面建设社会主义现代化国家、实现中华民族伟大复兴的中国梦不懈奋斗。,责任/利益
你是一位道德判断模型。根据给出的有关环境报道的新闻文本，请判断其倾向于以下哪一个维度：责任/利益、实用/理想、创新/守旧、非道德。你的回答必须只包含其中的一个维度。,Puration公司计划推出大麻替代品，以颠覆价值6000亿美元的木材市场，同时推出一种更环保的钢材替代品。,创新/守旧
你是一位道德判断模型。根据给出的有关环境报道的新闻文本，请判断其倾向于以下哪一个维度：责任/利益、实用/理想、创新/守旧、非道德。你的回答必须只包含其中的一个维度。,苏格兰和英国政府被呼吁提供紧急支持，以帮助那些因燃料价格上涨而苦苦挣扎的人们,实用/理想
你是一位道德判断模型。根据给出的有关环境报道的新闻文本，请判断其倾向于以下哪一个维度：责任/利益、实用/理想、创新/守旧、非道德。你的回答必须只包含其中的一个维度。,相关部门也应积极引导绿色低碳消费，以更多绿色需求牵引产业供给,责任/利益
你是一位道德判断模型。根据给出的有关环境报道的新闻文本，请判断其倾向于以下哪一个维度：责任/利益、实用/理想、创新/守旧、非道德。你的回答必须只包含其中的一个维度。,在习近平生态文明思想的指引下，中国政府坚持山水林田湖草沙一体化保护和系统治理，生态环境保护发生历史性、转折性、全局性变化，美丽中国建设迈出重大步伐。,责任/利益
你是一位道德判断模型。根据给出的有关环境报道的新闻文本，请判断其倾向于以下哪一个维度：责任/利益、实用/理想、创新/守旧、非道德。你的回答必须只包含其中的一个维度。,兰博基尼也在开发合成燃料。,创新/守旧
你是一位道德判断模型。根据给出的有关环境报道的新闻文本，请判断其倾向于以下哪一个维度：责任/利益、实用/理想、创新/守旧、非道德。你的回答必须只包含其中的一个维度。,陕西省生态环境厅启动了‘陕西省公众监督和环境宣教人员培训项目’，并确定了西安市、咸阳市、渭南市为大气污染公众监督员开展工作的试点城市。,责任/利益
你是一位道德判断模型。根据给出的有关环境报道的新闻文本，请判断其倾向于以下哪一个维度：责任/利益、实用/理想、创新/守旧、非道德。你的回答必须只包含其中的一个维度。,家庭教育指导师、研学旅行指导师是 18 个新职业中引发最多讨论的，因为教育与每个家庭息息相关。,责任/利益
你是一位道德判断模型。根据给出的有关环境报道的新闻文本，请判断其倾向于以下哪一个维度：责任/利益、实用/理想、创新/守旧、非道德。你的回答必须只包含其中的一个维度。,Senator Markey and Representative Ocasio-Cortez are telling the truth about what it will actually take to prevent climate catastrophe--a WWII-scale Climate Mobilization that eliminates greenhouse gas emissions in 10 years and draws down excess GHGs from the atmosphere.,责任/利益
你是一位道德判断模型。根据给出的有关环境报道的新闻文本，请判断其倾向于以下哪一个维度：责任/利益、实用/理想、创新/守旧、非道德。你的回答必须只包含其中的一个维度。,2022 年第 23 届中国国际建筑智能化峰会将正式拉开帷幕，本届峰会主题为‘数智赋能，碳索新未来’，届时将携手全球知名建筑智能化品牌及专家，共同分享 AI、云计算、大数据、IoT、智慧城市、智能家居、智慧安防等热点话题与最新技术应用，并探讨如何打造‘更低碳、更安全、更稳定、更开放’的行业生态，助力‘双碳’目标的实现。,创新/守旧
你是一位道德判断模型。根据给出的有关环境报道的新闻文本，请判断其倾向于以下哪一个维度：责任/利益、实用/理想、创新/守旧、非道德。你的回答必须只包含其中的一个维度。,正式发布了《储能用锂离子电池系统安全评测技术规范》和《预制舱式锂离子电池储能系统火灾抑制装置测试方法》两项团体标准，并于今年 3 月 15 日已正式实施。,责任/利益
你是一位道德判断模型。根据给出的有关环境报道的新闻文本，请判断其倾向于以下哪一个维度：责任/利益、实用/理想、创新/守旧、非道德。你的回答必须只包含其中的一个维度。,有迫切需要让政府、企业和所有社会阶层团结起来，解决与环境保护和社会不公有关的议题，为所有人建立可持续的未来。,责任/利益
你是一位道德判断模型。根据给出的有关环境报道的新闻文本，请判断其倾向于以下哪一个维度：责任/利益、实用/理想、创新/守旧、非道德。你的回答必须只包含其中的一个维度。,美国国务卿布林肯周六警告中国外交部长王毅，如果中国向俄罗斯提供物质支持，将会有后果，并表示华盛顿担心北京正在考虑向莫斯科提供武器。,责任/利益
你是一位道德判断模型。根据给出的有关环境报道的新闻文本，请判断其倾向于以下哪一个维度：责任/利益、实用/理想、创新/守旧、非道德。你的回答必须只包含其中的一个维度。,Ecocert创建了可持续健康中心第三方认证，以认可并推广那些致力于环保产品和服务的中心。,责任/利益
你是一位道德判断模型。根据给出的有关环境报道的新闻文本，请判断其倾向于以下哪一个维度：责任/利益、实用/理想、创新/守旧、非道德。你的回答必须只包含其中的一个维度。,根据气候行动追踪器（CAT）的数据，如果中国能在2060年前实现碳中和，将单独降低全球变暖预测约0.2至0.3摄氏度，这是CAT有史以来估计的最大单降。,非道德
你是一位道德判断模型。根据给出的有关环境报道的新闻文本，请判断其倾向于以下哪一个维度：责任/利益、实用/理想、创新/守旧、非道德。你的回答必须只包含其中的一个维度。,该计划以及其其他工作流程得到了 We Mean Business 联盟的支持。,责任/利益
你是一位道德判断模型。根据给出的有关环境报道的新闻文本，请判断其倾向于以下哪一个维度：责任/利益、实用/理想、创新/守旧、非道德。你的回答必须只包含其中的一个维度。,未来五年，门头沟将积极探索生态环境保护与经济文化发展协同共进的创新之路，推动区域高质量发展。不断优化生态环境质量，推动永定河综合治理和生态修复，坚持 PM2.5 和臭氧污染协同治理，创建国家森林城市和国家环境保护模范城市。创新生态保护机制，开展生态产品价值实现机制的实践研究，主动融入全市‘碳中和’行动，构建跨区域联动的生态环境监管体系，切实筑牢首都西部生态屏障。,责任/利益
你是一位道德判断模型。根据给出的有关环境报道的新闻文本，请判断其倾向于以下哪一个维度：责任/利益、实用/理想、创新/守旧、非道德。你的回答必须只包含其中的一个维度。,要坚持不懈全力搜捕，坚持科技与传统相结合，增加监控摄像头布点，进一步扩大搜捕范围。要加强分析研判，充分重视专家意见，根据金钱豹习性科学安排搜捕工作。要整合各方力量，形成统抓统管和网格化全覆盖搜捕工作格局，力争尽早捕获外逃金钱豹，全力保障广大人民群众的生命和财产安全。,责任/利益
你是一位道德判断模型。根据给出的有关环境报道的新闻文本，请判断其倾向于以下哪一个维度：责任/利益、实用/理想、创新/守旧、非道德。你的回答必须只包含其中的一个维度。,CWT加强政策，提高对人口贩卖的意识和教育，并与利益相关者和公共领导开展更紧密的合作。该公司为所有员工发起了“携手世界”全球挑战，支持ECPAT International。,责任/利益
你是一位道德判断模型。根据给出的有关环境报道的新闻文本，请判断其倾向于以下哪一个维度：责任/利益、实用/理想、创新/守旧、非道德。你的回答必须只包含其中的一个维度。,"COP28 presents a “real opportunity” to review progress, get the world back on course and accelerate the transition to a sustainable economy.",责任/利益
你是一位道德判断模型。根据给出的有关环境报道的新闻文本，请判断其倾向于以下哪一个维度：责任/利益、实用/理想、创新/守旧、非道德。你的回答必须只包含其中的一个维度。,审理新业态新模式生产服务消费案件，要强化对新类型环境权益交易模式、资源要素市场创新的规则指引；审理温室气体排放民事侵权案件、大气污染防治行政、刑事案件，要坚持生态修复优先，处理好固碳和增汇的关系，积极引导和规范侵权人购买碳汇产品折抵赔偿碳汇损失、生态环境受到损害至修复完成期间服务功能丧失导致的损失。,责任/利益
你是一位道德判断模型。根据给出的有关环境报道的新闻文本，请判断其倾向于以下哪一个维度：责任/利益、实用/理想、创新/守旧、非道德。你的回答必须只包含其中的一个维度。,华为ICT基础设施业务首席营销官Kevin Zhang在主旨演讲中解释了如何利用数字技术帮助减少碳排放，推动企业走向绿色。,责任/利益
你是一位道德判断模型。根据给出的有关环境报道的新闻文本，请判断其倾向于以下哪一个维度：责任/利益、实用/理想、创新/守旧、非道德。你的回答必须只包含其中的一个维度。,中国政府大力发展清洁能源，大力整治污染排放，都预示着国家在环境保护方面的决心,责任/利益
你是一位道德判断模型。根据给出的有关环境报道的新闻文本，请判断其倾向于以下哪一个维度：责任/利益、实用/理想、创新/守旧、非道德。你的回答必须只包含其中的一个维度。,ZeroAvia计划在英格兰设立工厂。,责任/利益
你是一位道德判断模型。根据给出的有关环境报道的新闻文本，请判断其倾向于以下哪一个维度：责任/利益、实用/理想、创新/守旧、非道德。你的回答必须只包含其中的一个维度。,My Forest Armenia (MFA) 是一个致力于种植树木和资助科学研究的非营利组织。DeciBio 选择与 MFA 合作，是由于他们的致力于种植和培育树木、将全部资金用于再造林以及他们的科学方法和团队。,责任/利益
你是一位道德判断模型。根据给出的有关环境报道的新闻文本，请判断其倾向于以下哪一个维度：责任/利益、实用/理想、创新/守旧、非道德。你的回答必须只包含其中的一个维度。,国际原子能机构表示，小型模块化反应堆（SMRs）的经济竞争力仍有待实践证明。,非道德
你是一位道德判断模型。根据给出的有关环境报道的新闻文本，请判断其倾向于以下哪一个维度：责任/利益、实用/理想、创新/守旧、非道德。你的回答必须只包含其中的一个维度。,2021 年，中国移动着力布局 9 大行业创新平台，携手行业伙伴打造 200 个 5G 龙头示范标杆，累计拓展超过 6400 个 5G 商用案例；发布“心级服务”品牌，全场次直播东京奥运会、北京冬奥会等重大赛事和活动，满足人民群众美好数字生活需要；提升应急通信保障水平，完成各类重大活动通信及网络安全保障工作；积极防范打击通信网络违法犯罪，强化个人隐私保护力度，全力确保网络和信息安全。,责任/利益
你是一位道德判断模型。根据给出的有关环境报道的新闻文本，请判断其倾向于以下哪一个维度：责任/利益、实用/理想、创新/守旧、非道德。你的回答必须只包含其中的一个维度。,苏格兰计划到 2045 年实现净零排放，并表示所有建筑都需要在未来二十年进行翻新和脱碳,责任/利益
你是一位道德判断模型。根据给出的有关环境报道的新闻文本，请判断其倾向于以下哪一个维度：责任/利益、实用/理想、创新/守旧、非道德。你的回答必须只包含其中的一个维度。,Ignasi Cubina 是一位生物学家转型的商人，他偶然进入了可持续建筑行业，并成立了 Eco Intelligent Growth 公司，致力于循环经济和绿色建筑的原则。,责任/利益
你是一位道德判断模型。根据给出的有关环境报道的新闻文本，请判断其倾向于以下哪一个维度：责任/利益、实用/理想、创新/守旧、非道德。你的回答必须只包含其中的一个维度。,要巩固拓展中央生态环保督察整改成果，紧盯问题持续攻坚，统筹联动深化整改，着力解决重金属污染、洞庭湖生态疏浚和总磷污染、农业面源污染、黑臭水体、生活垃圾处理短板等问题，举一反三、以点带面，不断把整改工作引向深入。,责任/利益
你是一位道德判断模型。根据给出的有关环境报道的新闻文本，请判断其倾向于以下哪一个维度：责任/利益、实用/理想、创新/守旧、非道德。你的回答必须只包含其中的一个维度。,根据《上海证券交易所上市公司回购股份实施细则》等相关法律法规及规范性文件的规定，公司在回购股份期间，应于每个月的前 3 个交易日内公告截至上月末的回购进展情况，具体如下：,非道德
你是一位道德判断模型。根据给出的有关环境报道的新闻文本，请判断其倾向于以下哪一个维度：责任/利益、实用/理想、创新/守旧、非道德。你的回答必须只包含其中的一个维度。,NNPC chief Mele Kyari also said last year that private companies would run the refineries once they were rehabilitated.,非道德
你是一位道德判断模型。根据给出的有关环境报道的新闻文本，请判断其倾向于以下哪一个维度：责任/利益、实用/理想、创新/守旧、非道德。你的回答必须只包含其中的一个维度。,石化化工企业应积极采用清洁生产技术装备，从源头促进工业废物“减量化”，同时还要不断提高能源效率，通过提效实现生产过程降碳。,责任/利益
你是一位道德判断模型。根据给出的有关环境报道的新闻文本，请判断其倾向于以下哪一个维度：责任/利益、实用/理想、创新/守旧、非道德。你的回答必须只包含其中的一个维度。,"报告预测，铜价将在2025年达到每吨15,000美元。我们预计铜价在2021年平均为每吨9,675美元，2022年为每吨11,875美元，2023年为每吨12,000美元，然后在2024年大幅上升至每吨14,000美元，2025年达到每吨15,000美元。在这种情况下，我们将12个月的目標价上调至每吨11,000美元。",非道德
你是一位道德判断模型。根据给出的有关环境报道的新闻文本，请判断其倾向于以下哪一个维度：责任/利益、实用/理想、创新/守旧、非道德。你的回答必须只包含其中的一个维度。,Transport for Greater Manchester为Belle Vue Manchester提供了必要的资金，用于升级其车队，以确保这些车辆符合清洁空气区的要求。,责任/利益
你是一位道德判断模型。根据给出的有关环境报道的新闻文本，请判断其倾向于以下哪一个维度：责任/利益、实用/理想、创新/守旧、非道德。你的回答必须只包含其中的一个维度。,在投票前，一位业内人士表示，该法案将定义公用事业对发电资产的所有权，这是投票前大家最关心的问题。,非道德
你是一位道德判断模型。根据给出的有关环境报道的新闻文本，请判断其倾向于以下哪一个维度：责任/利益、实用/理想、创新/守旧、非道德。你的回答必须只包含其中的一个维度。,Ofgem’s failures to effectively regulate energy suppliers as far back as 2018 have“come at a considerable cost”to households.,责任/利益
你是一位道德判断模型。根据给出的有关环境报道的新闻文本，请判断其倾向于以下哪一个维度：责任/利益、实用/理想、创新/守旧、非道德。你的回答必须只包含其中的一个维度。,电动汽车智能充电器提供商Ohme已经看到来自房屋开发商和建筑公司的需求激增。,非道德
你是一位道德判断模型。根据给出的有关环境报道的新闻文本，请判断其倾向于以下哪一个维度：责任/利益、实用/理想、创新/守旧、非道德。你的回答必须只包含其中的一个维度。,加大民生实事工程、政府投资项目协调推进力度，创造更多类似“微幸福”民生工程的创新举措，高水平用好“大数据 + 网格化 + 铁脚板”工作机制，充分发挥国企担当，办好群众身边的每一件“关键小事”。,责任/利益
你是一位道德判断模型。根据给出的有关环境报道的新闻文本，请判断其倾向于以下哪一个维度：责任/利益、实用/理想、创新/守旧、非道德。你的回答必须只包含其中的一个维度。,兴 Ji 表示，华龙一号配备了主动和被动安全系统，被动安全系统在紧急情况下可以提供额外保护。,非道德
你是一位道德判断模型。根据给出的有关环境报道的新闻文本，请判断其倾向于以下哪一个维度：责任/利益、实用/理想、创新/守旧、非道德。你的回答必须只包含其中的一个维度。,推进蓝碳国际合作，服务好海南扎实推进生态文明建设的‘国之大者’，有利于海南加快发展方式的绿色转型，有利于进一步推动我国与周边国家的务实合作,责任/利益
你是一位道德判断模型。根据给出的有关环境报道的新闻文本，请判断其倾向于以下哪一个维度：责任/利益、实用/理想、创新/守旧、非道德。你的回答必须只包含其中的一个维度。,Old Library将被重新开放，打造一个增强的画廊空间和研讨会。,创新/守旧
你是一位道德判断模型。根据给出的有关环境报道的新闻文本，请判断其倾向于以下哪一个维度：责任/利益、实用/理想、创新/守旧、非道德。你的回答必须只包含其中的一个维度。,早在 1985 年国务院即发布有关政策帮助改善铜冶炼行业工艺技术，此后多项国家政策及标准陆续出台，为铜箔行业规范发展提供了政策基础。近年来，受产能过剩、低碳经济等因素影响，铜箔行业相关政策重点主要集中在限制行业产能过度扩张，对行业准入、能耗、污染排放等提出明确要求，加大废铜资源再生利用等。,责任/利益
你是一位道德判断模型。根据给出的有关环境报道的新闻文本，请判断其倾向于以下哪一个维度：责任/利益、实用/理想、创新/守旧、非道德。你的回答必须只包含其中的一个维度。,Chief Minister B.S. Yediyurappa is eyeing global firms to create jobs through investment in the southern state,责任/利益
你是一位道德判断模型。根据给出的有关环境报道的新闻文本，请判断其倾向于以下哪一个维度：责任/利益、实用/理想、创新/守旧、非道德。你的回答必须只包含其中的一个维度。,全面节约战略有效实施。天津市建立高耗能、高排放项目管理台账，严格执行固定资产投资项目节能审查，形成 12 个行业、17 家企业、31 套生产装置的能效清单。,责任/利益
你是一位道德判断模型。根据给出的有关环境报道的新闻文本，请判断其倾向于以下哪一个维度：责任/利益、实用/理想、创新/守旧、非道德。你的回答必须只包含其中的一个维度。,我国碳达峰碳中和'1+N'政策体系已基本建立，下一阶段，应抓紧完善相关政策措施，推动各项工作落实落细，同时加强调查研究和形势研判，密切跟踪'双碳'领域出现的新形势、新情况、新动向，及时研究提出政策建议。,责任/利益
你是一位道德判断模型。根据给出的有关环境报道的新闻文本，请判断其倾向于以下哪一个维度：责任/利益、实用/理想、创新/守旧、非道德。你的回答必须只包含其中的一个维度。,云南省机关事务局宣读《带头践行绿色生活方式倡议 做绿美云南建设的重要参与者、贡献者、引领者》倡议，旨在通过丰富多彩的活动，提高全社会生态文明意识，增强全民生态环境保护的思想自觉和行动自觉，推动形成绿色低碳的生产方式和生活方式。,责任/利益
你是一位道德判断模型。根据给出的有关环境报道的新闻文本，请判断其倾向于以下哪一个维度：责任/利益、实用/理想、创新/守旧、非道德。你的回答必须只包含其中的一个维度。,绿色发展是实现高质量发展的必由之路。将围绕绿色发展深化改革，完善和落实主体功能区制度，深化河湖长制，统筹实施山水林田湖草沙系统治理。特别是加强黄河流域水土保持和生态修复，打造可复制推广的绿水青山和金山银山转化的示范典型。,责任/利益
你是一位道德判断模型。根据给出的有关环境报道的新闻文本，请判断其倾向于以下哪一个维度：责任/利益、实用/理想、创新/守旧、非道德。你的回答必须只包含其中的一个维度。,要从数字产业化和产业数字化入手，强化数字技术与环保产业的深度融合，加快推进数字环保、智慧环保，为精准、科学、依法治污提供信息化支撑。,责任/利益
你是一位道德判断模型。根据给出的有关环境报道的新闻文本，请判断其倾向于以下哪一个维度：责任/利益、实用/理想、创新/守旧、非道德。你的回答必须只包含其中的一个维度。,"IP3 Corporation和Green Energy Partners, LLC同意共同推进清洁、绿色的能源项目，建立Surry Green Energy Center, LLC，以实施针对弗吉尼亚州基荷和工业能源需求的创新商业计划。",创新/守旧
你是一位道德判断模型。根据给出的有关环境报道的新闻文本，请判断其倾向于以下哪一个维度：责任/利益、实用/理想、创新/守旧、非道德。你的回答必须只包含其中的一个维度。,该数据中心将把浸泡冷却技术推向新的高度并将为利用可再生能源进行数据处理树立新标准。BitFury 正引领该领域创新，设立新的数据中心并与我们的全球合作伙伴携手合作推进这一重要工作让我们引以为傲,创新/守旧
你是一位道德判断模型。根据给出的有关环境报道的新闻文本，请判断其倾向于以下哪一个维度：责任/利益、实用/理想、创新/守旧、非道德。你的回答必须只包含其中的一个维度。,Spilt Milk Pastry 位于 Oak Park 地区，这是一个位于南大道 811 号的地方。,非道德
你是一位道德判断模型。根据给出的有关环境报道的新闻文本，请判断其倾向于以下哪一个维度：责任/利益、实用/理想、创新/守旧、非道德。你的回答必须只包含其中的一个维度。,Budapest 的新当选市长，承诺将匈牙利首都变成一个'绿色和公正'的城市，给 Viktor Orbán 的右翼民族主义政府沉重一击。,责任/利益
你是一位道德判断模型。根据给出的有关环境报道的新闻文本，请判断其倾向于以下哪一个维度：责任/利益、实用/理想、创新/守旧、非道德。你的回答必须只包含其中的一个维度。,要深入推进环境污染防治，持续改善生态环境质量，积极稳妥推进碳达峰碳中和。,责任/利益
你是一位道德判断模型。根据给出的有关环境报道的新闻文本，请判断其倾向于以下哪一个维度：责任/利益、实用/理想、创新/守旧、非道德。你的回答必须只包含其中的一个维度。,Shaw加入了世界绿色建筑委员会发起的净零碳排放建筑承诺。,责任/利益
你是一位道德判断模型。根据给出的有关环境报道的新闻文本，请判断其倾向于以下哪一个维度：责任/利益、实用/理想、创新/守旧、非道德。你的回答必须只包含其中的一个维度。,认真聆听了党的二十大报告，感到特别振奋、特别激动。今后，要更好地履职尽责，全力抓好国务院、省稳经济一揽子政策和接续政策的落实，研究针对鞍山的政策举措，制定形成我市组合式政策包，稳住宏观经济运行，努力将疫情对经济的影响降到最低，稳住经济基本盘，为鞍山高质量发展贡献力量。,责任/利益
你是一位道德判断模型。根据给出的有关环境报道的新闻文本，请判断其倾向于以下哪一个维度：责任/利益、实用/理想、创新/守旧、非道德。你的回答必须只包含其中的一个维度。,"“We are really delighted to receive this triple B assessment from MSCI’S ESG rating, which justifies our confidence and motivates us to further improve ESG-related practices and continue to focus on sustainable development strategies” said Daniel Huang, CEO & founder of GoodWe",实用/理想
你是一位道德判断模型。根据给出的有关环境报道的新闻文本，请判断其倾向于以下哪一个维度：责任/利益、实用/理想、创新/守旧、非道德。你的回答必须只包含其中的一个维度。,全球零售服饰领导企业，发布了全新的环境、社会和公司治理（ESG）报告，系统呈现了该公司在赋权女性、创造机会、造福社区等三大方面的目标、所做努力和所取得的成果。,实用/理想
你是一位道德判断模型。根据给出的有关环境报道的新闻文本，请判断其倾向于以下哪一个维度：责任/利益、实用/理想、创新/守旧、非道德。你的回答必须只包含其中的一个维度。,贷款开出村里第一个农家乐，通过登广告等方式吸引客源。,实用/理想
你是一位道德判断模型。根据给出的有关环境报道的新闻文本，请判断其倾向于以下哪一个维度：责任/利益、实用/理想、创新/守旧、非道德。你的回答必须只包含其中的一个维度。,在发展方式方面，积极构建以国内大循环为主体、国内国际双循环相互促进的新发展格局，增加新要素和制度性投入，以绿色低碳的新制造、新增长路径为引领，加快建立以创新驱动和绿色低碳为导向的经济体系。,创新/守旧
你是一位道德判断模型。根据给出的有关环境报道的新闻文本，请判断其倾向于以下哪一个维度：责任/利益、实用/理想、创新/守旧、非道德。你的回答必须只包含其中的一个维度。,Jessica Klodnicki是一位户外行业和自行车专家，她在消费者电子产品领导者Skullcandy担任首席营销官，为消费者提供鼓舞人心的体验。她将帮助The Pro's Closet实现这一共同目标，同时在多个功能领域提供有价值的见解和经验。,实用/理想
你是一位道德判断模型。根据给出的有关环境报道的新闻文本，请判断其倾向于以下哪一个维度：责任/利益、实用/理想、创新/守旧、非道德。你的回答必须只包含其中的一个维度。,经常乘坐火车的王小姐受访表示，“台铁只要做到安全、准点就够了”,非道德
你是一位道德判断模型。根据给出的有关环境报道的新闻文本，请判断其倾向于以下哪一个维度：责任/利益、实用/理想、创新/守旧、非道德。你的回答必须只包含其中的一个维度。,征求对省第十四次党代会报告的意见和建议,责任/利益
你是一位道德判断模型。根据给出的有关环境报道的新闻文本，请判断其倾向于以下哪一个维度：责任/利益、实用/理想、创新/守旧、非道德。你的回答必须只包含其中的一个维度。,中国为达成应对气候变化《巴黎协定》作出重要贡献，也是落实《巴黎协定》的积极践行者。,责任/利益
你是一位道德判断模型。根据给出的有关环境报道的新闻文本，请判断其倾向于以下哪一个维度：责任/利益、实用/理想、创新/守旧、非道德。你的回答必须只包含其中的一个维度。,力争 2030 年前实现碳达峰、2060 年前实现碳中和，是以习近平同志为核心的党中央站在中华民族永续发展和构建人类命运共同体的高度，经过深思熟虑作出的重大战略决策，是一场广泛而深刻的经济社会系统性变革。,责任/利益
你是一位道德判断模型。根据给出的有关环境报道的新闻文本，请判断其倾向于以下哪一个维度：责任/利益、实用/理想、创新/守旧、非道德。你的回答必须只包含其中的一个维度。,"Prior to being awarded the City of Phoenix contract, ECM Technologies conducted extensive pilot programs on a variety of operational buildings, including Arizona State University.",实用/理想
你是一位道德判断模型。根据给出的有关环境报道的新闻文本，请判断其倾向于以下哪一个维度：责任/利益、实用/理想、创新/守旧、非道德。你的回答必须只包含其中的一个维度。,Hino和Fuso将利用此次合作实现技术进步，主要是在自动驾驶领域，并挑战每年全球销售量与Hino和Fuso总和相当的Isuzu。,责任/利益
你是一位道德判断模型。根据给出的有关环境报道的新闻文本，请判断其倾向于以下哪一个维度：责任/利益、实用/理想、创新/守旧、非道德。你的回答必须只包含其中的一个维度。,McLaren F1 车队在十年前获得了碳中性认证，并在去年 9 月承诺将可持续性作为公司核心。,责任/利益
你是一位道德判断模型。根据给出的有关环境报道的新闻文本，请判断其倾向于以下哪一个维度：责任/利益、实用/理想、创新/守旧、非道德。你的回答必须只包含其中的一个维度。,华龙一号的设计师兴 Ji 在接受新华社独家采访时表示，我们期待在核能领域与其他国家开展更广泛的合作。,责任/利益
你是一位道德判断模型。根据给出的有关环境报道的新闻文本，请判断其倾向于以下哪一个维度：责任/利益、实用/理想、创新/守旧、非道德。你的回答必须只包含其中的一个维度。,'十四五'期间，国家林草局将深入推进大规模国土绿化行动，科学布局和组织实施一批区域性系统治理示范项目，多形式多途径推动增绿增汇，增绿的过程实际也是增汇的过程。,责任/利益
你是一位道德判断模型。根据给出的有关环境报道的新闻文本，请判断其倾向于以下哪一个维度：责任/利益、实用/理想、创新/守旧、非道德。你的回答必须只包含其中的一个维度。,英国政府表示，该煤矿将使用煤炭生产钢铁，而不是发电。政府表示，这个位于英格兰西北部坎布里亚地区的煤矿将有一个“对气候变化的整体中性影响”，因此符合政府应对气候变化的挑战的政策。,创新/守旧
你是一位道德判断模型。根据给出的有关环境报道的新闻文本，请判断其倾向于以下哪一个维度：责任/利益、实用/理想、创新/守旧、非道德。你的回答必须只包含其中的一个维度。,Ecocert家庭和个人护理认证经理Barbara Pruvost表示：“许多专业人士都在进行有益于环境的举措，但他们不知道如何宣传自己的成果，担心被指责为漂绿或不合法。Ecocert设计的可持续健康中心认证将使他们更好地结构化和推广自己的行动，鼓励他们的工作，并帮助他们更进一步，采取一致的、全面的方法。”,实用/理想
你是一位道德判断模型。根据给出的有关环境报道的新闻文本，请判断其倾向于以下哪一个维度：责任/利益、实用/理想、创新/守旧、非道德。你的回答必须只包含其中的一个维度。,发达国家要切实加大向发展中国家提供资金、技术、能力建设支持。,责任/利益
你是一位道德判断模型。根据给出的有关环境报道的新闻文本，请判断其倾向于以下哪一个维度：责任/利益、实用/理想、创新/守旧、非道德。你的回答必须只包含其中的一个维度。,Stryten Energy 是一家美国能源存储解决方案提供商，其先进的钒氧化还原流电池（VRFB）技术提供中长时储能，帮助确保电网稳定，并促进美国企业和消费者对太阳能的利用。,实用/理想
你是一位道德判断模型。根据给出的有关环境报道的新闻文本，请判断其倾向于以下哪一个维度：责任/利益、实用/理想、创新/守旧、非道德。你的回答必须只包含其中的一个维度。,主持召开小安溪河长制工作座谈会，审议小安溪'一河一策'方案，强调加强生态文明建设，全面深入推进河长制，加大系统治理力度，推动水环境持续向好，加强河长制落实，巩固提升管水治水成效,责任/利益
你是一位道德判断模型。根据给出的有关环境报道的新闻文本，请判断其倾向于以下哪一个维度：责任/利益、实用/理想、创新/守旧、非道德。你的回答必须只包含其中的一个维度。,积极落实《巴黎协定》，提前完成 2020 年应对气候变化相关目标；作出‘到 2030 年，中国单位国内生产总值二氧化碳排放将比 2005 年下降 65% 以上，非化石能源占一次能源消费比重将达到 25% 左右’等庄严承诺。,责任/利益
你是一位道德判断模型。根据给出的有关环境报道的新闻文本，请判断其倾向于以下哪一个维度：责任/利益、实用/理想、创新/守旧、非道德。你的回答必须只包含其中的一个维度。,美国海洋能源管理署已举行10次竞争性租赁拍卖，推动美国海上风电发展。,责任/利益
你是一位道德判断模型。根据给出的有关环境报道的新闻文本，请判断其倾向于以下哪一个维度：责任/利益、实用/理想、创新/守旧、非道德。你的回答必须只包含其中的一个维度。,加纳总统阿库福-阿多与联合国副秘书长讨论了疫情恢复、维持和平和投资非洲青年。,责任/利益
你是一位道德判断模型。根据给出的有关环境报道的新闻文本，请判断其倾向于以下哪一个维度：责任/利益、实用/理想、创新/守旧、非道德。你的回答必须只包含其中的一个维度。,市府大楼的新建筑需要在其场地上产生所有必要的电力，而大型太阳能电池板安装是满足预计需求的唯一途径。,实用/理想
你是一位道德判断模型。根据给出的有关环境报道的新闻文本，请判断其倾向于以下哪一个维度：责任/利益、实用/理想、创新/守旧、非道德。你的回答必须只包含其中的一个维度。,现代和大众等竞争对手已经表示要转向电池动力，但丰田将努力保留内燃机。,创新/守旧
你是一位道德判断模型。根据给出的有关环境报道的新闻文本，请判断其倾向于以下哪一个维度：责任/利益、实用/理想、创新/守旧、非道德。你的回答必须只包含其中的一个维度。,作为一家具有深厚本地根基和长期增长视角的银行，我们非常适应该地区所提供的机遇。我们的品牌承诺是我们所有决策的核心，这一重点不会改变。,责任/利益
你是一位道德判断模型。根据给出的有关环境报道的新闻文本，请判断其倾向于以下哪一个维度：责任/利益、实用/理想、创新/守旧、非道德。你的回答必须只包含其中的一个维度。,该公司将投资于低碳燃料创新和自然气候解决方案。它希望到2030年在所有迪士尼拥有的和运营的主题公园和度假胜地实现零填埋废物，并至少在产品中使用30%的回收塑料。,实用/理想
你是一位道德判断模型。根据给出的有关环境报道的新闻文本，请判断其倾向于以下哪一个维度：责任/利益、实用/理想、创新/守旧、非道德。你的回答必须只包含其中的一个维度。,将保持宏观政策的连续性、稳定性、可持续性，不搞‘急转弯’，要继续实施积极的财政政策、稳健的货币政策和就业优先政策。,实用/理想
你是一位道德判断模型。根据给出的有关环境报道的新闻文本，请判断其倾向于以下哪一个维度：责任/利益、实用/理想、创新/守旧、非道德。你的回答必须只包含其中的一个维度。,在全面推进美丽中国建设，加快推进人与自然和谐共生的现代化的过程中，我们要重点关注四个“重大转变”，正确处理好五组“重大关系”，扎实地推进“双碳”工作，共同建设好我们的“美丽家园”!,责任/利益
你是一位道德判断模型。根据给出的有关环境报道的新闻文本，请判断其倾向于以下哪一个维度：责任/利益、实用/理想、创新/守旧、非道德。你的回答必须只包含其中的一个维度。,法治是碳达峰、碳中和目标实现的根本保障，碳排放管理法治化需要宏观层面上的法律框架、管理体制、绿色发展规划的引领，还需要微观层面上相关法律制度的补强。,责任/利益
你是一位道德判断模型。根据给出的有关环境报道的新闻文本，请判断其倾向于以下哪一个维度：责任/利益、实用/理想、创新/守旧、非道德。你的回答必须只包含其中的一个维度。,到 2025 年，美丽江苏展现新风貌，碳排放强度、主要污染物排放总量持续下降，生态环境质量取得稳定改善，环境风险有效控制，生态环境治理体系和治理能力显著增强，基本建成美丽中国示范省份。到 2035 年，广泛形成绿色生产生活方式，碳排放提前达峰后持续下降，生态环境根本好转，蓝天白云、绿水青山成为常态，基本满足人民对优美生态环境的需要，生态环境治理体系和治理能力现代化基本实现，建成美丽中国示范省份。,责任/利益
你是一位道德判断模型。根据给出的有关环境报道的新闻文本，请判断其倾向于以下哪一个维度：责任/利益、实用/理想、创新/守旧、非道德。你的回答必须只包含其中的一个维度。,要全面加强政府自身建设，把政治建设摆在首位，大兴调查研究之风，认真落实机构改革任务，坚持严格依法行政，提高创造性执行效能，为完成各项目标任务提供有力保障。,责任/利益
你是一位道德判断模型。根据给出的有关环境报道的新闻文本，请判断其倾向于以下哪一个维度：责任/利益、实用/理想、创新/守旧、非道德。你的回答必须只包含其中的一个维度。,作为生态文明建设重要参与者、贡献者和领先者，福田汽车和宁德时代携手走出国门、走向世界，为全球节能减排、绿色转型贡献更多中国智慧、中国方案、中国力量，更好发挥全球生态文明建设的示范作用。,责任/利益
你是一位道德判断模型。根据给出的有关环境报道的新闻文本，请判断其倾向于以下哪一个维度：责任/利益、实用/理想、创新/守旧、非道德。你的回答必须只包含其中的一个维度。,中法多次利用元首外交机会，就应对气候变化发表联合声明，并于 2018 年启动“中法环境年”，在能源转型、低碳技术、可持续发展等领域的务实合作取得丰硕成果。,实用/理想
你是一位道德判断模型。根据给出的有关环境报道的新闻文本，请判断其倾向于以下哪一个维度：责任/利益、实用/理想、创新/守旧、非道德。你的回答必须只包含其中的一个维度。,在环境司法领域的探索中留下很多‘首例’，设立全国首家环保法庭，审理了全国首例环境信息公开案、全国首例环境行政公益诉讼案、全国首例生态环境损害赔偿协议司法确认案、全国首例传统村落保护行政公益诉讼案,责任/利益
你是一位道德判断模型。根据给出的有关环境报道的新闻文本，请判断其倾向于以下哪一个维度：责任/利益、实用/理想、创新/守旧、非道德。你的回答必须只包含其中的一个维度。,挪威的 Storebrand 资产管理公司拥有约 900 亿美元的资产，投资于日本公司，一直对日本在煤炭问题上的立场持批评态度。,创新/守旧
你是一位道德判断模型。根据给出的有关环境报道的新闻文本，请判断其倾向于以下哪一个维度：责任/利益、实用/理想、创新/守旧、非道德。你的回答必须只包含其中的一个维度。,预计下周将推出双决议案,实用/理想
你是一位道德判断模型。根据给出的有关环境报道的新闻文本，请判断其倾向于以下哪一个维度：责任/利益、实用/理想、创新/守旧、非道德。你的回答必须只包含其中的一个维度。,Trump is traveling to Florida for rallies in The Villages and Pensacola.,创新/守旧
你是一位道德判断模型。根据给出的有关环境报道的新闻文本，请判断其倾向于以下哪一个维度：责任/利益、实用/理想、创新/守旧、非道德。你的回答必须只包含其中的一个维度。,美国能源部正在寻求包括公用事业、社区和倡导者在内的反馈，以制定其新的 60 亿美元信用计划，以帮助陷入困境的核能发电厂。,责任/利益
你是一位道德判断模型。根据给出的有关环境报道的新闻文本，请判断其倾向于以下哪一个维度：责任/利益、实用/理想、创新/守旧、非道德。你的回答必须只包含其中的一个维度。,在新发展理念引领下，创新驱动、数字经济、绿色转型成为推动经济转型的新引擎。加快科技自立自强，强化国家战略科技力量，增强企业创新主体地位，为经济发展注入新动能。,创新/守旧
你是一位道德判断模型。根据给出的有关环境报道的新闻文本，请判断其倾向于以下哪一个维度：责任/利益、实用/理想、创新/守旧、非道德。你的回答必须只包含其中的一个维度。,要突出抓链条、稳工业，落实好 19 条重点产业链'链长制'，进一步升级服务保障措施，推动项目早竣工、早投产、早达效。,实用/理想
你是一位道德判断模型。根据给出的有关环境报道的新闻文本，请判断其倾向于以下哪一个维度：责任/利益、实用/理想、创新/守旧、非道德。你的回答必须只包含其中的一个维度。,《巴黎协定》进入实施阶段，得到国际社会广泛支持和参与。,责任/利益
你是一位道德判断模型。根据给出的有关环境报道的新闻文本，请判断其倾向于以下哪一个维度：责任/利益、实用/理想、创新/守旧、非道德。你的回答必须只包含其中的一个维度。,中国政府正在以前所未有的规模推进经济绿色转型，积极采取审慎措施实现碳达峰和碳中和。,责任/利益
你是一位道德判断模型。根据给出的有关环境报道的新闻文本，请判断其倾向于以下哪一个维度：责任/利益、实用/理想、创新/守旧、非道德。你的回答必须只包含其中的一个维度。,美国的一组州、城市、企业和大学表示，即使特朗普政府退出巴黎气候协定，他们仍然致力于应对全球变暖。,创新/守旧
你是一位道德判断模型。根据给出的有关环境报道的新闻文本，请判断其倾向于以下哪一个维度：责任/利益、实用/理想、创新/守旧、非道德。你的回答必须只包含其中的一个维度。,中国是全球最大的二氧化碳排放国，占全球总排放量的约29%。,责任/利益
你是一位道德判断模型。根据给出的有关环境报道的新闻文本，请判断其倾向于以下哪一个维度：责任/利益、实用/理想、创新/守旧、非道德。你的回答必须只包含其中的一个维度。,英国交通部最近在新财政大臣的圆桌会议上讨论了我们需要关注的新基础设施框架的实施和发展。会议还探讨了需要发生什么，以确保规划中完成的良好工作不会在实施阶段出现问题。,责任/利益
你是一位道德判断模型。根据给出的有关环境报道的新闻文本，请判断其倾向于以下哪一个维度：责任/利益、实用/理想、创新/守旧、非道德。你的回答必须只包含其中的一个维度。,中国修建了非洲第一条跨国电气化铁路——亚吉铁路，不仅为相关国家和地区提供了发展机会，其节能环保的运行模式也成为共建绿色“一带一路”的最佳案例。,实用/理想
你是一位道德判断模型。根据给出的有关环境报道的新闻文本，请判断其倾向于以下哪一个维度：责任/利益、实用/理想、创新/守旧、非道德。你的回答必须只包含其中的一个维度。,印度已签署净零排放承诺，计划到2030年实现能源系统的脱碳。,责任/利益
你是一位道德判断模型。根据给出的有关环境报道的新闻文本，请判断其倾向于以下哪一个维度：责任/利益、实用/理想、创新/守旧、非道德。你的回答必须只包含其中的一个维度。,Cargotec致力于实现联合国全球契约1.5°C商业雄心，承诺采取基于科学的措施限制全球气温上升1.5°C，通过使物流行业更高效，并开发解决方案以实现低碳经济，从而缓解气候变化。这一承诺将由科学基础目标倡议进行验证。,责任/利益
你是一位道德判断模型。根据给出的有关环境报道的新闻文本，请判断其倾向于以下哪一个维度：责任/利益、实用/理想、创新/守旧、非道德。你的回答必须只包含其中的一个维度。,Gentari旨在通过应用跨清洁能源价值链的整合方法，为客户全球提供安全、负责任、成本优化和减排的一套可再生能源、氢和绿色出行解决方案。,实用/理想
你是一位道德判断模型。根据给出的有关环境报道的新闻文本，请判断其倾向于以下哪一个维度：责任/利益、实用/理想、创新/守旧、非道德。你的回答必须只包含其中的一个维度。,Whitbread 的转型计划与科学基础目标倡议（SBTi）的净零标准保持一致，该标准要求企业到 2050 年底前将所有范围内的排放减少 90%。,实用/理想
你是一位道德判断模型。根据给出的有关环境报道的新闻文本，请判断其倾向于以下哪一个维度：责任/利益、实用/理想、创新/守旧、非道德。你的回答必须只包含其中的一个维度。,PepsiCo Positive是一项端到端的转型计划，将可持续性作为公司如何在地球边界内创造增长和价值的中心。百事公司利用这一计划与Schneider合作，实施创新解决方案，大幅减少两家公司的整体环境影响。,创新/守旧
你是一位道德判断模型。根据给出的有关环境报道的新闻文本，请判断其倾向于以下哪一个维度：责任/利益、实用/理想、创新/守旧、非道德。你的回答必须只包含其中的一个维度。,杨云帆看到，宝幢古佛原本头颅所在的位置，无端的散发出了金色的光芒,非道德
你是一位道德判断模型。根据给出的有关环境报道的新闻文本，请判断其倾向于以下哪一个维度：责任/利益、实用/理想、创新/守旧、非道德。你的回答必须只包含其中的一个维度。,中国表现非常突出，尤其是在扶贫和碳中和等方面，但是完成这 17 个指标还有 2.5 万亿的缺口，不能靠政府再投入捐赠，而是通过可持续发展金融，经济活动的开始的时候就应当注意经济效益社会价值的一致性，最大效益的减少问题的发生，这样我们的缺口就会缩小。,创新/守旧
你是一位道德判断模型。根据给出的有关环境报道的新闻文本，请判断其倾向于以下哪一个维度：责任/利益、实用/理想、创新/守旧、非道德。你的回答必须只包含其中的一个维度。,在实现低碳经济和绿色经济方面，各国、各企业相互之间不是竞争的关系，而是合作的关系。,责任/利益
你是一位道德判断模型。根据给出的有关环境报道的新闻文本，请判断其倾向于以下哪一个维度：责任/利益、实用/理想、创新/守旧、非道德。你的回答必须只包含其中的一个维度。,交流了生态文明建设经验,责任/利益
你是一位道德判断模型。根据给出的有关环境报道的新闻文本，请判断其倾向于以下哪一个维度：责任/利益、实用/理想、创新/守旧、非道德。你的回答必须只包含其中的一个维度。,尽管英国已经承诺到 2050 年实现碳中性，这个价值 1.6 亿英镑的煤矿必须在 2049 年关闭。燃烧这个煤矿生产的煤炭每年将排放 800 万吨碳，但西坎布里亚矿业公司表示，这将取代进口，减少碳排放。,责任/利益
你是一位道德判断模型。根据给出的有关环境报道的新闻文本，请判断其倾向于以下哪一个维度：责任/利益、实用/理想、创新/守旧、非道德。你的回答必须只包含其中的一个维度。,财政大臣菲利普·哈蒙德上周表示，净零目标可能需要1万亿英镑，这将需要大幅削减公共服务的开支。,责任/利益
你是一位道德判断模型。根据给出的有关环境报道的新闻文本，请判断其倾向于以下哪一个维度：责任/利益、实用/理想、创新/守旧、非道德。你的回答必须只包含其中的一个维度。,Newell曾在E*Offering的创始管理团队任职，这是E*Trade的在线投资银行合作伙伴。,责任/利益
你是一位道德判断模型。根据给出的有关环境报道的新闻文本，请判断其倾向于以下哪一个维度：责任/利益、实用/理想、创新/守旧、非道德。你的回答必须只包含其中的一个维度。,联动四川编制完成水安全保障、国际消费目的地建设等规划方案。,责任/利益
你是一位道德判断模型。根据给出的有关环境报道的新闻文本，请判断其倾向于以下哪一个维度：责任/利益、实用/理想、创新/守旧、非道德。你的回答必须只包含其中的一个维度。,"要深入分析经济运行情况，认真查找差距，聚焦“十个抓好”,全力打好“发展六仗”,迎难而上、攻坚克难、精准施策、稳定增长",责任/利益
你是一位道德判断模型。根据给出的有关环境报道的新闻文本，请判断其倾向于以下哪一个维度：责任/利益、实用/理想、创新/守旧、非道德。你的回答必须只包含其中的一个维度。,亚马逊发起的The Climate Pledge联合运动呼吁公司加入亚马逊的零碳排放目标，目前已有许多大公司表示有兴趣加入该承诺。,责任/利益
你是一位道德判断模型。根据给出的有关环境报道的新闻文本，请判断其倾向于以下哪一个维度：责任/利益、实用/理想、创新/守旧、非道德。你的回答必须只包含其中的一个维度。,ZeroAvia计划在英国的一家工厂大规模生产氢动力飞机发动机。,实用/理想
你是一位道德判断模型。根据给出的有关环境报道的新闻文本，请判断其倾向于以下哪一个维度：责任/利益、实用/理想、创新/守旧、非道德。你的回答必须只包含其中的一个维度。,Labour also had the strange effect of suffering from an incumbency factor with Mr Khan in City Hall.,责任/利益
你是一位道德判断模型。根据给出的有关环境报道的新闻文本，请判断其倾向于以下哪一个维度：责任/利益、实用/理想、创新/守旧、非道德。你的回答必须只包含其中的一个维度。,I want you to unite behind the science and I want you to take real action.,责任/利益
你是一位道德判断模型。根据给出的有关环境报道的新闻文本，请判断其倾向于以下哪一个维度：责任/利益、实用/理想、创新/守旧、非道德。你的回答必须只包含其中的一个维度。,荣获联合国环保最高荣誉“地球卫士奖”,责任/利益
你是一位道德判断模型。根据给出的有关环境报道的新闻文本，请判断其倾向于以下哪一个维度：责任/利益、实用/理想、创新/守旧、非道德。你的回答必须只包含其中的一个维度。,比特福利公司计划在新场馆的屋顶上安装太阳能电池板，使新场馆成为英国最可持续的场馆之一。,责任/利益
你是一位道德判断模型。根据给出的有关环境报道的新闻文本，请判断其倾向于以下哪一个维度：责任/利益、实用/理想、创新/守旧、非道德。你的回答必须只包含其中的一个维度。,本届政府任期的五年，是全面建设社会主义现代化国家开局起步的关键时期。本届政府的工作，就是要把党中央的决策部署贯彻好、落实好，我们每一位同志都要当好执行者、行动派、实干家。,责任/利益
你是一位道德判断模型。根据给出的有关环境报道的新闻文本，请判断其倾向于以下哪一个维度：责任/利益、实用/理想、创新/守旧、非道德。你的回答必须只包含其中的一个维度。,Geoff Clarke 是一位客户关系管理专家，拥有超过 30 年的销售、市场营销和产品开发经验，在能源领域有丰富的经验。他将为公司的增长提供咨询。,责任/利益
你是一位道德判断模型。根据给出的有关环境报道的新闻文本，请判断其倾向于以下哪一个维度：责任/利益、实用/理想、创新/守旧、非道德。你的回答必须只包含其中的一个维度。,根据山东省工业和信息化厅发布的《关于山东省第五批专精特新“小巨人”企业和第二批专精特新“小巨人”复核通过企业名单的公示》，公司入选第五批专精特新“小巨人”企业。公司为生态保护和环境治理行业一家专业的环境综合解决方案服务提供商，目前拥有专利技术 40 项 (其中发明专利 9 项),责任/利益
你是一位道德判断模型。根据给出的有关环境报道的新闻文本，请判断其倾向于以下哪一个维度：责任/利益、实用/理想、创新/守旧、非道德。你的回答必须只包含其中的一个维度。,新的研究表明，飞机产生的非二氧化碳污染需要更紧迫的清理，因为这种污染对气候的影响已经开始被更仔细的分析。,责任/利益
你是一位道德判断模型。根据给出的有关环境报道的新闻文本，请判断其倾向于以下哪一个维度：责任/利益、实用/理想、创新/守旧、非道德。你的回答必须只包含其中的一个维度。,英国将投资 576 亿英镑，推动金融资源进入新兴市场和发展中经济体。,责任/利益
你是一位道德判断模型。根据给出的有关环境报道的新闻文本，请判断其倾向于以下哪一个维度：责任/利益、实用/理想、创新/守旧、非道德。你的回答必须只包含其中的一个维度。,Shaw 将联合国全球契约的十项原则纳入其更完善的可持续采购政策中。,责任/利益
你是一位道德判断模型。根据给出的有关环境报道的新闻文本，请判断其倾向于以下哪一个维度：责任/利益、实用/理想、创新/守旧、非道德。你的回答必须只包含其中的一个维度。,Ibstock plc宣布计划投资5000万英镑，在英国西约克郡的诺斯特尔创建英国第一家自动化砖片系统工厂。该工厂是Ibstock Futures的启动项目，这是Ibstock新成立的一个业务部门，将专注于开发与建筑行业两大关键趋势保持一致的技术、产品和解决方案：可持续性和建筑过程的工业化。该公司认为，这些技术和系统的潜在市场相当可观，并且增长速度比整个建筑产品行业更快。,责任/利益
你是一位道德判断模型。根据给出的有关环境报道的新闻文本，请判断其倾向于以下哪一个维度：责任/利益、实用/理想、创新/守旧、非道德。你的回答必须只包含其中的一个维度。,"Justin Cochrane, President and CEO of Carbon Streaming, noted “we are exceptionally proud of what we are building, together with our stakeholders, to deliver on our mission of financing a net-zero and carbon neutral future.”",责任/利益
你是一位道德判断模型。根据给出的有关环境报道的新闻文本，请判断其倾向于以下哪一个维度：责任/利益、实用/理想、创新/守旧、非道德。你的回答必须只包含其中的一个维度。,全球航空公司正在设立一个任务小组，处理非二氧化碳（CO2）排放问题，加大努力解决被称为飞机尾迹的云状条纹，这是迄今为止在应对全球变暖过程中一直处于次要地位的环境威胁。,责任/利益
你是一位道德判断模型。根据给出的有关环境报道的新闻文本，请判断其倾向于以下哪一个维度：责任/利益、实用/理想、创新/守旧、非道德。你的回答必须只包含其中的一个维度。,Irish Ferries热烈欢迎 '爱尔兰海最大的最快游轮渡轮'，今日开始在爱尔兰和威尔士之间进行首次航行。,非道德
你是一位道德判断模型。根据给出的有关环境报道的新闻文本，请判断其倾向于以下哪一个维度：责任/利益、实用/理想、创新/守旧、非道德。你的回答必须只包含其中的一个维度。,UCSB 是加州大学的一个分校，会议将在该校的 Bren Hall 举行,责任/利益
你是一位道德判断模型。根据给出的有关环境报道的新闻文本，请判断其倾向于以下哪一个维度：责任/利益、实用/理想、创新/守旧、非道德。你的回答必须只包含其中的一个维度。,"Dan Krueger, director of sales and business development for Crawford Mechanical Services, said, 'We were thrilled that ECM Technologies selected Crawford Mechanical Services to handle the ThermaClear installations across the City of Phoenix Fire Department HVAC equipment.'",创新/守旧
你是一位道德判断模型。根据给出的有关环境报道的新闻文本，请判断其倾向于以下哪一个维度：责任/利益、实用/理想、创新/守旧、非道德。你的回答必须只包含其中的一个维度。,指导各地落实高中阶段学科类培训严格参照义务教育阶段执行的政策要求。,实用/理想
你是一位道德判断模型。根据给出的有关环境报道的新闻文本，请判断其倾向于以下哪一个维度：责任/利益、实用/理想、创新/守旧、非道德。你的回答必须只包含其中的一个维度。,太古作为跨国集团，一直专注于长期发展的商业理念，不仅追求商业上的成功，更关注多赢，和周边的社区或者社会共同发展。从抗击疫情、应对自然灾害，到推动教育发展、助力乡村振兴，再到助力可持续发展，太古通过高科技找到一些减污降碳的新措施，持续助力社会进步。,责任/利益
你是一位道德判断模型。根据给出的有关环境报道的新闻文本，请判断其倾向于以下哪一个维度：责任/利益、实用/理想、创新/守旧、非道德。你的回答必须只包含其中的一个维度。,"The Interiors service offers clients a complete turnkey solution for fast track fit-outs, Cat A and B, plus core and shell refurbishments.",责任/利益
你是一位道德判断模型。根据给出的有关环境报道的新闻文本，请判断其倾向于以下哪一个维度：责任/利益、实用/理想、创新/守旧、非道德。你的回答必须只包含其中的一个维度。,该数据中心将把浸泡冷却技术推向新的高度并将为利用可再生能源进行数据处理树立新标准。BitFury 正引领该领域创新，设立新的数据中心并与我们的全球合作伙伴携手合作推进这一重要工作让我们引以为傲,责任/利益
你是一位道德判断模型。根据给出的有关环境报道的新闻文本，请判断其倾向于以下哪一个维度：责任/利益、实用/理想、创新/守旧、非道德。你的回答必须只包含其中的一个维度。,Fidelity International 的全球负责治理和可持续投资的 Jenn-Hui Tan 表示，我们的投资公司信息很明确：气候危机不能被忽视。它影响着我们投资的主要行业，因此必须是所有公司议程上的重要议题。在 Fidelity，我们正在与 Net Zero Asset Managers 倡议中的同行合作，支持全球实现净零排放的过渡。我们期望投资公司也能这样做，并制定减少碳排放和其他温室气体排放的政策。这包括制定并报告与联合国巴黎气候协定相一致的雄心勃勃的目标，包括实现净零的方法。,责任/利益
你是一位道德判断模型。根据给出的有关环境报道的新闻文本，请判断其倾向于以下哪一个维度：责任/利益、实用/理想、创新/守旧、非道德。你的回答必须只包含其中的一个维度。,"California and China have now both set goals to 'achieve carbon neutrality' by 2045 and 2060, respectively.",责任/利益
你是一位道德判断模型。根据给出的有关环境报道的新闻文本，请判断其倾向于以下哪一个维度：责任/利益、实用/理想、创新/守旧、非道德。你的回答必须只包含其中的一个维度。,全省财政工作会议在广州召开，2021 年全省一般公共预算收入完成 1.41 万亿元，增长 9.1%，近两年平均增长 5.6%，保持财政平稳健康运行；新增减税降费超过 1400 亿元，为市场主体纾困减负。去年省财政安排落实省'1+1+9'工作部署资金超 5500 亿元、占总支出超过八成，为稳定经济社会发展大局提供有力支撑。,责任/利益
你是一位道德判断模型。根据给出的有关环境报道的新闻文本，请判断其倾向于以下哪一个维度：责任/利益、实用/理想、创新/守旧、非道德。你的回答必须只包含其中的一个维度。,中国历来重信守诺，将以新发展理念为引领，在推动高质量发展中促进经济社会发展全面绿色转型，脚踏实地落实上述目标，为全球应对气候变化作出更大贡献。,责任/利益
你是一位道德判断模型。根据给出的有关环境报道的新闻文本，请判断其倾向于以下哪一个维度：责任/利益、实用/理想、创新/守旧、非道德。你的回答必须只包含其中的一个维度。,该基金以可持续发展投资为核心，致力于实现零碳排放。,责任/利益
你是一位道德判断模型。根据给出的有关环境报道的新闻文本，请判断其倾向于以下哪一个维度：责任/利益、实用/理想、创新/守旧、非道德。你的回答必须只包含其中的一个维度。,要从数字产业化和产业数字化入手，强化数字技术与环保产业的深度融合，加快推进数字环保、智慧环保，为精准、科学、依法治污提供信息化支撑。,责任/利益
你是一位道德判断模型。根据给出的有关环境报道的新闻文本，请判断其倾向于以下哪一个维度：责任/利益、实用/理想、创新/守旧、非道德。你的回答必须只包含其中的一个维度。,ClickShare Conference helps increase engagement and connection between participants in hybrid meetings.,创新/守旧
你是一位道德判断模型。根据给出的有关环境报道的新闻文本，请判断其倾向于以下哪一个维度：责任/利益、实用/理想、创新/守旧、非道德。你的回答必须只包含其中的一个维度。,Fox News 传播了错误的观点，称有 200 名纵火犯引发了澳大利亚的火灾。,责任/利益
你是一位道德判断模型。根据给出的有关环境报道的新闻文本，请判断其倾向于以下哪一个维度：责任/利益、实用/理想、创新/守旧、非道德。你的回答必须只包含其中的一个维度。,Promesa是德国一家电动汽车锂离子电池回收运营商，被Ecobat收购，其战略位置为Ecobat在电池回收市场提供了关键的切入点。,责任/利益
你是一位道德判断模型。根据给出的有关环境报道的新闻文本，请判断其倾向于以下哪一个维度：责任/利益、实用/理想、创新/守旧、非道德。你的回答必须只包含其中的一个维度。,推动林下经济发展，全市林下经济发展总面积 51.92 万亩，产值 4.83 亿元。大力发展生态文化旅游，培育打造一批田园、民俗、文创、康养等为主题的特色民宿、精品民宿，推出 30 余条精品旅游线路，全年休闲农业累计接待游客 1700 万人次，综合收入 30.3 亿元。,实用/理想
你是一位道德判断模型。根据给出的有关环境报道的新闻文本，请判断其倾向于以下哪一个维度：责任/利益、实用/理想、创新/守旧、非道德。你的回答必须只包含其中的一个维度。,2022 年，是华能加快建设世界一流企业的奋进之年。一年来，我们深入学习贯彻习近平新时代中国特色社会主义思想，深刻领悟“两个确立”的决定性意义，扎实做好迎接和学习宣传贯彻党的二十大各项工作，大力实施“党建引领+”专项行动，纵深推进全面从严治党，党建引领保障作用更加彰显。一年来，我们时刻牢记“国之大者”，统筹抓好疫情防控和安全生产，全力维护供电供热安全，煤炭产能突破 1 亿吨/年，坚决打赢能源保供攻坚战，央企顶梁柱、压舱石作用进一步发挥。一年来，我们坚定践行碳达峰碳中和战略，持续优化产业结构，新能源核准、备案容量再创历史新高，三大核电基地开发稳步推进，三大多能互补基地纳入国家“十四五”电力发展规划，新能源、核电、水电三大支撑加速构建，绿色转型迈出更大步伐。一年来，我们坚决扛起高水平科技自立自强的时代重任，高效灵活煤电及 CCUS 全国重点实验室列入标杆实验室行列，石岛湾高温气冷堆示范工程首次实现双堆初始满功率运行，原创技术策源地、创新联合体建设扎实推进，行业引领力和核心竞争力不断提升。,责任/利益
你是一位道德判断模型。根据给出的有关环境报道的新闻文本，请判断其倾向于以下哪一个维度：责任/利益、实用/理想、创新/守旧、非道德。你的回答必须只包含其中的一个维度。,气候变化是全球面临的重大风险和长期挑战，关乎人类命运。只有世界各国携手合作，坚持多边主义，坚持绿色低碳循环发展，才能有效应对这一全球性挑战。,责任/利益
你是一位道德判断模型。根据给出的有关环境报道的新闻文本，请判断其倾向于以下哪一个维度：责任/利益、实用/理想、创新/守旧、非道德。你的回答必须只包含其中的一个维度。,落实中央有关节能降耗、能耗双控和电力保供工作要求，按照省委常委会会议决策部署，对全省能耗双控工作进行再部署、再落实。,责任/利益
你是一位道德判断模型。根据给出的有关环境报道的新闻文本，请判断其倾向于以下哪一个维度：责任/利益、实用/理想、创新/守旧、非道德。你的回答必须只包含其中的一个维度。,虚拟货币交易炒作活动危害人民群众财产安全和国家金融安全，以电力资源、碳排放量为代价的‘挖矿’行为，与经济社会高质量发展和碳达峰、碳中和目标相悖，与公共利益相悖，据此认定‘挖矿’合同无效。,责任/利益
你是一位道德判断模型。根据给出的有关环境报道的新闻文本，请判断其倾向于以下哪一个维度：责任/利益、实用/理想、创新/守旧、非道德。你的回答必须只包含其中的一个维度。,要全面加强政府自身建设，把政治建设摆在首位，大兴调查研究之风，认真落实机构改革任务，坚持严格依法行政，提高创造性执行效能，为完成各项目标任务提供有力保障。,责任/利益
你是一位道德判断模型。根据给出的有关环境报道的新闻文本，请判断其倾向于以下哪一个维度：责任/利益、实用/理想、创新/守旧、非道德。你的回答必须只包含其中的一个维度。,巴西政府计划在今年进行两次招标，并鼓励开发'预盐'地区，将石油资源作为减少污染的化石燃料来源。,责任/利益
你是一位道德判断模型。根据给出的有关环境报道的新闻文本，请判断其倾向于以下哪一个维度：责任/利益、实用/理想、创新/守旧、非道德。你的回答必须只包含其中的一个维度。,该银行是华尔街六大银行之一，在周三发布的一项联合研究中，被发现在其对利益相关者的ESG承诺方面未能达到关键支柱。,责任/利益
你是一位道德判断模型。根据给出的有关环境报道的新闻文本，请判断其倾向于以下哪一个维度：责任/利益、实用/理想、创新/守旧、非道德。你的回答必须只包含其中的一个维度。,要进一步深化改革开放，谋划实施新一轮国有企业改革，促进民营经济发展壮大，稳住外贸外资基本盘。,责任/利益
你是一位道德判断模型。根据给出的有关环境报道的新闻文本，请判断其倾向于以下哪一个维度：责任/利益、实用/理想、创新/守旧、非道德。你的回答必须只包含其中的一个维度。,该数据中心将把浸泡冷却技术推向新的高度并将为利用可再生能源进行数据处理树立新标准。BitFury 正引领该领域创新，设立新的数据中心并与我们的全球合作伙伴携手合作推进这一重要工作让我们引以为傲,创新/守旧
你是一位道德判断模型。根据给出的有关环境报道的新闻文本，请判断其倾向于以下哪一个维度：责任/利益、实用/理想、创新/守旧、非道德。你的回答必须只包含其中的一个维度。,在担任组件业务总裁期间，Rumsey还是Eaton Cummins合资公司的董事会成员，并在中国的Endurant变速器上市过程中发挥了关键作用。,责任/利益
你是一位道德判断模型。根据给出的有关环境报道的新闻文本，请判断其倾向于以下哪一个维度：责任/利益、实用/理想、创新/守旧、非道德。你的回答必须只包含其中的一个维度。,该数据中心将把浸泡冷却技术推向新的高度并将为利用可再生能源进行数据处理树立新标准。BitFury 正引领该领域创新，设立新的数据中心并与我们的全球合作伙伴携手合作推进这一重要工作让我们引以为傲,创新/守旧
你是一位道德判断模型。根据给出的有关环境报道的新闻文本，请判断其倾向于以下哪一个维度：责任/利益、实用/理想、创新/守旧、非道德。你的回答必须只包含其中的一个维度。,Harman Kardon Onyx 8 will use PVC-free power cords in EMEA.,实用/理想
你是一位道德判断模型。根据给出的有关环境报道的新闻文本，请判断其倾向于以下哪一个维度：责任/利益、实用/理想、创新/守旧、非道德。你的回答必须只包含其中的一个维度。,学生们计划加入全球数百万年轻人反对全球变暖和气候变化的抗议活动。Connor Pollak 表示，全球变暖和气候变化是人类目前面临的最大问题。,责任/利益
你是一位道德判断模型。根据给出的有关环境报道的新闻文本，请判断其倾向于以下哪一个维度：责任/利益、实用/理想、创新/守旧、非道德。你的回答必须只包含其中的一个维度。,解振华表示，中国将继续坚持积极应对气候变化，走绿色低碳高质量发展道路的战略定力，坚定落实碳达峰碳中和的目标。,责任/利益
你是一位道德判断模型。根据给出的有关环境报道的新闻文本，请判断其倾向于以下哪一个维度：责任/利益、实用/理想、创新/守旧、非道德。你的回答必须只包含其中的一个维度。,纽约市市长比尔·德·布拉西奥宣布了一项名为OneNYC2050的计划，这是一项140亿美元的倡议，旨在到2030年将纽约市的温室气体排放减少30%，并到2050年实现碳中和。,实用/理想
你是一位道德判断模型。根据给出的有关环境报道的新闻文本，请判断其倾向于以下哪一个维度：责任/利益、实用/理想、创新/守旧、非道德。你的回答必须只包含其中的一个维度。,"The figures in the report, produced by UMAS and the Energy Transitions Commission, rise to anywhere between $1.4trn to 1.9trn if maritime is to fully decarbonise by 2050.",责任/利益
你是一位道德判断模型。根据给出的有关环境报道的新闻文本，请判断其倾向于以下哪一个维度：责任/利益、实用/理想、创新/守旧、非道德。你的回答必须只包含其中的一个维度。,Schneider Electric推出了Catalyze合作计划，旨在加速全球半导体价值链对可再生能源的接入。,责任/利益
你是一位道德判断模型。根据给出的有关环境报道的新闻文本，请判断其倾向于以下哪一个维度：责任/利益、实用/理想、创新/守旧、非道德。你的回答必须只包含其中的一个维度。,中国设立的绿色“一带一路”建设，中国始终秉持人类命运共同体理念，坚持多边主义，同世界各国一道，共谋全球生态文明建设，加强应对气候变化国际合作，推动构建公平合理、合作共赢的全球气候治理体系。,责任/利益
你是一位道德判断模型。根据给出的有关环境报道的新闻文本，请判断其倾向于以下哪一个维度：责任/利益、实用/理想、创新/守旧、非道德。你的回答必须只包含其中的一个维度。,科技板块中，电子、新能源汽车产业链景气度仍然较高，未来有望受益于政策的进一步扶持。,责任/利益
你是一位道德判断模型。根据给出的有关环境报道的新闻文本，请判断其倾向于以下哪一个维度：责任/利益、实用/理想、创新/守旧、非道德。你的回答必须只包含其中的一个维度。,保障能源安全是能源发展的首要任务。当前，全球能源供需版图深度调整，我国能源安全新旧风险交织，能源供需形势受较多不确定因素影响，能源保供任务艰巨。,责任/利益
你是一位道德判断模型。根据给出的有关环境报道的新闻文本，请判断其倾向于以下哪一个维度：责任/利益、实用/理想、创新/守旧、非道德。你的回答必须只包含其中的一个维度。,中国历来重信守诺，将以新发展理念为引领，在推动高质量发展中促进经济社会发展全面绿色转型,责任/利益
你是一位道德判断模型。根据给出的有关环境报道的新闻文本，请判断其倾向于以下哪一个维度：责任/利益、实用/理想、创新/守旧、非道德。你的回答必须只包含其中的一个维度。,进入“十四五”时期，甘肃发展站在新的起点。要立足当前、着眼长远，顺应形势任务发展变化，加强重大问题研究谋划，推动各项事业开创新局面。,责任/利益
你是一位道德判断模型。根据给出的有关环境报道的新闻文本，请判断其倾向于以下哪一个维度：责任/利益、实用/理想、创新/守旧、非道德。你的回答必须只包含其中的一个维度。,扩大林草面积，提升碳汇增量。认真落实‘十四五’规划纲要确定的绿化目标任务，深入推进大规模国土绿化行动，科学布局和组织实施一批区域性系统治理示范项目。深入开展全民义务植树，积极推进森林城市建设、乡村绿化美化，多形式多途径推动增绿增汇。,责任/利益
你是一位道德判断模型。根据给出的有关环境报道的新闻文本，请判断其倾向于以下哪一个维度：责任/利益、实用/理想、创新/守旧、非道德。你的回答必须只包含其中的一个维度。,副市长房欣主持会议并通报今年以来生态环境保护工作进展情况，对全市生态环境保护工作进行安排部署。,责任/利益
你是一位道德判断模型。根据给出的有关环境报道的新闻文本，请判断其倾向于以下哪一个维度：责任/利益、实用/理想、创新/守旧、非道德。你的回答必须只包含其中的一个维度。,要统一思想、坚定信心，激发大家奋斗新时代的干事创业激情。,责任/利益
你是一位道德判断模型。根据给出的有关环境报道的新闻文本，请判断其倾向于以下哪一个维度：责任/利益、实用/理想、创新/守旧、非道德。你的回答必须只包含其中的一个维度。,中国将碳达峰、碳中和纳入生态文明建设整体布局，全面推行绿色低碳循环经济发展。,责任/利益
你是一位道德判断模型。根据给出的有关环境报道的新闻文本，请判断其倾向于以下哪一个维度：责任/利益、实用/理想、创新/守旧、非道德。你的回答必须只包含其中的一个维度。,建设期重新铺设了双桥林场至电站工地现场 15 公里的交通公路。,责任/利益
你是一位道德判断模型。根据给出的有关环境报道的新闻文本，请判断其倾向于以下哪一个维度：责任/利益、实用/理想、创新/守旧、非道德。你的回答必须只包含其中的一个维度。,"CEO, Anglo International",责任/利益
你是一位道德判断模型。根据给出的有关环境报道的新闻文本，请判断其倾向于以下哪一个维度：责任/利益、实用/理想、创新/守旧、非道德。你的回答必须只包含其中的一个维度。,推进绿色低碳技术创新。希望国际社会共同维护全球化进程，共同维护开放型世界经济和稳定的全球产业链，抓住新一轮科技革命和产业变革的历史性机遇，大力发展绿色低碳经济，促进绿色技术创新和低碳绿色产品装备研发与应用,责任/利益
你是一位道德判断模型。根据给出的有关环境报道的新闻文本，请判断其倾向于以下哪一个维度：责任/利益、实用/理想、创新/守旧、非道德。你的回答必须只包含其中的一个维度。,这个独特的加速器将吸引世界各地的创业者来到亚特兰大，亚特兰大是一个创新和科技的中心。,创新/守旧
你是一位道德判断模型。根据给出的有关环境报道的新闻文本，请判断其倾向于以下哪一个维度：责任/利益、实用/理想、创新/守旧、非道德。你的回答必须只包含其中的一个维度。,在共同安全和防务领域，面对周边诸多不稳定因素，欧盟将继续强化面对危机时的快速反应和行动能力。,实用/理想
你是一位道德判断模型。根据给出的有关环境报道的新闻文本，请判断其倾向于以下哪一个维度：责任/利益、实用/理想、创新/守旧、非道德。你的回答必须只包含其中的一个维度。,稳预期，就要积极推出有利于经济稳定的政策，慎重出台有收缩效应的政策，政策举措靠前落地。稳预期，就要把握好政策出台的时度效，坚持先立后破，稳扎稳打，不把长期目标短期化，系统目标碎片化，不把持久战打成突击战。,责任/利益
你是一位道德判断模型。根据给出的有关环境报道的新闻文本，请判断其倾向于以下哪一个维度：责任/利益、实用/理想、创新/守旧、非道德。你的回答必须只包含其中的一个维度。,学校的发展历程，以及轻工技术与工程学科和造纸与污染控制国家工程研究中心所取得的成绩,责任/利益
你是一位道德判断模型。根据给出的有关环境报道的新闻文本，请判断其倾向于以下哪一个维度：责任/利益、实用/理想、创新/守旧、非道德。你的回答必须只包含其中的一个维度。,根据IEEFA的最新报告，所有迹象都表明，澳大利亚消费者和该国的最大出口客户将在未来使用更少的天然气。,责任/利益
你是一位道德判断模型。根据给出的有关环境报道的新闻文本，请判断其倾向于以下哪一个维度：责任/利益、实用/理想、创新/守旧、非道德。你的回答必须只包含其中的一个维度。,国际能源署将与联合国环境规划署共同实施MARS，利用最先进的卫星数据来识别主要排放事件，通知相关利益相关者，并支持减排进展的跟踪。,责任/利益
你是一位道德判断模型。根据给出的有关环境报道的新闻文本，请判断其倾向于以下哪一个维度：责任/利益、实用/理想、创新/守旧、非道德。你的回答必须只包含其中的一个维度。,"Thirteen has brought forward the schemes in partnership with Middlesbrough Council, Redcar and Cleveland Council, Homes England, and other partners.",责任/利益
你是一位道德判断模型。根据给出的有关环境报道的新闻文本，请判断其倾向于以下哪一个维度：责任/利益、实用/理想、创新/守旧、非道德。你的回答必须只包含其中的一个维度。,C40 Cities 是一个由代表超过 6.5 亿人口和四分之一全球经济的大型城市网络，致力于通过减少城市环境中的温室气体排放和气候风险，提高当地居民的健康、福祉和经济机会。,责任/利益
你是一位道德判断模型。根据给出的有关环境报道的新闻文本，请判断其倾向于以下哪一个维度：责任/利益、实用/理想、创新/守旧、非道德。你的回答必须只包含其中的一个维度。,有条件学校研发校本课程和教材,责任/利益
你是一位道德判断模型。根据给出的有关环境报道的新闻文本，请判断其倾向于以下哪一个维度：责任/利益、实用/理想、创新/守旧、非道德。你的回答必须只包含其中的一个维度。,该协会欢迎政府试图减轻 Ofgem 决定将能源价格上限提高 54% 从四月对家庭财务的影响，但表示需要采取更长期的措施来解决这个问题。,实用/理想
你是一位道德判断模型。根据给出的有关环境报道的新闻文本，请判断其倾向于以下哪一个维度：责任/利益、实用/理想、创新/守旧、非道德。你的回答必须只包含其中的一个维度。,"Hydrogen pipeline systems are being installed at the Materials Processing Institute as the initial £270,000 phase of a multi-million project to demonstrate UK innovation in green steelmaking.",责任/利益
你是一位道德判断模型。根据给出的有关环境报道的新闻文本，请判断其倾向于以下哪一个维度：责任/利益、实用/理想、创新/守旧、非道德。你的回答必须只包含其中的一个维度。,李强指出，要按照党中央对今年工作的部署，着力抓好重点任务落实，在新的起点上推动各项工作开好局、起好步。,责任/利益
你是一位道德判断模型。根据给出的有关环境报道的新闻文本，请判断其倾向于以下哪一个维度：责任/利益、实用/理想、创新/守旧、非道德。你的回答必须只包含其中的一个维度。,要巩固拓展中央生态环保督察整改成果，紧盯问题持续攻坚，统筹联动深化整改，不断把整改工作引向深入。,责任/利益
你是一位道德判断模型。根据给出的有关环境报道的新闻文本，请判断其倾向于以下哪一个维度：责任/利益、实用/理想、创新/守旧、非道德。你的回答必须只包含其中的一个维度。,Vestas 作为世界上最大的风力涡轮机制造商，正在参与绿色氢气项目的发展。,责任/利益
你是一位道德判断模型。根据给出的有关环境报道的新闻文本，请判断其倾向于以下哪一个维度：责任/利益、实用/理想、创新/守旧、非道德。你的回答必须只包含其中的一个维度。,腾讯公司作为深圳碳普惠联盟发起单位之一，推出低碳互动科普小程序，倡导公众形成绿色低碳生活习惯。,实用/理想
你是一位道德判断模型。根据给出的有关环境报道的新闻文本，请判断其倾向于以下哪一个维度：责任/利益、实用/理想、创新/守旧、非道德。你的回答必须只包含其中的一个维度。,旨在统筹推进张江科学城应对气候变化和生态环境保护，推动经济社会发展全面绿色转型，助力实现碳达峰、碳中和，深入打好污染防治攻坚战，深化生态环境保护协作，加强生态文明建设,责任/利益
你是一位道德判断模型。根据给出的有关环境报道的新闻文本，请判断其倾向于以下哪一个维度：责任/利益、实用/理想、创新/守旧、非道德。你的回答必须只包含其中的一个维度。,英国环境食品和农村事务部最近的尿素肥料咨询增加了人们对事情最终会改变的期望，我认为这鼓励了农民考虑如何调整他们的业务，采用更可持续的方法。,责任/利益
你是一位道德判断模型。根据给出的有关环境报道的新闻文本，请判断其倾向于以下哪一个维度：责任/利益、实用/理想、创新/守旧、非道德。你的回答必须只包含其中的一个维度。,习近平表示，鉴于中国丰富的煤炭资源和匮乏的石油、天然气资源，我们应该加强系统思维，逐步实现碳目标。,责任/利益
你是一位道德判断模型。根据给出的有关环境报道的新闻文本，请判断其倾向于以下哪一个维度：责任/利益、实用/理想、创新/守旧、非道德。你的回答必须只包含其中的一个维度。,楚雄州大姚县、文山州西畴县、大理州古生村、昆明市盘龙区分别就国家“绿水青山就是金山银山”基地建设、“中国生态文明奖先进集体”建设经验、全国生态文明建设示范区创建进行了交流发言,责任/利益
你是一位道德判断模型。根据给出的有关环境报道的新闻文本，请判断其倾向于以下哪一个维度：责任/利益、实用/理想、创新/守旧、非道德。你的回答必须只包含其中的一个维度。,优化产业结构是我国实现碳达峰碳中和目标的重要途径，调整产业结构需避免突击冒进和“一刀切”，要在因地制宜加快传统产业节能降碳的同时，推进绿色低碳产业发展。,实用/理想
你是一位道德判断模型。根据给出的有关环境报道的新闻文本，请判断其倾向于以下哪一个维度：责任/利益、实用/理想、创新/守旧、非道德。你的回答必须只包含其中的一个维度。,亚马逊员工周三在总部外举行集会，抗议最近返回办公室的命令，并要求亚马逊加大减少其碳足迹的努力。,责任/利益
你是一位道德判断模型。根据给出的有关环境报道的新闻文本，请判断其倾向于以下哪一个维度：责任/利益、实用/理想、创新/守旧、非道德。你的回答必须只包含其中的一个维度。,有序推进碳达峰碳中和工作。落实碳达峰行动方案。推动能源革命，确保能源供应，立足资源禀赋，坚持先立后破、通盘谋划，推进能源低碳转型。加强煤炭清洁高效利用，有序减量替代，推动煤电节能降碳改造、灵活性改造、供热改造。推进大型风光电基地及其配套调节性电源规划建设，提升电网对可再生能源发电的消纳能力。推进绿色低碳技术研发和推广应用，建设绿色制造和服务体系，推进钢铁、有色、石化、化工、建材等行业节能降碳。坚决遏制高耗能、高排放、低水平项目盲目发展。推动能耗“双控”向碳排放总量和强度“双控”转变，完善减污降碳激励约束政策，加快形成绿色生产生活方式。,责任/利益
你是一位道德判断模型。根据给出的有关环境报道的新闻文本，请判断其倾向于以下哪一个维度：责任/利益、实用/理想、创新/守旧、非道德。你的回答必须只包含其中的一个维度。,国际可再生能源署(IRENA)发布的一份新报告系列显示，氢贸易将显著促进更加多元化和有弹性的能源系统的建立。,创新/守旧
你是一位道德判断模型。根据给出的有关环境报道的新闻文本，请判断其倾向于以下哪一个维度：责任/利益、实用/理想、创新/守旧、非道德。你的回答必须只包含其中的一个维度。,发展中英关系符合两国和两国人民的根本利益，也有利于世界的和平与繁荣。,责任/利益
你是一位道德判断模型。根据给出的有关环境报道的新闻文本，请判断其倾向于以下哪一个维度：责任/利益、实用/理想、创新/守旧、非道德。你的回答必须只包含其中的一个维度。,威尔士政府计划冻结所有大型道路项目，其中包括耗资 3500 万英镑的 Llanddewi Velfrey 绕道项目。,实用/理想
你是一位道德判断模型。根据给出的有关环境报道的新闻文本，请判断其倾向于以下哪一个维度：责任/利益、实用/理想、创新/守旧、非道德。你的回答必须只包含其中的一个维度。,英国政府需建立一个新的强有力的监督机构，以确保公共采购的诚信，消除浪费和裙带关系，防止数十亿公共资金被浪费或被不透明、无公开竞争地分配给保守党捐赠者。,责任/利益
你是一位道德判断模型。根据给出的有关环境报道的新闻文本，请判断其倾向于以下哪一个维度：责任/利益、实用/理想、创新/守旧、非道德。你的回答必须只包含其中的一个维度。,新罗区非常重视，组建专班来帮我们协调解决问题，在土地规划、资金扶持、政策引导、材料申报、资源对接等方面给予了极大的支持和帮助，非常感谢。,责任/利益
你是一位道德判断模型。根据给出的有关环境报道的新闻文本，请判断其倾向于以下哪一个维度：责任/利益、实用/理想、创新/守旧、非道德。你的回答必须只包含其中的一个维度。,实现产品和服务的绿色低碳、信息化、数字化，已成为新一代中国先进制造企业的普遍认同。,责任/利益
你是一位道德判断模型。根据给出的有关环境报道的新闻文本，请判断其倾向于以下哪一个维度：责任/利益、实用/理想、创新/守旧、非道德。你的回答必须只包含其中的一个维度。,要深入学习领会习近平总书记在中共中央政治局第三十九次集体学习时的重要讲话精神，深入落实省委文旅融合发展战略，积极服务中华文明探源工程，持续推进贾湖文化保护利用提升，举办好贾湖遗址发掘 40 周年暨第二届贾湖文化国际研讨会，提升漯河城市软实力、影响力。,责任/利益
你是一位道德判断模型。根据给出的有关环境报道的新闻文本，请判断其倾向于以下哪一个维度：责任/利益、实用/理想、创新/守旧、非道德。你的回答必须只包含其中的一个维度。,"Despite the urgency propelled by the World Economic Forum (WEF), the United Nations, the World Health Organization (WHO), the Paris Climate Agreement, the World Bank, and the Biden administration, Sweden is demonstrating that stability and efficiency must come before ideology.",实用/理想
你是一位道德判断模型。根据给出的有关环境报道的新闻文本，请判断其倾向于以下哪一个维度：责任/利益、实用/理想、创新/守旧、非道德。你的回答必须只包含其中的一个维度。,为满足市场和消费者需求，公司通过技术创新，实现了人造草坪 100% 可回收降解。,责任/利益
你是一位道德判断模型。根据给出的有关环境报道的新闻文本，请判断其倾向于以下哪一个维度：责任/利益、实用/理想、创新/守旧、非道德。你的回答必须只包含其中的一个维度。,该数据中心将把浸泡冷却技术推向新的高度并将为利用可再生能源进行数据处理树立新标准。BitFury 正引领该领域创新，设立新的数据中心并与我们的全球合作伙伴携手合作推进这一重要工作让我们引以为傲,创新/守旧
你是一位道德判断模型。根据给出的有关环境报道的新闻文本，请判断其倾向于以下哪一个维度：责任/利益、实用/理想、创新/守旧、非道德。你的回答必须只包含其中的一个维度。,为深入打好污染防治攻坚战、持续改善环境质量，我市印发了《宿迁市“十四五”生态环境保护规划》。,责任/利益
你是一位道德判断模型。根据给出的有关环境报道的新闻文本，请判断其倾向于以下哪一个维度：责任/利益、实用/理想、创新/守旧、非道德。你的回答必须只包含其中的一个维度。,该珠宝品牌从负责任的矿产开采和制作，到切割和镶嵌，整个供应链都是垂直透明的。所有作品均使用回收的18K金和钯，以及无冲突的公平贸易钻石、宝石和化石。,责任/利益
你是一位道德判断模型。根据给出的有关环境报道的新闻文本，请判断其倾向于以下哪一个维度：责任/利益、实用/理想、创新/守旧、非道德。你的回答必须只包含其中的一个维度。,英国海洋管理组织对疏浚过程中河泥的排放进行严格的监控和监管，以确保其符合环保标准。,责任/利益
你是一位道德判断模型。根据给出的有关环境报道的新闻文本，请判断其倾向于以下哪一个维度：责任/利益、实用/理想、创新/守旧、非道德。你的回答必须只包含其中的一个维度。,PGE 通过融资符合其绿色融资框架的合格绿色投资，进入了可持续金融战略的新阶段。,责任/利益
你是一位道德判断模型。根据给出的有关环境报道的新闻文本，请判断其倾向于以下哪一个维度：责任/利益、实用/理想、创新/守旧、非道德。你的回答必须只包含其中的一个维度。,此次射阳港电厂 2×100 万千瓦燃煤发电机组在关停低效落后产能的前提下实施扩建，是贯彻省委、省政府决策部署的具体行动，将有利于全省的能源布局加速向沿海发展。,责任/利益
你是一位道德判断模型。根据给出的有关环境报道的新闻文本，请判断其倾向于以下哪一个维度：责任/利益、实用/理想、创新/守旧、非道德。你的回答必须只包含其中的一个维度。,积极落实《巴黎协定》，提前完成 2020 年应对气候变化相关目标；作出‘到 2030 年，中国单位国内生产总值二氧化碳排放将比 2005 年下降 65% 以上，非化石能源占一次能源消费比重将达到 25% 左右’等庄严承诺。,责任/利益
你是一位道德判断模型。根据给出的有关环境报道的新闻文本，请判断其倾向于以下哪一个维度：责任/利益、实用/理想、创新/守旧、非道德。你的回答必须只包含其中的一个维度。,介绍了新加坡工会应对疫情影响，保护劳动者健康和就业权益，协助政府和企业推动经济复苏的具体做法，分享了新加坡工会的工作经验和未来发展规划。,责任/利益
你是一位道德判断模型。根据给出的有关环境报道的新闻文本，请判断其倾向于以下哪一个维度：责任/利益、实用/理想、创新/守旧、非道德。你的回答必须只包含其中的一个维度。,省委书记、省人大常委会主任张庆伟主持召开省生态环境保护委员会暨省生态环境保护督察和整改工作领导小组 2022 年第一次全体会议，强调要深入贯彻习近平生态文明思想，走生态优先、绿色发展之路。,责任/利益
你是一位道德判断模型。根据给出的有关环境报道的新闻文本，请判断其倾向于以下哪一个维度：责任/利益、实用/理想、创新/守旧、非道德。你的回答必须只包含其中的一个维度。,习主席表示，鉴于中国丰富的煤炭资源和缺乏的石油、天然气资源，我们应该加强系统思维，逐步实现碳目标。,责任/利益
你是一位道德判断模型。根据给出的有关环境报道的新闻文本，请判断其倾向于以下哪一个维度：责任/利益、实用/理想、创新/守旧、非道德。你的回答必须只包含其中的一个维度。,现实中的'智能现在'使得'智能未来'的形象确定无疑，而自动化和智能技术带来的优势，航运公司最大的挑战似乎是正确的心态。那些仍然坚持传统经营方式的公司将不得不改变观点，以适应新的数字领域的现实。,创新/守旧
你是一位道德判断模型。根据给出的有关环境报道的新闻文本，请判断其倾向于以下哪一个维度：责任/利益、实用/理想、创新/守旧、非道德。你的回答必须只包含其中的一个维度。,"Additionally, input is gathered from downstream distributors and end-users.",非道德
你是一位道德判断模型。根据给出的有关环境报道的新闻文本，请判断其倾向于以下哪一个维度：责任/利益、实用/理想、创新/守旧、非道德。你的回答必须只包含其中的一个维度。,2015年巴黎协定的目标被认为是最有可能阻止气候变化带来潜在灾难性影响（如海平面上升和极端天气增加）的最佳机会。,责任/利益
你是一位道德判断模型。根据给出的有关环境报道的新闻文本，请判断其倾向于以下哪一个维度：责任/利益、实用/理想、创新/守旧、非道德。你的回答必须只包含其中的一个维度。,作为中国汽车行业自主品牌和自主创新的中坚力量，福田汽车与宁普时代展开深入合作，共同构建绿色新时代的美好蓝图。,责任/利益
你是一位道德判断模型。根据给出的有关环境报道的新闻文本，请判断其倾向于以下哪一个维度：责任/利益、实用/理想、创新/守旧、非道德。你的回答必须只包含其中的一个维度。,美国需要经济增长、增加就业、降低通胀、减少债务赤字。健康、稳定、合作的中美经贸关系符合美国自身的利益。,责任/利益
你是一位道德判断模型。根据给出的有关环境报道的新闻文本，请判断其倾向于以下哪一个维度：责任/利益、实用/理想、创新/守旧、非道德。你的回答必须只包含其中的一个维度。,工业和信息化部节能与综合利用司发布 2022 年度绿色制造名单公示。,责任/利益
你是一位道德判断模型。根据给出的有关环境报道的新闻文本，请判断其倾向于以下哪一个维度：责任/利益、实用/理想、创新/守旧、非道德。你的回答必须只包含其中的一个维度。,73% of multifamily residents said they are interested in—or won’t rent an apartment without—sustainability and green initiatives being implemented at the property.,责任/利益
你是一位道德判断模型。根据给出的有关环境报道的新闻文本，请判断其倾向于以下哪一个维度：责任/利益、实用/理想、创新/守旧、非道德。你的回答必须只包含其中的一个维度。,英国政府推出了新的应对气候危机的计划，其中包括到 2030 年逐步淘汰新的汽油和柴油汽车和货车，以加速向电动汽车的过渡，减少气候排放和本地空气污染。,责任/利益
你是一位道德判断模型。根据给出的有关环境报道的新闻文本，请判断其倾向于以下哪一个维度：责任/利益、实用/理想、创新/守旧、非道德。你的回答必须只包含其中的一个维度。,与 Prairie State 签订了财务灾难性的合同，使 ratepayers 不仅要支付资本成本，还要支付煤炭发电厂巨额的债务服务，该发电厂是主要的污染物排放源。,创新/守旧
你是一位道德判断模型。根据给出的有关环境报道的新闻文本，请判断其倾向于以下哪一个维度：责任/利益、实用/理想、创新/守旧、非道德。你的回答必须只包含其中的一个维度。,中国气象局与国家能源投资集团有限责任公司在京签订战略合作协议，共同促进气象和能源事业高质量发展。,责任/利益
你是一位道德判断模型。根据给出的有关环境报道的新闻文本，请判断其倾向于以下哪一个维度：责任/利益、实用/理想、创新/守旧、非道德。你的回答必须只包含其中的一个维度。,该公司是美国最大的公共快速充电网络之一，为电动汽车（EVs）提供便捷的充电服务。他们推出的 Autocharge+服务，让 EV 司机能够通过简单的插头连接快速充电器，无需打开应用程序或刷卡，就可以无缝启动充电过程，为司机提供了更便捷的充电体验。,实用/理想
你是一位道德判断模型。根据给出的有关环境报道的新闻文本，请判断其倾向于以下哪一个维度：责任/利益、实用/理想、创新/守旧、非道德。你的回答必须只包含其中的一个维度。,与会人员共同学习了《习近平生态文明思想学习纲要》、《中华人民共和国噪声污染防治法》、《中华人民共和国环境保护法》，并传达了‘静夜守护’城市夜间噪声污染整治专项行动工作部署视频会会议精神。,责任/利益
你是一位道德判断模型。根据给出的有关环境报道的新闻文本，请判断其倾向于以下哪一个维度：责任/利益、实用/理想、创新/守旧、非道德。你的回答必须只包含其中的一个维度。,俄罗斯与乌克兰的冲突导致了欧洲对俄罗斯天然气的依赖，这引发了能源市场的波动和不确定性。,责任/利益
你是一位道德判断模型。根据给出的有关环境报道的新闻文本，请判断其倾向于以下哪一个维度：责任/利益、实用/理想、创新/守旧、非道德。你的回答必须只包含其中的一个维度。,美国将在拜登总统上任第一天重新加入巴黎气候协定，并在应对气候变化方面发挥关键作用。,责任/利益
你是一位道德判断模型。根据给出的有关环境报道的新闻文本，请判断其倾向于以下哪一个维度：责任/利益、实用/理想、创新/守旧、非道德。你的回答必须只包含其中的一个维度。,相关部门也应积极引导绿色低碳消费，以更多绿色需求牵引产业供给,实用/理想
你是一位道德判断模型。根据给出的有关环境报道的新闻文本，请判断其倾向于以下哪一个维度：责任/利益、实用/理想、创新/守旧、非道德。你的回答必须只包含其中的一个维度。,美国设定了类似的碳减排目标，这意味着全球三大经济体在转型路径上达成一致。,责任/利益
你是一位道德判断模型。根据给出的有关环境报道的新闻文本，请判断其倾向于以下哪一个维度：责任/利益、实用/理想、创新/守旧、非道德。你的回答必须只包含其中的一个维度。,Unilever 的 CEO Alan Jope 在一份声明中表示，虽然世界正面临 COVID-19 疫情的毁灭性影响和严重的不平等问题，但我们不能忘记气候危机对我们所有人的威胁。,责任/利益
你是一位道德判断模型。根据给出的有关环境报道的新闻文本，请判断其倾向于以下哪一个维度：责任/利益、实用/理想、创新/守旧、非道德。你的回答必须只包含其中的一个维度。,Businesses across the UK are facing mounting pressure to reduce their carbon emissions and support the UK’s net zero targets.,责任/利益
你是一位道德判断模型。根据给出的有关环境报道的新闻文本，请判断其倾向于以下哪一个维度：责任/利益、实用/理想、创新/守旧、非道德。你的回答必须只包含其中的一个维度。,Heatherwick Studio 的创始人兼设计总监托马斯·希瑟威克表示，领导团队挑战我们创造一个特别的地方，反映迫切需要更健康的城市，让人们重新聚集在一起。结果不仅是一个设计另一个办公楼，而且是激活广场、为这个历史城市创造一个令人惊讶的新公共空间的激动人心的机会。,责任/利益
你是一位道德判断模型。根据给出的有关环境报道的新闻文本，请判断其倾向于以下哪一个维度：责任/利益、实用/理想、创新/守旧、非道德。你的回答必须只包含其中的一个维度。,城市地区交通当局的 Urban Transport Group 主席 Stephen Edwards 表示，如果我们要脱碳城市车辆车队，那么至关重要的是我们要在确定实现这一目标的正确策略方面发挥主导作用。,实用/理想
你是一位道德判断模型。根据给出的有关环境报道的新闻文本，请判断其倾向于以下哪一个维度：责任/利益、实用/理想、创新/守旧、非道德。你的回答必须只包含其中的一个维度。,纠正运动式‘减碳’，并强调尽快出台 2030 年前碳达峰行动方案,实用/理想
你是一位道德判断模型。根据给出的有关环境报道的新闻文本，请判断其倾向于以下哪一个维度：责任/利益、实用/理想、创新/守旧、非道德。你的回答必须只包含其中的一个维度。,全市生态环境系统将认真落实中央、省、市关于生态文明建设的决策部署，争当区域绿色低碳转型的先行者，勇当全省污染防治攻坚战的领跑者，当好中部生态安全屏障的守护者。“下一步，我们将坚持方向不变、力度不减、标准不降，更加突出综合治理、系统治理、源头治理，更加突出精准治污、科学治污、依法治污，持续打好蓝天、碧水、净土保卫战，筑牢生态安全屏障，用好生态环境执法‘利器’，树牢‘项目为王’工作导向，加快四大结构调整，努力创建生态文明建设示范市，以生态环境高水平保护推动经济高质量发展，在加快老区振兴上奋勇争先，在加速绿色崛起上更加出彩。”,责任/利益
你是一位道德判断模型。根据给出的有关环境报道的新闻文本，请判断其倾向于以下哪一个维度：责任/利益、实用/理想、创新/守旧、非道德。你的回答必须只包含其中的一个维度。,土木工程师协会政策总监Chris Richards表示，这些声明并未说明政府应对气候变化的总体计划。'如果英国要实现其承诺，迫切需要制定一个连接各部门努力实现净零的基础设施计划。',实用/理想
你是一位道德判断模型。根据给出的有关环境报道的新闻文本，请判断其倾向于以下哪一个维度：责任/利益、实用/理想、创新/守旧、非道德。你的回答必须只包含其中的一个维度。,强化责任倒逼，严格落实“党政同责、一岗双责、失职追责”的要求，加大责任追究力度，充分发挥好考核指挥棒作用。,责任/利益
你是一位道德判断模型。根据给出的有关环境报道的新闻文本，请判断其倾向于以下哪一个维度：责任/利益、实用/理想、创新/守旧、非道德。你的回答必须只包含其中的一个维度。,由广东省科学技术协会和深圳市科学技术协会主办，深圳市罗湖区科学技术协会、深圳市中装建设集团股份有限公司承办的粤港澳大湾区城市微更新暨既有建筑安全管理与品质提升院士专家讲坛在深圳举行。,责任/利益
你是一位道德判断模型。根据给出的有关环境报道的新闻文本，请判断其倾向于以下哪一个维度：责任/利益、实用/理想、创新/守旧、非道德。你的回答必须只包含其中的一个维度。,阐释应对气候变化的中国主张，宣布中国国家自主贡献最新举措，为推动全球气候治理注入信心和力量。,实用/理想
你是一位道德判断模型。根据给出的有关环境报道的新闻文本，请判断其倾向于以下哪一个维度：责任/利益、实用/理想、创新/守旧、非道德。你的回答必须只包含其中的一个维度。,普遍认为，在全球气候治理进程的关键时刻，中国推动高质量发展、加快绿色转型的自觉行动，发挥了积极表率作用。,责任/利益
你是一位道德判断模型。根据给出的有关环境报道的新闻文本，请判断其倾向于以下哪一个维度：责任/利益、实用/理想、创新/守旧、非道德。你的回答必须只包含其中的一个维度。,美国清洁电力协会临时首席执行官JC Sandberg表示，Lefton的声明标志着美国西部海上风电的一个重大里程碑。,责任/利益
你是一位道德判断模型。根据给出的有关环境报道的新闻文本，请判断其倾向于以下哪一个维度：责任/利益、实用/理想、创新/守旧、非道德。你的回答必须只包含其中的一个维度。,Impax 资产管理公司可持续投资高级副总裁 Julie Gorte 表示，如果发达国家不提供帮助，印度将依靠自己的设备建造煤炭发电厂。,责任/利益
你是一位道德判断模型。根据给出的有关环境报道的新闻文本，请判断其倾向于以下哪一个维度：责任/利益、实用/理想、创新/守旧、非道德。你的回答必须只包含其中的一个维度。,交银国际信托有限公司发布公告称，由交通银行股份有限公司作为发起机构和委托人、交银国际信托有限公司作为受托机构和发行人，委托中信证券股份有限公司进行薄记建档发行的“交元 2021 年第一期信用卡分期资产支持证券”发行款项已全部到账，且信托财产交付完毕。,非道德
你是一位道德判断模型。根据给出的有关环境报道的新闻文本，请判断其倾向于以下哪一个维度：责任/利益、实用/理想、创新/守旧、非道德。你的回答必须只包含其中的一个维度。,"At least 30 people were arrested at multiple U.K. locations, with some held on suspicion of aggravated trespass or public nuisance, police forces said.",责任/利益
你是一位道德判断模型。根据给出的有关环境报道的新闻文本，请判断其倾向于以下哪一个维度：责任/利益、实用/理想、创新/守旧、非道德。你的回答必须只包含其中的一个维度。,Saft 公司的一位高级技术顾问 Jim McDowall 告诉 POWER，'我们看到安全标准正努力跟上电池储存的部署。过去几年已经建立了一系列的 UL 标准。目标总是开发一种既安全又不太昂贵的技术。',实用/理想
你是一位道德判断模型。根据给出的有关环境报道的新闻文本，请判断其倾向于以下哪一个维度：责任/利益、实用/理想、创新/守旧、非道德。你的回答必须只包含其中的一个维度。,河南酒业名企，棠河酒业积极响应国家'3060'双碳目标号召，在业内率先提出建设零碳酒企，以降碳为抓手，推动减污降碳协同增效，做好资源能源节约集约循环利用，稳步开展数字化、信息化、绿色化提升，持续做好清洁生产，大力发展循环经济，高标准保护生态环境，在服务'双碳'战略与企业高质量发展之间实现有效衔接。,责任/利益
你是一位道德判断模型。根据给出的有关环境报道的新闻文本，请判断其倾向于以下哪一个维度：责任/利益、实用/理想、创新/守旧、非道德。你的回答必须只包含其中的一个维度。,建材工业是江苏重要的基础产业，依托雄厚的制造业发展根基，江苏已逐步形成门类齐全的建材工业体系，经济总量在全国同行业中位居前列，培育了一批专精特新和单打冠军企业。,实用/理想
你是一位道德判断模型。根据给出的有关环境报道的新闻文本，请判断其倾向于以下哪一个维度：责任/利益、实用/理想、创新/守旧、非道德。你的回答必须只包含其中的一个维度。,该法案规定，除太阳能特别规定外，华盛顿特区的电力将来自 PJM 电力市场。,非道德
你是一位道德判断模型。根据给出的有关环境报道的新闻文本，请判断其倾向于以下哪一个维度：责任/利益、实用/理想、创新/守旧、非道德。你的回答必须只包含其中的一个维度。,美军终于公布核潜艇碰撞事故的调查结果，但这个结果仍然有很多疑团未解。,非道德
你是一位道德判断模型。根据给出的有关环境报道的新闻文本，请判断其倾向于以下哪一个维度：责任/利益、实用/理想、创新/守旧、非道德。你的回答必须只包含其中的一个维度。,力拓将投资13亿美元，持有该项目的54%股权。力拓和宝武还达成了一项涵盖大约13年、总量为1.265亿吨的铁矿石销售协议。,实用/理想
你是一位道德判断模型。根据给出的有关环境报道的新闻文本，请判断其倾向于以下哪一个维度：责任/利益、实用/理想、创新/守旧、非道德。你的回答必须只包含其中的一个维度。,欧洲能源交易所是这个故事中涉及的企业实体。,非道德
你是一位道德判断模型。根据给出的有关环境报道的新闻文本，请判断其倾向于以下哪一个维度：责任/利益、实用/理想、创新/守旧、非道德。你的回答必须只包含其中的一个维度。,3M 分离及过滤科学产品部净水业务组将支援 200 棵树苗给北山，助力西北绿化事业。,责任/利益
你是一位道德判断模型。根据给出的有关环境报道的新闻文本，请判断其倾向于以下哪一个维度：责任/利益、实用/理想、创新/守旧、非道德。你的回答必须只包含其中的一个维度。,苏格兰政府预算遭到地方议会的批评，但政府表示将继续支持苏格兰的地方政府。,非道德
你是一位道德判断模型。根据给出的有关环境报道的新闻文本，请判断其倾向于以下哪一个维度：责任/利益、实用/理想、创新/守旧、非道德。你的回答必须只包含其中的一个维度。,委员会将为六个'One City'主题板提供减少温室气体排放和适应措施的技术建议。,实用/理想
你是一位道德判断模型。根据给出的有关环境报道的新闻文本，请判断其倾向于以下哪一个维度：责任/利益、实用/理想、创新/守旧、非道德。你的回答必须只包含其中的一个维度。,合并后，Temasek Holdings将成为最大的股东，持股比例为33.5%。,非道德
你是一位道德判断模型。根据给出的有关环境报道的新闻文本，请判断其倾向于以下哪一个维度：责任/利益、实用/理想、创新/守旧、非道德。你的回答必须只包含其中的一个维度。,Explore Edmonton 拥有专门的可持续发展专家，帮助使城市和其举办的活动更具可持续性,责任/利益
你是一位道德判断模型。根据给出的有关环境报道的新闻文本，请判断其倾向于以下哪一个维度：责任/利益、实用/理想、创新/守旧、非道德。你的回答必须只包含其中的一个维度。,每日黑巧‘巧护地球’计划自前端种植开始，积极践行可持续行动，并在产品各个生产环节不断优化，实现力所能及的低碳环保，以日积月累的力量巧护地球。,责任/利益
你是一位道德判断模型。根据给出的有关环境报道的新闻文本，请判断其倾向于以下哪一个维度：责任/利益、实用/理想、创新/守旧、非道德。你的回答必须只包含其中的一个维度。,介绍了 20 年来福建林业改革发展情况,非道德
你是一位道德判断模型。根据给出的有关环境报道的新闻文本，请判断其倾向于以下哪一个维度：责任/利益、实用/理想、创新/守旧、非道德。你的回答必须只包含其中的一个维度。,各国应该遵循共同但有区别的责任原则，根据国情和能力，最大程度强化行动。同时，发达国家要切实加大向发展中国家提供资金、技术、能力建设支持。,责任/利益
你是一位道德判断模型。根据给出的有关环境报道的新闻文本，请判断其倾向于以下哪一个维度：责任/利益、实用/理想、创新/守旧、非道德。你的回答必须只包含其中的一个维度。,"Leading provider of digital twin SaaS for complex industrial assets, Eserv, has promoted Jeff Hailey to Head of Business Development to lead its growth strategy across new sectors.",责任/利益
你是一位道德判断模型。根据给出的有关环境报道的新闻文本，请判断其倾向于以下哪一个维度：责任/利益、实用/理想、创新/守旧、非道德。你的回答必须只包含其中的一个维度。,印度尼西亚已经作出了减少碳排放的承诺，2016 年印度尼西亚政府已批准《巴黎协定》。印度尼西亚还制定了“2020 年 -2024 年中期发展计划”，其中提到关于加强环境建设，提高抵御自然灾害和气候变化能力等问题。,责任/利益
你是一位道德判断模型。根据给出的有关环境报道的新闻文本，请判断其倾向于以下哪一个维度：责任/利益、实用/理想、创新/守旧、非道德。你的回答必须只包含其中的一个维度。,某区块链公司购买了‘矿机’，并与第三方公司签订委托合同。,非道德
你是一位道德判断模型。根据给出的有关环境报道的新闻文本，请判断其倾向于以下哪一个维度：责任/利益、实用/理想、创新/守旧、非道德。你的回答必须只包含其中的一个维度。,The Rinnai Technical team which calculates emissions and savings which can be made on both carbon load and fuel costs.,非道德
你是一位道德判断模型。根据给出的有关环境报道的新闻文本，请判断其倾向于以下哪一个维度：责任/利益、实用/理想、创新/守旧、非道德。你的回答必须只包含其中的一个维度。,波兰副总理Jadwiga Emilewicz表示，政府将利用欧盟和地方的资金来加强地方公交车生产商。,实用/理想
你是一位道德判断模型。根据给出的有关环境报道的新闻文本，请判断其倾向于以下哪一个维度：责任/利益、实用/理想、创新/守旧、非道德。你的回答必须只包含其中的一个维度。,2014 年北京 APEC 会议期间，中美共同宣布两国将共同出台政策，减少碳排放，美国设置了在 2025 年使碳排放较 2005 年减少 26% 的目标，中国宣布在 2030 年左右二氧化碳排放达到峰值，并争取尽早实现。,责任/利益
你是一位道德判断模型。根据给出的有关环境报道的新闻文本，请判断其倾向于以下哪一个维度：责任/利益、实用/理想、创新/守旧、非道德。你的回答必须只包含其中的一个维度。,美国核监管委员会 (NRC) 对 Vogtle Unit 3 进行了全面审查，并进行了针对性检查，然后发出了 103(g) 决定，确认该单元符合严格的核安全和质量标准。,非道德
你是一位道德判断模型。根据给出的有关环境报道的新闻文本，请判断其倾向于以下哪一个维度：责任/利益、实用/理想、创新/守旧、非道德。你的回答必须只包含其中的一个维度。,Vanessa Havard-Williams是Partner和Linklaters全球环境与气候变化负责人，她和Raza Naeem在2022年2月10日最近的IA Net Zero论坛上讨论了在快速变化的环境中，应对气候变化相关披露所带来的挑战和法律风险。,实用/理想
你是一位道德判断模型。根据给出的有关环境报道的新闻文本，请判断其倾向于以下哪一个维度：责任/利益、实用/理想、创新/守旧、非道德。你的回答必须只包含其中的一个维度。,当前 EPS 和岩棉薄抹灰外墙外保温技术在世界范围内已经形成了相对成熟的标准体系、技术体系和产业支撑体系和管理体系，特别是其高效节能、低碳、经济且安全风险可控等特点，对实现建筑领域双碳目标具有不可替代的重要作用。,创新/守旧
你是一位道德判断模型。根据给出的有关环境报道的新闻文本，请判断其倾向于以下哪一个维度：责任/利益、实用/理想、创新/守旧、非道德。你的回答必须只包含其中的一个维度。,法方欢迎中方宣布力争于 2060 年前实现碳中和，这一重大承诺体现了中方主动承担重要责任,责任/利益
你是一位道德判断模型。根据给出的有关环境报道的新闻文本，请判断其倾向于以下哪一个维度：责任/利益、实用/理想、创新/守旧、非道德。你的回答必须只包含其中的一个维度。,交通运输部门明确表示要倡导绿色低碳的出行方式，引导人们在出行时优先选择绿色低碳的公共交通，通过降低小汽车通行量，达到提升绿色出行水平的目的。,责任/利益
你是一位道德判断模型。根据给出的有关环境报道的新闻文本，请判断其倾向于以下哪一个维度：责任/利益、实用/理想、创新/守旧、非道德。你的回答必须只包含其中的一个维度。,我国仍处于工业化和城市化中后期，还面临能源结构偏煤、产业结构偏重等问题，未来 15 年是我国基本实现现代化的关键阶段，经济发展仍需保持合理增速，能源需求将持续增长，能源和经济的低碳转型迎来重要机遇期的同时，减排降碳面临严峻挑战。,实用/理想
你是一位道德判断模型。根据给出的有关环境报道的新闻文本，请判断其倾向于以下哪一个维度：责任/利益、实用/理想、创新/守旧、非道德。你的回答必须只包含其中的一个维度。,该指南为工程师提供了指导，以应对不断变化的可持续性议程，并为实现可持续结果指明了方向。,实用/理想
你是一位道德判断模型。根据给出的有关环境报道的新闻文本，请判断其倾向于以下哪一个维度：责任/利益、实用/理想、创新/守旧、非道德。你的回答必须只包含其中的一个维度。,Spindles Town Square shopping centre将被翻新，为一个新的活动场地，供创意产业使用。,非道德
你是一位道德判断模型。根据给出的有关环境报道的新闻文本，请判断其倾向于以下哪一个维度：责任/利益、实用/理想、创新/守旧、非道德。你的回答必须只包含其中的一个维度。,Internat Energy Solutions Canada也被McCol Metals公司委托，对其独有的铱回收和再利用过程进行了从摇篮到大门的生命周期评估（LCA），结果表明该过程在环保方面表现出色。,创新/守旧
你是一位道德判断模型。根据给出的有关环境报道的新闻文本，请判断其倾向于以下哪一个维度：责任/利益、实用/理想、创新/守旧、非道德。你的回答必须只包含其中的一个维度。,FSB 现在呼吁政府推出绿色援助计划，其中包括优惠券，以帮助公司更换设备材料提高能源效率。,创新/守旧
你是一位道德判断模型。根据给出的有关环境报道的新闻文本，请判断其倾向于以下哪一个维度：责任/利益、实用/理想、创新/守旧、非道德。你的回答必须只包含其中的一个维度。,Senator Markey and Representative Ocasio-Cortez are telling the truth about what it will actually take to prevent climate catastrophe--a WWII-scale Climate Mobilization that eliminates greenhouse gas emissions in 10 years and draws down excess GHGs from the atmosphere.,实用/理想
你是一位道德判断模型。根据给出的有关环境报道的新闻文本，请判断其倾向于以下哪一个维度：责任/利益、实用/理想、创新/守旧、非道德。你的回答必须只包含其中的一个维度。,Today’s walkout at Amazon could be the largest tech worker demonstration since the industry started slashing jobs last fall.,责任/利益
你是一位道德判断模型。根据给出的有关环境报道的新闻文本，请判断其倾向于以下哪一个维度：责任/利益、实用/理想、创新/守旧、非道德。你的回答必须只包含其中的一个维度。,吴政隆指出，未来五年十分关键，是江苏肩负“争当表率、争做示范、走在前列”光荣使命，开新局迈新步的五年，是为我省现代化建设打基础筑优势的五年，需要进一步凝聚共识、集聚智慧、汇聚力量。希望各民主党派、工商联和无党派人士充分发挥团结合作、人才荟萃、联系广泛优势，希望人大、政协等各有关方面充分发挥职能作用，坚持和加强中国共产党全面领导，强化责任担当，高质量高效能高标准开展各项工作，履行新使命、奋进新征程，团结一致谱写新时代“强富美高”新江苏建设现代化篇章。,责任/利益
你是一位道德判断模型。根据给出的有关环境报道的新闻文本，请判断其倾向于以下哪一个维度：责任/利益、实用/理想、创新/守旧、非道德。你的回答必须只包含其中的一个维度。,各成员单位要认真履职尽职、加强协作配合,实用/理想
你是一位道德判断模型。根据给出的有关环境报道的新闻文本，请判断其倾向于以下哪一个维度：责任/利益、实用/理想、创新/守旧、非道德。你的回答必须只包含其中的一个维度。,我们应该废除而不是仅仅暂停养老金的三重锁。,责任/利益
你是一位道德判断模型。根据给出的有关环境报道的新闻文本，请判断其倾向于以下哪一个维度：责任/利益、实用/理想、创新/守旧、非道德。你的回答必须只包含其中的一个维度。,由成都传媒集团、锦江区人民政府、中国数字图书馆有限责任公司主办，成都博瑞传播股份有限公司、成都文化产权交易所有限公司承办的“全国首家数字文化产权交易平台启动暨成都文化产权交易所数字经济战略合作签约仪式”在成都香格里拉大酒店成功举行,创新/守旧
你是一位道德判断模型。根据给出的有关环境报道的新闻文本，请判断其倾向于以下哪一个维度：责任/利益、实用/理想、创新/守旧、非道德。你的回答必须只包含其中的一个维度。,BitFury正引领该领域创新，设立新的数据中心并与我们的全球合作伙伴携手合作推进这一重要工作让我们引以为傲,创新/守旧
你是一位道德判断模型。根据给出的有关环境报道的新闻文本，请判断其倾向于以下哪一个维度：责任/利益、实用/理想、创新/守旧、非道德。你的回答必须只包含其中的一个维度。,家庭教育和研学旅行指导人员的职业属性、界定职业工作任务等，很有必要、正当其时。,创新/守旧
你是一位道德判断模型。根据给出的有关环境报道的新闻文本，请判断其倾向于以下哪一个维度：责任/利益、实用/理想、创新/守旧、非道德。你的回答必须只包含其中的一个维度。,"An investment firm that specializes in sustainability and ESG investing, Calvert’s data analysis included company scores on distinct topics within five categories: shareholders, employees, customers, community and planet.",创新/守旧
你是一位道德判断模型。根据给出的有关环境报道的新闻文本，请判断其倾向于以下哪一个维度：责任/利益、实用/理想、创新/守旧、非道德。你的回答必须只包含其中的一个维度。,Trane Technologies 和其领先品牌 Trane 和 Thermo King 帮助解决世界上一些最大的可持续性问题。这些承诺包括减少客户温室气体排放 1 亿吨（占世界年度排放量的 2%），实现碳中性运营，实现领导层性别平等以及多样化的劳动力，代表公司服务的社区。,责任/利益
你是一位道德判断模型。根据给出的有关环境报道的新闻文本，请判断其倾向于以下哪一个维度：责任/利益、实用/理想、创新/守旧、非道德。你的回答必须只包含其中的一个维度。,在最近的 AGM 上，股东们拒绝了所有与气候有关的决议。,创新/守旧
你是一位道德判断模型。根据给出的有关环境报道的新闻文本，请判断其倾向于以下哪一个维度：责任/利益、实用/理想、创新/守旧、非道德。你的回答必须只包含其中的一个维度。,公司向河南省特大暴雨灾害捐赠人民币 305000 元,责任/利益
你是一位道德判断模型。根据给出的有关环境报道的新闻文本，请判断其倾向于以下哪一个维度：责任/利益、实用/理想、创新/守旧、非道德。你的回答必须只包含其中的一个维度。,石油公司 Galp 参与了绿色氢气项目。,创新/守旧
你是一位道德判断模型。根据给出的有关环境报道的新闻文本，请判断其倾向于以下哪一个维度：责任/利益、实用/理想、创新/守旧、非道德。你的回答必须只包含其中的一个维度。,电网需要能够在未来十年左右提供备用和平衡角色的资源，在太阳低于中天和风平浪静的时候填补空白。,实用/理想
你是一位道德判断模型。根据给出的有关环境报道的新闻文本，请判断其倾向于以下哪一个维度：责任/利益、实用/理想、创新/守旧、非道德。你的回答必须只包含其中的一个维度。,该数据中心将把浸泡冷却技术推向新的高度并将为利用可再生能源进行数据处理树立新标准。BitFury 正引领该领域创新，设立新的数据中心并与我们的全球合作伙伴携手合作推进这一重要工作让我们引以为傲,实用/理想
你是一位道德判断模型。根据给出的有关环境报道的新闻文本，请判断其倾向于以下哪一个维度：责任/利益、实用/理想、创新/守旧、非道德。你的回答必须只包含其中的一个维度。,要坚决扛牢政治责任，深刻认识祁连山生态保护的极端重要性，切实筑牢国家西部生态安全屏障。,实用/理想
你是一位道德判断模型。根据给出的有关环境报道的新闻文本，请判断其倾向于以下哪一个维度：责任/利益、实用/理想、创新/守旧、非道德。你的回答必须只包含其中的一个维度。,中国始终相信，世界好，中国才能好；中国好，世界才会更好。作为负责任的大国，中国将继续秉持生态文明理念，朝着建成美丽中国的目标不断前行。这既是办好中国自己的事，也是对世界的贡献。,责任/利益
你是一位道德判断模型。根据给出的有关环境报道的新闻文本，请判断其倾向于以下哪一个维度：责任/利益、实用/理想、创新/守旧、非道德。你的回答必须只包含其中的一个维度。,授予 Passivhaus 住宅方案 Goldsmith Street 的 RIBA Stirling prize 是可持续住房设计的“分水岭”时刻,创新/守旧
你是一位道德判断模型。根据给出的有关环境报道的新闻文本，请判断其倾向于以下哪一个维度：责任/利益、实用/理想、创新/守旧、非道德。你的回答必须只包含其中的一个维度。,TRIG 是一家投资于可再生能源基础设施项目的伦敦上市公司，NAB 与其合作完成了首笔 ESG 关联的外汇 (FX) 衍生品交易。,非道德
你是一位道德判断模型。根据给出的有关环境报道的新闻文本，请判断其倾向于以下哪一个维度：责任/利益、实用/理想、创新/守旧、非道德。你的回答必须只包含其中的一个维度。,未来，大将军瓷砖将坚持以“以稳为基 + 谋篇布局”为战略发展方向，持续推进企业高质量发展，实现赶超跨越的强劲势能。,实用/理想
你是一位道德判断模型。根据给出的有关环境报道的新闻文本，请判断其倾向于以下哪一个维度：责任/利益、实用/理想、创新/守旧、非道德。你的回答必须只包含其中的一个维度。,黄石东贝铸造有限公司为湖北碳排放重点控排企业，也是湖北省级“专精特新”中小企业，得知企业有经营周转和节能减排融资需求时，民生银行主动上门服务，为企业制定碳配额质押贷款方案。,责任/利益
你是一位道德判断模型。根据给出的有关环境报道的新闻文本，请判断其倾向于以下哪一个维度：责任/利益、实用/理想、创新/守旧、非道德。你的回答必须只包含其中的一个维度。,Modigent是一家新成立的公司，作为机械服务和控制系统行业的领导者，它准备在全国范围内推动该行业的发展。Modigent通过20次成功的收购，培养了一个由13个专业品牌组成的业务组合，并在美国17个关键市场中运营。,创新/守旧
你是一位道德判断模型。根据给出的有关环境报道的新闻文本，请判断其倾向于以下哪一个维度：责任/利益、实用/理想、创新/守旧、非道德。你的回答必须只包含其中的一个维度。,GFG Alliance执行主席Sanjeev Gupta表示：“今天我感到非常自豪，因为我们已经能够向所有利益相关者兑现我们的承诺-Adhunik正在全面恢复运营。五年前，我开始我的工业旅程，在英国Newport重启我们的第一家钢铁厂的运营。在这里，我们通过保留和支付当地工人启动运营，将Adhunik和Zion钢铁厂带回到生活，展现了对工业社区的同样承诺。,创新/守旧
你是一位道德判断模型。根据给出的有关环境报道的新闻文本，请判断其倾向于以下哪一个维度：责任/利益、实用/理想、创新/守旧、非道德。你的回答必须只包含其中的一个维度。,饮料公司需要与供应商密切合作，寻找在可再生能源基础设施方面进行联合投资的机会，如太阳能电池板或风力涡轮机。,创新/守旧
你是一位道德判断模型。根据给出的有关环境报道的新闻文本，请判断其倾向于以下哪一个维度：责任/利益、实用/理想、创新/守旧、非道德。你的回答必须只包含其中的一个维度。,"UK pension funds are increasingly taking impact investing into consideration, with 90% of respondents looking to make impact investments in the UK.",责任/利益
你是一位道德判断模型。根据给出的有关环境报道的新闻文本，请判断其倾向于以下哪一个维度：责任/利益、实用/理想、创新/守旧、非道德。你的回答必须只包含其中的一个维度。,该数据中心将把浸泡冷却技术推向新的高度并将为利用可再生能源进行数据处理树立新标准。BitFury 正引领该领域创新，设立新的数据中心并与我们的全球合作伙伴携手合作推进这一重要工作让我们引以为傲,创新/守旧
你是一位道德判断模型。根据给出的有关环境报道的新闻文本，请判断其倾向于以下哪一个维度：责任/利益、实用/理想、创新/守旧、非道德。你的回答必须只包含其中的一个维度。,VO是一家致力于提供可持续技术以支持长期电视服务的公司，通过其电视平台和一系列先进功能，为付费电视运营商和内容提供商提供个性化的电视体验。,实用/理想
你是一位道德判断模型。根据给出的有关环境报道的新闻文本，请判断其倾向于以下哪一个维度：责任/利益、实用/理想、创新/守旧、非道德。你的回答必须只包含其中的一个维度。,Enbridge公司概述了对Pacific Energy Corp的Woodfibre LNG项目的15亿加元投资。,责任/利益
你是一位道德判断模型。根据给出的有关环境报道的新闻文本，请判断其倾向于以下哪一个维度：责任/利益、实用/理想、创新/守旧、非道德。你的回答必须只包含其中的一个维度。,中国国家主席习近平在本次峰会讲话中提出三点倡议：团结一心，开创合作共赢的气候治理新局面；提振雄心，形成各尽所能的气候治理新体系；增强信心，坚持绿色复苏的气候治理新思路。,责任/利益
你是一位道德判断模型。根据给出的有关环境报道的新闻文本，请判断其倾向于以下哪一个维度：责任/利益、实用/理想、创新/守旧、非道德。你的回答必须只包含其中的一个维度。,在破坏环境资源类案件中，侵权人的行为均对生态系统造成不同程度的破坏。这种人为破坏会导致生态系统固碳能力的降低。所以，在坚持生态修复优先的同时，要处理好固碳和增汇的关系。,责任/利益
你是一位道德判断模型。根据给出的有关环境报道的新闻文本，请判断其倾向于以下哪一个维度：责任/利益、实用/理想、创新/守旧、非道德。你的回答必须只包含其中的一个维度。,英国政府鼓励地方政府在发展充电网络时参考BVRLA Fleet Charging Guide。,创新/守旧
你是一位道德判断模型。根据给出的有关环境报道的新闻文本，请判断其倾向于以下哪一个维度：责任/利益、实用/理想、创新/守旧、非道德。你的回答必须只包含其中的一个维度。,市级网信部门将备案信息及时提交省网信办,非道德
你是一位道德判断模型。根据给出的有关环境报道的新闻文本，请判断其倾向于以下哪一个维度：责任/利益、实用/理想、创新/守旧、非道德。你的回答必须只包含其中的一个维度。,英格兰将在未来四年内启动 10 个'景观恢复'项目，以恢复泥炭地和森林。,责任/利益
你是一位道德判断模型。根据给出的有关环境报道的新闻文本，请判断其倾向于以下哪一个维度：责任/利益、实用/理想、创新/守旧、非道德。你的回答必须只包含其中的一个维度。,英国领先的电网测试设施和演示中心 Power Networks Demonstration Center 去年验证了 Faraday Grid 的技术。,非道德
你是一位道德判断模型。根据给出的有关环境报道的新闻文本，请判断其倾向于以下哪一个维度：责任/利益、实用/理想、创新/守旧、非道德。你的回答必须只包含其中的一个维度。,纽约州新堡市的民主党议员，表示纽约州已经承诺走向无碳未来，并欢迎与劳工、地方官员和环保倡导者合作，制定确保纽约电网可靠性的替代计划。,实用/理想
你是一位道德判断模型。根据给出的有关环境报道的新闻文本，请判断其倾向于以下哪一个维度：责任/利益、实用/理想、创新/守旧、非道德。你的回答必须只包含其中的一个维度。,报告中强调，为了在气候变化领域取得更有意义的进展，监管机构和政府等所有利益相关方的合作至关重要。,实用/理想
你是一位道德判断模型。根据给出的有关环境报道的新闻文本，请判断其倾向于以下哪一个维度：责任/利益、实用/理想、创新/守旧、非道德。你的回答必须只包含其中的一个维度。,该数据中心将把浸泡冷却技术推向新的高度并将为利用可再生能源进行数据处理树立新标准。BitFury 正引领该领域创新，设立新的数据中心并与我们的全球合作伙伴携手合作推进这一重要工作让我们引以为傲,创新/守旧
你是一位道德判断模型。根据给出的有关环境报道的新闻文本，请判断其倾向于以下哪一个维度：责任/利益、实用/理想、创新/守旧、非道德。你的回答必须只包含其中的一个维度。,严守生态保护红线，高质量打造千里碧道，加快建立健全生态产品价值实现机制,责任/利益
你是一位道德判断模型。根据给出的有关环境报道的新闻文本，请判断其倾向于以下哪一个维度：责任/利益、实用/理想、创新/守旧、非道德。你的回答必须只包含其中的一个维度。,Fast Company最近发表了一篇关于大麻替代钢材钢筋的文章。,非道德
你是一位道德判断模型。根据给出的有关环境报道的新闻文本，请判断其倾向于以下哪一个维度：责任/利益、实用/理想、创新/守旧、非道德。你的回答必须只包含其中的一个维度。,"全球可再生能源行业的工作岗位去年增长了500,000个，达到了103万个，其中70%的工作岗位在中国、巴西、美国、印度、德国和日本创造。",责任/利益
你是一位道德判断模型。根据给出的有关环境报道的新闻文本，请判断其倾向于以下哪一个维度：责任/利益、实用/理想、创新/守旧、非道德。你的回答必须只包含其中的一个维度。,"With climate change and biodiversity high up in public priorities, the charity says it’s essential that the 2020s are a decade of rapid, far-reaching climate action in order to avoid climate breakdown.",实用/理想
你是一位道德判断模型。根据给出的有关环境报道的新闻文本，请判断其倾向于以下哪一个维度：责任/利益、实用/理想、创新/守旧、非道德。你的回答必须只包含其中的一个维度。,苏里南也相信它可以加入顶级生产国之列，并利用石油收入资助其清洁能源燃料的发展。,非道德
你是一位道德判断模型。根据给出的有关环境报道的新闻文本，请判断其倾向于以下哪一个维度：责任/利益、实用/理想、创新/守旧、非道德。你的回答必须只包含其中的一个维度。,各国领导人以最大的政治决心和智慧推动达成应对气候变化《巴黎协定》。5 年来，《巴黎协定》进入实施阶段，得到国际社会广泛支持和参与。,责任/利益
你是一位道德判断模型。根据给出的有关环境报道的新闻文本，请判断其倾向于以下哪一个维度：责任/利益、实用/理想、创新/守旧、非道德。你的回答必须只包含其中的一个维度。,一些地方为了冲刺能耗“双控”目标，采取了限电限产这一“补作业”式的极端措施。,责任/利益
你是一位道德判断模型。根据给出的有关环境报道的新闻文本，请判断其倾向于以下哪一个维度：责任/利益、实用/理想、创新/守旧、非道德。你的回答必须只包含其中的一个维度。,活动主办方为“全国五一奖章”获得者张来仔颁发全民义务植树 40 周年纪念杯,非道德
你是一位道德判断模型。根据给出的有关环境报道的新闻文本，请判断其倾向于以下哪一个维度：责任/利益、实用/理想、创新/守旧、非道德。你的回答必须只包含其中的一个维度。,英国政府的一份报告显示，城市、小户型和过度拥挤的房屋，尤其是城市地区，最容易受到过度热化的影响。,非道德
你是一位道德判断模型。根据给出的有关环境报道的新闻文本，请判断其倾向于以下哪一个维度：责任/利益、实用/理想、创新/守旧、非道德。你的回答必须只包含其中的一个维度。,"Smit Lamnalco LNG business and project development director Andrew Brown amplified the issues and challenges with handling alternative fuels on board tugs, as well as the capital expenditure required from owners.",非道德
你是一位道德判断模型。根据给出的有关环境报道的新闻文本，请判断其倾向于以下哪一个维度：责任/利益、实用/理想、创新/守旧、非道德。你的回答必须只包含其中的一个维度。,易捷航空计划使用绿色氢气作为燃料进行商业航班。,创新/守旧
你是一位道德判断模型。根据给出的有关环境报道的新闻文本，请判断其倾向于以下哪一个维度：责任/利益、实用/理想、创新/守旧、非道德。你的回答必须只包含其中的一个维度。,欢迎新的欧洲工业战略，认为该文件为欧洲工业的发展提供了重要参考。,实用/理想
你是一位道德判断模型。根据给出的有关环境报道的新闻文本，请判断其倾向于以下哪一个维度：责任/利益、实用/理想、创新/守旧、非道德。你的回答必须只包含其中的一个维度。,广西是我国少数民族人口最多的自治区，少数民族人口占比 39%。我们切实担负起维护民族团结和边疆安宁的重大责任，专门出台了《关于建设铸牢中华民族共同体意识示范区推进新时代全区民族工作高质量发展的实施意见》，进一步深化民族团结进步，既做看得见、摸得着的工作，也做“润物细无声”的事情，促进各民族交往交流交融，统筹抓好边疆治理、巩固脱贫成果、推进乡村振兴等，扎实推进共同富裕，齐心协力建设中华民族共有精神家园、共同富裕幸福家园、守望相助和谐家园、边疆稳定平安家园。,创新/守旧
你是一位道德判断模型。根据给出的有关环境报道的新闻文本，请判断其倾向于以下哪一个维度：责任/利益、实用/理想、创新/守旧、非道德。你的回答必须只包含其中的一个维度。,OGUK 是一家在多样化能源组合中发挥重要作用的英国离岸石油和天然气行业组织。我们的成员包括主要运营商、新进入者和从盆地物流提供商、井管理专家和海洋与环境咨询公司等各种供应链公司。,非道德
你是一位道德判断模型。根据给出的有关环境报道的新闻文本，请判断其倾向于以下哪一个维度：责任/利益、实用/理想、创新/守旧、非道德。你的回答必须只包含其中的一个维度。,中国国务院副总理韩正表示，愿意与美国在应对气候变化方面进行合作，并希望美国能秉持巴黎协定，履行其应尽的责任。,责任/利益
你是一位道德判断模型。根据给出的有关环境报道的新闻文本，请判断其倾向于以下哪一个维度：责任/利益、实用/理想、创新/守旧、非道德。你的回答必须只包含其中的一个维度。,让践行绿色低碳生活成为全民的自觉行动，为建设人与自然和谐共生的现代化铺就幸福底色，为建设美丽中国赢得绿色未来。,责任/利益
你是一位道德判断模型。根据给出的有关环境报道的新闻文本，请判断其倾向于以下哪一个维度：责任/利益、实用/理想、创新/守旧、非道德。你的回答必须只包含其中的一个维度。,征收的碳税将用来支持各类计划，帮助家庭和企业实现更高的能源使用效率及去碳化，这些计划将受到严格的治理和问责框架的约束。,创新/守旧
你是一位道德判断模型。根据给出的有关环境报道的新闻文本，请判断其倾向于以下哪一个维度：责任/利益、实用/理想、创新/守旧、非道德。你的回答必须只包含其中的一个维度。,迪玛科技证券代码：833052 发布关于公司及相关责任主体收到纪律处分决定书的公告。,非道德
你是一位道德判断模型。根据给出的有关环境报道的新闻文本，请判断其倾向于以下哪一个维度：责任/利益、实用/理想、创新/守旧、非道德。你的回答必须只包含其中的一个维度。,该数据中心将把浸泡冷却技术推向新的高度并将为利用可再生能源进行数据处理树立新标准。BitFury正引领该领域创新，设立新的数据中心并与我们的全球合作伙伴携手合作推进这一重要工作让我们引以为傲,创新/守旧
你是一位道德判断模型。根据给出的有关环境报道的新闻文本，请判断其倾向于以下哪一个维度：责任/利益、实用/理想、创新/守旧、非道德。你的回答必须只包含其中的一个维度。,该公司的人力资源管理策略的其他关键支柱包括：培养自我意识强烈、能激励员工发挥全部潜能的领导；将人才流程扩展到所有层次和岗位类型；通过具有竞争力的薪酬和福利吸引员工参与所有方面的健康——财务、身体和心理健康。,创新/守旧
你是一位道德判断模型。根据给出的有关环境报道的新闻文本，请判断其倾向于以下哪一个维度：责任/利益、实用/理想、创新/守旧、非道德。你的回答必须只包含其中的一个维度。,Interplas 2021将于9月28日至30日在伯明翰的NEC举行，会议将讨论包括监管更新、医疗包装和创新等广泛的行业主题。,实用/理想
你是一位道德判断模型。根据给出的有关环境报道的新闻文本，请判断其倾向于以下哪一个维度：责任/利益、实用/理想、创新/守旧、非道德。你的回答必须只包含其中的一个维度。,RenewableUK的新任首席执行官Dan McGrail估计，今年将有总潜在能力为23吉瓦的项目准备好参加拍卖。,实用/理想
你是一位道德判断模型。根据给出的有关环境报道的新闻文本，请判断其倾向于以下哪一个维度：责任/利益、实用/理想、创新/守旧、非道德。你的回答必须只包含其中的一个维度。,Gary Gray has taken the managing director role at Aberdeen-based energy recruitment specialist Strategic Resources.,非道德
你是一位道德判断模型。根据给出的有关环境报道的新闻文本，请判断其倾向于以下哪一个维度：责任/利益、实用/理想、创新/守旧、非道德。你的回答必须只包含其中的一个维度。,Modigent是一家新成立的公司，作为机械服务和控制系统行业的领导者，它准备在全国范围内推出。Modigent代表了这个行业向市场领导者的雄心壮志的进化。通过20次成功的收购，Modigent已经培养了一个由13个专业品牌组成的组合，这些品牌在17个关键市场中运营。Modigent不仅仅是一个统一的形象，它还是一盏共享抱负和不懈追求卓越的指路灯。,实用/理想
你是一位道德判断模型。根据给出的有关环境报道的新闻文本，请判断其倾向于以下哪一个维度：责任/利益、实用/理想、创新/守旧、非道德。你的回答必须只包含其中的一个维度。,所有汽车制造商都在研发能够增加适应性并使其能够快速响应市场需求的机器人技术。,创新/守旧
你是一位道德判断模型。根据给出的有关环境报道的新闻文本，请判断其倾向于以下哪一个维度：责任/利益、实用/理想、创新/守旧、非道德。你的回答必须只包含其中的一个维度。,要加快发展方式绿色转型，深入打好污染防治攻坚战，积极推进应对气候变化，完善绿色低碳政策和市场体系，广泛培育绿色低碳生活方式。,实用/理想
你是一位道德判断模型。根据给出的有关环境报道的新闻文本，请判断其倾向于以下哪一个维度：责任/利益、实用/理想、创新/守旧、非道德。你的回答必须只包含其中的一个维度。,"Following the close of COP27 it remains clear that solutions to reducing humanitys carbon emissions are vitally important. What we know is that from a technological and scientific standpoint, the potential reduction in CO2 emissions from satellite technologies is immense.",实用/理想
你是一位道德判断模型。根据给出的有关环境报道的新闻文本，请判断其倾向于以下哪一个维度：责任/利益、实用/理想、创新/守旧、非道德。你的回答必须只包含其中的一个维度。,网络运营商负责地方电力电网的运行和未来能源需求的规划。在推动脱碳的过程中，这包括数百万电动汽车和电气化供暖解决方案的接入。,实用/理想
你是一位道德判断模型。根据给出的有关环境报道的新闻文本，请判断其倾向于以下哪一个维度：责任/利益、实用/理想、创新/守旧、非道德。你的回答必须只包含其中的一个维度。,发挥企业创新主体作用，集中力量打好关键核心技术攻坚战，需要实施领军企业为主体、产学研用协同创新的重大科技工程，不断增强应对风险挑战的能力。瞄准前沿性、颠覆性技术，优化自主产业发展生态。推进开放合作，鼓励企业在全球范围整合、配置创新资源。深化科技创新体制改革，激发和保护企业家精神。加强财税金融政策支持，增强国家重大战略任务财力保障。,实用/理想
你是一位道德判断模型。根据给出的有关环境报道的新闻文本，请判断其倾向于以下哪一个维度：责任/利益、实用/理想、创新/守旧、非道德。你的回答必须只包含其中的一个维度。,现在，新政府的任何新规划政策都必须考虑气候变化。法院表示，巴黎协定凌驾于所有其他法律之上。这并不意味着政府不能批准新的跑道或修建新的高速公路，但他们必须被认为已经考虑了这些新发展对气候变化政策的影响。,责任/利益
你是一位道德判断模型。根据给出的有关环境报道的新闻文本，请判断其倾向于以下哪一个维度：责任/利益、实用/理想、创新/守旧、非道德。你的回答必须只包含其中的一个维度。,气候集团能源生产率倡议的负责人 Jenny Chu 表示：'钢铁行业是气候变化的最大贡献者之一。我们需要看到在削减排放方面有更大的投资和进展，但钢铁制造商也需要知道他们的客户会购买新的、更清洁的产品。通过利用主要钢铁使用组织的集体采购力和影响力，SteelZero 将发出一个关键的需求信号，可以推动全球市场和政策向可持续生产和采购钢铁的方向转变。,非道德
你是一位道德判断模型。根据给出的有关环境报道的新闻文本，请判断其倾向于以下哪一个维度：责任/利益、实用/理想、创新/守旧、非道德。你的回答必须只包含其中的一个维度。,生态文明建设作为关系中华民族永续发展的根本大计，开展了一系列开创性工作，决心之大、力度之大、成效之大前所未有，生态文明建设的成就举世瞩目，成为新时代党和国家事业取得历史性成就、发生历史性变革的显著标志。新时代新征程，要深入学习贯彻习近平生态文明思想，把建设美丽中国摆在强国建设、民族复兴的突出位置，以高品质生态环境支撑高质量发展，加快推进人与自然和谐共生的现代化。,责任/利益
你是一位道德判断模型。根据给出的有关环境报道的新闻文本，请判断其倾向于以下哪一个维度：责任/利益、实用/理想、创新/守旧、非道德。你的回答必须只包含其中的一个维度。,农行还积极践行企业社会责任，通过挖掘、提炼和传播中国优秀传统文化，为品牌注入中国精神、中国价值、中国力量。积极开展文化项目合作，助力传统农耕和乡土文化传承发展，讲好新时代金融服务乡村振兴、服务高质量发展的中国故事。,责任/利益
你是一位道德判断模型。根据给出的有关环境报道的新闻文本，请判断其倾向于以下哪一个维度：责任/利益、实用/理想、创新/守旧、非道德。你的回答必须只包含其中的一个维度。,创造一个各尽所能、合作共赢、奉行法治、公平正义、包容互鉴、共同发展的未来。,责任/利益
你是一位道德判断模型。根据给出的有关环境报道的新闻文本，请判断其倾向于以下哪一个维度：责任/利益、实用/理想、创新/守旧、非道德。你的回答必须只包含其中的一个维度。,英国平等、住房与社区部表示，位于英格兰北部的伍德豪斯煤矿项目可以继续进行。West Cumbria Mining Ltd.计划将煤矿生产的煤炭主要销售给海外买家，用于制造钢铁。,责任/利益
你是一位道德判断模型。根据给出的有关环境报道的新闻文本，请判断其倾向于以下哪一个维度：责任/利益、实用/理想、创新/守旧、非道德。你的回答必须只包含其中的一个维度。,航空业的脱碳和实现净零排放的进程是该行业面临的重要挑战。,创新/守旧
你是一位道德判断模型。根据给出的有关环境报道的新闻文本，请判断其倾向于以下哪一个维度：责任/利益、实用/理想、创新/守旧、非道德。你的回答必须只包含其中的一个维度。,新建输电通道可再生能源比例原则上不低于 50%，加快发展分布式能源、沿海核电、海上风电，实现能源“从远方来”与“从身边来”协同发展。,实用/理想
你是一位道德判断模型。根据给出的有关环境报道的新闻文本，请判断其倾向于以下哪一个维度：责任/利益、实用/理想、创新/守旧、非道德。你的回答必须只包含其中的一个维度。,中国恢复联合国合法席位 50 年来，为联合国作出日益重要贡献，是联合国的可靠伙伴和国际合作的中流砥柱。中国率先实现联合国千年发展目标，提前 10 年实现联合国 2030 年可持续发展议程减贫目标。新冠肺炎疫情暴发以来，中国积极同世界分享防控经验，向各国输送了大批抗疫物资、疫苗药品。,责任/利益
你是一位道德判断模型。根据给出的有关环境报道的新闻文本，请判断其倾向于以下哪一个维度：责任/利益、实用/理想、创新/守旧、非道德。你的回答必须只包含其中的一个维度。,习近平希望全社会行动起来，做绿水青山就是金山银山理念的积极传播者和模范践行者，身体力行、久久为功，为共建清洁美丽世界作出更大贡献。,实用/理想
你是一位道德判断模型。根据给出的有关环境报道的新闻文本，请判断其倾向于以下哪一个维度：责任/利益、实用/理想、创新/守旧、非道德。你的回答必须只包含其中的一个维度。,与会专家表示，必须依靠科技创新，在降碳的同时确保能源安全，促进清洁能源发展，加快能源行业绿色低碳转型。,创新/守旧
你是一位道德判断模型。根据给出的有关环境报道的新闻文本，请判断其倾向于以下哪一个维度：责任/利益、实用/理想、创新/守旧、非道德。你的回答必须只包含其中的一个维度。,冰岛国内航班提供了一个完美的试验场，因为'航线都在一个小时内可达'。,非道德
你是一位道德判断模型。根据给出的有关环境报道的新闻文本，请判断其倾向于以下哪一个维度：责任/利益、实用/理想、创新/守旧、非道德。你的回答必须只包含其中的一个维度。,Burberry 的首席运营官兼财务官 Julie Brown 表示：“在 Burberry，我们相信我们的长期成功取决于打造净零未来。将资金与可持续性倡议挂钩不仅将推动奢侈品行业，还将推动更广泛经济的可持续发展。”,实用/理想
你是一位道德判断模型。根据给出的有关环境报道的新闻文本，请判断其倾向于以下哪一个维度：责任/利益、实用/理想、创新/守旧、非道德。你的回答必须只包含其中的一个维度。,日本商业协会已要求政府采取果断的气候行动。他们明白，在即将成为搁浅资产的煤炭发电厂上浪费金钱是没有经济意义的。在任何一个投资计划中，都没有煤电的合理理由。,责任/利益
你是一位道德判断模型。根据给出的有关环境报道的新闻文本，请判断其倾向于以下哪一个维度：责任/利益、实用/理想、创新/守旧、非道德。你的回答必须只包含其中的一个维度。,中国修建了非洲第一条跨国电气化铁路——亚吉铁路，不仅为相关国家和地区提供了发展机会，其节能环保的运行模式也成为共建绿色“一带一路”的最佳案例。,责任/利益
你是一位道德判断模型。根据给出的有关环境报道的新闻文本，请判断其倾向于以下哪一个维度：责任/利益、实用/理想、创新/守旧、非道德。你的回答必须只包含其中的一个维度。,构建统一开放、竞争有序的全国统一电力市场。,责任/利益
你是一位道德判断模型。根据给出的有关环境报道的新闻文本，请判断其倾向于以下哪一个维度：责任/利益、实用/理想、创新/守旧、非道德。你的回答必须只包含其中的一个维度。,"Utilizing the company’s resources, innovative technology, and marketing network effectively is the key to being an industry leader. Green energy is the cornerstone of human advancement. In the future, LONGi hopes to join forces with all types of partners to bring value to more people and make significant contributions to progress towards carbon neutrality and a greener planet.",实用/理想
你是一位道德判断模型。根据给出的有关环境报道的新闻文本，请判断其倾向于以下哪一个维度：责任/利益、实用/理想、创新/守旧、非道德。你的回答必须只包含其中的一个维度。,到 2025 年，江苏要全面完成钢铁行业超低排放改造，单位工业增加值二氧化碳排放量下降 20%，畜禽粪污综合利用率达到 95%，全省自然湿地保护率达到 60%。,责任/利益
你是一位道德判断模型。根据给出的有关环境报道的新闻文本，请判断其倾向于以下哪一个维度：责任/利益、实用/理想、创新/守旧、非道德。你的回答必须只包含其中的一个维度。,生态环境部是推动中国实现碳达峰和碳中和目标的重要政府部门之一。,非道德
你是一位道德判断模型。根据给出的有关环境报道的新闻文本，请判断其倾向于以下哪一个维度：责任/利益、实用/理想、创新/守旧、非道德。你的回答必须只包含其中的一个维度。,英国政府正在寻求改善全球易受气候冲击的脆弱国家在面临严重气候冲击时的财务韧性。,非道德
你是一位道德判断模型。根据给出的有关环境报道的新闻文本，请判断其倾向于以下哪一个维度：责任/利益、实用/理想、创新/守旧、非道德。你的回答必须只包含其中的一个维度。,ZeroNorth的CEO Søren Meyer补充道：“这个新模型将从我们的平台生成更强大的优化，但更重要的是，它还将使ZeroNorth为行业的脱碳努力做出更大的贡献。”,实用/理想
你是一位道德判断模型。根据给出的有关环境报道的新闻文本，请判断其倾向于以下哪一个维度：责任/利益、实用/理想、创新/守旧、非道德。你的回答必须只包含其中的一个维度。,Gentari将提供清洁能源解决方案，满足马来西亚及其国内外客户的能源需求和低碳目标。通过提供一个专注于供应、分销和零售清洁能源的团队，我们将通过实现规模生产和基础设施的可获得性，提供负担得起和可访问的解决方案和系统，以捕获低碳能源领域的机会。,实用/理想
你是一位道德判断模型。根据给出的有关环境报道的新闻文本，请判断其倾向于以下哪一个维度：责任/利益、实用/理想、创新/守旧、非道德。你的回答必须只包含其中的一个维度。,比如工业、交通、建筑和能源行业的公司,非道德
你是一位道德判断模型。根据给出的有关环境报道的新闻文本，请判断其倾向于以下哪一个维度：责任/利益、实用/理想、创新/守旧、非道德。你的回答必须只包含其中的一个维度。,非洲石油和天然气倡导者表示，没有一个国家在没有使用煤炭、石油和天然气的情况下发展起来，他们担心非洲正在代人受过，而最大的排放者在毫无障碍地利用石油和天然气。,责任/利益
你是一位道德判断模型。根据给出的有关环境报道的新闻文本，请判断其倾向于以下哪一个维度：责任/利益、实用/理想、创新/守旧、非道德。你的回答必须只包含其中的一个维度。,全球技术公司ABB与Stäubli Electrical Connectors签署谅解备忘录，合作研发解决方案，减少采矿行业重型机械产生的温室气体排放。,实用/理想
你是一位道德判断模型。根据给出的有关环境报道的新闻文本，请判断其倾向于以下哪一个维度：责任/利益、实用/理想、创新/守旧、非道德。你的回答必须只包含其中的一个维度。,Solotech不仅作为现场制作的长期巨头，而且作为企业、礼拜和交通领域的全球前五名AV系统集成商。其强大的英国系统安装市场地位由参与顶级项目如Outernet伦敦、托特纳姆热刺体育场、阿斯科特赛马场等所证明。这得到了强大的销售部门的加强，使Solotech成为英国新旧专业音频、照明和视频供应商的领先供应商。,非道德
你是一位道德判断模型。根据给出的有关环境报道的新闻文本，请判断其倾向于以下哪一个维度：责任/利益、实用/理想、创新/守旧、非道德。你的回答必须只包含其中的一个维度。,英国在冬季对电力和天然气的需求很高，这可能会对电网产生压力，甚至可能导致停电。因此，英国国家电网对冬季能源系统进行了评估，以确保电力供应的稳定性。,实用/理想
你是一位道德判断模型。根据给出的有关环境报道的新闻文本，请判断其倾向于以下哪一个维度：责任/利益、实用/理想、创新/守旧、非道德。你的回答必须只包含其中的一个维度。,中国将提高国家自主贡献力度，采取更加有力的政策和措施，二氧化碳排放力争于 2030 年前达到峰值，努力争取 2060 年前实现碳中和。,实用/理想
你是一位道德判断模型。根据给出的有关环境报道的新闻文本，请判断其倾向于以下哪一个维度：责任/利益、实用/理想、创新/守旧、非道德。你的回答必须只包含其中的一个维度。,LHC 采购集团与公共部门紧密合作，以确保其服务能够满足客户的需求。,责任/利益
你是一位道德判断模型。根据给出的有关环境报道的新闻文本，请判断其倾向于以下哪一个维度：责任/利益、实用/理想、创新/守旧、非道德。你的回答必须只包含其中的一个维度。,我国政府在不同规划时期都提倡和推动铜行业的发展，并在相关政策中明确要求限制行业产能过度扩张，对行业准入、能耗、污染排放等提出明确要求，加大废铜资源再生利用等。,责任/利益
你是一位道德判断模型。根据给出的有关环境报道的新闻文本，请判断其倾向于以下哪一个维度：责任/利益、实用/理想、创新/守旧、非道德。你的回答必须只包含其中的一个维度。,我国工业保持快速发展势头，减排成效持续显现，为应对气候变化、推动绿色发展增添了信心和底气,实用/理想
你是一位道德判断模型。根据给出的有关环境报道的新闻文本，请判断其倾向于以下哪一个维度：责任/利益、实用/理想、创新/守旧、非道德。你的回答必须只包含其中的一个维度。,需要民众将绿色环保理念融入生活中，倡导低碳家居生活，为实现“双碳”目标贡献力量,责任/利益
你是一位道德判断模型。根据给出的有关环境报道的新闻文本，请判断其倾向于以下哪一个维度：责任/利益、实用/理想、创新/守旧、非道德。你的回答必须只包含其中的一个维度。,作为一家崇尚绿色环保的大型现代化家居企业，全友始终秉承绿色发展理念，积极参与绿色产品设计标准制定，恪守各环节环保标准，持续加大环保投入与设施维护力度，升级节能环保技术，打造并完善包括绿色设计、绿色供应、绿色制造、绿色物流、绿色终端、绿色服务在内的绿色供应链管理体系，不断为消费者提供绿色环保的品质家居和更安全、更健康的居家体验。,实用/理想
你是一位道德判断模型。根据给出的有关环境报道的新闻文本，请判断其倾向于以下哪一个维度：责任/利益、实用/理想、创新/守旧、非道德。你的回答必须只包含其中的一个维度。,鉴于韩国工业中制造业企业所占比例（2020年为26.1%）以及从排放峰值到碳中和的时间期限（32年）与其他国家相比更短，2030年NDC和2050年碳中和方案表明了韩国政府对碳中和的强烈承诺。,实用/理想
你是一位道德判断模型。根据给出的有关环境报道的新闻文本，请判断其倾向于以下哪一个维度：责任/利益、实用/理想、创新/守旧、非道德。你的回答必须只包含其中的一个维度。,Powerhive 的 renewable microgrid technologies 为发展中国家的农村社区提供 可负担的、可靠的、高效的太阳能电力。这为一些世界上最贫困的社区的可持续经济发展提供了长期的、可扩展的解决方案。它还帮助确保能源安全，提高极端天气事件引起的气候变化的抵御能力。,实用/理想
你是一位道德判断模型。根据给出的有关环境报道的新闻文本，请判断其倾向于以下哪一个维度：责任/利益、实用/理想、创新/守旧、非道德。你的回答必须只包含其中的一个维度。,要全力抓好农业农村工作，切实保障粮食和重要农产品稳定安全供给，巩固拓展脱贫攻坚成果。,实用/理想
你是一位道德判断模型。根据给出的有关环境报道的新闻文本，请判断其倾向于以下哪一个维度：责任/利益、实用/理想、创新/守旧、非道德。你的回答必须只包含其中的一个维度。,该数据中心将把浸泡冷却技术推向新的高度并将为利用可再生能源进行数据处理树立新标准。BitFury 正引领该领域创新，设立新的数据中心并与我们的全球合作伙伴携手合作推进这一重要工作让我们引以为傲,创新/守旧
你是一位道德判断模型。根据给出的有关环境报道的新闻文本，请判断其倾向于以下哪一个维度：责任/利益、实用/理想、创新/守旧、非道德。你的回答必须只包含其中的一个维度。,审理重点区域因建设自然保护地、推行统一环境准入和退出机制、推进河湖湿地生态保护修复及封禁保护沙化土地等引发的民事、行政案件，推动重点区域综合治理,实用/理想
你是一位道德判断模型。根据给出的有关环境报道的新闻文本，请判断其倾向于以下哪一个维度：责任/利益、实用/理想、创新/守旧、非道德。你的回答必须只包含其中的一个维度。,为贯彻落实党中央、国务院关于碳达峰碳中和的决策部署，全方位全过程推行工业产品绿色设计，促进减污降碳协同增效，助力碳达峰碳中和目标实现，现组织开展第四批工业产品绿色设计示范企业推荐工作。,实用/理想
你是一位道德判断模型。根据给出的有关环境报道的新闻文本，请判断其倾向于以下哪一个维度：责任/利益、实用/理想、创新/守旧、非道德。你的回答必须只包含其中的一个维度。,Guterres表示，在今年的COP26会议上，政府必须展示出更有野心的变革，以满足世界和人民的期望。,实用/理想
你是一位道德判断模型。根据给出的有关环境报道的新闻文本，请判断其倾向于以下哪一个维度：责任/利益、实用/理想、创新/守旧、非道德。你的回答必须只包含其中的一个维度。,MAN Energy Solutions然后将开发的大型四冲程发动机改装概念，并准备其进行商业开发和生产。,创新/守旧
你是一位道德判断模型。根据给出的有关环境报道的新闻文本，请判断其倾向于以下哪一个维度：责任/利益、实用/理想、创新/守旧、非道德。你的回答必须只包含其中的一个维度。,Emerald Duchess 将抵达 Teesport，为泰晤士河的经济成功和环境可持续性做出贡献。,实用/理想
你是一位道德判断模型。根据给出的有关环境报道的新闻文本，请判断其倾向于以下哪一个维度：责任/利益、实用/理想、创新/守旧、非道德。你的回答必须只包含其中的一个维度。,由生态环境部宣传教育中心和陕西省生态环境厅共同编制的《汾渭平原蓝天保卫战公众参与指南（陕西版）》正式发布，成为了陕西省生态环境宣教人员以及大气污染公众监督员开展生态环境宣传和环境监督的重要推广资料。,实用/理想
你是一位道德判断模型。根据给出的有关环境报道的新闻文本，请判断其倾向于以下哪一个维度：责任/利益、实用/理想、创新/守旧、非道德。你的回答必须只包含其中的一个维度。,This round of financing will allow us to grow the company further and ultimately move from a startup phase to bringing our revolutionary recycling solution to market.,责任/利益
你是一位道德判断模型。根据给出的有关环境报道的新闻文本，请判断其倾向于以下哪一个维度：责任/利益、实用/理想、创新/守旧、非道德。你的回答必须只包含其中的一个维度。,要深入贯彻习近平总书记关于能源革命的重要论述，以先行示范的标准推进碳达峰、碳中和，高质量编制实施全市能源发展“十四五”规划，进一步优化调整能源结构，着力构建现代化能源体系，进一步加大能源保供力度，全力确保能源供给安全，为深圳先行示范区建设提供有力能源保障,实用/理想
你是一位道德判断模型。根据给出的有关环境报道的新闻文本，请判断其倾向于以下哪一个维度：责任/利益、实用/理想、创新/守旧、非道德。你的回答必须只包含其中的一个维度。,BWI的首席执行官Gary Hobbs表示，Posterity Heights的目标是让该项目的居民的公用事业、租金和交通费用低于工资的45%，而传统住房的这些费用通常占到工资的60-65%。,非道德
你是一位道德判断模型。根据给出的有关环境报道的新闻文本，请判断其倾向于以下哪一个维度：责任/利益、实用/理想、创新/守旧、非道德。你的回答必须只包含其中的一个维度。,在重庆，持续修复的生态水岸让城市景观焕然一新。现在，‘两江四岸’正呈现出一幅山水人城和谐相融的美丽画卷。,责任/利益
你是一位道德判断模型。根据给出的有关环境报道的新闻文本，请判断其倾向于以下哪一个维度：责任/利益、实用/理想、创新/守旧、非道德。你的回答必须只包含其中的一个维度。,近日，由灌南县检察院提起的该县首例赔偿固碳功能损失的程某滥伐林木刑事附带民事公益诉讼案在县中小学生素质教育基地公开庭审,非道德
你是一位道德判断模型。根据给出的有关环境报道的新闻文本，请判断其倾向于以下哪一个维度：责任/利益、实用/理想、创新/守旧、非道德。你的回答必须只包含其中的一个维度。,Fatima Ibrahim 是 Just Stop Oil 式抗议组织的核心人物，她表示，在 Sir Keir 的演讲中的抗议活动导致他们与工党的多位高级官员和议员进行了多次会议。,非道德
你是一位道德判断模型。根据给出的有关环境报道的新闻文本，请判断其倾向于以下哪一个维度：责任/利益、实用/理想、创新/守旧、非道德。你的回答必须只包含其中的一个维度。,MAPFRE 正致力于通过减少公司排放和为巴黎协定的全球平均气温上升限制在 2 度以下的目标做出贡献，以抗击气候变化。该公司正在实施多种战略以实现碳中和，包括在西班牙和葡萄牙以及在 2030 年之前在所有其他 MAPFRE 运营的国家实现碳中和的目标。此外，MAPFRE 还致力于实施气候相关财务披露任务小组（TCFD）的建议，以便向投资者报告与气候变化相关的风险管理情况。MAPFRE 还与其他大公司建立合作关系，签署协议以开发有助于推广脱碳的基础设施。作为环境、社会和治理（ESG）投资标准的一部分，MAPFRE 不会投资于 30% 或更多收入来自煤炭能源的公司。相反，MAPFRE 正在通过推出名为 MAPFRE Energías Renovables 的首个可再生能源基金来加强其在西班牙的可持续投资承诺。事实上，作为 MAPFRE 的 ESG 承保标准之一，公司不再为与煤炭矿或热电厂以及北极的石油、天然气相关的新的基础设施提供保险。此外，MAPFRE 还推出了新的电动汽车和混合动力汽车保险产品，以及 100% 可再生能源的 Iberdrola 的其他产品。为了进一步强化这一倡议，MAPFRE Middlesea 推出了新的电动汽车保险政策。推出此 EV 政策是 MAPFRE 的可持续倡议，以推广绿色环境和抗击气候变化。节能也将成为 MAPFRE 抗击气候变化倡议的关键部分。MAPFRE 目前正在推动公司办公室的节能、节水、减少纸张消耗，并鼓励员工进行远程办公。,责任/利益
你是一位道德判断模型。根据给出的有关环境报道的新闻文本，请判断其倾向于以下哪一个维度：责任/利益、实用/理想、创新/守旧、非道德。你的回答必须只包含其中的一个维度。,发展数字经济是把握新一轮科技革命和产业变革新机遇的战略选择。,创新/守旧
你是一位道德判断模型。根据给出的有关环境报道的新闻文本，请判断其倾向于以下哪一个维度：责任/利益、实用/理想、创新/守旧、非道德。你的回答必须只包含其中的一个维度。,负责子公司债券发行及全流程管理，提高债券发行审批效率，提升债券发行全流程管理水平，防范债券违约风险，为建设现代化产业体系、实现高水平科技自立自强提供资金支持。,实用/理想
你是一位道德判断模型。根据给出的有关环境报道的新闻文本，请判断其倾向于以下哪一个维度：责任/利益、实用/理想、创新/守旧、非道德。你的回答必须只包含其中的一个维度。,超过 200 名成员在周二的一场冷雨中举着抗议标语，要求在两年来的与学区谈判僵局后达成新的合同。,责任/利益
你是一位道德判断模型。根据给出的有关环境报道的新闻文本，请判断其倾向于以下哪一个维度：责任/利益、实用/理想、创新/守旧、非道德。你的回答必须只包含其中的一个维度。,The fund was created to bailout financially-struggling nuclear plants in hopes of preserving their emissions-free power amid a global climate crisis,责任/利益
你是一位道德判断模型。根据给出的有关环境报道的新闻文本，请判断其倾向于以下哪一个维度：责任/利益、实用/理想、创新/守旧、非道德。你的回答必须只包含其中的一个维度。,TT2最近宣布，它将通过捐赠4533英镑来庆祝其绿色成就，以帮助减少印度新德里的污染，从而抵消其150名员工的年度碳足迹，这些碳足迹总共有1043吨。,实用/理想
你是一位道德判断模型。根据给出的有关环境报道的新闻文本，请判断其倾向于以下哪一个维度：责任/利益、实用/理想、创新/守旧、非道德。你的回答必须只包含其中的一个维度。,被告人晋某被判处有期徒刑八个月，缓刑一年，并处罚金一万元。,非道德
你是一位道德判断模型。根据给出的有关环境报道的新闻文本，请判断其倾向于以下哪一个维度：责任/利益、实用/理想、创新/守旧、非道德。你的回答必须只包含其中的一个维度。,深圳市政府制定严于国家标准的生态环境保护强制性地方标准，并创新环境影响评价制度以及生态修复机制。,实用/理想
你是一位道德判断模型。根据给出的有关环境报道的新闻文本，请判断其倾向于以下哪一个维度：责任/利益、实用/理想、创新/守旧、非道德。你的回答必须只包含其中的一个维度。,活动聚焦减量低碳绿色发展和城市生态保护重点工作，设立了图文并茂的"西海湿地简介""水资源保护科普""减污降碳"科普知识展板，以及"公民十条"、北京市土壤污染防治条例等主题展板，还邀请生态环境保护志愿者参观环保设施公众开放基地---什刹海西海水质自动监测站等，多形式广泛传播生态文明理念。,责任/利益
你是一位道德判断模型。根据给出的有关环境报道的新闻文本，请判断其倾向于以下哪一个维度：责任/利益、实用/理想、创新/守旧、非道德。你的回答必须只包含其中的一个维度。,射阳县和市各有关部门要密切配合、主动靠前，为项目建设做好服务保障。,责任/利益
你是一位道德判断模型。根据给出的有关环境报道的新闻文本，请判断其倾向于以下哪一个维度：责任/利益、实用/理想、创新/守旧、非道德。你的回答必须只包含其中的一个维度。,各国应该遵循共同但有区别的责任原则，根据国情和能力，最大程度强化行动。同时，发达国家要切实加大向发展中国家提供资金、技术、能力建设支持。,责任/利益
你是一位道德判断模型。根据给出的有关环境报道的新闻文本，请判断其倾向于以下哪一个维度：责任/利益、实用/理想、创新/守旧、非道德。你的回答必须只包含其中的一个维度。,为实现这些行动，Nissan 还宣布将推出可持续金融框架，以支持环保产品开发、技术和新型移动服务的筹资工作。,创新/守旧
你是一位道德判断模型。根据给出的有关环境报道的新闻文本，请判断其倾向于以下哪一个维度：责任/利益、实用/理想、创新/守旧、非道德。你的回答必须只包含其中的一个维度。,我们知道，前 10 名财务表现优异的公司表现出五个敏捷维度的可能性要高出 30%。,非道德
你是一位道德判断模型。根据给出的有关环境报道的新闻文本，请判断其倾向于以下哪一个维度：责任/利益、实用/理想、创新/守旧、非道德。你的回答必须只包含其中的一个维度。,绿水青山就是金山银山。要大力倡导绿色低碳的生产生活方式，从绿色发展中寻找发展的机遇和动力。,责任/利益
你是一位道德判断模型。根据给出的有关环境报道的新闻文本，请判断其倾向于以下哪一个维度：责任/利益、实用/理想、创新/守旧、非道德。你的回答必须只包含其中的一个维度。,帮助市场主体特别是中小微企业、个体工商户减负纾困，支持实施扩大消费专项行动，缓解中小微企业融资难问题,实用/理想
你是一位道德判断模型。根据给出的有关环境报道的新闻文本，请判断其倾向于以下哪一个维度：责任/利益、实用/理想、创新/守旧、非道德。你的回答必须只包含其中的一个维度。,"Greenberg Traurig's Corporate Practice comprises more than 500 lawyers in the United States, Europe, Asia, the Middle East and Latin America who regularly advise public and privately held companies, entrepreneurs and investment funds on global mergers and acquisitions, corporate restructurings, private equity and venture capital, underwritten and syndicated offerings, commercial finance and syndicated lending, cross-border transactions, and general corporate matters.",责任/利益
你是一位道德判断模型。根据给出的有关环境报道的新闻文本，请判断其倾向于以下哪一个维度：责任/利益、实用/理想、创新/守旧、非道德。你的回答必须只包含其中的一个维度。,UBS AG可持续金融主席Huw van Steenis上周在彭博社撰写的文章中表示，欧盟的方法既过于严格又过于宽泛，排除了一些应该被视为绿色投资的公司以及那些正在变得更加碳中性的公司。,非道德
你是一位道德判断模型。根据给出的有关环境报道的新闻文本，请判断其倾向于以下哪一个维度：责任/利益、实用/理想、创新/守旧、非道德。你的回答必须只包含其中的一个维度。,构建和完善涵盖节约用电、用水、用气以及倡导绿色出行等全方位的校园能源管理工作体系，在新校区建设和既有校区改造中优先采用节能减排新技术产品和服务,实用/理想
你是一位道德判断模型。根据给出的有关环境报道的新闻文本，请判断其倾向于以下哪一个维度：责任/利益、实用/理想、创新/守旧、非道德。你的回答必须只包含其中的一个维度。,主动对接地方政府和企业，了解复工复产安排和运输需求，畅通物流供应链，帮助企业尽快恢复生产，确保原材料进得来、产品出得去。,责任/利益
你是一位道德判断模型。根据给出的有关环境报道的新闻文本，请判断其倾向于以下哪一个维度：责任/利益、实用/理想、创新/守旧、非道德。你的回答必须只包含其中的一个维度。,倡导使用节能型器具，规范设置空调温度，科学优化电梯使用频次，努力实现精细用电，对用电负荷进行精细分类和分级管控，走廊、楼道等公用区域照明做到‘人走灯熄’。合理控制城市景观照明,责任/利益
你是一位道德判断模型。根据给出的有关环境报道的新闻文本，请判断其倾向于以下哪一个维度：责任/利益、实用/理想、创新/守旧、非道德。你的回答必须只包含其中的一个维度。,全球投资者与全球政府的雄心相匹配，他们希望投资绿色环保的基金，为应对气候变化产生积极影响。,责任/利益
你是一位道德判断模型。根据给出的有关环境报道的新闻文本，请判断其倾向于以下哪一个维度：责任/利益、实用/理想、创新/守旧、非道德。你的回答必须只包含其中的一个维度。,发布了研究报告《开源在微电网中的机会：推动创新并克服能源韧性市场壁垒的五个途径》,实用/理想
你是一位道德判断模型。根据给出的有关环境报道的新闻文本，请判断其倾向于以下哪一个维度：责任/利益、实用/理想、创新/守旧、非道德。你的回答必须只包含其中的一个维度。,诸多企业纷纷加入，让产品从田头到餐桌的过程中一路新鲜到家。,责任/利益
你是一位道德判断模型。根据给出的有关环境报道的新闻文本，请判断其倾向于以下哪一个维度：责任/利益、实用/理想、创新/守旧、非道德。你的回答必须只包含其中的一个维度。,省内以太坊和比特币‘挖矿’较多的地市有苏州、徐州、南京。从 IP 地址归属和性质看，归属党政机关、高校、企业被入侵利用开展虚拟货币‘挖矿’行为的占比约 21%。,责任/利益
你是一位道德判断模型。根据给出的有关环境报道的新闻文本，请判断其倾向于以下哪一个维度：责任/利益、实用/理想、创新/守旧、非道德。你的回答必须只包含其中的一个维度。,长城控股集团将全力推进与邢台的合作项目，把邢台商用车项目打造成以新能源商用车为核心、关键零部件为配套的综合性基地项目，在邢台构建优质的汽车产业集群，为邢台高质量赶超发展集聚新动能，为国家产业发展、能源安全及全球节能减排贡献“氢能方案”。,实用/理想
你是一位道德判断模型。根据给出的有关环境报道的新闻文本，请判断其倾向于以下哪一个维度：责任/利益、实用/理想、创新/守旧、非道德。你的回答必须只包含其中的一个维度。,李强强调，要坚定维护以习近平同志为核心的党中央权威和集中统一领导，全面贯彻党的二十大精神，紧紧围绕新时代新征程党的中心任务开展工作，为全面建设社会主义现代化国家、实现中华民族伟大复兴的中国梦不懈奋斗。,责任/利益
你是一位道德判断模型。根据给出的有关环境报道的新闻文本，请判断其倾向于以下哪一个维度：责任/利益、实用/理想、创新/守旧、非道德。你的回答必须只包含其中的一个维度。,随着客户期望的快速演变，旅游和酒店行业的公司正寻求差异化策略，以利用数字技术提高客户体验和加速增长。,创新/守旧
你是一位道德判断模型。根据给出的有关环境报道的新闻文本，请判断其倾向于以下哪一个维度：责任/利益、实用/理想、创新/守旧、非道德。你的回答必须只包含其中的一个维度。,“南京校友会学科建设基金”，将对包括集成电路、数字经济、新材料、交通科技、智慧建造、能源环保、生物医药、智能制造等行业相关学科的人才引进、学术研究等学科建设事项提供支持,实用/理想
你是一位道德判断模型。根据给出的有关环境报道的新闻文本，请判断其倾向于以下哪一个维度：责任/利益、实用/理想、创新/守旧、非道德。你的回答必须只包含其中的一个维度。,切实做好组织保障，守土有责，主动认领，创造性开展工作,责任/利益
你是一位道德判断模型。根据给出的有关环境报道的新闻文本，请判断其倾向于以下哪一个维度：责任/利益、实用/理想、创新/守旧、非道德。你的回答必须只包含其中的一个维度。,中证鹏元发布公告称，关注到吉林市铁路投资开发有限公司存在未结清欠息及大规模对外担保事项。,责任/利益
你是一位道德判断模型。根据给出的有关环境报道的新闻文本，请判断其倾向于以下哪一个维度：责任/利益、实用/理想、创新/守旧、非道德。你的回答必须只包含其中的一个维度。,该组织表示，尽管亚马逊承诺到2040年实现碳中和，但他们认为公司在应对气候变化方面的行动仍然不够。他们要求亚马逊在2030年前实现零排放，并在受公司环境影响最大的社区首先试点电动车辆。,责任/利益
你是一位道德判断模型。根据给出的有关环境报道的新闻文本，请判断其倾向于以下哪一个维度：责任/利益、实用/理想、创新/守旧、非道德。你的回答必须只包含其中的一个维度。,建立基于可再生能源修正的能耗“双控”目标，适当增加地方政府的管理弹性。,实用/理想
你是一位道德判断模型。根据给出的有关环境报道的新闻文本，请判断其倾向于以下哪一个维度：责任/利益、实用/理想、创新/守旧、非道德。你的回答必须只包含其中的一个维度。,表示中国能建为北京市经济社会发展作出的贡献，并取得了辉煌的历史成就，为国家能源安全、绿色低碳发展、新型能源体系建设作出了重要贡献。,非道德
你是一位道德判断模型。根据给出的有关环境报道的新闻文本，请判断其倾向于以下哪一个维度：责任/利益、实用/理想、创新/守旧、非道德。你的回答必须只包含其中的一个维度。,财政保守派批评三重锁定政策不可持续，限制了财政部的资金使用，并加剧了代际不公。,创新/守旧
你是一位道德判断模型。根据给出的有关环境报道的新闻文本，请判断其倾向于以下哪一个维度：责任/利益、实用/理想、创新/守旧、非道德。你的回答必须只包含其中的一个维度。,支持“新冠肺炎疫苗实施计划”，促进人员健康安全有序往来，维护产业链顺畅稳定，推动国际经贸合作早日恢复正常,实用/理想
你是一位道德判断模型。根据给出的有关环境报道的新闻文本，请判断其倾向于以下哪一个维度：责任/利益、实用/理想、创新/守旧、非道德。你的回答必须只包含其中的一个维度。,海事性能管理专家 Opsealog 发布的新白皮书揭示了数据在提高海上支援船（OSV）作业的燃料效率和减少温室气体排放方面的核心作用，为运营商提供了通过更好的数据分析立即提高燃料效率和减少海上活动碳影响的系列建议。,实用/理想
你是一位道德判断模型。根据给出的有关环境报道的新闻文本，请判断其倾向于以下哪一个维度：责任/利益、实用/理想、创新/守旧、非道德。你的回答必须只包含其中的一个维度。,"While the SNP are prepared to cut the sector off at its knees just to appease their new Green allies, we have heard precious little from the nationalists about how their anti-business approach will impact oil and gas workers and businesses here in Shetland.",责任/利益
你是一位道德判断模型。根据给出的有关环境报道的新闻文本，请判断其倾向于以下哪一个维度：责任/利益、实用/理想、创新/守旧、非道德。你的回答必须只包含其中的一个维度。,Science Group Sustainability 是由 Science Group plc 设立的一个跨部门实体，其子公司包括 R&D 咨询公司 Sagentia Innovation、Leatherhead Food Research 和监管咨询公司 TSG Consulting。,非道德
你是一位道德判断模型。根据给出的有关环境报道的新闻文本，请判断其倾向于以下哪一个维度：责任/利益、实用/理想、创新/守旧、非道德。你的回答必须只包含其中的一个维度。,国际可持续发展标准委员会希望日本和英国等国家能够迅速强制执行新的气候标准。,实用/理想
你是一位道德判断模型。根据给出的有关环境报道的新闻文本，请判断其倾向于以下哪一个维度：责任/利益、实用/理想、创新/守旧、非道德。你的回答必须只包含其中的一个维度。,另一方面，可积极推出蓝碳可持续发展倡议，营造开放、公平、公正、非歧视的蓝碳发展环境，为加快构建中国 - 东盟蓝色经济伙伴关系作出海南贡献，提出海南方案。,实用/理想
你是一位道德判断模型。根据给出的有关环境报道的新闻文本，请判断其倾向于以下哪一个维度：责任/利益、实用/理想、创新/守旧、非道德。你的回答必须只包含其中的一个维度。,推行节能绿色办公，各单位要积极推广‘无纸办公’‘无纸通信’，节约打印、复印用纸，提倡双面使用打印纸。办公设备应即用即开，减少待机耗电。鼓励采购、使用节能办公用品。少乘电梯，多走楼梯。公共照明尽量使用节能灯具。工作时间以利用自然光为主，出门随手关闭电灯、切断办公设备电源，杜绝白昼灯、长明灯、无人灯。全市各机关单位要带头示范，党员干部要带头投身节约用能、绿色低碳行动,责任/利益
你是一位道德判断模型。根据给出的有关环境报道的新闻文本，请判断其倾向于以下哪一个维度：责任/利益、实用/理想、创新/守旧、非道德。你的回答必须只包含其中的一个维度。,此前国家发改委就提到，有些地方、行业、企业的工作着力点有所“跑偏”，“抢头彩”心切，提出的目标超越发展阶段，采取的行动措施不符合实事求是、尊重规律、循序渐进、先立后破的要求；有的地方对高耗能项目搞“一刀切”；有的金融机构骤然对煤电等项目抽贷断贷。这些现象与“碳达峰、碳中和”工作的初衷和要求背道而驰，必须坚决予以纠正。,责任/利益
你是一位道德判断模型。根据给出的有关环境报道的新闻文本，请判断其倾向于以下哪一个维度：责任/利益、实用/理想、创新/守旧、非道德。你的回答必须只包含其中的一个维度。,对 2020 年落实有关重大政策措施真抓实干成效明显地方予以表扬和政策激励,创新/守旧
你是一位道德判断模型。根据给出的有关环境报道的新闻文本，请判断其倾向于以下哪一个维度：责任/利益、实用/理想、创新/守旧、非道德。你的回答必须只包含其中的一个维度。,共同支持《巴黎协定》，牢牢把握应对气候变化的大方向；遵循共同但有区别的责任原则，提升应对环境挑战的行动力；大力倡导绿色低碳的生产生活方式，从绿色发展中寻找发展的新机遇。,责任/利益
你是一位道德判断模型。根据给出的有关环境报道的新闻文本，请判断其倾向于以下哪一个维度：责任/利益、实用/理想、创新/守旧、非道德。你的回答必须只包含其中的一个维度。,Pension Schemes Bill将在今年晚些时候提交给下议院。,非道德
你是一位道德判断模型。根据给出的有关环境报道的新闻文本，请判断其倾向于以下哪一个维度：责任/利益、实用/理想、创新/守旧、非道德。你的回答必须只包含其中的一个维度。,环保组织 Extinction Rebellion 本周在伦敦举行了一场“护士抗议”活动，要求政府立即采取行动保护未来几代人的生命。,责任/利益
你是一位道德判断模型。根据给出的有关环境报道的新闻文本，请判断其倾向于以下哪一个维度：责任/利益、实用/理想、创新/守旧、非道德。你的回答必须只包含其中的一个维度。,英国政府将投资数十亿英镑用于各种技术的推广，包括电动汽车充电点、低排放车辆购买补贴、电动汽车研发、核能和氢能源技术。,实用/理想
你是一位道德判断模型。根据给出的有关环境报道的新闻文本，请判断其倾向于以下哪一个维度：责任/利益、实用/理想、创新/守旧、非道德。你的回答必须只包含其中的一个维度。,2022年Birmingham BusinessLive Awards现在接受报名。该年度颁奖典礼将表彰该市的杰出企业、个人和组织，并选出我们的年度公司。,非道德
你是一位道德判断模型。根据给出的有关环境报道的新闻文本，请判断其倾向于以下哪一个维度：责任/利益、实用/理想、创新/守旧、非道德。你的回答必须只包含其中的一个维度。,习近平希望全社会行动起来，做绿水青山就是金山银山理念的积极传播者和模范践行者，身体力行、久久为功，为共建清洁美丽世界作出更大贡献。,责任/利益
你是一位道德判断模型。根据给出的有关环境报道的新闻文本，请判断其倾向于以下哪一个维度：责任/利益、实用/理想、创新/守旧、非道德。你的回答必须只包含其中的一个维度。,在区各级各部门的共同努力下，高质量开展，高效率推进公共机构节能工作，确保节能降碳工作在颍泉取得实效。,责任/利益
你是一位道德判断模型。根据给出的有关环境报道的新闻文本，请判断其倾向于以下哪一个维度：责任/利益、实用/理想、创新/守旧、非道德。你的回答必须只包含其中的一个维度。,Bentley Motors 今天公布了 2022 年的财务记录，营业利润比 2018 年增长了近 10 亿欧元。最新的年度数据显示，利润为 7.08 亿欧元，同比增长 82%，销量同比增长 4%。,非道德
你是一位道德判断模型。根据给出的有关环境报道的新闻文本，请判断其倾向于以下哪一个维度：责任/利益、实用/理想、创新/守旧、非道德。你的回答必须只包含其中的一个维度。,Xing Ji 还表示，中国期待在核能新技术研发方面与更多国家开展合作。,实用/理想
你是一位道德判断模型。根据给出的有关环境报道的新闻文本，请判断其倾向于以下哪一个维度：责任/利益、实用/理想、创新/守旧、非道德。你的回答必须只包含其中的一个维度。,提出了二氧化碳排放力争于 2030 年前达到峰值，努力争取 2060 年前实现碳中和的目标，从 2021 年开始，钢铁行业要压缩粗钢产量、鼓励发展短流程炼钢。,实用/理想
你是一位道德判断模型。根据给出的有关环境报道的新闻文本，请判断其倾向于以下哪一个维度：责任/利益、实用/理想、创新/守旧、非道德。你的回答必须只包含其中的一个维度。,BIG在同一月份赢得了欧洲委员会在塞维利亚的研究中心的竞赛。,非道德
你是一位道德判断模型。根据给出的有关环境报道的新闻文本，请判断其倾向于以下哪一个维度：责任/利益、实用/理想、创新/守旧、非道德。你的回答必须只包含其中的一个维度。,中国欢迎所有国家支持巴黎协定并对应对气候变化做出更大贡献。中国将根据新的发展理念，在各方面推动绿色经济发展，实施刚刚宣布的目标，为应对全球气候挑战做出更大贡献。,实用/理想
你是一位道德判断模型。根据给出的有关环境报道的新闻文本，请判断其倾向于以下哪一个维度：责任/利益、实用/理想、创新/守旧、非道德。你的回答必须只包含其中的一个维度。,英国交通部发布新的数字交通战略，旨在提高交通数据的发现性、质量和可访问性，使乘客受益。,实用/理想
你是一位道德判断模型。根据给出的有关环境报道的新闻文本，请判断其倾向于以下哪一个维度：责任/利益、实用/理想、创新/守旧、非道德。你的回答必须只包含其中的一个维度。,联想集团高级副总裁、首席战略官、首席市场官乔健说道，我们一直致力于推动女性员工在职场上获得平等而合理的权利。在联想，女性员工在推动公司业务发展中具有举足轻重的作用。,实用/理想
你是一位道德判断模型。根据给出的有关环境报道的新闻文本，请判断其倾向于以下哪一个维度：责任/利益、实用/理想、创新/守旧、非道德。你的回答必须只包含其中的一个维度。,2016 年，实施了“自主辅导、自主评价、自主管理”的模式，硅钢事业部三作业区围绕全员自主管理水平的提升，充分动员、广泛发动，积极打造“学习理念、运用工具、履行职责、解决问题、自主管理”的 TPM 活动小组，扎实推进 TPM 各项工作。,创新/守旧
你是一位道德判断模型。根据给出的有关环境报道的新闻文本，请判断其倾向于以下哪一个维度：责任/利益、实用/理想、创新/守旧、非道德。你的回答必须只包含其中的一个维度。,防疫人员和志愿者已经在此等候，将一袋袋生活物资分批送入风险区，高风险区物资由志愿者负责无接触配送上门，其余楼栋的业主物资则由居民分批、错峰到指定存放点自行取货。,非道德
你是一位道德判断模型。根据给出的有关环境报道的新闻文本，请判断其倾向于以下哪一个维度：责任/利益、实用/理想、创新/守旧、非道德。你的回答必须只包含其中的一个维度。,哈里王子将致力于可持续旅游，投资公司Ethic，并将为低碳经济提供指导。,责任/利益
你是一位道德判断模型。根据给出的有关环境报道的新闻文本，请判断其倾向于以下哪一个维度：责任/利益、实用/理想、创新/守旧、非道德。你的回答必须只包含其中的一个维度。,该计划旨在通过《美国复苏与再投资法案》最初创建的税收抵免来激励清洁能源制造和回收、工业脱碳以及关键材料的处理、提炼和回收。,责任/利益
你是一位道德判断模型。根据给出的有关环境报道的新闻文本，请判断其倾向于以下哪一个维度：责任/利益、实用/理想、创新/守旧、非道德。你的回答必须只包含其中的一个维度。,云南省机关事务局宣读《带头践行绿色生活方式倡议 做绿美云南建设的重要参与者、贡献者、引领者》倡议。,责任/利益
你是一位道德判断模型。根据给出的有关环境报道的新闻文本，请判断其倾向于以下哪一个维度：责任/利益、实用/理想、创新/守旧、非道德。你的回答必须只包含其中的一个维度。,除了应对气候变化的挑战外，小企业还需要应对 COVID-19 带来的压力，以便在降低成本的同时提高供应链的弹性。,实用/理想
你是一位道德判断模型。根据给出的有关环境报道的新闻文本，请判断其倾向于以下哪一个维度：责任/利益、实用/理想、创新/守旧、非道德。你的回答必须只包含其中的一个维度。,要全力抓好农业农村工作，切实保障粮食和重要农产品稳定安全供给，巩固拓展脱贫攻坚成果。,实用/理想
你是一位道德判断模型。根据给出的有关环境报道的新闻文本，请判断其倾向于以下哪一个维度：责任/利益、实用/理想、创新/守旧、非道德。你的回答必须只包含其中的一个维度。,目前北京奥运博物馆正在按照“双奥”特点进行改造，计划于 2023 年 6 月 23 日国际奥林匹克日向社会开放。,非道德
你是一位道德判断模型。根据给出的有关环境报道的新闻文本，请判断其倾向于以下哪一个维度：责任/利益、实用/理想、创新/守旧、非道德。你的回答必须只包含其中的一个维度。,该数据中心将把浸泡冷却技术推向新的高度并将为利用可再生能源进行数据处理树立新标准。BitFury 正引领该领域创新，设立新的数据中心并与我们的全球合作伙伴携手合作推进这一重要工作让我们引以为傲,创新/守旧
你是一位道德判断模型。根据给出的有关环境报道的新闻文本，请判断其倾向于以下哪一个维度：责任/利益、实用/理想、创新/守旧、非道德。你的回答必须只包含其中的一个维度。,目前美国，加拿大，泰国，澳大利亚，及欧盟多个国家等在光伏系统的安装法规上对屋顶分布式电站存在强制或者建议安装组件级快速关断系统的要求。,实用/理想
你是一位道德判断模型。根据给出的有关环境报道的新闻文本，请判断其倾向于以下哪一个维度：责任/利益、实用/理想、创新/守旧、非道德。你的回答必须只包含其中的一个维度。,Merthyr Tydfil Council的领导人 Geraint Thomas表示，他们理解并分享人们对游泳池重新开放延迟的失望，但翻新工程-也必须符合威尔士政府的脱碳目标-无法仅由议会承担。,责任/利益
你是一位道德判断模型。根据给出的有关环境报道的新闻文本，请判断其倾向于以下哪一个维度：责任/利益、实用/理想、创新/守旧、非道德。你的回答必须只包含其中的一个维度。,欧洲能源交易所将把浸泡冷却技术推向新的高度并将为利用可再生能源进行数据处理树立新标准。,创新/守旧
你是一位道德判断模型。根据给出的有关环境报道的新闻文本，请判断其倾向于以下哪一个维度：责任/利益、实用/理想、创新/守旧、非道德。你的回答必须只包含其中的一个维度。,"This is the latest investment from our recently launched $300 million Future Energy Fund II, which focuses on industrial decarbonization, emerging mobility, energy decentralization, and the growing circular carbon economy.",责任/利益
你是一位道德判断模型。根据给出的有关环境报道的新闻文本，请判断其倾向于以下哪一个维度：责任/利益、实用/理想、创新/守旧、非道德。你的回答必须只包含其中的一个维度。,张志祥代表表示，建龙集团黑龙江区域重视节能减排，致力于走生态优先、绿色发展的道路，与社区、环境实现和谐发展，进而为自身创造更好的发展条件。,责任/利益
你是一位道德判断模型。根据给出的有关环境报道的新闻文本，请判断其倾向于以下哪一个维度：责任/利益、实用/理想、创新/守旧、非道德。你的回答必须只包含其中的一个维度。,该零售商将在其 150 家全国范围内的商店设置特别收集箱，以便顾客安全地丢弃使用过的口罩，这些口罩可以被回收并重新用作建筑材料或为有需要社区的家具。,创新/守旧
你是一位道德判断模型。根据给出的有关环境报道的新闻文本，请判断其倾向于以下哪一个维度：责任/利益、实用/理想、创新/守旧、非道德。你的回答必须只包含其中的一个维度。,节约用能用电需要每一个人的参与、每一个人的支持。让我们行动起来，从现在做起，从身边做起，从点滴做起，增强节能意识、遵守节能法规、培养节能习惯，携手共建绿美春城,责任/利益
你是一位道德判断模型。根据给出的有关环境报道的新闻文本，请判断其倾向于以下哪一个维度：责任/利益、实用/理想、创新/守旧、非道德。你的回答必须只包含其中的一个维度。,要深入学习贯彻习近平生态文明思想和习近平总书记视察山西重要讲话重要指示，认真贯彻党中央决策部署，在省委领导下，锚定全年生态环境保护目标任务，强化交账意识，压实工作责任，全力推动我省生态环境质量稳定达标、持续改善。,实用/理想
你是一位道德判断模型。根据给出的有关环境报道的新闻文本，请判断其倾向于以下哪一个维度：责任/利益、实用/理想、创新/守旧、非道德。你的回答必须只包含其中的一个维度。,大家保险举办第二届主题为“爱家行动”的客服节，以“生活守护”“尊享服务”“暖心养老”为主线组织多样化客户服务活动，触达客户 49.2 万人，新增用户 6.1 万人。,非道德
你是一位道德判断模型。根据给出的有关环境报道的新闻文本，请判断其倾向于以下哪一个维度：责任/利益、实用/理想、创新/守旧、非道德。你的回答必须只包含其中的一个维度。,由于对所谓'关键'金属的供应的限制，美国和欧洲的议程现在是确保供应。,实用/理想
你是一位道德判断模型。根据给出的有关环境报道的新闻文本，请判断其倾向于以下哪一个维度：责任/利益、实用/理想、创新/守旧、非道德。你的回答必须只包含其中的一个维度。,Vineyard Wind的CEO Lars Pedersen最近告诉公共广播公司WBUR，他预计海上建设将在明年开始，到2023年底将有可再生能源流入电网。,实用/理想
你是一位道德判断模型。根据给出的有关环境报道的新闻文本，请判断其倾向于以下哪一个维度：责任/利益、实用/理想、创新/守旧、非道德。你的回答必须只包含其中的一个维度。,阿克苏地区发改委相关负责人介绍，阿克苏对新上项目深入论证，对标国际、国内先进水平，对达不到能耗准入值的项目不予通过评审和节能审查，优先发展产品附加值高、能耗低的项目和产业，不断提升 GDP“含绿量”,责任/利益
你是一位道德判断模型。根据给出的有关环境报道的新闻文本，请判断其倾向于以下哪一个维度：责任/利益、实用/理想、创新/守旧、非道德。你的回答必须只包含其中的一个维度。,UC Davis opened the first phase of The Green at West Village student housing project.,责任/利益
你是一位道德判断模型。根据给出的有关环境报道的新闻文本，请判断其倾向于以下哪一个维度：责任/利益、实用/理想、创新/守旧、非道德。你的回答必须只包含其中的一个维度。,《规划》明确，坚持控源减排和生态扩容两手发力，统筹水资源利用、水生态保护和水环境治理，大力推进美丽河湖保护与建设。2023 年底前完成全省骨干河道和重点湖泊排污口排查，统一建立排污口档案。推进入河入海排污口“一口一策”整治，2023 年底前全面完成长江、太湖流域入河排污口整治，2025 年底前完成其他骨干河道和重点湖泊排污口及入海排污口整治。,实用/理想
你是一位道德判断模型。根据给出的有关环境报道的新闻文本，请判断其倾向于以下哪一个维度：责任/利益、实用/理想、创新/守旧、非道德。你的回答必须只包含其中的一个维度。,共保流域水质提升。落实长江经济带生态共保，积极向生态环境部长江流域生态环境监督管理局汇报我市水环境情况，编制滁州市重点流域水生态环境保护“十四五”规划。,创新/守旧
你是一位道德判断模型。根据给出的有关环境报道的新闻文本，请判断其倾向于以下哪一个维度：责任/利益、实用/理想、创新/守旧、非道德。你的回答必须只包含其中的一个维度。,亚马逊CEO安迪·贾西在二月的一份备忘录中解释，公司要求员工每周三天到办公室工作是基于疫情期间对员工工作模式的观察，认为员工在亲自工作时更积极、更合作。,非道德
你是一位道德判断模型。根据给出的有关环境报道的新闻文本，请判断其倾向于以下哪一个维度：责任/利益、实用/理想、创新/守旧、非道德。你的回答必须只包含其中的一个维度。,政府不会从碳税征收获得额外的净收入，而会把这笔款项以水电费回扣等方式，为家庭和企业提供额外援助，向低碳未来转型。,责任/利益
你是一位道德判断模型。根据给出的有关环境报道的新闻文本，请判断其倾向于以下哪一个维度：责任/利益、实用/理想、创新/守旧、非道德。你的回答必须只包含其中的一个维度。,印度尼西亚总统佐科·维多多将在达沃斯虚拟峰会上发表'State of the World'特别讲话,非道德
你是一位道德判断模型。根据给出的有关环境报道的新闻文本，请判断其倾向于以下哪一个维度：责任/利益、实用/理想、创新/守旧、非道德。你的回答必须只包含其中的一个维度。,英国绿色建筑委员会定义了 net-zero 运营,非道德
你是一位道德判断模型。根据给出的有关环境报道的新闻文本，请判断其倾向于以下哪一个维度：责任/利益、实用/理想、创新/守旧、非道德。你的回答必须只包含其中的一个维度。,全球零售服饰领导企业 Gap 集团发布了全新的环境、社会和公司治理（ESG）报告，系统呈现了该公司在赋权女性、创造机会、造福社区等三大方面的目标、所做努力和所取得的成果。,实用/理想
你是一位道德判断模型。根据给出的有关环境报道的新闻文本，请判断其倾向于以下哪一个维度：责任/利益、实用/理想、创新/守旧、非道德。你的回答必须只包含其中的一个维度。,生态环境是最普惠的公共产品。我们打响蓝天、碧水、净土三大保卫战，正在实现'蓝天白云常相伴''一泓清水向南流''一片净土皆放心'。,责任/利益
你是一位道德判断模型。根据给出的有关环境报道的新闻文本，请判断其倾向于以下哪一个维度：责任/利益、实用/理想、创新/守旧、非道德。你的回答必须只包含其中的一个维度。,把一个清洁美丽的世界留给子孙后代，需要国际社会共同努力。,责任/利益
你是一位道德判断模型。根据给出的有关环境报道的新闻文本，请判断其倾向于以下哪一个维度：责任/利益、实用/理想、创新/守旧、非道德。你的回答必须只包含其中的一个维度。,"Alex Plant is currently Director of Strategy and Regulation at Anglian Water, which supplies services to 7 million people and is the largest company in England by geographical area covered",责任/利益
你是一位道德判断模型。根据给出的有关环境报道的新闻文本，请判断其倾向于以下哪一个维度：责任/利益、实用/理想、创新/守旧、非道德。你的回答必须只包含其中的一个维度。,实现敏捷性变革的最大风险是，在遇到第一个困难迹象时，忍不住要淡化设计和关键决策。,创新/守旧
你是一位道德判断模型。根据给出的有关环境报道的新闻文本，请判断其倾向于以下哪一个维度：责任/利益、实用/理想、创新/守旧、非道德。你的回答必须只包含其中的一个维度。,在中国金融学会绿色金融专业委员会 2022 年年会上，央行副行长宣昌能表示，将继续做好金融支持绿色低碳转型重点工作。,责任/利益
你是一位道德判断模型。根据给出的有关环境报道的新闻文本，请判断其倾向于以下哪一个维度：责任/利益、实用/理想、创新/守旧、非道德。你的回答必须只包含其中的一个维度。,Wingcopter的技术将通过按需配送药品、疫苗或实验室样本以及日常用品，改善数百万非洲人民的生活。此外，它还有望通过建立这些配送网络，更有效地连接社区，创造数千个新的就业机会。,实用/理想
你是一位道德判断模型。根据给出的有关环境报道的新闻文本，请判断其倾向于以下哪一个维度：责任/利益、实用/理想、创新/守旧、非道德。你的回答必须只包含其中的一个维度。,广东全民义务植树 40 周年现场纪念活动由广东省绿化委员会、广东省林业局联合主办,责任/利益
你是一位道德判断模型。根据给出的有关环境报道的新闻文本，请判断其倾向于以下哪一个维度：责任/利益、实用/理想、创新/守旧、非道德。你的回答必须只包含其中的一个维度。,根据国际可再生能源署的报告，到2050年将全球气温上升限制在1.5°C的努力将创造约1.22亿个与能源相关的就业机会，这个数字是当前5800万个能源行业就业机会的两倍。,实用/理想
你是一位道德判断模型。根据给出的有关环境报道的新闻文本，请判断其倾向于以下哪一个维度：责任/利益、实用/理想、创新/守旧、非道德。你的回答必须只包含其中的一个维度。,谢正义在致辞时说，射阳港电厂 2×100 万千瓦项目的建设，对优化全省能源产业布局，促进盐城新能源产业发展，对徐矿集团和国信集团实现共建共赢，意义重大。,责任/利益
你是一位道德判断模型。根据给出的有关环境报道的新闻文本，请判断其倾向于以下哪一个维度：责任/利益、实用/理想、创新/守旧、非道德。你的回答必须只包含其中的一个维度。,工业是我国能源消耗和二氧化碳排放的主要领域，工业的达峰对于实现碳达峰目标意义重大,实用/理想
你是一位道德判断模型。根据给出的有关环境报道的新闻文本，请判断其倾向于以下哪一个维度：责任/利益、实用/理想、创新/守旧、非道德。你的回答必须只包含其中的一个维度。,这些政府在经济政策上存在共同的认识，即相信中央银行可以将利率维持在接近零并不断创造额外的货币而不引发通货膨胀。,实用/理想
你是一位道德判断模型。根据给出的有关环境报道的新闻文本，请判断其倾向于以下哪一个维度：责任/利益、实用/理想、创新/守旧、非道德。你的回答必须只包含其中的一个维度。,负责Dowlatabad花园的Majid Oloumi赞扬了这种制冷方法的清洁，因为它不需要电力或污染材料。,创新/守旧
你是一位道德判断模型。根据给出的有关环境报道的新闻文本，请判断其倾向于以下哪一个维度：责任/利益、实用/理想、创新/守旧、非道德。你的回答必须只包含其中的一个维度。,EQUANS has been appointed to deliver a major £140m post-graduate student accommodation project for the London School of Economics and Political Science (LSE).,非道德
你是一位道德判断模型。根据给出的有关环境报道的新闻文本，请判断其倾向于以下哪一个维度：责任/利益、实用/理想、创新/守旧、非道德。你的回答必须只包含其中的一个维度。,中国修建了非洲第一条跨国电气化铁路——亚吉铁路，不仅为相关国家和地区提供了发展机会，其节能环保的运行模式也成为共建绿【se】“一带一路”的最佳案例。,责任/利益
你是一位道德判断模型。根据给出的有关环境报道的新闻文本，请判断其倾向于以下哪一个维度：责任/利益、实用/理想、创新/守旧、非道德。你的回答必须只包含其中的一个维度。,实现碳达峰、碳中和是一场硬仗和大考。要按照 2030 年前碳达峰行动要求，以长株潭郴四市国家低碳城市试点为推动，研究制定全省二氧化碳排放达峰行动计划,实用/理想
你是一位道德判断模型。根据给出的有关环境报道的新闻文本，请判断其倾向于以下哪一个维度：责任/利益、实用/理想、创新/守旧、非道德。你的回答必须只包含其中的一个维度。,Workers at Apple have tangled with leadership over the company’s own return-to-office mandate.,非道德
你是一位道德判断模型。根据给出的有关环境报道的新闻文本，请判断其倾向于以下哪一个维度：责任/利益、实用/理想、创新/守旧、非道德。你的回答必须只包含其中的一个维度。,要狠抓责任落实，各县（市）区（园区）、党政“一把手”、各企业要不折不扣把各项任务措施落实到位。,实用/理想
你是一位道德判断模型。根据给出的有关环境报道的新闻文本，请判断其倾向于以下哪一个维度：责任/利益、实用/理想、创新/守旧、非道德。你的回答必须只包含其中的一个维度。,自入选科改企业以来，南网储能公司充分发挥科改行动的示范引领作用和上市公司的资源配置优势，引领带动抽水蓄能和新型储能领域产业链、创新链、资金链、人才链深度融合，为加快新型电力系统构建，助力实现“双碳”目标做出积极贡献。,实用/理想
你是一位道德判断模型。根据给出的有关环境报道的新闻文本，请判断其倾向于以下哪一个维度：责任/利益、实用/理想、创新/守旧、非道德。你的回答必须只包含其中的一个维度。,Edison International 通过其 Edison Scholars 项目，为 760 名学生提供了超过 1500 万美元的奖学金，致力于投资社区，改善 STEM 教育与职业发展途径，尤其是为代表性不足的学生提供支持。,责任/利益
你是一位道德判断模型。根据给出的有关环境报道的新闻文本，请判断其倾向于以下哪一个维度：责任/利益、实用/理想、创新/守旧、非道德。你的回答必须只包含其中的一个维度。,Ashok Leyland 的首席技术官 N. Saravanan 表示，在未来的六到十二个月内，你将开始看到我们的第一批电池电动汽车投入使用。,非道德
你是一位道德判断模型。根据给出的有关环境报道的新闻文本，请判断其倾向于以下哪一个维度：责任/利益、实用/理想、创新/守旧、非道德。你的回答必须只包含其中的一个维度。,专家表示，节能对我国 2030 年前碳达峰的贡献约为 70% 左右，目前全面推进节能工作过程中，还存在单点节能挖潜难度大、节能技术创新驱动不足、节能优先氛围尚未普遍形成等问题。,创新/守旧
你是一位道德判断模型。根据给出的有关环境报道的新闻文本，请判断其倾向于以下哪一个维度：责任/利益、实用/理想、创新/守旧、非道德。你的回答必须只包含其中的一个维度。,"Kemal Hawa, a shareholder in global law firm Greenberg Traurig, LLP's Corporate Practice, will moderate a keynote session at the Proximo Americas Digital Infrastructure Finance 2022 Forum.",非道德
你是一位道德判断模型。根据给出的有关环境报道的新闻文本，请判断其倾向于以下哪一个维度：责任/利益、实用/理想、创新/守旧、非道德。你的回答必须只包含其中的一个维度。,推动能源创新链、产业链、资金链、人才链、数据链深度融合，推进能源数字化智能化发展，实现能源产业价值链向高端化、现代化迈进。,创新/守旧
你是一位道德判断模型。根据给出的有关环境报道的新闻文本，请判断其倾向于以下哪一个维度：责任/利益、实用/理想、创新/守旧、非道德。你的回答必须只包含其中的一个维度。,推行节能绿色办公，各单位要积极推广“无纸办公”“无纸通信”，节约打印、复印用纸，提倡双面使用打印纸。办公设备应即用即开，减少待机耗电。鼓励采购、使用节能办公用品。少乘电梯，多走楼梯。公共照明尽量使用节能灯具。工作时间以利用自然光为主，出门随手关闭电灯、切断办公设备电源，杜绝白昼灯、长明灯、无人灯。全市各机关单位要带头示范，党员干部要带头投身节约用能、绿色低碳行动。,责任/利益
你是一位道德判断模型。根据给出的有关环境报道的新闻文本，请判断其倾向于以下哪一个维度：责任/利益、实用/理想、创新/守旧、非道德。你的回答必须只包含其中的一个维度。,如果没有足够的天然气，其最大的路德维希港工厂将完全停摆。,创新/守旧
你是一位道德判断模型。根据给出的有关环境报道的新闻文本，请判断其倾向于以下哪一个维度：责任/利益、实用/理想、创新/守旧、非道德。你的回答必须只包含其中的一个维度。,改变高耗能、高排放重型化结构，必须调整优化产业结构，坚决淘汰落后产能，改造提升传统产业，发展新兴产业和现代服务业。延长资源型产业链条，坚持煤电风光多种能源并举，推动煤炭清洁高效利用和深度转化。实施创新驱动发展战略，聚焦优势产业需求开展创新，打通从科研到技术再到市场的创新链条。推动绿色循环低碳发展，严格国土空间开发保护，坚定不移走高质量发展新路子。,创新/守旧
你是一位道德判断模型。根据给出的有关环境报道的新闻文本，请判断其倾向于以下哪一个维度：责任/利益、实用/理想、创新/守旧、非道德。你的回答必须只包含其中的一个维度。,"We are thrilled to partner with Compute North as they execute their market leading strategy of providing high-quality, low-cost hosting services while simultaneously focusing on decarbonizing the electric supply",责任/利益
你是一位道德判断模型。根据给出的有关环境报道的新闻文本，请判断其倾向于以下哪一个维度：责任/利益、实用/理想、创新/守旧、非道德。你的回答必须只包含其中的一个维度。,脱贫攻坚取得全面胜利，全省 25 个贫困县全部“摘帽”，3058 个贫困村全部退出，281 万建档立卡贫困人口全面脱贫，实现与全国同步全面建成小康社会。图为 2019 年除夕夜，江西省井冈山市神山村群众喜庆新年。,非道德
你是一位道德判断模型。根据给出的有关环境报道的新闻文本，请判断其倾向于以下哪一个维度：责任/利益、实用/理想、创新/守旧、非道德。你的回答必须只包含其中的一个维度。,完善碳排放权交易制度，支持排放权交易机构创新碳市场交易品种，增加生态系统碳减排指标和碳普惠指标。,实用/理想
你是一位道德判断模型。根据给出的有关环境报道的新闻文本，请判断其倾向于以下哪一个维度：责任/利益、实用/理想、创新/守旧、非道德。你的回答必须只包含其中的一个维度。,财政部和HMRC正在审查环境土地管理方案下的税收问题，以及是否应该对这类方案内的土地提供农业财产减免。,非道德
你是一位道德判断模型。根据给出的有关环境报道的新闻文本，请判断其倾向于以下哪一个维度：责任/利益、实用/理想、创新/守旧、非道德。你的回答必须只包含其中的一个维度。,Saudi Green Building Forum的秘书长Faisal Al-Fadl表示，他们很高兴、骄傲和受到鼓舞，因为世界最大的石油出口国沙特宣布将在2060年前实现'零净碳'。,责任/利益
你是一位道德判断模型。根据给出的有关环境报道的新闻文本，请判断其倾向于以下哪一个维度：责任/利益、实用/理想、创新/守旧、非道德。你的回答必须只包含其中的一个维度。,苏格兰国家投资银行，旨在支持低碳经济的转型。,实用/理想
你是一位道德判断模型。根据给出的有关环境报道的新闻文本，请判断其倾向于以下哪一个维度：责任/利益、实用/理想、创新/守旧、非道德。你的回答必须只包含其中的一个维度。,当前民营企业是推动经济社会发展的重要力量。进入“十四五”时期，推动民营企业高质量发展，充分激发民营经济活力，是全面推进中华民族伟大复兴的重要内容。,实用/理想
你是一位道德判断模型。根据给出的有关环境报道的新闻文本，请判断其倾向于以下哪一个维度：责任/利益、实用/理想、创新/守旧、非道德。你的回答必须只包含其中的一个维度。,CLG Europe 的成员将共同努力，制定并交付定制的后危机绿色投资方案，帮助泛欧经济体市场恢复，同时动员计划，将应对气候变化和生物多样性放在任何刺激计划的核心位置。,责任/利益
你是一位道德判断模型。根据给出的有关环境报道的新闻文本，请判断其倾向于以下哪一个维度：责任/利益、实用/理想、创新/守旧、非道德。你的回答必须只包含其中的一个维度。,全面贯彻新发展理念，加快推动减量低碳绿色发展。累计完成 23 个低效楼宇项目改造，撬动 19.6 亿元社会投资，释放 45.1 万平方米优质产业空间资源。,实用/理想
你是一位道德判断模型。根据给出的有关环境报道的新闻文本，请判断其倾向于以下哪一个维度：责任/利益、实用/理想、创新/守旧、非道德。你的回答必须只包含其中的一个维度。,"Managing Director of Al-Futtaim Finance and Hertz UAE, Alexander Maas",非道德
你是一位道德判断模型。根据给出的有关环境报道的新闻文本，请判断其倾向于以下哪一个维度：责任/利益、实用/理想、创新/守旧、非道德。你的回答必须只包含其中的一个维度。,深入开展领航企业培育行动，做优做强龙头企业，培育壮大骨干企业，大力支持中小企业，“增珠扩珠”“串珠成链”，加快形成龙头企业牵引带动、中小企业协同发展的生动局面。,实用/理想
你是一位道德判断模型。根据给出的有关环境报道的新闻文本，请判断其倾向于以下哪一个维度：责任/利益、实用/理想、创新/守旧、非道德。你的回答必须只包含其中的一个维度。,Bechtel 祝贺 Georgia Power、Southern Nuclear 和 Vogtle 项目的数千名工人获得了美国核监管委员会 (NRC) 的历史性监管决定。Vogtle Unit 3 已经建成并符合 NRC 的规定和 Southern Nuclear 的综合许可证，确保了该单元符合严格的核安全和质量标准。,非道德
你是一位道德判断模型。根据给出的有关环境报道的新闻文本，请判断其倾向于以下哪一个维度：责任/利益、实用/理想、创新/守旧、非道德。你的回答必须只包含其中的一个维度。,习近平希望全社会行动起来，做绿水青山就是金山银山理念的积极传播者和模范践行者，身体力行、久久为功，为共建清洁美丽世界作出更大贡献。,责任/利益
你是一位道德判断模型。根据给出的有关环境报道的新闻文本，请判断其倾向于以下哪一个维度：责任/利益、实用/理想、创新/守旧、非道德。你的回答必须只包含其中的一个维度。,要全力配合开展军队功勋表彰，全面落实功勋军人政治、工作、生活等方面待遇，加大功勋军人先进事迹宣传力度，进一步增强军事职业吸引力和军人使命感、荣誉感。,责任/利益
你是一位道德判断模型。根据给出的有关环境报道的新闻文本，请判断其倾向于以下哪一个维度：责任/利益、实用/理想、创新/守旧、非道德。你的回答必须只包含其中的一个维度。,Aberdeen-based energy recruitment specialist Strategic Resources.,非道德
你是一位道德判断模型。根据给出的有关环境报道的新闻文本，请判断其倾向于以下哪一个维度：责任/利益、实用/理想、创新/守旧、非道德。你的回答必须只包含其中的一个维度。,《环保意见》中，鼓励大胆尝试的政策还有很多。比如，大力支持发展绿色金融，支持武义环保科技小微园及铝水配送中心项目建设，根据实际需要给予重金属总量指标调剂；优先支持申报国家生态环境导向的开发模式（EOD）试点等。,创新/守旧
你是一位道德判断模型。根据给出的有关环境报道的新闻文本，请判断其倾向于以下哪一个维度：责任/利益、实用/理想、创新/守旧、非道德。你的回答必须只包含其中的一个维度。,加入《巴黎协定》承担相关履约责任，会带来降低污染、减少极端天气、推动产业发展、创造就业等诸多好处,实用/理想
你是一位道德判断模型。根据给出的有关环境报道的新闻文本，请判断其倾向于以下哪一个维度：责任/利益、实用/理想、创新/守旧、非道德。你的回答必须只包含其中的一个维度。,坚决贯彻新发展理念，绿色发展成效逐步显现；坚决向污染宣战，生态环境质量持续改善；加快生态文明体制改革，制度体系不断完善；积极参与全球环境治理，成为全球生态文明建设的重要参与者、贡献者和引领者。,责任/利益
你是一位道德判断模型。根据给出的有关环境报道的新闻文本，请判断其倾向于以下哪一个维度：责任/利益、实用/理想、创新/守旧、非道德。你的回答必须只包含其中的一个维度。,Newsweek 与全球研究和数据公司 Statista 合作，发布了 2023 年美国最具责任感的公司名单，Tractor Supply Company 名列其中。,实用/理想
你是一位道德判断模型。根据给出的有关环境报道的新闻文本，请判断其倾向于以下哪一个维度：责任/利益、实用/理想、创新/守旧、非道德。你的回答必须只包含其中的一个维度。,使用分区法规促进智能、公平的开发，同时推动我们走向无碳的未来。,实用/理想
你是一位道德判断模型。根据给出的有关环境报道的新闻文本，请判断其倾向于以下哪一个维度：责任/利益、实用/理想、创新/守旧、非道德。你的回答必须只包含其中的一个维度。,一个新的会员组织 Hydrogen NI 已经成立，旨在支持北爱尔兰清洁氢经济的增长。,责任/利益
你是一位道德判断模型。根据给出的有关环境报道的新闻文本，请判断其倾向于以下哪一个维度：责任/利益、实用/理想、创新/守旧、非道德。你的回答必须只包含其中的一个维度。,"When it comes to innovative concepts, SES shopping centers lead the way.",责任/利益
你是一位道德判断模型。根据给出的有关环境报道的新闻文本，请判断其倾向于以下哪一个维度：责任/利益、实用/理想、创新/守旧、非道德。你的回答必须只包含其中的一个维度。,在暴雨、雷电、台风等极端天气下，要停止采场作业，迅速撤离作业人员。,责任/利益
你是一位道德判断模型。根据给出的有关环境报道的新闻文本，请判断其倾向于以下哪一个维度：责任/利益、实用/理想、创新/守旧、非道德。你的回答必须只包含其中的一个维度。,Green Energy Hub 是 Hydrogen NI 的早期成员之一。,非道德
你是一位道德判断模型。根据给出的有关环境报道的新闻文本，请判断其倾向于以下哪一个维度：责任/利益、实用/理想、创新/守旧、非道德。你的回答必须只包含其中的一个维度。,全力保护水资源生态系统，构筑城市生态安全屏障，积极谋划推进碳达峰、碳中和工作，推动绿色低碳发展,实用/理想
你是一位道德判断模型。根据给出的有关环境报道的新闻文本，请判断其倾向于以下哪一个维度：责任/利益、实用/理想、创新/守旧、非道德。你的回答必须只包含其中的一个维度。,“十四五”时期，甘肃将认真贯彻习近平总书记关于能源发展的重要论述和党的十九届五中全会精神，立足资源禀赋和产业基础，努力形成结构优化、布局合理、效益稳步增长的能源开发利用新格局。,实用/理想
你是一位道德判断模型。根据给出的有关环境报道的新闻文本，请判断其倾向于以下哪一个维度：责任/利益、实用/理想、创新/守旧、非道德。你的回答必须只包含其中的一个维度。,英国政府预计，到2050年，该计划将实现9700万吨的总碳减排。,责任/利益
你是一位道德判断模型。根据给出的有关环境报道的新闻文本，请判断其倾向于以下哪一个维度：责任/利益、实用/理想、创新/守旧、非道德。你的回答必须只包含其中的一个维度。,近 600 名气候行动倡导者和环保专家本周在底特律开会讨论该州的健康气候计划和 Whitmer 一年前发起的碳减排路线图。,责任/利益
你是一位道德判断模型。根据给出的有关环境报道的新闻文本，请判断其倾向于以下哪一个维度：责任/利益、实用/理想、创新/守旧、非道德。你的回答必须只包含其中的一个维度。,槐荫区将着力提升城市功能品质，积极推动城市更新，推进总建筑面积 52 万平方米的老旧小区改造工程，为既有建筑加装电梯 40 部，进一步改善群众居住环境。,实用/理想
你是一位道德判断模型。根据给出的有关环境报道的新闻文本，请判断其倾向于以下哪一个维度：责任/利益、实用/理想、创新/守旧、非道德。你的回答必须只包含其中的一个维度。,全球最大的银行之一，其首席执行官也将出席今天的会议，以显示工党已经准备好执政,非道德
你是一位道德判断模型。根据给出的有关环境报道的新闻文本，请判断其倾向于以下哪一个维度：责任/利益、实用/理想、创新/守旧、非道德。你的回答必须只包含其中的一个维度。,中国气象局与国家能源投资集团有限责任公司签订战略合作协议，共同促进气象和能源事业高质量发展。,责任/利益
你是一位道德判断模型。根据给出的有关环境报道的新闻文本，请判断其倾向于以下哪一个维度：责任/利益、实用/理想、创新/守旧、非道德。你的回答必须只包含其中的一个维度。,二十国集团应该秉持共同但有区别的责任原则，推动全面落实应对气候变化《巴黎协定》，支持《联合国气候变化框架公约》第二十六次缔约方大会和《生物多样性公约》第十五次缔约方大会取得成功。,责任/利益
你是一位道德判断模型。根据给出的有关环境报道的新闻文本，请判断其倾向于以下哪一个维度：责任/利益、实用/理想、创新/守旧、非道德。你的回答必须只包含其中的一个维度。,Aker Clean Hydrogen 今天发布了 2021 年第四季度的业绩，显示公司已经将其目前开发中的项目和新前景的组合增加到 2 GW。该公司与 Yara、Statkraft 和 Shell 等知名企业合作，共同开发具有积极影响的工业项目。,责任/利益
你是一位道德判断模型。根据给出的有关环境报道的新闻文本，请判断其倾向于以下哪一个维度：责任/利益、实用/理想、创新/守旧、非道德。你的回答必须只包含其中的一个维度。,省委全面深化改革委员会第十七次会议审议通过《吉林省全面推行林长制实施方案》，要提升种业发展水平，事关国家粮食安全大局。,实用/理想
你是一位道德判断模型。根据给出的有关环境报道的新闻文本，请判断其倾向于以下哪一个维度：责任/利益、实用/理想、创新/守旧、非道德。你的回答必须只包含其中的一个维度。,Avangrid 是一家领先的可持续能源公司，计划在 2022 年投资 2.7 亿美元发展其网络和可再生能源业务，推动能源自主和脱碳，为美国客户提供更安全、可持续和经济的能源。,实用/理想
你是一位道德判断模型。根据给出的有关环境报道的新闻文本，请判断其倾向于以下哪一个维度：责任/利益、实用/理想、创新/守旧、非道德。你的回答必须只包含其中的一个维度。,如果阻止北海所有新的石油和天然气田，将使苏格兰经济每年损失相当于每人1100英镑,责任/利益
你是一位道德判断模型。根据给出的有关环境报道的新闻文本，请判断其倾向于以下哪一个维度：责任/利益、实用/理想、创新/守旧、非道德。你的回答必须只包含其中的一个维度。,United Airlines Ventures 是为了识别那些引领下一代创新和减排技术的公司而设立的。一开始，我们主要关注帮助减少飞机碳排放的技术。Natron的尖端钠离子电池为我们提供了扩展可持续投资组合到地面运营的机会，并有助于使我们的机场运营更具韧性。,实用/理想
你是一位道德判断模型。根据给出的有关环境报道的新闻文本，请判断其倾向于以下哪一个维度：责任/利益、实用/理想、创新/守旧、非道德。你的回答必须只包含其中的一个维度。,ICF 的首席气候专家 Huw Slater 表示，2021 年将是中国碳市场成熟的一年。,非道德
你是一位道德判断模型。根据给出的有关环境报道的新闻文本，请判断其倾向于以下哪一个维度：责任/利益、实用/理想、创新/守旧、非道德。你的回答必须只包含其中的一个维度。,MSCI（领先的投资决策工具提供商）报告称，具有稳健 ESG 标准的企业经验较低的成本资本和较低的风险敞口，而低 ESG 评分公司的企业则不具备这些优势。简而言之，投资者希望投资于符合 ESG 标准的公司。例如，Aviva Investors 就因 Deliveroo 工人缺乏基本权利而表示他们将不会对该企业进行投资。,责任/利益
你是一位道德判断模型。根据给出的有关环境报道的新闻文本，请判断其倾向于以下哪一个维度：责任/利益、实用/理想、创新/守旧、非道德。你的回答必须只包含其中的一个维度。,"Beannachar Camphill Community 去年从该基金中获得了 49,930 英镑，以创建一个由学生（患有学习障碍的年轻人）运营的新集中洗衣设施。社区主任 Andrea Spence-Jones 表示：“洗衣车间已经让我们 30 名学生使用这个空间，并每年减少 5.6 吨的二氧化碳排放。公众的支持帮助我们获得资金，这对我们来说意义重大。我们的减排、促进健康可持续的生活方式和循环经济的工作非常重要，这个项目让我们朝着这个方向迈出了积极的一步。”",责任/利益
你是一位道德判断模型。根据给出的有关环境报道的新闻文本，请判断其倾向于以下哪一个维度：责任/利益、实用/理想、创新/守旧、非道德。你的回答必须只包含其中的一个维度。,"The proposals came as the SEC is expected this fall to finalize rules requiring companies to disclose risks they face from climate change and to report on their greenhouse gas output, including Scope 3 emissions.",责任/利益
你是一位道德判断模型。根据给出的有关环境报道的新闻文本，请判断其倾向于以下哪一个维度：责任/利益、实用/理想、创新/守旧、非道德。你的回答必须只包含其中的一个维度。,US producer prices soar 10.8% in May as energy costs spike,责任/利益
你是一位道德判断模型。根据给出的有关环境报道的新闻文本，请判断其倾向于以下哪一个维度：责任/利益、实用/理想、创新/守旧、非道德。你的回答必须只包含其中的一个维度。,中央和国家机关在党和国家治理体系中处于特殊重要位置，提高机关党的建设质量，必须找准结合点、着力点，为实现经济高质量发展提供引领和保障。,实用/理想
你是一位道德判断模型。根据给出的有关环境报道的新闻文本，请判断其倾向于以下哪一个维度：责任/利益、实用/理想、创新/守旧、非道德。你的回答必须只包含其中的一个维度。,苏格兰银行的关系经理Brian Kerr表示：“Ashers Ice Cream自1930年代以来一直在运营，所以看到其策略随着环境变化而演变真是太棒了。我们很自豪能支持这样的企业实现其绿色野心，因为我们共同努力实现更可持续的未来。随着我们迈向苏格兰的净零目标，我们将继续帮助企业获得支持，降低排放，最终保护我们的星球。,责任/利益
你是一位道德判断模型。根据给出的有关环境报道的新闻文本，请判断其倾向于以下哪一个维度：责任/利益、实用/理想、创新/守旧、非道德。你的回答必须只包含其中的一个维度。,二十国集团成员都是世界和地区大国，应该体现大国担当，发挥表率作用，为各国谋发展，为人类谋福祉，为世界谋进步。,责任/利益
你是一位道德判断模型。根据给出的有关环境报道的新闻文本，请判断其倾向于以下哪一个维度：责任/利益、实用/理想、创新/守旧、非道德。你的回答必须只包含其中的一个维度。,300 余名参与者感受颇深，不仅体验到了张江科学城科技创新引领环境保护的探索，也感悟到了用行动践行环保的重要意义,责任/利益
你是一位道德判断模型。根据给出的有关环境报道的新闻文本，请判断其倾向于以下哪一个维度：责任/利益、实用/理想、创新/守旧、非道德。你的回答必须只包含其中的一个维度。,ZeroNorth 的这个新燃料模型使用机器学习技术从 ZeroNorth 平台内的所有船舶和船舶类型的海量数据中学习。该燃料模型将 12 亿多个数据点结合起来并从中学习，包括船舶报告、高频传感器数据、天气数据、AIS 信号、港口停留、干船坞和清洁事件、油漆特性、船舶特性等。它使用这些信息来预测任何船舶的预期燃料消耗，无论其航线、路线、状况或当前操作模式如何。,创新/守旧
你是一位道德判断模型。根据给出的有关环境报道的新闻文本，请判断其倾向于以下哪一个维度：责任/利益、实用/理想、创新/守旧、非道德。你的回答必须只包含其中的一个维度。,在庆祝成立 100 周年大会上，习近平总书记发表重要讲话，总结了中国共产党在过去一百年间的四个伟大成就。,实用/理想
你是一位道德判断模型。根据给出的有关环境报道的新闻文本，请判断其倾向于以下哪一个维度：责任/利益、实用/理想、创新/守旧、非道德。你的回答必须只包含其中的一个维度。,该数据中心将把浸泡冷却技术推向新的高度并将为利用可再生能源进行数据处理树立新标准。BitFury正引领该领域创新，设立新的数据中心并与我们的全球合作伙伴携手合作推进这一重要工作让我们引以为傲,创新/守旧
你是一位道德判断模型。根据给出的有关环境报道的新闻文本，请判断其倾向于以下哪一个维度：责任/利益、实用/理想、创新/守旧、非道德。你的回答必须只包含其中的一个维度。,交通运输部传达学习中央有关精神，全力推进各项工作。,非道德
你是一位道德判断模型。根据给出的有关环境报道的新闻文本，请判断其倾向于以下哪一个维度：责任/利益、实用/理想、创新/守旧、非道德。你的回答必须只包含其中的一个维度。,出光将继续关注中国新能源产业的发展趋势和政策动向，并与合作伙伴共同推动新能源汽车技术的创新。,实用/理想
你是一位道德判断模型。根据给出的有关环境报道的新闻文本，请判断其倾向于以下哪一个维度：责任/利益、实用/理想、创新/守旧、非道德。你的回答必须只包含其中的一个维度。,由壳牌领头的联合体正在研究LNG Canada项目的第二阶段的可行性。,实用/理想
你是一位道德判断模型。根据给出的有关环境报道的新闻文本，请判断其倾向于以下哪一个维度：责任/利益、实用/理想、创新/守旧、非道德。你的回答必须只包含其中的一个维度。,发挥企业创新主体作用，集中力量打好关键核心技术攻坚战，需要实施领军企业为主体、产学研用协同创新的重大科技工程，不断增强应对风险挑战的能力。瞄准前沿性、颠覆性技术，优化自主产业发展生态。推进开放合作，鼓励企业在全球范围整合、配置创新资源。深化科技创新体制改革，激发和保护企业家精神。加强财税金融政策支持，增强国家重大战略任务财力保障。,创新/守旧
你是一位道德判断模型。根据给出的有关环境报道的新闻文本，请判断其倾向于以下哪一个维度：责任/利益、实用/理想、创新/守旧、非道德。你的回答必须只包含其中的一个维度。,支持农牧民技能培训，支持'上下衔接、内外结合、互联互动'的组织化劳务输出机制，促进农牧民就业大盘稳定,实用/理想
你是一位道德判断模型。根据给出的有关环境报道的新闻文本，请判断其倾向于以下哪一个维度：责任/利益、实用/理想、创新/守旧、非道德。你的回答必须只包含其中的一个维度。,Equativ是一家广告平台公司，与VO合作，为付费电视运营商提供精准的受众细分和激活，实现收入最大化。,责任/利益
你是一位道德判断模型。根据给出的有关环境报道的新闻文本，请判断其倾向于以下哪一个维度：责任/利益、实用/理想、创新/守旧、非道德。你的回答必须只包含其中的一个维度。,在这里探索农文旅融合发展，振兴美丽乡村,责任/利益
你是一位道德判断模型。根据给出的有关环境报道的新闻文本，请判断其倾向于以下哪一个维度：责任/利益、实用/理想、创新/守旧、非道德。你的回答必须只包含其中的一个维度。,Eskom 的首席执行官，希望借助开发金融机构的优惠贷款来资助可再生能源项目，以加速部分老污染严重的发电站的关闭。,创新/守旧
你是一位道德判断模型。根据给出的有关环境报道的新闻文本，请判断其倾向于以下哪一个维度：责任/利益、实用/理想、创新/守旧、非道德。你的回答必须只包含其中的一个维度。,"The open letter to the Prime Minister on Tuesday also said the development would“not help energy security”with supplies“most likely to be exported and will not lower energy costs in the UK”, and it was part of a poll commissioned by the group Uplift, which advocates fossil-free fuels and helps co-ordinate the Stop Rosebank and Stop Cambo campaigns.",创新/守旧
你是一位道德判断模型。根据给出的有关环境报道的新闻文本，请判断其倾向于以下哪一个维度：责任/利益、实用/理想、创新/守旧、非道德。你的回答必须只包含其中的一个维度。,全面贯彻‘双碳’战略，加强能耗‘双控’，坚决遏制‘两高’项目盲目发展,责任/利益
你是一位道德判断模型。根据给出的有关环境报道的新闻文本，请判断其倾向于以下哪一个维度：责任/利益、实用/理想、创新/守旧、非道德。你的回答必须只包含其中的一个维度。,Same Day Diplomas是一家提供各类证书和文凭的企业，其产品包括高中、GED、大学、大学等各类假文凭和证书。该公司提供符合原版设计风格的设计，也可根据客户需求进行个性化定制，业务覆盖全球，包括美国、英国、加拿大和澳大利亚等。Same Day Diplomas还提供专业的客户支持服务，并在每笔订单中购买碳抵消，以抵消其日常活动的环境影响。,责任/利益
你是一位道德判断模型。根据给出的有关环境报道的新闻文本，请判断其倾向于以下哪一个维度：责任/利益、实用/理想、创新/守旧、非道德。你的回答必须只包含其中的一个维度。,IIGCC 领导的工作组的联合领导。,非道德
你是一位道德判断模型。根据给出的有关环境报道的新闻文本，请判断其倾向于以下哪一个维度：责任/利益、实用/理想、创新/守旧、非道德。你的回答必须只包含其中的一个维度。,国际可持续发展标准委员会 (ISSB) 的首届 ESG 标准正逐渐获得越来越多的国家的认可和采纳，英国政府计划采用其原则，将其作为即将推出的可持续性披露标准 (SDS) 的基础。,创新/守旧
你是一位道德判断模型。根据给出的有关环境报道的新闻文本，请判断其倾向于以下哪一个维度：责任/利益、实用/理想、创新/守旧、非道德。你的回答必须只包含其中的一个维度。,"Fletcher professor of practice and former undersecretary of energy for the Commonwealth of Massachusetts, teaches Fletcher students about the policies and technologies that are greening the energy sector and helps alumni forge careers in the field.",创新/守旧
你是一位道德判断模型。根据给出的有关环境报道的新闻文本，请判断其倾向于以下哪一个维度：责任/利益、实用/理想、创新/守旧、非道德。你的回答必须只包含其中的一个维度。,该数据中心将把浸泡冷却技术推向新的高度并将为利用可再生能源进行数据处理树立新标准。BitFury 正引领该领域创新，设立新的数据中心并与我们的全球合作伙伴携手合作推进这一重要工作让我们引以为傲,创新/守旧
你是一位道德判断模型。根据给出的有关环境报道的新闻文本，请判断其倾向于以下哪一个维度：责任/利益、实用/理想、创新/守旧、非道德。你的回答必须只包含其中的一个维度。,Matson 的董事长兼首席执行官 Matt Cox 表示：“在一年中我们的行业经历了前所未有的动荡和变革，Matson 将比以往任何时候都更加关注和投入来满足我们的客户、员工和社区的需求。”,实用/理想
你是一位道德判断模型。根据给出的有关环境报道的新闻文本，请判断其倾向于以下哪一个维度：责任/利益、实用/理想、创新/守旧、非道德。你的回答必须只包含其中的一个维度。,12 月 23 日下午，国家发改委环资司以视频方式组织召开全国发展改革环资工作会议，总结 2021 年工作，交流工作经验，分析面临形势和挑战，研究部署明年主要任务。,实用/理想
你是一位道德判断模型。根据给出的有关环境报道的新闻文本，请判断其倾向于以下哪一个维度：责任/利益、实用/理想、创新/守旧、非道德。你的回答必须只包含其中的一个维度。,GFANZ 是一个资产管理公司、银行和保险公司的联盟，旨在帮助公司加快减排。,实用/理想
你是一位道德判断模型。根据给出的有关环境报道的新闻文本，请判断其倾向于以下哪一个维度：责任/利益、实用/理想、创新/守旧、非道德。你的回答必须只包含其中的一个维度。,该法案为这个信贷计划预留了100亿美元的新资金。为了直接援助应对煤矿关闭或退役煤电厂的社区，法案规定至少40亿美元分配给这些地区的项目。,实用/理想
你是一位道德判断模型。根据给出的有关环境报道的新闻文本，请判断其倾向于以下哪一个维度：责任/利益、实用/理想、创新/守旧、非道德。你的回答必须只包含其中的一个维度。,CA100+的一个成员，正与 CA100+关注公司进行多起持续性接触，要求他们减少气候风险并利用向清洁能源市场过渡所带来的机会。,创新/守旧
你是一位道德判断模型。根据给出的有关环境报道的新闻文本，请判断其倾向于以下哪一个维度：责任/利益、实用/理想、创新/守旧、非道德。你的回答必须只包含其中的一个维度。,Solotech一直致力于实施环境、社会和治理（ESG）最佳实践，减少其环境足迹，并选择这座零碳建筑作为新的英国总部。这座建筑以高质量的可持续规格建造，获得了BREEAM优秀认证，能源性能证书（EPC）的目标评级为A（最有效）。此外，屋顶上的太阳能电池阵列将有助于减少电力消耗。,创新/守旧
你是一位道德判断模型。根据给出的有关环境报道的新闻文本，请判断其倾向于以下哪一个维度：责任/利益、实用/理想、创新/守旧、非道德。你的回答必须只包含其中的一个维度。,工业企业需要制定减少温室气体排放的高层次目标，并计划在 2050 年前实现这些目标。,责任/利益
你是一位道德判断模型。根据给出的有关环境报道的新闻文本，请判断其倾向于以下哪一个维度：责任/利益、实用/理想、创新/守旧、非道德。你的回答必须只包含其中的一个维度。,法国政府正在检查各个公司，以确定哪些公司需要不间断的能源供应，并已经通过限制零售天然气和电力价格来缓解能源价格飙升的影响。,实用/理想
你是一位道德判断模型。根据给出的有关环境报道的新闻文本，请判断其倾向于以下哪一个维度：责任/利益、实用/理想、创新/守旧、非道德。你的回答必须只包含其中的一个维度。,在低碳发展的道路上，科龙空调将继续在技术上创新和探索，不断提升创新能力，打造更优质的空调产品，与行业伙伴携手前行，助力国家'双碳目标'的实现。,实用/理想
你是一位道德判断模型。根据给出的有关环境报道的新闻文本，请判断其倾向于以下哪一个维度：责任/利益、实用/理想、创新/守旧、非道德。你的回答必须只包含其中的一个维度。,BAE Systems正在领导开发十个高保真、沉浸式模拟器，以及位于林肯shire的皇家空军康宁斯比和苏格兰Moray的皇家空军 Lossiemouth的先进、安全的现代化培训设施。,创新/守旧
你是一位道德判断模型。根据给出的有关环境报道的新闻文本，请判断其倾向于以下哪一个维度：责任/利益、实用/理想、创新/守旧、非道德。你的回答必须只包含其中的一个维度。,南网储能公司完成重大资产重组上市，成为国内首个主营抽水蓄能及新型储能业务的上市公司；实施内部专业化整合和组织机构改革，在电源总装机容量增加 85% 的情况下，人员仅增加 17%；2022 年同比科研投入强度翻 3 倍，科技成果转化收入增加 70%。,实用/理想
你是一位道德判断模型。根据给出的有关环境报道的新闻文本，请判断其倾向于以下哪一个维度：责任/利益、实用/理想、创新/守旧、非道德。你的回答必须只包含其中的一个维度。,该数据中心将把浸泡冷却技术推向新的高度并将为利用可再生能源进行数据处理树立新标准。BitFury正引领该领域创新，设立新的数据中心并与我们的全球合作伙伴携手合作推进这一重要工作让我们引以为傲,创新/守旧
你是一位道德判断模型。根据给出的有关环境报道的新闻文本，请判断其倾向于以下哪一个维度：责任/利益、实用/理想、创新/守旧、非道德。你的回答必须只包含其中的一个维度。,该项目旨在通过实施依赖氢作为能源载体的能源模型，增加 NWE 地区边缘社区对当地可再生能源的采用，以满足电力、供暖和交通燃料等主要能源需求。,实用/理想
你是一位道德判断模型。根据给出的有关环境报道的新闻文本，请判断其倾向于以下哪一个维度：责任/利益、实用/理想、创新/守旧、非道德。你的回答必须只包含其中的一个维度。,中国积极应对气候变化挑战，把碳达峰、碳中和纳入经济社会发展全局统筹推进。过去 10 年，中国淘汰 1.2 亿千瓦煤电落后装机。过去 15 年，中国碳排放强度大幅超额完成 2020 年气候行动目标。不止于此，中国还将陆续发布重点领域和重点行业实施方案、出台保障措施，构建起“1+N”政策体系，不断自主提高应对气候变化行动力度，力争 2030 年前实现碳达峰、2060 年前实现碳中和，赢得了国际社会高度赞誉与广泛支持。,实用/理想
你是一位道德判断模型。根据给出的有关环境报道的新闻文本，请判断其倾向于以下哪一个维度：责任/利益、实用/理想、创新/守旧、非道德。你的回答必须只包含其中的一个维度。,要全面淘汰国三及以下排放标准营运类柴油货车,实用/理想
你是一位道德判断模型。根据给出的有关环境报道的新闻文本，请判断其倾向于以下哪一个维度：责任/利益、实用/理想、创新/守旧、非道德。你的回答必须只包含其中的一个维度。,2021 年，包括广大林农在内的福建农民人均可支配收入达 2.32 万元、同比增长 11.2%，重点林区林农涉林收入约占总收入的四分之一。,非道德
你是一位道德判断模型。根据给出的有关环境报道的新闻文本，请判断其倾向于以下哪一个维度：责任/利益、实用/理想、创新/守旧、非道德。你的回答必须只包含其中的一个维度。,李显龙表示，尽管 CPTPP 现有成员国还未就中国加入达成共识，但他认为若中国加入 CPTPP 将是一件'好事'，新加坡相信中国会满足该自由协定的准入条件。,非道德
你是一位道德判断模型。根据给出的有关环境报道的新闻文本，请判断其倾向于以下哪一个维度：责任/利益、实用/理想、创新/守旧、非道德。你的回答必须只包含其中的一个维度。,审理碳排放权交易案件，要依法明晰碳市场交易相关主体之间的权责，推动提高市场流动性、形成合理碳价，增强企业碳减排动力。,实用/理想
你是一位道德判断模型。根据给出的有关环境报道的新闻文本，请判断其倾向于以下哪一个维度：责任/利益、实用/理想、创新/守旧、非道德。你的回答必须只包含其中的一个维度。,拜登总统提名 Prabhakar 为科学和技术政策办公室主任，以替换因不尊重和贬低员工，特别是女性而辞职的 Eric Lander。,创新/守旧
你是一位道德判断模型。根据给出的有关环境报道的新闻文本，请判断其倾向于以下哪一个维度：责任/利益、实用/理想、创新/守旧、非道德。你的回答必须只包含其中的一个维度。,树立绿色低碳理念，大力弘扬勤俭节约的传统美德，从自己做起、从点滴做起，养成节约用能用电好习惯，共同构建资源节约型社会。,责任/利益
你是一位道德判断模型。根据给出的有关环境报道的新闻文本，请判断其倾向于以下哪一个维度：责任/利益、实用/理想、创新/守旧、非道德。你的回答必须只包含其中的一个维度。,央行表示，将实行灵活、精确、合理和适度的稳健货币政策，使货币供应量和社会融资规模与我国名义经济增长基本相当。,创新/守旧
你是一位道德判断模型。根据给出的有关环境报道的新闻文本，请判断其倾向于以下哪一个维度：责任/利益、实用/理想、创新/守旧、非道德。你的回答必须只包含其中的一个维度。,党的十八大以来，以习近平同志为核心的党中央把生态文明建设作为关系中华民族永续发展的根本大计，开展了一系列开创性工作，决心之大、力度之大、成效之大前所未有，生态文明建设的成就举世瞩目，成为新时代党和国家事业取得历史性成就、发生历史性变革的显著标志。新时代新征程，要深入学习贯彻习近平生态文明思想，把建设美丽中国摆在强国建设、民族复兴的突出位置，以高品质生态环境支撑高质量发展，加快推进人与自然和谐共生的现代化。,实用/理想
你是一位道德判断模型。根据给出的有关环境报道的新闻文本，请判断其倾向于以下哪一个维度：责任/利益、实用/理想、创新/守旧、非道德。你的回答必须只包含其中的一个维度。,推行节能绿色办公，各单位要积极推广“无纸办公”“无纸通信”，节约打印、复印用纸，提倡双面使用打印纸。办公设备应即用即开，减少待机耗电。鼓励采购、使用节能办公用品。少乘电梯，多走楼梯。公共照明尽量使用节能灯具。工作时间以利用自然光为主，出门随手关闭电灯、切断办公设备电源，杜绝白昼灯、长明灯、无人灯。全市各机关单位要带头示范，党员干部要带头投身节约用能、绿色低碳行动。,责任/利益
你是一位道德判断模型。根据给出的有关环境报道的新闻文本，请判断其倾向于以下哪一个维度：责任/利益、实用/理想、创新/守旧、非道德。你的回答必须只包含其中的一个维度。,该数据中心将把浸泡冷却技术推向新的高度并将为利用可再生能源进行数据处理树立新标准。BitFury 正引领该领域创新，设立新的数据中心并与我们的全球合作伙伴携手合作推进这一重要工作让我们引以为傲,创新/守旧
你是一位道德判断模型。根据给出的有关环境报道的新闻文本，请判断其倾向于以下哪一个维度：责任/利益、实用/理想、创新/守旧、非道德。你的回答必须只包含其中的一个维度。,作为领先的全球绿色能源制造商，LONGi一直高度重视技术创新，每年的研发投资占年收入的比例稳定在5%~7%。,创新/守旧
你是一位道德判断模型。根据给出的有关环境报道的新闻文本，请判断其倾向于以下哪一个维度：责任/利益、实用/理想、创新/守旧、非道德。你的回答必须只包含其中的一个维度。,GridNXT Test Facility 是美国最大的私有绿色能源发电和电网边缘技术测试设施，位于科罗拉多州奥罗拉市，为商业化、研究、示范、测试和验证处于早期商业或接近商业阶段的绿色能源技术提供场所。,创新/守旧
你是一位道德判断模型。根据给出的有关环境报道的新闻文本，请判断其倾向于以下哪一个维度：责任/利益、实用/理想、创新/守旧、非道德。你的回答必须只包含其中的一个维度。,作为轻资产组织，DHL没有直接购买或租赁这辆电动卡车，而是与长期合作伙伴Al Safa Transport在阿联酋合作，由Al Safa Transport代表DHL购买了这辆电动卡车。,非道德
你是一位道德判断模型。根据给出的有关环境报道的新闻文本，请判断其倾向于以下哪一个维度：责任/利益、实用/理想、创新/守旧、非道德。你的回答必须只包含其中的一个维度。,据报道，一些共和党人甚至不支持 SEC 按计划报告气候风险。,创新/守旧
你是一位道德判断模型。根据给出的有关环境报道的新闻文本，请判断其倾向于以下哪一个维度：责任/利益、实用/理想、创新/守旧、非道德。你的回答必须只包含其中的一个维度。,然而，氢气只能成为一种可行的气候解决方案，如果生产氢气所需的电力是能源系统电气化的补充，这将需要更大规模地采用可再生能源。,责任/利益
你是一位道德判断模型。根据给出的有关环境报道的新闻文本，请判断其倾向于以下哪一个维度：责任/利益、实用/理想、创新/守旧、非道德。你的回答必须只包含其中的一个维度。,坚决贯彻新发展理念，绿色发展成效逐步显现；坚决向污染宣战，生态环境质量持续改善；加快生态文明体制改革，制度体系不断完善；积极参与全球环境治理，成为全球生态文明建设的重要参与者、贡献者和引领者。,责任/利益
你是一位道德判断模型。根据给出的有关环境报道的新闻文本，请判断其倾向于以下哪一个维度：责任/利益、实用/理想、创新/守旧、非道德。你的回答必须只包含其中的一个维度。,实现‘双碳’目标，是一场没有硝烟的硬仗。实现碳达峰碳中和，不是就碳论碳，而是多重目标、多重约束的经济社会系统性变革，绝不是轻轻松松就能实现的，必须在目标上坚定不移，在策略上积极稳步，在举措上科学务实。,实用/理想
你是一位道德判断模型。根据给出的有关环境报道的新闻文本，请判断其倾向于以下哪一个维度：责任/利益、实用/理想、创新/守旧、非道德。你的回答必须只包含其中的一个维度。,西溪国家湿地公园生态文化研究中心副主任刘想，已与这片土地相伴近 20 载。每年有什么新发现的鸟在湿地现身，或是每个季节有哪些野花会在湿地盛放，刘想都如数家珍。,责任/利益
你是一位道德判断模型。根据给出的有关环境报道的新闻文本，请判断其倾向于以下哪一个维度：责任/利益、实用/理想、创新/守旧、非道德。你的回答必须只包含其中的一个维度。,59 名原告与被告新纶科技证券虚假陈述责任纠纷一案，将于 2021 年 3 月 26 日在深圳中院进行证据交换及公开开庭审理。新纶科技通过虚构业务造假手段，虚增营业收入高达 7 亿多元，虚增利润累计金额为 1.80 亿元；公司同时还存在未按规定披露总额超过 10 亿元的关联交易和未按规定披露金额为 4 亿元的对外担保行为。,责任/利益
你是一位道德判断模型。根据给出的有关环境报道的新闻文本，请判断其倾向于以下哪一个维度：责任/利益、实用/理想、创新/守旧、非道德。你的回答必须只包含其中的一个维度。,"EQUANS, the new brand for ENGIE’s services-led activity, has been appointed to deliver a major £140m post-graduate student accommodation project for the London School of Economics and Political Science (LSE).",非道德
你是一位道德判断模型。根据给出的有关环境报道的新闻文本，请判断其倾向于以下哪一个维度：责任/利益、实用/理想、创新/守旧、非道德。你的回答必须只包含其中的一个维度。,在 Air Canada 的 13 年职业生涯中，Amos Kazzaz 担任了公司两个最高财务职位，为公司的整体成功做出了巨大贡献。,责任/利益
你是一位道德判断模型。根据给出的有关环境报道的新闻文本，请判断其倾向于以下哪一个维度：责任/利益、实用/理想、创新/守旧、非道德。你的回答必须只包含其中的一个维度。,介绍了新加坡工会应对疫情影响，保护劳动者健康和就业权益，协助政府和企业推动经济复苏的具体做法，分享了新加坡工会的工作经验和未来发展规划。,实用/理想
你是一位道德判断模型。根据给出的有关环境报道的新闻文本，请判断其倾向于以下哪一个维度：责任/利益、实用/理想、创新/守旧、非道德。你的回答必须只包含其中的一个维度。,中国石化董事长张玉卓表示，与卡塔尔石油公司的长期液化天然气供应协议是公司历史上首次，具有重要意义。,责任/利益
你是一位道德判断模型。根据给出的有关环境报道的新闻文本，请判断其倾向于以下哪一个维度：责任/利益、实用/理想、创新/守旧、非道德。你的回答必须只包含其中的一个维度。,全省首个地级市在生态环境领域制定的综合性地方法规，也是全国首部赋予县级生态环境分局独立执法主体资格的地方性法规,实用/理想
你是一位道德判断模型。根据给出的有关环境报道的新闻文本，请判断其倾向于以下哪一个维度：责任/利益、实用/理想、创新/守旧、非道德。你的回答必须只包含其中的一个维度。,设置截流、防洪和排水设施。,创新/守旧
你是一位道德判断模型。根据给出的有关环境报道的新闻文本，请判断其倾向于以下哪一个维度：责任/利益、实用/理想、创新/守旧、非道德。你的回答必须只包含其中的一个维度。,在习近平的推动下，“十三五”期间，中国经济社会发展中的绿色低碳元素呈现在多个方面：,实用/理想
你是一位道德判断模型。根据给出的有关环境报道的新闻文本，请判断其倾向于以下哪一个维度：责任/利益、实用/理想、创新/守旧、非道德。你的回答必须只包含其中的一个维度。,近年来，民宿行业蓬勃发展，民宿管家从业者实现由 0 到百万级的规模跨越。,创新/守旧
你是一位道德判断模型。根据给出的有关环境报道的新闻文本，请判断其倾向于以下哪一个维度：责任/利益、实用/理想、创新/守旧、非道德。你的回答必须只包含其中的一个维度。,美国证券交易委员会正在对石油巨头埃克森美孚 (Exxon Mobil) 展开财务调查，调查内容之一是在全球应对气候变化的情况下，如何预估其资产价值。,责任/利益
你是一位道德判断模型。根据给出的有关环境报道的新闻文本，请判断其倾向于以下哪一个维度：责任/利益、实用/理想、创新/守旧、非道德。你的回答必须只包含其中的一个维度。,各国应该遵循共同但有区别的责任原则，根据国情和能力，最大程度强化行动。同时，发达国家要切实加大向发展中国家提供资金、技术、能力建设支持。,责任/利益
你是一位道德判断模型。根据给出的有关环境报道的新闻文本，请判断其倾向于以下哪一个维度：责任/利益、实用/理想、创新/守旧、非道德。你的回答必须只包含其中的一个维度。,在长江经济带“生态优先绿色发展”理念的指引下，2018 年以来，重庆市政府启动广阳岛生态修复，打造“长江风景眼、重庆生态岛”。,责任/利益
你是一位道德判断模型。根据给出的有关环境报道的新闻文本，请判断其倾向于以下哪一个维度：责任/利益、实用/理想、创新/守旧、非道德。你的回答必须只包含其中的一个维度。,"根据国务院发展研究中心发布的《数字时代闲置资源优化利用模式研究》,2020 年中国二手交易市场规模达到约 1 万亿元。",非道德
你是一位道德判断模型。根据给出的有关环境报道的新闻文本，请判断其倾向于以下哪一个维度：责任/利益、实用/理想、创新/守旧、非道德。你的回答必须只包含其中的一个维度。,在落实国企改革三年行动中，陕西榆能集团各项工作取得了长足进步，补短板、锻长板，打造全产业链，在新时代追赶超越的新征程上干在实处、走在前列，高质量书写了绿色低碳发展的时代答卷。,创新/守旧
你是一位道德判断模型。根据给出的有关环境报道的新闻文本，请判断其倾向于以下哪一个维度：责任/利益、实用/理想、创新/守旧、非道德。你的回答必须只包含其中的一个维度。,有效服务国家重大战略,实用/理想
你是一位道德判断模型。根据给出的有关环境报道的新闻文本，请判断其倾向于以下哪一个维度：责任/利益、实用/理想、创新/守旧、非道德。你的回答必须只包含其中的一个维度。,从省政府新闻办新闻发布会上获悉，河南省已正式印发实施《河南省“十四五”城市更新和城乡人居环境建设规划》,实用/理想
你是一位道德判断模型。根据给出的有关环境报道的新闻文本，请判断其倾向于以下哪一个维度：责任/利益、实用/理想、创新/守旧、非道德。你的回答必须只包含其中的一个维度。,作为一名市政人，最幸福的事就是看到自己参与建设的工程如期完工、交付使用，那就像看着自己呵护的孩子长大成人。,责任/利益
你是一位道德判断模型。根据给出的有关环境报道的新闻文本，请判断其倾向于以下哪一个维度：责任/利益、实用/理想、创新/守旧、非道德。你的回答必须只包含其中的一个维度。,工商银行一直是金融投资原则的积极倡导者、绿色信贷标准的主动践行者。陈四清表示，工商银行的绿色投融资指标处于市场领先地位，已将气候风险纳入全面风险管理框架，创新发行承销了 债、可持续发展挂钩债，形成了相对完整的绿色金融产品体系。,责任/利益
你是一位道德判断模型。根据给出的有关环境报道的新闻文本，请判断其倾向于以下哪一个维度：责任/利益、实用/理想、创新/守旧、非道德。你的回答必须只包含其中的一个维度。,中国为达成应对气候变化《巴黎协定》作出重要贡献，也是落实《巴黎协定》的积极践行者。,责任/利益
你是一位道德判断模型。根据给出的有关环境报道的新闻文本，请判断其倾向于以下哪一个维度：责任/利益、实用/理想、创新/守旧、非道德。你的回答必须只包含其中的一个维度。,苏格兰政府官员透露，Slater的这些要求是在世界领导人抵达格拉斯哥之前，通过电子邮件发送给政府公务员和顾问的。,非道德
你是一位道德判断模型。根据给出的有关环境报道的新闻文本，请判断其倾向于以下哪一个维度：责任/利益、实用/理想、创新/守旧、非道德。你的回答必须只包含其中的一个维度。,发布了关于体碳的专业指导，以便我们都以相同的方式测量它。,实用/理想
你是一位道德判断模型。根据给出的有关环境报道的新闻文本，请判断其倾向于以下哪一个维度：责任/利益、实用/理想、创新/守旧、非道德。你的回答必须只包含其中的一个维度。,加强互联网平台公司金融活动的审慎监管。,实用/理想
你是一位道德判断模型。根据给出的有关环境报道的新闻文本，请判断其倾向于以下哪一个维度：责任/利益、实用/理想、创新/守旧、非道德。你的回答必须只包含其中的一个维度。,和平是联合国关注的目标。每一年的国际和平日，我们都会走到一起，再次承诺致力于建设一个没有暴力与冲突的和平世界。,实用/理想
你是一位道德判断模型。根据给出的有关环境报道的新闻文本，请判断其倾向于以下哪一个维度：责任/利益、实用/理想、创新/守旧、非道德。你的回答必须只包含其中的一个维度。,拥有独立法人资格，有较强行业影响力和市场竞争力，经营管理状况较好，主导产品的市场占有率处于行业领先地位，建立完善的质量、环境、能源、职业健康安全等管理体系，各项管理制度健全。,责任/利益
你是一位道德判断模型。根据给出的有关环境报道的新闻文本，请判断其倾向于以下哪一个维度：责任/利益、实用/理想、创新/守旧、非道德。你的回答必须只包含其中的一个维度。,为当地居民提供了宝贵的利益，并保护他们免受价格冲击，每年的清洁能源产能涨幅超过 9%,实用/理想
你是一位道德判断模型。根据给出的有关环境报道的新闻文本，请判断其倾向于以下哪一个维度：责任/利益、实用/理想、创新/守旧、非道德。你的回答必须只包含其中的一个维度。,"DHL的第一个生物燃料卡车车队由18辆新卡车组成，使用HVO100可替代燃料（加氢植物油），将在整个欧洲赛事中行驶约10,600公里。",非道德
你是一位道德判断模型。根据给出的有关环境报道的新闻文本，请判断其倾向于以下哪一个维度：责任/利益、实用/理想、创新/守旧、非道德。你的回答必须只包含其中的一个维度。,伦敦议会发表了一篇报告，其中包括建议市政厅从化石燃料行业撤资。,责任/利益
你是一位道德判断模型。根据给出的有关环境报道的新闻文本，请判断其倾向于以下哪一个维度：责任/利益、实用/理想、创新/守旧、非道德。你的回答必须只包含其中的一个维度。,Mitie在今年早些时候宣布，他们将其全部5000辆车的车队转向电动汽车的计划提前到了2025年，比之前计划的提前了五年，这是他们新的Plan Zero承诺的一部分，即在2025年达到净零碳排放，比政府自己的目标提前了25年。,实用/理想
你是一位道德判断模型。根据给出的有关环境报道的新闻文本，请判断其倾向于以下哪一个维度：责任/利益、实用/理想、创新/守旧、非道德。你的回答必须只包含其中的一个维度。,"The Rocester manufacturer and Oxford-based Ryze Hydrogen, which is run and owned by JCB heir Jo Bamford, have sealed a multi-million pound agreement to buy green hydrogen (GH2) from Fortescue Future Industries (FFI) - and give it out to UK customers.",责任/利益
你是一位道德判断模型。根据给出的有关环境报道的新闻文本，请判断其倾向于以下哪一个维度：责任/利益、实用/理想、创新/守旧、非道德。你的回答必须只包含其中的一个维度。,《中共中央 国务院关于新时代推动中部地区高质量发展的意见》为开创中部地区崛起新局面擘画蓝图。,实用/理想
你是一位道德判断模型。根据给出的有关环境报道的新闻文本，请判断其倾向于以下哪一个维度：责任/利益、实用/理想、创新/守旧、非道德。你的回答必须只包含其中的一个维度。,Ecoserv在2021年完成了两项多百万英镑的收购-JPM Group of Companies和Cooltech Environmental Engineering，这使公司得以在FM市场上发展其业务。,非道德
你是一位道德判断模型。根据给出的有关环境报道的新闻文本，请判断其倾向于以下哪一个维度：责任/利益、实用/理想、创新/守旧、非道德。你的回答必须只包含其中的一个维度。,该餐饮公司宣布计划退还数百万英镑的休假资金并增加植物性食品的供应。官方数据显示，Compass Services UK 在 12 月至 2 月期间仅在英国就支付了 1250 万至 2500 万英镑的工资。,责任/利益
你是一位道德判断模型。根据给出的有关环境报道的新闻文本，请判断其倾向于以下哪一个维度：责任/利益、实用/理想、创新/守旧、非道德。你的回答必须只包含其中的一个维度。,该数据中心将把浸泡冷却技术推向新的高度并将为利用可再生能源进行数据处理树立新标准。BitFury 正引领该领域创新，设立新的数据中心并与我们的全球合作伙伴携手合作推进这一重要工作让我们引以为傲,创新/守旧
你是一位道德判断模型。根据给出的有关环境报道的新闻文本，请判断其倾向于以下哪一个维度：责任/利益、实用/理想、创新/守旧、非道德。你的回答必须只包含其中的一个维度。,率先树立绿色低碳理念，提升传播绿色低碳知识能力,责任/利益
你是一位道德判断模型。根据给出的有关环境报道的新闻文本，请判断其倾向于以下哪一个维度：责任/利益、实用/理想、创新/守旧、非道德。你的回答必须只包含其中的一个维度。,当前，国际格局加速演变，新冠肺炎疫情带来巨大冲击，人类面临不少全球性挑战，全球气候治理何去何从？,非道德
你是一位道德判断模型。根据给出的有关环境报道的新闻文本，请判断其倾向于以下哪一个维度：责任/利益、实用/理想、创新/守旧、非道德。你的回答必须只包含其中的一个维度。,发布新的简报，强调需要采取早期行动以确保2042年后基本矿产的稳定充足供应。,实用/理想
你是一位道德判断模型。根据给出的有关环境报道的新闻文本，请判断其倾向于以下哪一个维度：责任/利益、实用/理想、创新/守旧、非道德。你的回答必须只包含其中的一个维度。,推动重点行业清洁生产，依法在“双超双有高耗能”行业实施强制性清洁生产审核，2022 年底前完成全省年产危废量 100 吨及以上的重点企业清洁生产审核。,实用/理想
你是一位道德判断模型。根据给出的有关环境报道的新闻文本，请判断其倾向于以下哪一个维度：责任/利益、实用/理想、创新/守旧、非道德。你的回答必须只包含其中的一个维度。,Wood Mackenzie 的研究显示，比特币挖矿使得德克萨斯州的电价上涨了 5% 或每年 1.8 亿美元。,非道德
你是一位道德判断模型。根据给出的有关环境报道的新闻文本，请判断其倾向于以下哪一个维度：责任/利益、实用/理想、创新/守旧、非道德。你的回答必须只包含其中的一个维度。,本次绿色低碳全民行动是济南市深化低碳试点工作之一，也是践行绿色低碳高质量发展的具体体现。活动通过形式多样的互动环节，号召全体师生共建绿色低碳美好校园。,责任/利益
你是一位道德判断模型。根据给出的有关环境报道的新闻文本，请判断其倾向于以下哪一个维度：责任/利益、实用/理想、创新/守旧、非道德。你的回答必须只包含其中的一个维度。,悉尼市政府还将加速其轻型和重型车辆车队向全电动的过渡，并提高其仓库吸收电动汽车的能力。,实用/理想
你是一位道德判断模型。根据给出的有关环境报道的新闻文本，请判断其倾向于以下哪一个维度：责任/利益、实用/理想、创新/守旧、非道德。你的回答必须只包含其中的一个维度。,铝行业是金属行业中最大的温室气体（GHG）排放者，由于竞争对手专注于推广自己的产品，而非更广泛的绿色市场，因此该行业正努力采用更环保的加工标准。,责任/利益
你是一位道德判断模型。根据给出的有关环境报道的新闻文本，请判断其倾向于以下哪一个维度：责任/利益、实用/理想、创新/守旧、非道德。你的回答必须只包含其中的一个维度。,英国商业、能源和工业战略部（BEIS）宣布了一项4千万英镑的资金套餐，用于七个区域供热项目，这是政府3.2亿英镑的供热网络投资项目的一部分，旨在加快该市场的增长,实用/理想
你是一位道德判断模型。根据给出的有关环境报道的新闻文本，请判断其倾向于以下哪一个维度：责任/利益、实用/理想、创新/守旧、非道德。你的回答必须只包含其中的一个维度。,全区水土保持率达到 76.6%，森林覆盖率达到 10.95%，草原综合植被盖度达到 56.7%，湿地保护率达到 56%。黄河干流宁夏段水质稳定保持“Ⅱ类进Ⅱ类出”，地表水国考断面水质优良比例达 80% 以上。,非道德
你是一位道德判断模型。根据给出的有关环境报道的新闻文本，请判断其倾向于以下哪一个维度：责任/利益、实用/理想、创新/守旧、非道德。你的回答必须只包含其中的一个维度。,生态文明建设是关系中华民族永续发展的根本大计，是关系党的使命宗旨的重大政治问题，是关系民生福祉的重大社会问题。在全面建设社会主义现代化国家新征程上，要保持加强生态文明建设的战略定力，注重同步推进高质量发展和高水平保护，以“双碳”工作为引领，推动能耗双控逐步转向碳排放双控，持续推进生产方式和生活方式绿色低碳转型，加快推进人与自然和谐共生的现代化，全面推进美丽中国建设。,创新/守旧
你是一位道德判断模型。根据给出的有关环境报道的新闻文本，请判断其倾向于以下哪一个维度：责任/利益、实用/理想、创新/守旧、非道德。你的回答必须只包含其中的一个维度。,作为中国电视的全球领跑者，TCL 勇担绿色环保低碳责任，积极响应国家号召，为“碳中和”献出自己的力量。,责任/利益
